time,branch_id,air_quantity_m3s,velocity_ms,pressure_drop_pa,pressure_from_pa,pressure_to_pa,direction_sign,direction,anomaly_type,scenario_id
2023-01-01T00:00:00,VB_001,-10.821,1.082,105.379,27.796,133.175,1,to_from,normal,normal
2023-01-01T00:00:00,VB_002,-6.5,0.565,38.021,39.993,78.014,1,to_from,normal,normal
2023-01-01T00:00:00,VB_003,-12.931,0.995,200.66,79.574,280.234,1,to_from,normal,normal
2023-01-01T00:00:00,VB_004,8.687,0.599,67.922,291.828,223.906,1,from_to,normal,normal
2023-01-01T00:00:00,VB_005,-14.875,1.487,230.105,223.906,454.011,1,to_from,normal,normal
2023-01-01T00:00:00,VB_006,-9.707,0.844,94.231,309.176,403.407,1,to_from,normal,normal
2023-01-01T00:00:00,VB_007,-7.842,0.603,55.346,377.501,432.847,1,to_from,normal,normal
2023-01-01T00:00:00,VB_008,-14.015,0.967,227.842,389.8,617.642,1,to_from,normal,normal
2023-01-01T00:00:00,VB_009,-10.701,1.07,137.411,146.764,284.175,1,to_from,normal,normal
2023-01-01T00:00:00,VB_010,9.76,0.849,85.737,325.261,239.524,1,from_to,normal,normal
2023-01-01T00:00:00,VB_011,-11.022,0.848,121.487,239.524,361.011,1,to_from,normal,normal
2023-01-01T00:00:00,VB_012,-13.41,0.925,179.831,310.873,490.704,1,to_from,normal,normal
2023-01-01T00:00:00,VB_013,-17.056,1.706,261.812,382.222,644.034,1,to_from,normal,normal
2023-01-01T00:00:00,VB_014,-19.748,1.717,436.801,407.908,844.709,1,to_from,normal,normal
2023-01-01T00:00:00,VB_015,-10.311,0.793,95.68,535.766,631.446,1,to_from,normal,normal
2023-01-01T00:00:00,VB_016,9.35,0.645,123,186.315,63.315,1,from_to,normal,normal
2023-01-01T00:00:00,VB_017,11.194,1.119,112.77,166.9,54.13,1,from_to,normal,normal
2023-01-01T00:00:00,VB_018,8.623,0.75,66.918,106.911,39.993,1,from_to,normal,normal
2023-01-01T00:00:00,VB_019,6.346,0.488,36.249,71.714,35.465,1,from_to,normal,normal
2023-01-01T00:00:00,VB_020,-14.251,0.983,182.79,35.465,218.255,1,to_from,normal,normal
2023-01-01T00:00:00,VB_021,-11.41,1.141,117.172,42.601,159.773,1,to_from,normal,normal
2023-01-01T00:00:00,VB_022,-10.892,0.947,166.92,58.132,225.052,1,to_from,normal,normal
2023-01-01T00:00:00,VB_023,-7.903,0.608,56.207,58.767,114.974,1,to_from,normal,normal
2023-01-01T00:00:00,VB_024,-8.711,0.601,71.855,68.529,140.384,1,to_from,normal,normal
2023-01-01T00:00:00,VB_025,4.918,0.492,21.769,79.901,58.132,1,from_to,normal,normal
2023-01-01T00:00:00,VB_026,-12.773,1.111,195.785,186.315,382.1,1,to_from,normal,normal
2023-01-01T00:00:00,VB_027,-13.494,1.038,218.513,188.989,407.502,1,to_from,normal,normal
2023-01-01T00:00:00,VB_028,-19.761,1.363,351.442,280.234,631.676,1,to_from,normal,normal
2023-01-01T00:00:00,VB_029,-9.668,0.967,84.118,223.906,308.024,1,to_from,normal,normal
2023-01-01T00:00:00,VB_030,-11.219,0.976,113.28,228.076,341.356,1,to_from,normal,normal
2023-01-01T00:00:00,VB_031,11.532,0.887,119.693,352.012,232.319,1,from_to,normal,normal
2023-01-01T00:00:00,VB_032,-11.238,0.775,119.595,232.319,351.914,1,to_from,normal,normal
2023-01-01T00:00:00,VB_033,-10.975,1.098,108.411,245.619,354.03,1,to_from,normal,normal
2023-01-01T00:00:00,VB_034,9.81,0.853,86.609,326.133,239.524,1,from_to,normal,normal
2023-01-01T00:00:00,VB_035,-5.592,0.43,28.146,309.176,337.322,1,to_from,normal,normal
2023-01-01T00:00:00,VB_036,-12.77,0.881,152.153,352.878,505.031,1,to_from,normal,normal
2023-01-01T00:00:00,VB_037,-6.043,0.604,38.968,358.535,397.503,1,to_from,normal,normal
2023-01-01T00:00:00,VB_038,-6.206,0.54,34.658,377.501,412.159,1,to_from,normal,normal
2023-01-01T00:00:00,VB_039,6.724,0.517,48.243,413.315,365.072,1,from_to,normal,normal
2023-01-01T00:00:00,VB_040,12.409,0.856,143.676,502.212,358.536,1,from_to,normal,normal
2023-01-01T00:00:00,VB_041,-6.389,0.639,43.558,354.773,398.331,1,to_from,normal,normal
2023-01-01T00:00:00,VB_042,-10.057,0.874,101.842,368.265,470.107,1,to_from,normal,normal
2023-01-01T00:00:00,VB_043,-11.761,0.905,124.484,383.266,507.75,1,to_from,normal,normal
2023-01-01T00:00:00,VB_044,-9.384,0.647,79.257,384.879,464.136,1,to_from,normal,normal
2023-01-01T00:00:00,VB_045,10.631,1.063,101.716,503.113,401.397,1,from_to,normal,normal
2023-01-01T00:00:00,VB_046,10.093,0.878,102.573,484.839,382.266,1,from_to,normal,normal
2023-01-01T00:00:00,VB_047,7.739,0.595,63.904,429.301,365.397,1,from_to,normal,normal
2023-01-01T00:00:00,VB_048,8.426,0.581,63.893,443.764,379.871,1,from_to,normal,normal
2023-01-01T00:00:00,VB_049,-7.352,0.735,51.189,379.871,431.06,1,to_from,normal,normal
2023-01-01T00:00:00,VB_050,-6.378,0.555,36.614,397.033,433.647,1,to_from,normal,normal
2023-01-01T00:00:00,VB_051,-7.38,0.568,49.019,358.535,407.554,1,to_from,normal,normal
2023-01-01T00:00:00,VB_052,-5.622,0.388,28.447,365.072,393.519,1,to_from,normal,normal
2023-01-01T00:00:00,VB_053,-13.457,1.346,162.98,0,162.98,1,to_from,normal,normal
2023-01-01T00:00:00,VB_054,-12.406,1.079,138.52,11.822,150.342,1,to_from,normal,normal
2023-01-01T00:00:00,VB_055,7.359,0.566,48.738,60.56,11.822,1,from_to,normal,normal
2023-01-01T00:00:00,VB_056,-12.546,0.865,146.546,532.463,679.009,1,to_from,normal,normal
2023-01-01T00:00:00,VB_057,-9.13,0.913,75.019,574.037,649.056,1,to_from,normal,normal
2023-01-01T00:00:00,VB_058,14.897,1.295,199.725,786.882,587.157,1,from_to,normal,normal
2023-01-01T00:00:00,VB_059,13.546,1.042,165.143,739.457,574.314,1,from_to,normal,normal
2023-01-01T00:00:00,VB_060,11.14,0.768,111.685,662.927,551.242,1,from_to,normal,normal
2023-01-01T00:00:00,VB_061,6.123,0.612,33.745,565.384,531.639,1,from_to,normal,normal
2023-01-01T00:00:00,VB_062,6.84,0.595,42.113,577.879,535.766,1,from_to,normal,normal
2023-01-01T00:00:00,VB_063,8.35,0.642,62.743,624.194,561.451,1,from_to,normal,normal
2023-01-01T00:00:00,VB_064,-7.413,0.511,49.453,216.638,266.091,1,to_from,normal,normal
2023-01-01T00:00:00,VB_065,-6.778,0.678,41.347,220.628,261.975,1,to_from,normal,normal
2023-01-01T00:00:00,VB_066,6.22,0.541,41.279,302.387,261.108,1,from_to,normal,normal
2023-01-01T00:00:00,VB_067,-12.591,0.969,147.908,216.638,364.546,1,to_from,normal,normal
2023-01-01T00:00:00,VB_068,15.379,1.061,238.183,508.226,270.043,1,from_to,normal,normal
2023-01-01T00:00:00,VB_069,-7.328,0.733,50.104,225.293,275.397,1,to_from,normal,normal
2023-01-01T00:00:00,VB_070,6.224,0.541,41.337,306.415,265.078,1,from_to,normal,normal
2023-01-01T00:00:00,VB_071,-11.667,0.897,126.993,220.628,347.621,1,to_from,normal,normal
2023-01-01T00:00:00,VB_072,14.16,0.977,201.923,482.466,280.543,1,from_to,normal,normal
2023-01-01T00:00:00,VB_073,-6.371,0.637,37.873,235.638,273.511,1,to_from,normal,normal
2023-01-01T00:00:00,VB_074,10.384,0.903,115.055,352.163,237.108,1,from_to,normal,normal
2023-01-01T00:00:00,VB_075,12.98,0.998,179.778,425.821,246.043,1,from_to,normal,normal
2023-01-01T00:00:00,VB_076,10.667,0.736,121.417,362.495,241.078,1,from_to,normal,normal
2023-01-01T00:00:00,VB_077,10.477,1.048,117.124,373.667,256.543,1,from_to,normal,normal
2023-01-01T00:00:00,VB_078,-6.124,0.533,33.752,261.108,294.86,1,to_from,normal,normal
2023-01-01T00:00:00,VB_079,-5.956,0.458,31.925,265.078,297.003,1,to_from,normal,normal
2023-01-01T00:00:00,VB_080,-6.059,0.418,33.037,237.108,270.145,1,to_from,normal,normal
2023-01-01T00:00:00,VB_081,-5.721,0.572,29.459,241.078,270.537,1,to_from,normal,normal
2023-01-01T00:05:00,VB_001,-10.929,1.093,107.501,27.796,135.297,1,to_from,normal,normal
2023-01-01T00:05:00,VB_002,-6.582,0.572,38.993,39.993,78.986,1,to_from,normal,normal
2023-01-01T00:05:00,VB_003,-12.842,0.988,197.89,82.344,280.234,1,to_from,normal,normal
2023-01-01T00:05:00,VB_004,8.606,0.594,66.657,290.563,223.906,1,from_to,normal,normal
2023-01-01T00:05:00,VB_005,-14.696,1.47,224.604,223.906,448.51,1,to_from,normal,normal
2023-01-01T00:05:00,VB_006,-9.642,0.838,92.959,309.176,402.135,1,to_from,normal,normal
2023-01-01T00:05:00,VB_007,-7.746,0.596,53.994,377.501,431.495,1,to_from,normal,normal
2023-01-01T00:05:00,VB_008,-14.241,0.982,235.258,389.8,625.058,1,to_from,normal,normal
2023-01-01T00:05:00,VB_009,-10.826,1.083,140.63,143.545,284.175,1,to_from,normal,normal
2023-01-01T00:05:00,VB_010,9.857,0.857,87.442,326.966,239.524,1,from_to,normal,normal
2023-01-01T00:05:00,VB_011,-11.174,0.86,124.861,239.524,364.385,1,to_from,normal,normal
2023-01-01T00:05:00,VB_012,-13.513,0.932,182.611,310.873,493.484,1,to_from,normal,normal
2023-01-01T00:05:00,VB_013,-16.871,1.687,256.176,382.222,638.398,1,to_from,normal,normal
2023-01-01T00:05:00,VB_014,-19.872,1.728,442.291,407.908,850.199,1,to_from,normal,normal
2023-01-01T00:05:00,VB_015,-10.247,0.788,94.504,535.766,630.27,1,to_from,normal,normal
2023-01-01T00:05:00,VB_016,9.203,0.635,119.161,186.315,67.154,1,from_to,normal,normal
2023-01-01T00:05:00,VB_017,11.123,1.112,111.344,165.474,54.13,1,from_to,normal,normal
2023-01-01T00:05:00,VB_018,8.706,0.757,68.22,108.213,39.993,1,from_to,normal,normal
2023-01-01T00:05:00,VB_019,6.378,0.491,36.611,72.076,35.465,1,from_to,normal,normal
2023-01-01T00:05:00,VB_020,-14.157,0.976,180.388,35.465,215.853,1,to_from,normal,normal
2023-01-01T00:05:00,VB_021,-11.334,1.133,115.612,42.601,158.213,1,to_from,normal,normal
2023-01-01T00:05:00,VB_022,-10.783,0.938,163.597,58.132,221.729,1,to_from,normal,normal
2023-01-01T00:05:00,VB_023,-7.819,0.601,55.029,58.767,113.796,1,to_from,normal,normal
2023-01-01T00:05:00,VB_024,-8.689,0.599,71.505,68.529,140.034,1,to_from,normal,normal
2023-01-01T00:05:00,VB_025,4.92,0.492,21.782,79.914,58.132,1,from_to,normal,normal
2023-01-01T00:05:00,VB_026,-12.952,1.126,201.299,186.315,387.614,1,to_from,normal,normal
2023-01-01T00:05:00,VB_027,-13.564,1.043,220.77,188.989,409.759,1,to_from,normal,normal
2023-01-01T00:05:00,VB_028,-19.703,1.359,349.402,280.234,629.636,1,to_from,normal,normal
2023-01-01T00:05:00,VB_029,-9.631,0.963,83.484,223.906,307.39,1,to_from,normal,normal
2023-01-01T00:05:00,VB_030,-11.223,0.976,113.355,228.076,341.431,1,to_from,normal,normal
2023-01-01T00:05:00,VB_031,11.578,0.891,120.645,352.964,232.319,1,from_to,normal,normal
2023-01-01T00:05:00,VB_032,-11.025,0.76,115.113,232.319,347.432,1,to_from,normal,normal
2023-01-01T00:05:00,VB_033,-10.763,1.076,104.258,245.619,349.877,1,to_from,normal,normal
2023-01-01T00:05:00,VB_034,9.79,0.851,86.259,325.783,239.524,1,from_to,normal,normal
2023-01-01T00:05:00,VB_035,-5.566,0.428,27.882,309.176,337.058,1,to_from,normal,normal
2023-01-01T00:05:00,VB_036,-12.96,0.894,156.713,352.878,509.591,1,to_from,normal,normal
2023-01-01T00:05:00,VB_037,-6.106,0.611,39.779,358.535,398.314,1,to_from,normal,normal
2023-01-01T00:05:00,VB_038,-6.287,0.547,35.576,377.501,413.077,1,to_from,normal,normal
2023-01-01T00:05:00,VB_039,6.719,0.517,48.167,413.239,365.072,1,from_to,normal,normal
2023-01-01T00:05:00,VB_040,12.248,0.845,139.97,498.506,358.536,1,from_to,normal,normal
2023-01-01T00:05:00,VB_041,-6.367,0.637,43.249,354.773,398.022,1,to_from,normal,normal
2023-01-01T00:05:00,VB_042,-9.947,0.865,99.628,368.265,467.893,1,to_from,normal,normal
2023-01-01T00:05:00,VB_043,-11.846,0.911,126.286,383.266,509.552,1,to_from,normal,normal
2023-01-01T00:05:00,VB_044,-9.364,0.646,78.91,384.879,463.789,1,to_from,normal,normal
2023-01-01T00:05:00,VB_045,10.692,1.069,102.891,504.288,401.397,1,from_to,normal,normal
2023-01-01T00:05:00,VB_046,10.172,0.884,104.184,486.45,382.266,1,from_to,normal,normal
2023-01-01T00:05:00,VB_047,7.822,0.602,65.278,430.675,365.397,1,from_to,normal,normal
2023-01-01T00:05:00,VB_048,8.358,0.576,62.877,442.748,379.871,1,from_to,normal,normal
2023-01-01T00:05:00,VB_049,-7.383,0.738,51.613,379.871,431.484,1,to_from,normal,normal
2023-01-01T00:05:00,VB_050,-6.363,0.553,36.434,397.033,433.467,1,to_from,normal,normal
2023-01-01T00:05:00,VB_051,-7.335,0.564,48.422,358.535,406.957,1,to_from,normal,normal
2023-01-01T00:05:00,VB_052,-5.613,0.387,28.354,365.072,393.426,1,to_from,normal,normal
2023-01-01T00:05:00,VB_053,-13.395,1.339,161.483,0,161.483,1,to_from,normal,normal
2023-01-01T00:05:00,VB_054,-12.499,1.087,140.607,11.822,152.429,1,to_from,normal,normal
2023-01-01T00:05:00,VB_055,7.377,0.567,48.982,60.804,11.822,1,from_to,normal,normal
2023-01-01T00:05:00,VB_056,-12.591,0.868,147.6,532.463,680.063,1,to_from,normal,normal
2023-01-01T00:05:00,VB_057,-9.184,0.918,75.905,574.037,649.942,1,to_from,normal,normal
2023-01-01T00:05:00,VB_058,14.826,1.289,197.837,784.994,587.157,1,from_to,normal,normal
2023-01-01T00:05:00,VB_059,13.474,1.036,163.386,737.7,574.314,1,from_to,normal,normal
2023-01-01T00:05:00,VB_060,11.085,0.764,110.581,661.823,551.242,1,from_to,normal,normal
2023-01-01T00:05:00,VB_061,6.148,0.615,34.015,565.654,531.639,1,from_to,normal,normal
2023-01-01T00:05:00,VB_062,6.888,0.599,42.697,578.463,535.766,1,from_to,normal,normal
2023-01-01T00:05:00,VB_063,8.368,0.644,63.024,624.475,561.451,1,from_to,normal,normal
2023-01-01T00:05:00,VB_064,-7.454,0.514,50.008,216.638,266.646,1,to_from,normal,normal
2023-01-01T00:05:00,VB_065,-6.865,0.686,42.414,220.628,263.042,1,to_from,normal,normal
2023-01-01T00:05:00,VB_066,6.184,0.538,40.806,301.914,261.108,1,from_to,normal,normal
2023-01-01T00:05:00,VB_067,-12.504,0.962,145.879,216.638,362.517,1,to_from,normal,normal
2023-01-01T00:05:00,VB_068,15.247,1.052,234.093,504.136,270.043,1,from_to,normal,normal
2023-01-01T00:05:00,VB_069,-7.32,0.732,49.994,225.293,275.287,1,to_from,normal,normal
2023-01-01T00:05:00,VB_070,6.198,0.539,40.986,306.064,265.078,1,from_to,normal,normal
2023-01-01T00:05:00,VB_071,-11.776,0.906,129.375,220.628,350.003,1,to_from,normal,normal
2023-01-01T00:05:00,VB_072,14.346,0.989,207.249,487.792,280.543,1,from_to,normal,normal
2023-01-01T00:05:00,VB_073,-6.416,0.642,38.401,235.638,274.039,1,to_from,normal,normal
2023-01-01T00:05:00,VB_074,10.342,0.899,114.126,351.234,237.108,1,from_to,normal,normal
2023-01-01T00:05:00,VB_075,12.941,0.995,178.694,424.737,246.043,1,from_to,normal,normal
2023-01-01T00:05:00,VB_076,10.655,0.735,121.143,362.221,241.078,1,from_to,normal,normal
2023-01-01T00:05:00,VB_077,10.564,1.056,119.066,375.609,256.543,1,from_to,normal,normal
2023-01-01T00:05:00,VB_078,-6.109,0.531,33.588,261.108,294.696,1,to_from,normal,normal
2023-01-01T00:05:00,VB_079,-5.862,0.451,30.932,265.078,296.01,1,to_from,normal,normal
2023-01-01T00:05:00,VB_080,-6.063,0.418,33.085,237.108,270.193,1,to_from,normal,normal
2023-01-01T00:05:00,VB_081,-5.704,0.57,29.286,241.078,270.364,1,to_from,normal,normal
2023-01-01T00:10:00,VB_001,-11.012,1.101,109.136,27.796,136.932,1,to_from,normal,normal
2023-01-01T00:10:00,VB_002,-6.585,0.573,39.024,39.993,79.017,1,to_from,normal,normal
2023-01-01T00:10:00,VB_003,-12.775,0.983,195.842,84.392,280.234,1,to_from,normal,normal
2023-01-01T00:10:00,VB_004,8.564,0.591,66.004,289.91,223.906,1,from_to,normal,normal
2023-01-01T00:10:00,VB_005,-14.679,1.468,224.094,223.906,448,1,to_from,normal,normal
2023-01-01T00:10:00,VB_006,-9.531,0.829,90.831,309.176,400.007,1,to_from,normal,normal
2023-01-01T00:10:00,VB_007,-7.739,0.595,53.907,377.501,431.408,1,to_from,normal,normal
2023-01-01T00:10:00,VB_008,-14.082,0.971,230.047,389.8,619.847,1,to_from,normal,normal
2023-01-01T00:10:00,VB_009,-10.832,1.083,140.796,143.379,284.175,1,to_from,normal,normal
2023-01-01T00:10:00,VB_010,9.939,0.864,88.904,328.428,239.524,1,from_to,normal,normal
2023-01-01T00:10:00,VB_011,-11.123,0.856,123.726,239.524,363.25,1,to_from,normal,normal
2023-01-01T00:10:00,VB_012,-13.486,0.93,181.862,310.873,492.735,1,to_from,normal,normal
2023-01-01T00:10:00,VB_013,-16.754,1.675,252.638,382.222,634.86,1,to_from,normal,normal
2023-01-01T00:10:00,VB_014,-19.514,1.697,426.486,407.908,834.394,1,to_from,normal,normal
2023-01-01T00:10:00,VB_015,-10.16,0.782,92.895,535.766,628.661,1,to_from,normal,normal
2023-01-01T00:10:00,VB_016,9.199,0.634,119.073,186.315,67.242,1,from_to,normal,normal
2023-01-01T00:10:00,VB_017,11.238,1.124,113.673,167.803,54.13,1,from_to,normal,normal
2023-01-01T00:10:00,VB_018,8.718,0.758,68.403,108.396,39.993,1,from_to,normal,normal
2023-01-01T00:10:00,VB_019,6.417,0.494,37.064,72.529,35.465,1,from_to,normal,normal
2023-01-01T00:10:00,VB_020,-14.342,0.989,185.132,35.465,220.597,1,to_from,normal,normal
2023-01-01T00:10:00,VB_021,-11.364,1.136,116.223,42.601,158.824,1,to_from,normal,normal
2023-01-01T00:10:00,VB_022,-10.755,0.935,162.759,58.132,220.891,1,to_from,normal,normal
2023-01-01T00:10:00,VB_023,-7.867,0.605,55.697,58.767,114.464,1,to_from,normal,normal
2023-01-01T00:10:00,VB_024,-8.718,0.601,71.969,68.529,140.498,1,to_from,normal,normal
2023-01-01T00:10:00,VB_025,4.867,0.487,21.316,79.448,58.132,1,from_to,normal,normal
2023-01-01T00:10:00,VB_026,-12.875,1.12,198.924,186.315,385.239,1,to_from,normal,normal
2023-01-01T00:10:00,VB_027,-13.604,1.046,222.096,188.989,411.085,1,to_from,normal,normal
2023-01-01T00:10:00,VB_028,-19.911,1.373,356.812,280.234,637.046,1,to_from,normal,normal
2023-01-01T00:10:00,VB_029,-9.665,0.966,84.064,223.906,307.97,1,to_from,normal,normal
2023-01-01T00:10:00,VB_030,-11.23,0.977,113.497,228.076,341.573,1,to_from,normal,normal
2023-01-01T00:10:00,VB_031,11.467,0.882,118.344,350.663,232.319,1,from_to,normal,normal
2023-01-01T00:10:00,VB_032,-11.061,0.763,115.851,232.319,348.17,1,to_from,normal,normal
2023-01-01T00:10:00,VB_033,-10.751,1.075,104.033,245.619,349.652,1,to_from,normal,normal
2023-01-01T00:10:00,VB_034,9.88,0.859,87.854,327.378,239.524,1,from_to,normal,normal
2023-01-01T00:10:00,VB_035,-5.63,0.433,28.524,309.176,337.7,1,to_from,normal,normal
2023-01-01T00:10:00,VB_036,-13.072,0.902,159.434,352.878,512.312,1,to_from,normal,normal
2023-01-01T00:10:00,VB_037,-6.076,0.608,39.391,358.535,397.926,1,to_from,normal,normal
2023-01-01T00:10:00,VB_038,-6.261,0.544,35.278,377.501,412.779,1,to_from,normal,normal
2023-01-01T00:10:00,VB_039,6.748,0.519,48.586,413.658,365.072,1,from_to,normal,normal
2023-01-01T00:10:00,VB_040,12.223,0.843,139.385,497.921,358.536,1,from_to,normal,normal
2023-01-01T00:10:00,VB_041,-6.31,0.631,42.481,354.773,397.254,1,to_from,normal,normal
2023-01-01T00:10:00,VB_042,-9.939,0.864,99.475,368.265,467.74,1,to_from,normal,normal
2023-01-01T00:10:00,VB_043,-11.724,0.902,123.7,383.266,506.966,1,to_from,normal,normal
2023-01-01T00:10:00,VB_044,-9.352,0.645,78.721,384.879,463.6,1,to_from,normal,normal
2023-01-01T00:10:00,VB_045,10.753,1.075,104.064,505.461,401.397,1,from_to,normal,normal
2023-01-01T00:10:00,VB_046,10.335,0.899,107.552,489.818,382.266,1,from_to,normal,normal
2023-01-01T00:10:00,VB_047,7.866,0.605,66.028,431.425,365.397,1,from_to,normal,normal
2023-01-01T00:10:00,VB_048,8.374,0.578,63.11,442.981,379.871,1,from_to,normal,normal
2023-01-01T00:10:00,VB_049,-7.303,0.73,50.504,379.871,430.375,1,to_from,normal,normal
2023-01-01T00:10:00,VB_050,-6.317,0.549,35.913,397.033,432.946,1,to_from,normal,normal
2023-01-01T00:10:00,VB_051,-7.333,0.564,48.39,358.535,406.925,1,to_from,normal,normal
2023-01-01T00:10:00,VB_052,-5.592,0.386,28.141,365.072,393.213,1,to_from,normal,normal
2023-01-01T00:10:00,VB_053,-13.363,1.336,160.706,0,160.706,1,to_from,normal,normal
2023-01-01T00:10:00,VB_054,-12.542,1.091,141.573,11.822,153.395,1,to_from,normal,normal
2023-01-01T00:10:00,VB_055,7.395,0.569,49.224,61.046,11.822,1,from_to,normal,normal
2023-01-01T00:10:00,VB_056,-12.605,0.869,147.932,532.463,680.395,1,to_from,normal,normal
2023-01-01T00:10:00,VB_057,-9.086,0.909,74.307,574.037,648.344,1,to_from,normal,normal
2023-01-01T00:10:00,VB_058,14.802,1.287,197.177,784.334,587.157,1,from_to,normal,normal
2023-01-01T00:10:00,VB_059,13.287,1.022,158.891,733.205,574.314,1,from_to,normal,normal
2023-01-01T00:10:00,VB_060,10.927,0.754,107.457,658.699,551.242,1,from_to,normal,normal
2023-01-01T00:10:00,VB_061,6.094,0.609,33.425,565.064,531.639,1,from_to,normal,normal
2023-01-01T00:10:00,VB_062,6.914,0.601,43.028,578.794,535.766,1,from_to,normal,normal
2023-01-01T00:10:00,VB_063,8.52,0.655,65.324,626.775,561.451,1,from_to,normal,normal
2023-01-01T00:10:00,VB_064,-7.475,0.515,50.284,216.638,266.922,1,to_from,normal,normal
2023-01-01T00:10:00,VB_065,-6.879,0.688,42.592,220.628,263.22,1,to_from,normal,normal
2023-01-01T00:10:00,VB_066,6.239,0.542,41.529,302.637,261.108,1,from_to,normal,normal
2023-01-01T00:10:00,VB_067,-12.523,0.963,146.317,216.638,362.955,1,to_from,normal,normal
2023-01-01T00:10:00,VB_068,15.253,1.052,234.269,504.312,270.043,1,from_to,normal,normal
2023-01-01T00:10:00,VB_069,-7.312,0.731,49.887,225.293,275.18,1,to_from,normal,normal
2023-01-01T00:10:00,VB_070,6.138,0.534,40.2,305.278,265.078,1,from_to,normal,normal
2023-01-01T00:10:00,VB_071,-11.8,0.908,129.914,220.628,350.542,1,to_from,normal,normal
2023-01-01T00:10:00,VB_072,14.264,0.984,204.885,485.428,280.543,1,from_to,normal,normal
2023-01-01T00:10:00,VB_073,-6.486,0.649,39.252,235.638,274.89,1,to_from,normal,normal
2023-01-01T00:10:00,VB_074,10.358,0.901,114.482,351.59,237.108,1,from_to,normal,normal
2023-01-01T00:10:00,VB_075,12.986,0.999,179.94,425.983,246.043,1,from_to,normal,normal
2023-01-01T00:10:00,VB_076,10.614,0.732,120.215,361.293,241.078,1,from_to,normal,normal
2023-01-01T00:10:00,VB_077,10.414,1.041,115.723,372.266,256.543,1,from_to,normal,normal
2023-01-01T00:10:00,VB_078,-6.073,0.528,33.189,261.108,294.297,1,to_from,normal,normal
2023-01-01T00:10:00,VB_079,-5.888,0.453,31.203,265.078,296.281,1,to_from,normal,normal
2023-01-01T00:10:00,VB_080,-6.052,0.417,32.961,237.108,270.069,1,to_from,normal,normal
2023-01-01T00:10:00,VB_081,-5.723,0.572,29.473,241.078,270.551,1,to_from,normal,normal
2023-01-01T00:15:00,VB_001,-11.108,1.111,111.044,27.796,138.84,1,to_from,normal,normal
2023-01-01T00:15:00,VB_002,-6.563,0.571,38.768,39.993,78.761,1,to_from,normal,normal
2023-01-01T00:15:00,VB_003,-12.84,0.988,197.826,82.408,280.234,1,to_from,normal,normal
2023-01-01T00:15:00,VB_004,8.496,0.586,64.964,288.87,223.906,1,from_to,normal,normal
2023-01-01T00:15:00,VB_005,-14.548,1.455,220.103,223.906,444.009,1,to_from,normal,normal
2023-01-01T00:15:00,VB_006,-9.477,0.824,89.813,309.176,398.989,1,to_from,normal,normal
2023-01-01T00:15:00,VB_007,-7.768,0.598,54.306,377.501,431.807,1,to_from,normal,normal
2023-01-01T00:15:00,VB_008,-14.288,0.985,236.825,389.8,626.625,1,to_from,normal,normal
2023-01-01T00:15:00,VB_009,-10.934,1.093,143.467,140.708,284.175,1,to_from,normal,normal
2023-01-01T00:15:00,VB_010,10.005,0.87,90.098,329.622,239.524,1,from_to,normal,normal
2023-01-01T00:15:00,VB_011,-11.215,0.863,125.767,239.524,365.291,1,to_from,normal,normal
2023-01-01T00:15:00,VB_012,-13.511,0.932,182.545,310.873,493.418,1,to_from,normal,normal
2023-01-01T00:15:00,VB_013,-16.782,1.678,253.474,382.222,635.696,1,to_from,normal,normal
2023-01-01T00:15:00,VB_014,-19.463,1.692,424.284,407.908,832.192,1,to_from,normal,normal
2023-01-01T00:15:00,VB_015,-10.121,0.779,92.184,535.766,627.95,1,to_from,normal,normal
2023-01-01T00:15:00,VB_016,9.283,0.64,121.255,186.315,65.06,1,from_to,normal,normal
2023-01-01T00:15:00,VB_017,11.263,1.126,114.162,168.292,54.13,1,from_to,normal,normal
2023-01-01T00:15:00,VB_018,8.798,0.765,69.662,109.655,39.993,1,from_to,normal,normal
2023-01-01T00:15:00,VB_019,6.424,0.494,37.145,72.61,35.465,1,from_to,normal,normal
2023-01-01T00:15:00,VB_020,-14.434,0.995,187.497,35.465,222.962,1,to_from,normal,normal
2023-01-01T00:15:00,VB_021,-11.436,1.144,117.713,42.601,160.314,1,to_from,normal,normal
2023-01-01T00:15:00,VB_022,-10.691,0.93,160.827,58.132,218.959,1,to_from,normal,normal
2023-01-01T00:15:00,VB_023,-7.832,0.602,55.208,58.767,113.975,1,to_from,normal,normal
2023-01-01T00:15:00,VB_024,-8.597,0.593,69.995,68.529,138.524,1,to_from,normal,normal
2023-01-01T00:15:00,VB_025,4.903,0.49,21.635,79.767,58.132,1,from_to,normal,normal
2023-01-01T00:15:00,VB_026,-12.93,1.124,200.634,186.315,386.949,1,to_from,normal,normal
2023-01-01T00:15:00,VB_027,-13.768,1.059,227.472,188.989,416.461,1,to_from,normal,normal
2023-01-01T00:15:00,VB_028,-20.12,1.388,364.344,280.234,644.578,1,to_from,normal,normal
2023-01-01T00:15:00,VB_029,-9.7,0.97,84.682,223.906,308.588,1,to_from,normal,normal
2023-01-01T00:15:00,VB_030,-11.285,0.981,114.621,228.076,342.697,1,to_from,normal,normal
2023-01-01T00:15:00,VB_031,11.363,0.874,116.208,348.527,232.319,1,from_to,normal,normal
2023-01-01T00:15:00,VB_032,-10.973,0.757,114.017,232.319,346.336,1,to_from,normal,normal
2023-01-01T00:15:00,VB_033,-10.713,1.071,103.292,245.619,348.911,1,to_from,normal,normal
2023-01-01T00:15:00,VB_034,9.852,0.857,87.351,326.875,239.524,1,from_to,normal,normal
2023-01-01T00:15:00,VB_035,-5.59,0.43,28.125,309.176,337.301,1,to_from,normal,normal
2023-01-01T00:15:00,VB_036,-13.022,0.898,158.2,352.878,511.078,1,to_from,normal,normal
2023-01-01T00:15:00,VB_037,-6.151,0.615,40.374,358.535,398.909,1,to_from,normal,normal
2023-01-01T00:15:00,VB_038,-6.35,0.552,36.291,377.501,413.792,1,to_from,normal,normal
2023-01-01T00:15:00,VB_039,6.747,0.519,48.568,413.64,365.072,1,from_to,normal,normal
2023-01-01T00:15:00,VB_040,12.153,0.838,137.79,496.326,358.536,1,from_to,normal,normal
2023-01-01T00:15:00,VB_041,-6.29,0.629,42.212,354.773,396.985,1,to_from,normal,normal
2023-01-01T00:15:00,VB_042,-9.922,0.863,99.134,368.265,467.399,1,to_from,normal,normal
2023-01-01T00:15:00,VB_043,-11.665,0.897,122.475,383.266,505.741,1,to_from,normal,normal
2023-01-01T00:15:00,VB_044,-9.504,0.655,81.291,384.879,466.17,1,to_from,normal,normal
2023-01-01T00:15:00,VB_045,10.73,1.073,103.613,505.01,401.397,1,from_to,normal,normal
2023-01-01T00:15:00,VB_046,10.363,0.901,108.135,490.401,382.266,1,from_to,normal,normal
2023-01-01T00:15:00,VB_047,7.86,0.605,65.916,431.313,365.397,1,from_to,normal,normal
2023-01-01T00:15:00,VB_048,8.351,0.576,62.771,442.642,379.871,1,from_to,normal,normal
2023-01-01T00:15:00,VB_049,-7.245,0.724,49.707,379.871,429.578,1,to_from,normal,normal
2023-01-01T00:15:00,VB_050,-6.255,0.544,35.214,397.033,432.247,1,to_from,normal,normal
2023-01-01T00:15:00,VB_051,-7.246,0.557,47.253,358.535,405.788,1,to_from,normal,normal
2023-01-01T00:15:00,VB_052,-5.609,0.387,28.314,365.072,393.386,1,to_from,normal,normal
2023-01-01T00:15:00,VB_053,-13.375,1.337,160.991,0,160.991,1,to_from,normal,normal
2023-01-01T00:15:00,VB_054,-12.653,1.1,144.084,11.822,155.906,1,to_from,normal,normal
2023-01-01T00:15:00,VB_055,7.498,0.577,50.594,62.416,11.822,1,from_to,normal,normal
2023-01-01T00:15:00,VB_056,-12.593,0.868,147.639,532.463,680.102,1,to_from,normal,normal
2023-01-01T00:15:00,VB_057,-9.16,0.916,75.519,574.037,649.556,1,to_from,normal,normal
2023-01-01T00:15:00,VB_058,14.726,1.28,195.159,782.316,587.157,1,from_to,normal,normal
2023-01-01T00:15:00,VB_059,13.26,1.02,158.256,732.57,574.314,1,from_to,normal,normal
2023-01-01T00:15:00,VB_060,10.948,0.755,107.871,659.113,551.242,1,from_to,normal,normal
2023-01-01T00:15:00,VB_061,6.104,0.61,33.537,565.176,531.639,1,from_to,normal,normal
2023-01-01T00:15:00,VB_062,6.949,0.604,43.457,579.223,535.766,1,from_to,normal,normal
2023-01-01T00:15:00,VB_063,8.498,0.654,64.996,626.447,561.451,1,from_to,normal,normal
2023-01-01T00:15:00,VB_064,-7.499,0.517,50.612,216.638,267.25,1,to_from,normal,normal
2023-01-01T00:15:00,VB_065,-6.859,0.686,42.347,220.628,262.975,1,to_from,normal,normal
2023-01-01T00:15:00,VB_066,6.228,0.542,41.39,302.498,261.108,1,from_to,normal,normal
2023-01-01T00:15:00,VB_067,-12.403,0.954,143.52,216.638,360.158,1,to_from,normal,normal
2023-01-01T00:15:00,VB_068,15.022,1.036,227.236,497.279,270.043,1,from_to,normal,normal
2023-01-01T00:15:00,VB_069,-7.318,0.732,49.965,225.293,275.258,1,to_from,normal,normal
2023-01-01T00:15:00,VB_070,6.221,0.541,41.291,306.369,265.078,1,from_to,normal,normal
2023-01-01T00:15:00,VB_071,-11.78,0.906,129.465,220.628,350.093,1,to_from,normal,normal
2023-01-01T00:15:00,VB_072,14.473,0.998,210.94,491.483,280.543,1,from_to,normal,normal
2023-01-01T00:15:00,VB_073,-6.442,0.644,38.721,235.638,274.359,1,to_from,normal,normal
2023-01-01T00:15:00,VB_074,10.476,0.911,117.104,354.212,237.108,1,from_to,normal,normal
2023-01-01T00:15:00,VB_075,12.828,0.987,175.586,421.629,246.043,1,from_to,normal,normal
2023-01-01T00:15:00,VB_076,10.53,0.726,118.302,359.38,241.078,1,from_to,normal,normal
2023-01-01T00:15:00,VB_077,10.383,1.038,115.028,371.571,256.543,1,from_to,normal,normal
2023-01-01T00:15:00,VB_078,-6.054,0.526,32.99,261.108,294.098,1,to_from,normal,normal
2023-01-01T00:15:00,VB_079,-5.913,0.455,31.471,265.078,296.549,1,to_from,normal,normal
2023-01-01T00:15:00,VB_080,-6.103,0.421,33.521,237.108,270.629,1,to_from,normal,normal
2023-01-01T00:15:00,VB_081,-5.797,0.58,30.247,241.078,271.325,1,to_from,normal,normal
2023-01-01T00:20:00,VB_001,-11.123,1.112,111.344,27.796,139.14,1,to_from,normal,normal
2023-01-01T00:20:00,VB_002,-6.597,0.574,39.174,39.993,79.167,1,to_from,normal,normal
2023-01-01T00:20:00,VB_003,-12.841,0.988,197.857,82.377,280.234,1,to_from,normal,normal
2023-01-01T00:20:00,VB_004,8.567,0.591,66.055,289.961,223.906,1,from_to,normal,normal
2023-01-01T00:20:00,VB_005,-14.578,1.458,221.015,223.906,444.921,1,to_from,normal,normal
2023-01-01T00:20:00,VB_006,-9.518,0.828,90.599,309.176,399.775,1,to_from,normal,normal
2023-01-01T00:20:00,VB_007,-7.804,0.6,54.807,377.501,432.308,1,to_from,normal,normal
2023-01-01T00:20:00,VB_008,-14.212,0.98,234.302,389.8,624.102,1,to_from,normal,normal
2023-01-01T00:20:00,VB_009,-11.013,1.101,145.542,138.633,284.175,1,to_from,normal,normal
2023-01-01T00:20:00,VB_010,10.024,0.872,90.438,329.962,239.524,1,from_to,normal,normal
2023-01-01T00:20:00,VB_011,-11.299,0.869,127.668,239.524,367.192,1,to_from,normal,normal
2023-01-01T00:20:00,VB_012,-13.529,0.933,183.029,310.873,493.902,1,to_from,normal,normal
2023-01-01T00:20:00,VB_013,-16.6,1.66,247.995,382.222,630.217,1,to_from,normal,normal
2023-01-01T00:20:00,VB_014,-19.313,1.679,417.757,407.908,825.665,1,to_from,normal,normal
2023-01-01T00:20:00,VB_015,-10.127,0.779,92.297,535.766,628.063,1,to_from,normal,normal
2023-01-01T00:20:00,VB_016,9.183,0.633,118.64,186.315,67.675,1,from_to,normal,normal
2023-01-01T00:20:00,VB_017,11.285,1.129,114.618,168.748,54.13,1,from_to,normal,normal
2023-01-01T00:20:00,VB_018,8.784,0.764,69.447,109.44,39.993,1,from_to,normal,normal
2023-01-01T00:20:00,VB_019,6.523,0.502,38.293,73.758,35.465,1,from_to,normal,normal
2023-01-01T00:20:00,VB_020,-14.392,0.993,186.41,35.465,221.875,1,to_from,normal,normal
2023-01-01T00:20:00,VB_021,-11.408,1.141,117.124,42.601,159.725,1,to_from,normal,normal
2023-01-01T00:20:00,VB_022,-10.61,0.923,158.404,58.132,216.536,1,to_from,normal,normal
2023-01-01T00:20:00,VB_023,-7.759,0.597,54.176,58.767,112.943,1,to_from,normal,normal
2023-01-01T00:20:00,VB_024,-8.55,0.59,69.227,68.529,137.756,1,to_from,normal,normal
2023-01-01T00:20:00,VB_025,4.904,0.49,21.644,79.776,58.132,1,from_to,normal,normal
2023-01-01T00:20:00,VB_026,-12.977,1.128,202.095,186.315,388.41,1,to_from,normal,normal
2023-01-01T00:20:00,VB_027,-13.786,1.06,228.053,188.989,417.042,1,to_from,normal,normal
2023-01-01T00:20:00,VB_028,-20.099,1.386,363.579,280.234,643.813,1,to_from,normal,normal
2023-01-01T00:20:00,VB_029,-9.812,0.981,86.649,223.906,310.555,1,to_from,normal,normal
2023-01-01T00:20:00,VB_030,-11.244,0.978,113.782,228.076,341.858,1,to_from,normal,normal
2023-01-01T00:20:00,VB_031,11.423,0.879,117.44,349.759,232.319,1,from_to,normal,normal
2023-01-01T00:20:00,VB_032,-10.843,0.748,111.331,232.319,343.65,1,to_from,normal,normal
2023-01-01T00:20:00,VB_033,-10.607,1.061,101.26,245.619,346.879,1,to_from,normal,normal
2023-01-01T00:20:00,VB_034,9.848,0.856,87.292,326.816,239.524,1,from_to,normal,normal
2023-01-01T00:20:00,VB_035,-5.622,0.432,28.443,309.176,337.619,1,to_from,normal,normal
2023-01-01T00:20:00,VB_036,-13.135,0.906,160.977,352.878,513.855,1,to_from,normal,normal
2023-01-01T00:20:00,VB_037,-6.23,0.623,41.417,358.535,399.952,1,to_from,normal,normal
2023-01-01T00:20:00,VB_038,-6.367,0.554,36.488,377.501,413.989,1,to_from,normal,normal
2023-01-01T00:20:00,VB_039,6.685,0.514,47.683,412.755,365.072,1,from_to,normal,normal
2023-01-01T00:20:00,VB_040,12.148,0.838,137.694,496.23,358.536,1,from_to,normal,normal
2023-01-01T00:20:00,VB_041,-6.222,0.622,41.304,354.773,396.077,1,to_from,normal,normal
2023-01-01T00:20:00,VB_042,-9.801,0.852,96.738,368.265,465.003,1,to_from,normal,normal
2023-01-01T00:20:00,VB_043,-11.666,0.897,122.481,383.266,505.747,1,to_from,normal,normal
2023-01-01T00:20:00,VB_044,-9.465,0.653,80.634,384.879,465.513,1,to_from,normal,normal
2023-01-01T00:20:00,VB_045,10.806,1.081,105.089,506.486,401.397,1,from_to,normal,normal
2023-01-01T00:20:00,VB_046,10.459,0.91,110.164,492.43,382.266,1,from_to,normal,normal
2023-01-01T00:20:00,VB_047,7.892,0.607,66.465,431.862,365.397,1,from_to,normal,normal
2023-01-01T00:20:00,VB_048,8.34,0.575,62.605,442.476,379.871,1,from_to,normal,normal
2023-01-01T00:20:00,VB_049,-7.254,0.725,49.831,379.871,429.702,1,to_from,normal,normal
2023-01-01T00:20:00,VB_050,-6.303,0.548,35.752,397.033,432.785,1,to_from,normal,normal
2023-01-01T00:20:00,VB_051,-7.232,0.556,47.075,358.535,405.61,1,to_from,normal,normal
2023-01-01T00:20:00,VB_052,-5.622,0.388,28.451,365.072,393.523,1,to_from,normal,normal
2023-01-01T00:20:00,VB_053,-13.516,1.352,164.417,0,164.417,1,to_from,normal,normal
2023-01-01T00:20:00,VB_054,-12.656,1.101,144.154,11.822,155.976,1,to_from,normal,normal
2023-01-01T00:20:00,VB_055,7.512,0.578,50.783,62.605,11.822,1,from_to,normal,normal
2023-01-01T00:20:00,VB_056,-12.634,0.871,148.614,532.463,681.077,1,to_from,normal,normal
2023-01-01T00:20:00,VB_057,-9.16,0.916,75.52,574.037,649.557,1,to_from,normal,normal
2023-01-01T00:20:00,VB_058,14.717,1.28,194.939,782.096,587.157,1,from_to,normal,normal
2023-01-01T00:20:00,VB_059,13.112,1.009,154.726,729.04,574.314,1,from_to,normal,normal
2023-01-01T00:20:00,VB_060,10.815,0.746,105.27,656.512,551.242,1,from_to,normal,normal
2023-01-01T00:20:00,VB_061,6.064,0.606,33.095,564.734,531.639,1,from_to,normal,normal
2023-01-01T00:20:00,VB_062,6.931,0.603,43.23,578.996,535.766,1,from_to,normal,normal
2023-01-01T00:20:00,VB_063,8.569,0.659,66.088,627.539,561.451,1,from_to,normal,normal
2023-01-01T00:20:00,VB_064,-7.551,0.521,51.323,216.638,267.961,1,to_from,normal,normal
2023-01-01T00:20:00,VB_065,-6.932,0.693,43.241,220.628,263.869,1,to_from,normal,normal
2023-01-01T00:20:00,VB_066,6.187,0.538,40.846,301.954,261.108,1,from_to,normal,normal
2023-01-01T00:20:00,VB_067,-12.442,0.957,144.431,216.638,361.069,1,to_from,normal,normal
2023-01-01T00:20:00,VB_068,14.914,1.029,223.995,494.038,270.043,1,from_to,normal,normal
2023-01-01T00:20:00,VB_069,-7.248,0.725,49.008,225.293,274.301,1,to_from,normal,normal
2023-01-01T00:20:00,VB_070,6.191,0.538,40.901,305.979,265.078,1,from_to,normal,normal
2023-01-01T00:20:00,VB_071,-11.901,0.915,132.147,220.628,352.775,1,to_from,normal,normal
2023-01-01T00:20:00,VB_072,14.429,0.995,209.642,490.185,280.543,1,from_to,normal,normal
2023-01-01T00:20:00,VB_073,-6.5,0.65,39.416,235.638,275.054,1,to_from,normal,normal
2023-01-01T00:20:00,VB_074,10.41,0.905,115.626,352.734,237.108,1,from_to,normal,normal
2023-01-01T00:20:00,VB_075,12.887,0.991,177.215,423.258,246.043,1,from_to,normal,normal
2023-01-01T00:20:00,VB_076,10.43,0.719,116.078,357.156,241.078,1,from_to,normal,normal
2023-01-01T00:20:00,VB_077,10.351,1.035,114.313,370.856,256.543,1,from_to,normal,normal
2023-01-01T00:20:00,VB_078,-6.019,0.523,32.607,261.108,293.715,1,to_from,normal,normal
2023-01-01T00:20:00,VB_079,-5.867,0.451,30.98,265.078,296.058,1,to_from,normal,normal
2023-01-01T00:20:00,VB_080,-6.163,0.425,34.18,237.108,271.288,1,to_from,normal,normal
2023-01-01T00:20:00,VB_081,-5.797,0.58,30.247,241.078,271.325,1,to_from,normal,normal
2023-01-01T00:25:00,VB_001,-11.136,1.114,111.615,27.796,139.411,1,to_from,normal,normal
2023-01-01T00:25:00,VB_002,-6.588,0.573,39.066,39.993,79.059,1,to_from,normal,normal
2023-01-01T00:25:00,VB_003,-12.79,0.984,196.297,83.937,280.234,1,to_from,normal,normal
2023-01-01T00:25:00,VB_004,8.421,0.581,63.826,287.732,223.906,1,from_to,normal,normal
2023-01-01T00:25:00,VB_005,-14.497,1.45,218.578,223.906,442.484,1,to_from,normal,normal
2023-01-01T00:25:00,VB_006,-9.433,0.82,88.98,309.176,398.156,1,to_from,normal,normal
2023-01-01T00:25:00,VB_007,-7.73,0.595,53.78,377.501,431.281,1,to_from,normal,normal
2023-01-01T00:25:00,VB_008,-14.276,0.985,236.409,389.8,626.209,1,to_from,normal,normal
2023-01-01T00:25:00,VB_009,-11.033,1.103,146.08,138.095,284.175,1,to_from,normal,normal
2023-01-01T00:25:00,VB_010,10.106,0.879,91.916,331.44,239.524,1,from_to,normal,normal
2023-01-01T00:25:00,VB_011,-11.305,0.87,127.797,239.524,367.321,1,to_from,normal,normal
2023-01-01T00:25:00,VB_012,-13.423,0.926,180.164,310.873,491.037,1,to_from,normal,normal
2023-01-01T00:25:00,VB_013,-16.693,1.669,250.795,382.222,633.017,1,to_from,normal,normal
2023-01-01T00:25:00,VB_014,-19.316,1.68,417.888,407.908,825.796,1,to_from,normal,normal
2023-01-01T00:25:00,VB_015,-9.966,0.767,89.381,535.766,625.147,1,to_from,normal,normal
2023-01-01T00:25:00,VB_016,9.264,0.639,120.743,186.315,65.572,1,from_to,normal,normal
2023-01-01T00:25:00,VB_017,11.373,1.137,116.416,170.546,54.13,1,from_to,normal,normal
2023-01-01T00:25:00,VB_018,8.844,0.769,70.4,110.393,39.993,1,from_to,normal,normal
2023-01-01T00:25:00,VB_019,6.484,0.499,37.84,73.305,35.465,1,from_to,normal,normal
2023-01-01T00:25:00,VB_020,-14.426,0.995,187.311,35.465,222.776,1,to_from,normal,normal
2023-01-01T00:25:00,VB_021,-11.389,1.139,116.734,42.601,159.335,1,to_from,normal,normal
2023-01-01T00:25:00,VB_022,-10.636,0.925,159.152,58.132,217.284,1,to_from,normal,normal
2023-01-01T00:25:00,VB_023,-7.654,0.589,52.73,58.767,111.497,1,to_from,normal,normal
2023-01-01T00:25:00,VB_024,-8.503,0.586,68.462,68.529,136.991,1,to_from,normal,normal
2023-01-01T00:25:00,VB_025,4.857,0.486,21.228,79.36,58.132,1,from_to,normal,normal
2023-01-01T00:25:00,VB_026,-12.966,1.127,201.739,186.315,388.054,1,to_from,normal,normal
2023-01-01T00:25:00,VB_027,-13.84,1.065,229.843,188.989,418.832,1,to_from,normal,normal
2023-01-01T00:25:00,VB_028,-20.135,1.389,364.858,280.234,645.092,1,to_from,normal,normal
2023-01-01T00:25:00,VB_029,-9.798,0.98,86.399,223.906,310.305,1,to_from,normal,normal
2023-01-01T00:25:00,VB_030,-11.208,0.975,113.049,228.076,341.125,1,to_from,normal,normal
2023-01-01T00:25:00,VB_031,11.343,0.873,115.789,348.108,232.319,1,from_to,normal,normal
2023-01-01T00:25:00,VB_032,-10.759,0.742,109.613,232.319,341.932,1,to_from,normal,normal
2023-01-01T00:25:00,VB_033,-10.69,1.069,102.852,245.619,348.471,1,to_from,normal,normal
2023-01-01T00:25:00,VB_034,9.763,0.849,85.791,325.315,239.524,1,from_to,normal,normal
2023-01-01T00:25:00,VB_035,-5.656,0.435,28.789,309.176,337.965,1,to_from,normal,normal
2023-01-01T00:25:00,VB_036,-13.241,0.913,163.577,352.878,516.455,1,to_from,normal,normal
2023-01-01T00:25:00,VB_037,-6.199,0.62,41.007,358.535,399.542,1,to_from,normal,normal
2023-01-01T00:25:00,VB_038,-6.302,0.548,35.749,377.501,413.25,1,to_from,normal,normal
2023-01-01T00:25:00,VB_039,6.738,0.518,48.435,413.507,365.072,1,from_to,normal,normal
2023-01-01T00:25:00,VB_040,12.047,0.831,135.411,493.947,358.536,1,from_to,normal,normal
2023-01-01T00:25:00,VB_041,-6.223,0.622,41.325,354.773,396.098,1,to_from,normal,normal
2023-01-01T00:25:00,VB_042,-9.775,0.85,96.219,368.265,464.484,1,to_from,normal,normal
2023-01-01T00:25:00,VB_043,-11.689,0.899,122.978,383.266,506.244,1,to_from,normal,normal
2023-01-01T00:25:00,VB_044,-9.596,0.662,82.879,384.879,467.758,1,to_from,normal,normal
2023-01-01T00:25:00,VB_045,10.889,1.089,106.708,508.105,401.397,1,from_to,normal,normal
2023-01-01T00:25:00,VB_046,10.418,0.906,109.289,491.555,382.266,1,from_to,normal,normal
2023-01-01T00:25:00,VB_047,7.869,0.605,66.069,431.466,365.397,1,from_to,normal,normal
2023-01-01T00:25:00,VB_048,8.396,0.579,63.442,443.313,379.871,1,from_to,normal,normal
2023-01-01T00:25:00,VB_049,-7.234,0.723,49.56,379.871,429.431,1,to_from,normal,normal
2023-01-01T00:25:00,VB_050,-6.179,0.537,34.368,397.033,431.401,1,to_from,normal,normal
2023-01-01T00:25:00,VB_051,-7.22,0.555,46.919,358.535,405.454,1,to_from,normal,normal
2023-01-01T00:25:00,VB_052,-5.583,0.385,28.057,365.072,393.129,1,to_from,normal,normal
2023-01-01T00:25:00,VB_053,-13.678,1.368,168.386,0,168.386,1,to_from,normal,normal
2023-01-01T00:25:00,VB_054,-12.82,1.115,147.916,11.822,159.738,1,to_from,normal,normal
2023-01-01T00:25:00,VB_055,7.608,0.585,52.099,63.921,11.822,1,from_to,normal,normal
2023-01-01T00:25:00,VB_056,-12.716,0.877,150.549,532.463,683.012,1,to_from,normal,normal
2023-01-01T00:25:00,VB_057,-9.062,0.906,73.913,574.037,647.95,1,to_from,normal,normal
2023-01-01T00:25:00,VB_058,14.581,1.268,191.349,778.506,587.157,1,from_to,normal,normal
2023-01-01T00:25:00,VB_059,13.172,1.013,156.157,730.471,574.314,1,from_to,normal,normal
2023-01-01T00:25:00,VB_060,10.727,0.74,103.556,654.798,551.242,1,from_to,normal,normal
2023-01-01T00:25:00,VB_061,6.079,0.608,33.262,564.901,531.639,1,from_to,normal,normal
2023-01-01T00:25:00,VB_062,7.053,0.613,44.765,580.531,535.766,1,from_to,normal,normal
2023-01-01T00:25:00,VB_063,8.667,0.667,67.602,629.053,561.451,1,from_to,normal,normal
2023-01-01T00:25:00,VB_064,-7.591,0.524,51.862,216.638,268.5,1,to_from,normal,normal
2023-01-01T00:25:00,VB_065,-6.945,0.695,43.411,220.628,264.039,1,to_from,normal,normal
2023-01-01T00:25:00,VB_066,6.129,0.533,40.085,301.193,261.108,1,from_to,normal,normal
2023-01-01T00:25:00,VB_067,-12.259,0.943,140.219,216.638,356.857,1,to_from,normal,normal
2023-01-01T00:25:00,VB_068,14.981,1.033,225.995,496.038,270.043,1,from_to,normal,normal
2023-01-01T00:25:00,VB_069,-7.239,0.724,48.897,225.293,274.19,1,to_from,normal,normal
2023-01-01T00:25:00,VB_070,6.141,0.534,40.242,305.32,265.078,1,from_to,normal,normal
2023-01-01T00:25:00,VB_071,-11.966,0.92,133.601,220.628,354.229,1,to_from,normal,normal
2023-01-01T00:25:00,VB_072,14.544,1.003,212.995,493.538,280.543,1,from_to,normal,normal
2023-01-01T00:25:00,VB_073,-6.527,0.653,39.743,235.638,275.381,1,to_from,normal,normal
2023-01-01T00:25:00,VB_074,10.521,0.915,118.119,355.227,237.108,1,from_to,normal,normal
2023-01-01T00:25:00,VB_075,12.888,0.991,177.226,423.269,246.043,1,from_to,normal,normal
2023-01-01T00:25:00,VB_076,10.385,0.716,115.082,356.16,241.078,1,from_to,normal,normal
2023-01-01T00:25:00,VB_077,10.282,1.028,112.8,369.343,256.543,1,from_to,normal,normal
2023-01-01T00:25:00,VB_078,-6.032,0.525,32.747,261.108,293.855,1,to_from,normal,normal
2023-01-01T00:25:00,VB_079,-5.878,0.452,31.099,265.078,296.177,1,to_from,normal,normal
2023-01-01T00:25:00,VB_080,-6.097,0.42,33.458,237.108,270.566,1,to_from,normal,normal
2023-01-01T00:25:00,VB_081,-5.842,0.584,30.717,241.078,271.795,1,to_from,normal,normal
2023-01-01T00:30:00,VB_001,-11.26,1.126,114.106,27.796,141.902,1,to_from,normal,normal
2023-01-01T00:30:00,VB_002,-6.635,0.577,39.622,39.993,79.615,1,to_from,normal,normal
2023-01-01T00:30:00,VB_003,-12.837,0.987,197.745,82.489,280.234,1,to_from,normal,normal
2023-01-01T00:30:00,VB_004,8.372,0.577,63.074,286.98,223.906,1,from_to,normal,normal
2023-01-01T00:30:00,VB_005,-14.33,1.433,213.575,223.906,437.481,1,to_from,normal,normal
2023-01-01T00:30:00,VB_006,-9.383,0.816,88.048,309.176,397.224,1,to_from,normal,normal
2023-01-01T00:30:00,VB_007,-7.769,0.598,54.316,377.501,431.817,1,to_from,normal,normal
2023-01-01T00:30:00,VB_008,-14.459,0.997,242.508,389.8,632.308,1,to_from,normal,normal
2023-01-01T00:30:00,VB_009,-11.193,1.119,150.348,133.827,284.175,1,to_from,normal,normal
2023-01-01T00:30:00,VB_010,10.044,0.873,90.793,330.317,239.524,1,from_to,normal,normal
2023-01-01T00:30:00,VB_011,-11.344,0.873,128.68,239.524,368.204,1,to_from,normal,normal
2023-01-01T00:30:00,VB_012,-13.4,0.924,179.556,310.873,490.429,1,to_from,normal,normal
2023-01-01T00:30:00,VB_013,-16.483,1.648,244.511,382.222,626.733,1,to_from,normal,normal
2023-01-01T00:30:00,VB_014,-19.042,1.656,406.1,407.908,814.008,1,to_from,normal,normal
2023-01-01T00:30:00,VB_015,-9.934,0.764,88.82,535.766,624.586,1,to_from,normal,normal
2023-01-01T00:30:00,VB_016,9.284,0.64,121.267,186.315,65.048,1,from_to,normal,normal
2023-01-01T00:30:00,VB_017,11.389,1.139,116.732,170.862,54.13,1,from_to,normal,normal
2023-01-01T00:30:00,VB_018,8.99,0.782,72.735,112.728,39.993,1,from_to,normal,normal
2023-01-01T00:30:00,VB_019,6.601,0.508,39.211,74.676,35.465,1,from_to,normal,normal
2023-01-01T00:30:00,VB_020,-14.513,1.001,189.57,35.465,225.035,1,to_from,normal,normal
2023-01-01T00:30:00,VB_021,-11.357,1.136,116.092,42.601,158.693,1,to_from,normal,normal
2023-01-01T00:30:00,VB_022,-10.479,0.911,154.492,58.132,212.624,1,to_from,normal,normal
2023-01-01T00:30:00,VB_023,-7.577,0.583,51.676,58.767,110.443,1,to_from,normal,normal
2023-01-01T00:30:00,VB_024,-8.517,0.587,68.698,68.529,137.227,1,to_from,normal,normal
2023-01-01T00:30:00,VB_025,4.894,0.489,21.56,79.692,58.132,1,from_to,normal,normal
2023-01-01T00:30:00,VB_026,-13.109,1.14,206.221,186.315,392.536,1,to_from,normal,normal
2023-01-01T00:30:00,VB_027,-14.029,1.079,236.182,188.989,425.171,1,to_from,normal,normal
2023-01-01T00:30:00,VB_028,-20.281,1.399,370.178,280.234,650.412,1,to_from,normal,normal
2023-01-01T00:30:00,VB_029,-9.847,0.985,87.266,223.906,311.172,1,to_from,normal,normal
2023-01-01T00:30:00,VB_030,-11.117,0.967,111.221,228.076,339.297,1,to_from,normal,normal
2023-01-01T00:30:00,VB_031,11.294,0.869,114.809,347.128,232.319,1,from_to,normal,normal
2023-01-01T00:30:00,VB_032,-10.744,0.741,109.31,232.319,341.629,1,to_from,normal,normal
2023-01-01T00:30:00,VB_033,-10.535,1.054,99.888,245.619,345.507,1,to_from,normal,normal
2023-01-01T00:30:00,VB_034,9.9,0.861,88.206,327.73,239.524,1,from_to,normal,normal
2023-01-01T00:30:00,VB_035,-5.678,0.437,29.017,309.176,338.193,1,to_from,normal,normal
2023-01-01T00:30:00,VB_036,-13.376,0.922,166.923,352.878,519.801,1,to_from,normal,normal
2023-01-01T00:30:00,VB_037,-6.262,0.626,41.842,358.535,400.377,1,to_from,normal,normal
2023-01-01T00:30:00,VB_038,-6.351,0.552,36.304,377.501,413.805,1,to_from,normal,normal
2023-01-01T00:30:00,VB_039,6.682,0.514,47.637,412.709,365.072,1,from_to,normal,normal
2023-01-01T00:30:00,VB_040,11.947,0.824,133.171,491.707,358.536,1,from_to,normal,normal
2023-01-01T00:30:00,VB_041,-6.204,0.62,41.071,354.773,395.844,1,to_from,normal,normal
2023-01-01T00:30:00,VB_042,-9.838,0.856,97.473,368.265,465.738,1,to_from,normal,normal
2023-01-01T00:30:00,VB_043,-11.781,0.906,124.913,383.266,508.179,1,to_from,normal,normal
2023-01-01T00:30:00,VB_044,-9.614,0.663,83.194,384.879,468.073,1,to_from,normal,normal
2023-01-01T00:30:00,VB_045,10.914,1.091,107.207,508.604,401.397,1,from_to,normal,normal
2023-01-01T00:30:00,VB_046,10.418,0.906,109.298,491.564,382.266,1,from_to,normal,normal
2023-01-01T00:30:00,VB_047,7.909,0.608,66.75,432.147,365.397,1,from_to,normal,normal
2023-01-01T00:30:00,VB_048,8.361,0.577,62.92,442.791,379.871,1,from_to,normal,normal
2023-01-01T00:30:00,VB_049,-7.128,0.713,48.115,379.871,427.986,1,to_from,normal,normal
2023-01-01T00:30:00,VB_050,-6.171,0.537,34.276,397.033,431.309,1,to_from,normal,normal
2023-01-01T00:30:00,VB_051,-7.143,0.549,45.921,358.535,404.456,1,to_from,normal,normal
2023-01-01T00:30:00,VB_052,-5.56,0.383,27.818,365.072,392.89,1,to_from,normal,normal
2023-01-01T00:30:00,VB_053,-13.737,1.374,169.846,0,169.846,1,to_from,normal,normal
2023-01-01T00:30:00,VB_054,-12.919,1.123,150.204,11.822,162.026,1,to_from,normal,normal
2023-01-01T00:30:00,VB_055,7.597,0.584,51.941,63.763,11.822,1,from_to,normal,normal
2023-01-01T00:30:00,VB_056,-12.769,0.881,151.801,532.463,684.264,1,to_from,normal,normal
2023-01-01T00:30:00,VB_057,-9.052,0.905,73.751,574.037,647.788,1,to_from,normal,normal
2023-01-01T00:30:00,VB_058,14.509,1.262,189.453,776.61,587.157,1,from_to,normal,normal
2023-01-01T00:30:00,VB_059,12.988,0.999,151.826,726.14,574.314,1,from_to,normal,normal
2023-01-01T00:30:00,VB_060,10.83,0.747,105.562,656.804,551.242,1,from_to,normal,normal
2023-01-01T00:30:00,VB_061,6.122,0.612,33.728,565.367,531.639,1,from_to,normal,normal
2023-01-01T00:30:00,VB_062,7,0.609,44.095,579.861,535.766,1,from_to,normal,normal
2023-01-01T00:30:00,VB_063,8.71,0.67,68.276,629.727,561.451,1,from_to,normal,normal
2023-01-01T00:30:00,VB_064,-7.592,0.524,51.879,216.638,268.517,1,to_from,normal,normal
2023-01-01T00:30:00,VB_065,-6.932,0.693,43.246,220.628,263.874,1,to_from,normal,normal
2023-01-01T00:30:00,VB_066,6.123,0.532,40.005,301.113,261.108,1,from_to,normal,normal
2023-01-01T00:30:00,VB_067,-12.25,0.942,140.001,216.638,356.639,1,to_from,normal,normal
2023-01-01T00:30:00,VB_068,14.791,1.02,220.305,490.348,270.043,1,from_to,normal,normal
2023-01-01T00:30:00,VB_069,-7.213,0.721,48.541,225.293,273.834,1,to_from,normal,normal
2023-01-01T00:30:00,VB_070,6.193,0.538,40.918,305.996,265.078,1,from_to,normal,normal
2023-01-01T00:30:00,VB_071,-12.075,0.929,136.037,220.628,356.665,1,to_from,normal,normal
2023-01-01T00:30:00,VB_072,14.581,1.006,214.082,494.625,280.543,1,from_to,normal,normal
2023-01-01T00:30:00,VB_073,-6.563,0.656,40.191,235.638,275.829,1,to_from,normal,normal
2023-01-01T00:30:00,VB_074,10.508,0.914,117.821,354.929,237.108,1,from_to,normal,normal
2023-01-01T00:30:00,VB_075,12.771,0.982,174.025,420.068,246.043,1,from_to,normal,normal
2023-01-01T00:30:00,VB_076,10.397,0.717,115.333,356.411,241.078,1,from_to,normal,normal
2023-01-01T00:30:00,VB_077,10.237,1.024,111.81,368.353,256.543,1,from_to,normal,normal
2023-01-01T00:30:00,VB_078,-5.976,0.52,32.142,261.108,293.25,1,to_from,normal,normal
2023-01-01T00:30:00,VB_079,-5.905,0.454,31.385,265.078,296.463,1,to_from,normal,normal
2023-01-01T00:30:00,VB_080,-6.196,0.427,34.556,237.108,271.664,1,to_from,normal,normal
2023-01-01T00:30:00,VB_081,-5.941,0.594,31.763,241.078,272.841,1,to_from,normal,normal
2023-01-01T00:35:00,VB_001,-11.278,1.128,114.478,27.796,142.274,1,to_from,normal,normal
2023-01-01T00:35:00,VB_002,-6.657,0.579,39.889,39.993,79.882,1,to_from,normal,normal
2023-01-01T00:35:00,VB_003,-12.736,0.98,194.65,85.584,280.234,1,to_from,normal,normal
2023-01-01T00:35:00,VB_004,8.392,0.579,63.387,287.293,223.906,1,from_to,normal,normal
2023-01-01T00:35:00,VB_005,-14.309,1.431,212.931,223.906,436.837,1,to_from,normal,normal
2023-01-01T00:35:00,VB_006,-9.392,0.817,88.207,309.176,397.383,1,to_from,normal,normal
2023-01-01T00:35:00,VB_007,-7.763,0.597,54.241,377.501,431.742,1,to_from,normal,normal
2023-01-01T00:35:00,VB_008,-14.526,1.002,244.773,389.8,634.573,1,to_from,normal,normal
2023-01-01T00:35:00,VB_009,-11.127,1.113,148.559,135.616,284.175,1,to_from,normal,normal
2023-01-01T00:35:00,VB_010,10.092,0.878,91.67,331.194,239.524,1,from_to,normal,normal
2023-01-01T00:35:00,VB_011,-11.274,0.867,127.103,239.524,366.627,1,to_from,normal,normal
2023-01-01T00:35:00,VB_012,-13.355,0.921,178.365,310.873,489.238,1,to_from,normal,normal
2023-01-01T00:35:00,VB_013,-16.344,1.634,240.407,382.222,622.629,1,to_from,normal,normal
2023-01-01T00:35:00,VB_014,-18.972,1.65,403.115,407.908,811.023,1,to_from,normal,normal
2023-01-01T00:35:00,VB_015,-9.896,0.761,88.132,535.766,623.898,1,to_from,normal,normal
2023-01-01T00:35:00,VB_016,9.198,0.634,119.034,186.315,67.281,1,from_to,normal,normal
2023-01-01T00:35:00,VB_017,11.448,1.145,117.944,172.074,54.13,1,from_to,normal,normal
2023-01-01T00:35:00,VB_018,8.951,0.778,72.107,112.1,39.993,1,from_to,normal,normal
2023-01-01T00:35:00,VB_019,6.542,0.503,38.518,73.983,35.465,1,from_to,normal,normal
2023-01-01T00:35:00,VB_020,-14.362,0.99,185.639,35.465,221.104,1,to_from,normal,normal
2023-01-01T00:35:00,VB_021,-11.249,1.125,113.885,42.601,156.486,1,to_from,normal,normal
2023-01-01T00:35:00,VB_022,-10.515,0.914,155.567,58.132,213.699,1,to_from,normal,normal
2023-01-01T00:35:00,VB_023,-7.643,0.588,52.569,58.767,111.336,1,to_from,normal,normal
2023-01-01T00:35:00,VB_024,-8.498,0.586,68.382,68.529,136.911,1,to_from,normal,normal
2023-01-01T00:35:00,VB_025,4.865,0.486,21.3,79.432,58.132,1,from_to,normal,normal
2023-01-01T00:35:00,VB_026,-13.082,1.138,205.377,186.315,391.692,1,to_from,normal,normal
2023-01-01T00:35:00,VB_027,-14.141,1.088,239.956,188.989,428.945,1,to_from,normal,normal
2023-01-01T00:35:00,VB_028,-20.505,1.414,378.408,280.234,658.642,1,to_from,normal,normal
2023-01-01T00:35:00,VB_029,-9.818,0.982,86.75,223.906,310.656,1,to_from,normal,normal
2023-01-01T00:35:00,VB_030,-11.199,0.974,112.882,228.076,340.958,1,to_from,normal,normal
2023-01-01T00:35:00,VB_031,11.237,0.864,113.641,345.96,232.319,1,from_to,normal,normal
2023-01-01T00:35:00,VB_032,-10.65,0.734,107.411,232.319,339.73,1,to_from,normal,normal
2023-01-01T00:35:00,VB_033,-10.497,1.05,99.167,245.619,344.786,1,to_from,normal,normal
2023-01-01T00:35:00,VB_034,9.903,0.861,88.259,327.783,239.524,1,from_to,normal,normal
2023-01-01T00:35:00,VB_035,-5.692,0.438,29.162,309.176,338.338,1,to_from,normal,normal
2023-01-01T00:35:00,VB_036,-13.431,0.926,168.295,352.878,521.173,1,to_from,normal,normal
2023-01-01T00:35:00,VB_037,-6.254,0.625,41.728,358.535,400.263,1,to_from,normal,normal
2023-01-01T00:35:00,VB_038,-6.321,0.55,35.964,377.501,413.465,1,to_from,normal,normal
2023-01-01T00:35:00,VB_039,6.643,0.511,47.092,412.164,365.072,1,from_to,normal,normal
2023-01-01T00:35:00,VB_040,11.889,0.82,131.877,490.413,358.536,1,from_to,normal,normal
2023-01-01T00:35:00,VB_041,-6.164,0.616,40.536,354.773,395.309,1,to_from,normal,normal
2023-01-01T00:35:00,VB_042,-9.712,0.844,94.977,368.265,463.242,1,to_from,normal,normal
2023-01-01T00:35:00,VB_043,-11.675,0.898,122.68,383.266,505.946,1,to_from,normal,normal
2023-01-01T00:35:00,VB_044,-9.609,0.663,83.097,384.879,467.976,1,to_from,normal,normal
2023-01-01T00:35:00,VB_045,11.038,1.104,109.657,511.054,401.397,1,from_to,normal,normal
2023-01-01T00:35:00,VB_046,10.586,0.92,112.837,495.103,382.266,1,from_to,normal,normal
2023-01-01T00:35:00,VB_047,7.972,0.613,67.807,433.204,365.397,1,from_to,normal,normal
2023-01-01T00:35:00,VB_048,8.372,0.577,63.079,442.95,379.871,1,from_to,normal,normal
2023-01-01T00:35:00,VB_049,-7.135,0.714,48.21,379.871,428.081,1,to_from,normal,normal
2023-01-01T00:35:00,VB_050,-6.173,0.537,34.3,397.033,431.333,1,to_from,normal,normal
2023-01-01T00:35:00,VB_051,-7.191,0.553,46.537,358.535,405.072,1,to_from,normal,normal
2023-01-01T00:35:00,VB_052,-5.582,0.385,28.039,365.072,393.111,1,to_from,normal,normal
2023-01-01T00:35:00,VB_053,-13.716,1.372,169.321,0,169.321,1,to_from,normal,normal
2023-01-01T00:35:00,VB_054,-13.052,1.135,153.322,11.822,165.144,1,to_from,normal,normal
2023-01-01T00:35:00,VB_055,7.622,0.586,52.29,64.112,11.822,1,from_to,normal,normal
2023-01-01T00:35:00,VB_056,-12.667,0.874,149.372,532.463,681.835,1,to_from,normal,normal
2023-01-01T00:35:00,VB_057,-9.042,0.904,73.576,574.037,647.613,1,to_from,normal,normal
2023-01-01T00:35:00,VB_058,14.495,1.26,189.085,776.242,587.157,1,from_to,normal,normal
2023-01-01T00:35:00,VB_059,12.936,0.995,150.604,724.918,574.314,1,from_to,normal,normal
2023-01-01T00:35:00,VB_060,10.743,0.741,103.87,655.112,551.242,1,from_to,normal,normal
2023-01-01T00:35:00,VB_061,6.158,0.616,34.134,565.773,531.639,1,from_to,normal,normal
2023-01-01T00:35:00,VB_062,7.064,0.614,44.906,580.672,535.766,1,from_to,normal,normal
2023-01-01T00:35:00,VB_063,8.693,0.669,68.004,629.455,561.451,1,from_to,normal,normal
2023-01-01T00:35:00,VB_064,-7.72,0.532,53.633,216.638,270.271,1,to_from,normal,normal
2023-01-01T00:35:00,VB_065,-6.92,0.692,43.098,220.628,263.726,1,to_from,normal,normal
2023-01-01T00:35:00,VB_066,6.121,0.532,39.974,301.082,261.108,1,from_to,normal,normal
2023-01-01T00:35:00,VB_067,-12.197,0.938,138.798,216.638,355.436,1,to_from,normal,normal
2023-01-01T00:35:00,VB_068,14.725,1.015,218.332,488.375,270.043,1,from_to,normal,normal
2023-01-01T00:35:00,VB_069,-7.149,0.715,47.677,225.293,272.97,1,to_from,normal,normal
2023-01-01T00:35:00,VB_070,6.219,0.541,41.274,306.352,265.078,1,from_to,normal,normal
2023-01-01T00:35:00,VB_071,-12.124,0.933,137.141,220.628,357.769,1,to_from,normal,normal
2023-01-01T00:35:00,VB_072,14.845,1.024,221.908,502.451,280.543,1,from_to,normal,normal
2023-01-01T00:35:00,VB_073,-6.598,0.66,40.615,235.638,276.253,1,to_from,normal,normal
2023-01-01T00:35:00,VB_074,10.428,0.907,116.035,353.143,237.108,1,from_to,normal,normal
2023-01-01T00:35:00,VB_075,12.703,0.977,172.189,418.232,246.043,1,from_to,normal,normal
2023-01-01T00:35:00,VB_076,10.277,0.709,112.703,353.781,241.078,1,from_to,normal,normal
2023-01-01T00:35:00,VB_077,10.082,1.008,108.462,365.005,256.543,1,from_to,normal,normal
2023-01-01T00:35:00,VB_078,-5.973,0.519,32.105,261.108,293.213,1,to_from,normal,normal
2023-01-01T00:35:00,VB_079,-5.921,0.455,31.55,265.078,296.628,1,to_from,normal,normal
2023-01-01T00:35:00,VB_080,-6.183,0.426,34.408,237.108,271.516,1,to_from,normal,normal
2023-01-01T00:35:00,VB_081,-5.935,0.594,31.704,241.078,272.782,1,to_from,normal,normal
2023-01-01T00:40:00,VB_001,-11.291,1.129,114.745,27.796,142.541,1,to_from,normal,normal
2023-01-01T00:40:00,VB_002,-6.62,0.576,39.445,39.993,79.438,1,to_from,normal,normal
2023-01-01T00:40:00,VB_003,-12.749,0.981,195.048,85.186,280.234,1,to_from,normal,normal
2023-01-01T00:40:00,VB_004,8.32,0.574,62.294,286.2,223.906,1,from_to,normal,normal
2023-01-01T00:40:00,VB_005,-14.214,1.421,210.115,223.906,434.021,1,to_from,normal,normal
2023-01-01T00:40:00,VB_006,-9.332,0.811,87.078,309.176,396.254,1,to_from,normal,normal
2023-01-01T00:40:00,VB_007,-7.749,0.596,54.037,377.501,431.538,1,to_from,normal,normal
2023-01-01T00:40:00,VB_008,-14.449,0.997,242.194,389.8,631.994,1,to_from,normal,normal
2023-01-01T00:40:00,VB_009,-11.219,1.122,151.03,133.145,284.175,1,to_from,normal,normal
2023-01-01T00:40:00,VB_010,10.193,0.886,93.514,333.038,239.524,1,from_to,normal,normal
2023-01-01T00:40:00,VB_011,-11.259,0.866,126.758,239.524,366.282,1,to_from,normal,normal
2023-01-01T00:40:00,VB_012,-13.357,0.921,178.396,310.873,489.269,1,to_from,normal,normal
2023-01-01T00:40:00,VB_013,-16.202,1.62,236.246,382.222,618.468,1,to_from,normal,normal
2023-01-01T00:40:00,VB_014,-18.838,1.638,397.473,407.908,805.381,1,to_from,normal,normal
2023-01-01T00:40:00,VB_015,-9.955,0.766,89.192,535.766,624.958,1,to_from,normal,normal
2023-01-01T00:40:00,VB_016,9.28,0.64,121.157,186.315,65.158,1,from_to,normal,normal
2023-01-01T00:40:00,VB_017,11.416,1.142,117.283,171.413,54.13,1,from_to,normal,normal
2023-01-01T00:40:00,VB_018,9.087,0.79,74.315,114.308,39.993,1,from_to,normal,normal
2023-01-01T00:40:00,VB_019,6.584,0.506,39.013,74.478,35.465,1,from_to,normal,normal
2023-01-01T00:40:00,VB_020,-14.437,0.996,187.576,35.465,223.041,1,to_from,normal,normal
2023-01-01T00:40:00,VB_021,-11.326,1.133,115.455,42.601,158.056,1,to_from,normal,normal
2023-01-01T00:40:00,VB_022,-10.34,0.899,150.445,58.132,208.577,1,to_from,normal,normal
2023-01-01T00:40:00,VB_023,-7.58,0.583,51.712,58.767,110.479,1,to_from,normal,normal
2023-01-01T00:40:00,VB_024,-8.5,0.586,68.415,68.529,136.944,1,to_from,normal,normal
2023-01-01T00:40:00,VB_025,4.865,0.487,21.304,79.436,58.132,1,from_to,normal,normal
2023-01-01T00:40:00,VB_026,-13.295,1.156,212.093,186.315,398.408,1,to_from,normal,normal
2023-01-01T00:40:00,VB_027,-14.233,1.095,243.1,188.989,432.089,1,to_from,normal,normal
2023-01-01T00:40:00,VB_028,-20.609,1.421,382.273,280.234,662.507,1,to_from,normal,normal
2023-01-01T00:40:00,VB_029,-9.795,0.979,86.346,223.906,310.252,1,to_from,normal,normal
2023-01-01T00:40:00,VB_030,-11.089,0.964,110.679,228.076,338.755,1,to_from,normal,normal
2023-01-01T00:40:00,VB_031,11.07,0.852,110.284,342.603,232.319,1,from_to,normal,normal
2023-01-01T00:40:00,VB_032,-10.552,0.728,105.441,232.319,337.76,1,to_from,normal,normal
2023-01-01T00:40:00,VB_033,-10.454,1.045,98.365,245.619,343.984,1,to_from,normal,normal
2023-01-01T00:40:00,VB_034,9.817,0.854,86.736,326.26,239.524,1,from_to,normal,normal
2023-01-01T00:40:00,VB_035,-5.764,0.443,29.901,309.176,339.077,1,to_from,normal,normal
2023-01-01T00:40:00,VB_036,-13.565,0.936,171.688,352.878,524.566,1,to_from,normal,normal
2023-01-01T00:40:00,VB_037,-6.266,0.627,41.897,358.535,400.432,1,to_from,normal,normal
2023-01-01T00:40:00,VB_038,-6.349,0.552,36.276,377.501,413.777,1,to_from,normal,normal
2023-01-01T00:40:00,VB_039,6.66,0.512,47.329,412.401,365.072,1,from_to,normal,normal
2023-01-01T00:40:00,VB_040,11.822,0.815,130.387,488.923,358.536,1,from_to,normal,normal
2023-01-01T00:40:00,VB_041,-6.114,0.611,39.887,354.773,394.66,1,to_from,normal,normal
2023-01-01T00:40:00,VB_042,-9.659,0.84,93.95,368.265,462.215,1,to_from,normal,normal
2023-01-01T00:40:00,VB_043,-11.811,0.909,125.56,383.266,508.826,1,to_from,normal,normal
2023-01-01T00:40:00,VB_044,-9.662,0.666,84.012,384.879,468.891,1,to_from,normal,normal
2023-01-01T00:40:00,VB_045,11.203,1.12,112.958,514.355,401.397,1,from_to,normal,normal
2023-01-01T00:40:00,VB_046,10.548,0.917,112.047,494.313,382.266,1,from_to,normal,normal
2023-01-01T00:40:00,VB_047,7.924,0.61,66.992,432.389,365.397,1,from_to,normal,normal
2023-01-01T00:40:00,VB_048,8.247,0.569,61.212,441.083,379.871,1,from_to,normal,normal
2023-01-01T00:40:00,VB_049,-7.025,0.703,46.736,379.871,426.607,1,to_from,normal,normal
2023-01-01T00:40:00,VB_050,-6.138,0.534,33.908,397.033,430.941,1,to_from,normal,normal
2023-01-01T00:40:00,VB_051,-7.139,0.549,45.862,358.535,404.397,1,to_from,normal,normal
2023-01-01T00:40:00,VB_052,-5.637,0.389,28.595,365.072,393.667,1,to_from,normal,normal
2023-01-01T00:40:00,VB_053,-13.748,1.375,170.105,0,170.105,1,to_from,normal,normal
2023-01-01T00:40:00,VB_054,-13.098,1.139,154.392,11.822,166.214,1,to_from,normal,normal
2023-01-01T00:40:00,VB_055,7.682,0.591,53.113,64.935,11.822,1,from_to,normal,normal
2023-01-01T00:40:00,VB_056,-12.632,0.871,148.565,532.463,681.028,1,to_from,normal,normal
2023-01-01T00:40:00,VB_057,-9.002,0.9,72.932,574.037,646.969,1,to_from,normal,normal
2023-01-01T00:40:00,VB_058,14.407,1.253,186.799,773.956,587.157,1,from_to,normal,normal
2023-01-01T00:40:00,VB_059,12.922,0.994,150.29,724.604,574.314,1,from_to,normal,normal
2023-01-01T00:40:00,VB_060,10.643,0.734,101.941,653.183,551.242,1,from_to,normal,normal
2023-01-01T00:40:00,VB_061,6.165,0.617,34.207,565.846,531.639,1,from_to,normal,normal
2023-01-01T00:40:00,VB_062,7.105,0.618,45.438,581.204,535.766,1,from_to,normal,normal
2023-01-01T00:40:00,VB_063,8.77,0.675,69.228,630.679,561.451,1,from_to,normal,normal
2023-01-01T00:40:00,VB_064,-7.701,0.531,53.37,216.638,270.008,1,to_from,normal,normal
2023-01-01T00:40:00,VB_065,-6.885,0.688,42.662,220.628,263.29,1,to_from,normal,normal
2023-01-01T00:40:00,VB_066,6.08,0.529,39.446,300.554,261.108,1,from_to,normal,normal
2023-01-01T00:40:00,VB_067,-12.03,0.925,135.032,216.638,351.67,1,to_from,normal,normal
2023-01-01T00:40:00,VB_068,14.691,1.013,217.328,487.371,270.043,1,from_to,normal,normal
2023-01-01T00:40:00,VB_069,-7.128,0.713,47.404,225.293,272.697,1,to_from,normal,normal
2023-01-01T00:40:00,VB_070,6.194,0.539,40.931,306.009,265.078,1,from_to,normal,normal
2023-01-01T00:40:00,VB_071,-12.168,0.936,138.147,220.628,358.775,1,to_from,normal,normal
2023-01-01T00:40:00,VB_072,14.953,1.031,225.153,505.696,280.543,1,from_to,normal,normal
2023-01-01T00:40:00,VB_073,-6.631,0.663,41.022,235.638,276.66,1,to_from,normal,normal
2023-01-01T00:40:00,VB_074,10.463,0.91,116.806,353.914,237.108,1,from_to,normal,normal
2023-01-01T00:40:00,VB_075,12.605,0.97,169.53,415.573,246.043,1,from_to,normal,normal
2023-01-01T00:40:00,VB_076,10.271,0.708,112.551,353.629,241.078,1,from_to,normal,normal
2023-01-01T00:40:00,VB_077,10.021,1.002,107.157,363.7,256.543,1,from_to,normal,normal
2023-01-01T00:40:00,VB_078,-5.956,0.518,31.928,261.108,293.036,1,to_from,normal,normal
2023-01-01T00:40:00,VB_079,-5.976,0.46,32.14,265.078,297.218,1,to_from,normal,normal
2023-01-01T00:40:00,VB_080,-6.287,0.434,35.579,237.108,272.687,1,to_from,normal,normal
2023-01-01T00:40:00,VB_081,-5.956,0.596,31.924,241.078,273.002,1,to_from,normal,normal
2023-01-01T00:45:00,VB_001,-11.437,1.144,117.717,27.796,145.513,1,to_from,normal,normal
2023-01-01T00:45:00,VB_002,-6.615,0.575,39.386,39.993,79.379,1,to_from,normal,normal
2023-01-01T00:45:00,VB_003,-12.688,0.976,193.19,87.044,280.234,1,to_from,normal,normal
2023-01-01T00:45:00,VB_004,8.242,0.568,61.141,285.047,223.906,1,from_to,normal,normal
2023-01-01T00:45:00,VB_005,-14.043,1.404,205.094,223.906,429,1,to_from,normal,normal
2023-01-01T00:45:00,VB_006,-9.336,0.812,87.161,309.176,396.337,1,to_from,normal,normal
2023-01-01T00:45:00,VB_007,-7.848,0.604,55.433,377.501,432.934,1,to_from,normal,normal
2023-01-01T00:45:00,VB_008,-14.563,1.004,246.005,389.8,635.805,1,to_from,normal,normal
2023-01-01T00:45:00,VB_009,-11.315,1.132,153.647,130.528,284.175,1,to_from,normal,normal
2023-01-01T00:45:00,VB_010,10.264,0.893,94.821,334.345,239.524,1,from_to,normal,normal
2023-01-01T00:45:00,VB_011,-11.303,0.869,127.753,239.524,367.277,1,to_from,normal,normal
2023-01-01T00:45:00,VB_012,-13.215,0.911,174.643,310.873,485.516,1,to_from,normal,normal
2023-01-01T00:45:00,VB_013,-16.288,1.629,238.758,382.222,620.98,1,to_from,normal,normal
2023-01-01T00:45:00,VB_014,-18.774,1.633,394.756,407.908,802.664,1,to_from,normal,normal
2023-01-01T00:45:00,VB_015,-9.861,0.759,87.507,535.766,623.273,1,to_from,normal,normal
2023-01-01T00:45:00,VB_016,9.283,0.64,121.25,186.315,65.065,1,from_to,normal,normal
2023-01-01T00:45:00,VB_017,11.499,1.15,118.996,173.126,54.13,1,from_to,normal,normal
2023-01-01T00:45:00,VB_018,9.123,0.793,74.91,114.903,39.993,1,from_to,normal,normal
2023-01-01T00:45:00,VB_019,6.669,0.513,40.027,75.492,35.465,1,from_to,normal,normal
2023-01-01T00:45:00,VB_020,-14.5,1,189.223,35.465,224.688,1,to_from,normal,normal
2023-01-01T00:45:00,VB_021,-11.212,1.121,113.138,42.601,155.739,1,to_from,normal,normal
2023-01-01T00:45:00,VB_022,-10.392,0.904,151.957,58.132,210.089,1,to_from,normal,normal
2023-01-01T00:45:00,VB_023,-7.455,0.573,50.023,58.767,108.79,1,to_from,normal,normal
2023-01-01T00:45:00,VB_024,-8.488,0.585,68.226,68.529,136.755,1,to_from,normal,normal
2023-01-01T00:45:00,VB_025,4.908,0.491,21.68,79.812,58.132,1,from_to,normal,normal
2023-01-01T00:45:00,VB_026,-13.266,1.154,211.181,186.315,397.496,1,to_from,normal,normal
2023-01-01T00:45:00,VB_027,-14.311,1.101,245.755,188.989,434.744,1,to_from,normal,normal
2023-01-01T00:45:00,VB_028,-20.563,1.418,380.561,280.234,660.795,1,to_from,normal,normal
2023-01-01T00:45:00,VB_029,-9.827,0.983,86.92,223.906,310.826,1,to_from,normal,normal
2023-01-01T00:45:00,VB_030,-10.969,0.954,108.277,228.076,336.353,1,to_from,normal,normal
2023-01-01T00:45:00,VB_031,11.13,0.856,111.49,343.809,232.319,1,from_to,normal,normal
2023-01-01T00:45:00,VB_032,-10.609,0.732,106.581,232.319,338.9,1,to_from,normal,normal
2023-01-01T00:45:00,VB_033,-10.546,1.055,100.088,245.619,345.707,1,to_from,normal,normal
2023-01-01T00:45:00,VB_034,9.851,0.857,87.338,326.862,239.524,1,from_to,normal,normal
2023-01-01T00:45:00,VB_035,-5.765,0.443,29.909,309.176,339.085,1,to_from,normal,normal
2023-01-01T00:45:00,VB_036,-13.491,0.93,169.818,352.878,522.696,1,to_from,normal,normal
2023-01-01T00:45:00,VB_037,-6.354,0.635,43.074,358.535,401.609,1,to_from,normal,normal
2023-01-01T00:45:00,VB_038,-6.379,0.555,36.628,377.501,414.129,1,to_from,normal,normal
2023-01-01T00:45:00,VB_039,6.607,0.508,46.581,411.653,365.072,1,from_to,normal,normal
2023-01-01T00:45:00,VB_040,11.847,0.817,130.94,489.476,358.536,1,from_to,normal,normal
2023-01-01T00:45:00,VB_041,-6.115,0.611,39.893,354.773,394.666,1,to_from,normal,normal
2023-01-01T00:45:00,VB_042,-9.666,0.84,94.077,368.265,462.342,1,to_from,normal,normal
2023-01-01T00:45:00,VB_043,-11.717,0.901,123.561,383.266,506.827,1,to_from,normal,normal
2023-01-01T00:45:00,VB_044,-9.765,0.673,85.816,384.879,470.695,1,to_from,normal,normal
2023-01-01T00:45:00,VB_045,11.164,1.116,112.178,513.575,401.397,1,from_to,normal,normal
2023-01-01T00:45:00,VB_046,10.672,0.928,114.683,496.949,382.266,1,from_to,normal,normal
2023-01-01T00:45:00,VB_047,7.95,0.612,67.43,432.827,365.397,1,from_to,normal,normal
2023-01-01T00:45:00,VB_048,8.241,0.568,61.128,440.999,379.871,1,from_to,normal,normal
2023-01-01T00:45:00,VB_049,-7.069,0.707,47.327,379.871,427.198,1,to_from,normal,normal
2023-01-01T00:45:00,VB_050,-6.084,0.529,33.308,397.033,430.341,1,to_from,normal,normal
2023-01-01T00:45:00,VB_051,-7.195,0.553,46.594,358.535,405.129,1,to_from,normal,normal
2023-01-01T00:45:00,VB_052,-5.674,0.391,28.973,365.072,394.045,1,to_from,normal,normal
2023-01-01T00:45:00,VB_053,-13.845,1.385,172.517,0,172.517,1,to_from,normal,normal
2023-01-01T00:45:00,VB_054,-13.096,1.139,154.348,11.822,166.17,1,to_from,normal,normal
2023-01-01T00:45:00,VB_055,7.661,0.589,52.828,64.65,11.822,1,from_to,normal,normal
2023-01-01T00:45:00,VB_056,-12.677,0.874,149.622,532.463,682.085,1,to_from,normal,normal
2023-01-01T00:45:00,VB_057,-8.969,0.897,72.397,574.037,646.434,1,to_from,normal,normal
2023-01-01T00:45:00,VB_058,14.132,1.229,179.736,766.893,587.157,1,from_to,normal,normal
2023-01-01T00:45:00,VB_059,12.734,0.98,145.95,720.264,574.314,1,from_to,normal,normal
2023-01-01T00:45:00,VB_060,10.773,0.743,104.458,655.7,551.242,1,from_to,normal,normal
2023-01-01T00:45:00,VB_061,6.155,0.615,34.095,565.734,531.639,1,from_to,normal,normal
2023-01-01T00:45:00,VB_062,7.124,0.619,45.67,581.436,535.766,1,from_to,normal,normal
2023-01-01T00:45:00,VB_063,8.813,0.678,69.907,631.358,561.451,1,from_to,normal,normal
2023-01-01T00:45:00,VB_064,-7.773,0.536,54.38,216.638,271.018,1,to_from,normal,normal
2023-01-01T00:45:00,VB_065,-6.935,0.693,43.282,220.628,263.91,1,to_from,normal,normal
2023-01-01T00:45:00,VB_066,6.107,0.531,39.795,300.903,261.108,1,from_to,normal,normal
2023-01-01T00:45:00,VB_067,-12.036,0.926,135.163,216.638,351.801,1,to_from,normal,normal
2023-01-01T00:45:00,VB_068,14.556,1.004,213.348,483.391,270.043,1,from_to,normal,normal
2023-01-01T00:45:00,VB_069,-7.088,0.709,46.88,225.293,272.173,1,to_from,normal,normal
2023-01-01T00:45:00,VB_070,6.233,0.542,41.452,306.53,265.078,1,from_to,normal,normal
2023-01-01T00:45:00,VB_071,-12.27,0.944,140.467,220.628,361.095,1,to_from,normal,normal
2023-01-01T00:45:00,VB_072,15.054,1.038,228.218,508.761,280.543,1,from_to,normal,normal
2023-01-01T00:45:00,VB_073,-6.7,0.67,41.887,235.638,277.525,1,to_from,normal,normal
2023-01-01T00:45:00,VB_074,10.448,0.909,116.48,353.588,237.108,1,from_to,normal,normal
2023-01-01T00:45:00,VB_075,12.586,0.968,169.016,415.059,246.043,1,from_to,normal,normal
2023-01-01T00:45:00,VB_076,10.172,0.702,110.402,351.48,241.078,1,from_to,normal,normal
2023-01-01T00:45:00,VB_077,10.041,1.004,107.587,364.13,256.543,1,from_to,normal,normal
2023-01-01T00:45:00,VB_078,-5.92,0.515,31.54,261.108,292.648,1,to_from,normal,normal
2023-01-01T00:45:00,VB_079,-5.973,0.459,32.109,265.078,297.187,1,to_from,normal,normal
2023-01-01T00:45:00,VB_080,-6.319,0.436,35.938,237.108,273.046,1,to_from,normal,normal
2023-01-01T00:45:00,VB_081,-6.013,0.601,32.535,241.078,273.613,1,to_from,normal,normal
2023-01-01T00:50:00,VB_001,-11.357,1.136,116.075,27.796,143.871,1,to_from,normal,normal
2023-01-01T00:50:00,VB_002,-6.65,0.578,39.799,39.993,79.792,1,to_from,normal,normal
2023-01-01T00:50:00,VB_003,-12.616,0.97,190.987,89.247,280.234,1,to_from,normal,normal
2023-01-01T00:50:00,VB_004,8.167,0.563,60.026,283.932,223.906,1,from_to,normal,normal
2023-01-01T00:50:00,VB_005,-14.118,1.412,207.288,223.906,431.194,1,to_from,normal,normal
2023-01-01T00:50:00,VB_006,-9.355,0.813,87.51,309.176,396.686,1,to_from,normal,normal
2023-01-01T00:50:00,VB_007,-7.801,0.6,54.772,377.501,432.273,1,to_from,normal,normal
2023-01-01T00:50:00,VB_008,-14.601,1.007,247.292,389.8,637.092,1,to_from,normal,normal
2023-01-01T00:50:00,VB_009,-11.44,1.144,157.057,127.118,284.175,1,to_from,normal,normal
2023-01-01T00:50:00,VB_010,10.272,0.893,94.964,334.488,239.524,1,from_to,normal,normal
2023-01-01T00:50:00,VB_011,-11.327,0.871,128.304,239.524,367.828,1,to_from,normal,normal
2023-01-01T00:50:00,VB_012,-13.15,0.907,172.917,310.873,483.79,1,to_from,normal,normal
2023-01-01T00:50:00,VB_013,-16.135,1.613,234.301,382.222,616.523,1,to_from,normal,normal
2023-01-01T00:50:00,VB_014,-18.817,1.636,396.556,407.908,804.464,1,to_from,normal,normal
2023-01-01T00:50:00,VB_015,-9.863,0.759,87.543,535.766,623.309,1,to_from,normal,normal
2023-01-01T00:50:00,VB_016,9.366,0.646,123.419,186.315,62.896,1,from_to,normal,normal
2023-01-01T00:50:00,VB_017,11.595,1.159,120.996,175.126,54.13,1,from_to,normal,normal
2023-01-01T00:50:00,VB_018,9.192,0.799,76.037,116.03,39.993,1,from_to,normal,normal
2023-01-01T00:50:00,VB_019,6.697,0.515,40.364,75.829,35.465,1,from_to,normal,normal
2023-01-01T00:50:00,VB_020,-14.434,0.995,187.514,35.465,222.979,1,to_from,normal,normal
2023-01-01T00:50:00,VB_021,-11.101,1.11,110.899,42.601,153.5,1,to_from,normal,normal
2023-01-01T00:50:00,VB_022,-10.239,0.89,147.508,58.132,205.64,1,to_from,normal,normal
2023-01-01T00:50:00,VB_023,-7.431,0.572,49.699,58.767,108.466,1,to_from,normal,normal
2023-01-01T00:50:00,VB_024,-8.478,0.585,68.06,68.529,136.589,1,to_from,normal,normal
2023-01-01T00:50:00,VB_025,4.947,0.495,22.028,80.16,58.132,1,from_to,normal,normal
2023-01-01T00:50:00,VB_026,-13.295,1.156,212.104,186.315,398.419,1,to_from,normal,normal
2023-01-01T00:50:00,VB_027,-14.423,1.109,249.639,188.989,438.628,1,to_from,normal,normal
2023-01-01T00:50:00,VB_028,-20.82,1.436,390.117,280.234,670.351,1,to_from,normal,normal
2023-01-01T00:50:00,VB_029,-9.736,0.974,85.31,223.906,309.216,1,to_from,normal,normal
2023-01-01T00:50:00,VB_030,-11.049,0.961,109.879,228.076,337.955,1,to_from,normal,normal
2023-01-01T00:50:00,VB_031,11.068,0.851,110.252,342.571,232.319,1,from_to,normal,normal
2023-01-01T00:50:00,VB_032,-10.499,0.724,104.396,232.319,336.715,1,to_from,normal,normal
2023-01-01T00:50:00,VB_033,-10.554,1.055,100.242,245.619,345.861,1,to_from,normal,normal
2023-01-01T00:50:00,VB_034,9.907,0.861,88.326,327.85,239.524,1,from_to,normal,normal
2023-01-01T00:50:00,VB_035,-5.801,0.446,30.29,309.176,339.466,1,to_from,normal,normal
2023-01-01T00:50:00,VB_036,-13.586,0.937,172.218,352.878,525.096,1,to_from,normal,normal
2023-01-01T00:50:00,VB_037,-6.351,0.635,43.033,358.535,401.568,1,to_from,normal,normal
2023-01-01T00:50:00,VB_038,-6.391,0.556,36.762,377.501,414.263,1,to_from,normal,normal
2023-01-01T00:50:00,VB_039,6.618,0.509,46.737,411.809,365.072,1,from_to,normal,normal
2023-01-01T00:50:00,VB_040,11.654,0.804,126.711,485.247,358.536,1,from_to,normal,normal
2023-01-01T00:50:00,VB_041,-6.077,0.608,39.411,354.773,394.184,1,to_from,normal,normal
2023-01-01T00:50:00,VB_042,-9.675,0.841,94.259,368.265,462.524,1,to_from,normal,normal
2023-01-01T00:50:00,VB_043,-11.758,0.904,124.417,383.266,507.683,1,to_from,normal,normal
2023-01-01T00:50:00,VB_044,-9.732,0.671,85.233,384.879,470.112,1,to_from,normal,normal
2023-01-01T00:50:00,VB_045,11.218,1.122,113.256,514.653,401.397,1,from_to,normal,normal
2023-01-01T00:50:00,VB_046,10.595,0.921,113.049,495.315,382.266,1,from_to,normal,normal
2023-01-01T00:50:00,VB_047,7.894,0.607,66.484,431.881,365.397,1,from_to,normal,normal
2023-01-01T00:50:00,VB_048,8.188,0.565,60.346,440.217,379.871,1,from_to,normal,normal
2023-01-01T00:50:00,VB_049,-7.009,0.701,46.519,379.871,426.39,1,to_from,normal,normal
2023-01-01T00:50:00,VB_050,-6.063,0.527,33.083,397.033,430.116,1,to_from,normal,normal
2023-01-01T00:50:00,VB_051,-7.186,0.553,46.471,358.535,405.006,1,to_from,normal,normal
2023-01-01T00:50:00,VB_052,-5.69,0.392,29.134,365.072,394.206,1,to_from,normal,normal
2023-01-01T00:50:00,VB_053,-14.076,1.408,178.318,0,178.318,1,to_from,normal,normal
2023-01-01T00:50:00,VB_054,-13.142,1.143,155.429,11.822,167.251,1,to_from,normal,normal
2023-01-01T00:50:00,VB_055,7.732,0.595,53.812,65.634,11.822,1,from_to,normal,normal
2023-01-01T00:50:00,VB_056,-12.682,0.875,149.746,532.463,682.209,1,to_from,normal,normal
2023-01-01T00:50:00,VB_057,-8.905,0.891,71.371,574.037,645.408,1,to_from,normal,normal
2023-01-01T00:50:00,VB_058,14.151,1.231,180.235,767.392,587.157,1,from_to,normal,normal
2023-01-01T00:50:00,VB_059,12.739,0.98,146.063,720.377,574.314,1,from_to,normal,normal
2023-01-01T00:50:00,VB_060,10.68,0.737,102.663,653.905,551.242,1,from_to,normal,normal
2023-01-01T00:50:00,VB_061,6.192,0.619,34.51,566.149,531.639,1,from_to,normal,normal
2023-01-01T00:50:00,VB_062,7.187,0.625,46.491,582.257,535.766,1,from_to,normal,normal
2023-01-01T00:50:00,VB_063,8.925,0.687,71.688,633.139,561.451,1,from_to,normal,normal
2023-01-01T00:50:00,VB_064,-7.779,0.536,54.463,216.638,271.101,1,to_from,normal,normal
2023-01-01T00:50:00,VB_065,-6.908,0.691,42.945,220.628,263.573,1,to_from,normal,normal
2023-01-01T00:50:00,VB_066,6.038,0.525,38.894,300.002,261.108,1,from_to,normal,normal
2023-01-01T00:50:00,VB_067,-11.91,0.916,132.337,216.638,348.975,1,to_from,normal,normal
2023-01-01T00:50:00,VB_068,14.456,0.997,210.449,480.492,270.043,1,from_to,normal,normal
2023-01-01T00:50:00,VB_069,-7.155,0.715,47.759,225.293,273.052,1,to_from,normal,normal
2023-01-01T00:50:00,VB_070,6.258,0.544,41.781,306.859,265.078,1,from_to,normal,normal
2023-01-01T00:50:00,VB_071,-12.216,0.94,139.238,220.628,359.866,1,to_from,normal,normal
2023-01-01T00:50:00,VB_072,14.963,1.032,225.456,505.999,280.543,1,from_to,normal,normal
2023-01-01T00:50:00,VB_073,-6.645,0.664,41.196,235.638,276.834,1,to_from,normal,normal
2023-01-01T00:50:00,VB_074,10.521,0.915,118.105,355.213,237.108,1,from_to,normal,normal
2023-01-01T00:50:00,VB_075,12.552,0.966,168.113,414.156,246.043,1,from_to,normal,normal
2023-01-01T00:50:00,VB_076,10.131,0.699,109.504,350.582,241.078,1,from_to,normal,normal
2023-01-01T00:50:00,VB_077,9.999,1,106.686,363.229,256.543,1,from_to,normal,normal
2023-01-01T00:50:00,VB_078,-5.951,0.517,31.872,261.108,292.98,1,to_from,normal,normal
2023-01-01T00:50:00,VB_079,-6.001,0.462,32.412,265.078,297.49,1,to_from,normal,normal
2023-01-01T00:50:00,VB_080,-6.292,0.434,35.636,237.108,272.744,1,to_from,normal,normal
2023-01-01T00:50:00,VB_081,-6.001,0.6,32.414,241.078,273.492,1,to_from,normal,normal
2023-01-01T00:55:00,VB_001,-11.39,1.139,116.764,27.796,144.56,1,to_from,normal,normal
2023-01-01T00:55:00,VB_002,-6.593,0.573,39.124,39.993,79.117,1,to_from,normal,normal
2023-01-01T00:55:00,VB_003,-12.511,0.962,187.829,92.405,280.234,1,to_from,normal,normal
2023-01-01T00:55:00,VB_004,8.17,0.563,60.067,283.973,223.906,1,from_to,normal,normal
2023-01-01T00:55:00,VB_005,-13.854,1.385,199.613,223.906,423.519,1,to_from,normal,normal
2023-01-01T00:55:00,VB_006,-9.317,0.81,86.812,309.176,395.988,1,to_from,normal,normal
2023-01-01T00:55:00,VB_007,-7.816,0.601,54.982,377.501,432.483,1,to_from,normal,normal
2023-01-01T00:55:00,VB_008,-14.748,1.017,252.313,389.8,642.113,1,to_from,normal,normal
2023-01-01T00:55:00,VB_009,-11.456,1.146,157.493,126.682,284.175,1,to_from,normal,normal
2023-01-01T00:55:00,VB_010,10.291,0.895,95.31,334.834,239.524,1,from_to,normal,normal
2023-01-01T00:55:00,VB_011,-11.242,0.865,126.373,239.524,365.897,1,to_from,normal,normal
2023-01-01T00:55:00,VB_012,-13.183,0.909,173.786,310.873,484.659,1,to_from,normal,normal
2023-01-01T00:55:00,VB_013,-16.101,1.61,233.31,382.222,615.532,1,to_from,normal,normal
2023-01-01T00:55:00,VB_014,-18.602,1.618,387.559,407.908,795.467,1,to_from,normal,normal
2023-01-01T00:55:00,VB_015,-9.829,0.756,86.94,535.766,622.706,1,to_from,normal,normal
2023-01-01T00:55:00,VB_016,9.401,0.648,124.357,186.315,61.958,1,from_to,normal,normal
2023-01-01T00:55:00,VB_017,11.694,1.169,123.079,177.209,54.13,1,from_to,normal,normal
2023-01-01T00:55:00,VB_018,9.173,0.798,75.724,115.717,39.993,1,from_to,normal,normal
2023-01-01T00:55:00,VB_019,6.699,0.515,40.388,75.853,35.465,1,from_to,normal,normal
2023-01-01T00:55:00,VB_020,-14.493,1,189.045,35.465,224.51,1,to_from,normal,normal
2023-01-01T00:55:00,VB_021,-11.051,1.105,109.904,42.601,152.505,1,to_from,normal,normal
2023-01-01T00:55:00,VB_022,-10.211,0.888,146.695,58.132,204.827,1,to_from,normal,normal
2023-01-01T00:55:00,VB_023,-7.461,0.574,50.096,58.767,108.863,1,to_from,normal,normal
2023-01-01T00:55:00,VB_024,-8.4,0.579,66.815,68.529,135.344,1,to_from,normal,normal
2023-01-01T00:55:00,VB_025,4.917,0.492,21.761,79.893,58.132,1,from_to,normal,normal
2023-01-01T00:55:00,VB_026,-13.536,1.177,219.867,186.315,406.182,1,to_from,normal,normal
2023-01-01T00:55:00,VB_027,-14.363,1.105,247.57,188.989,436.559,1,to_from,normal,normal
2023-01-01T00:55:00,VB_028,-20.611,1.421,382.338,280.234,662.572,1,to_from,normal,normal
2023-01-01T00:55:00,VB_029,-9.804,0.98,86.503,223.906,310.409,1,to_from,normal,normal
2023-01-01T00:55:00,VB_030,-10.876,0.946,106.46,228.076,334.536,1,to_from,normal,normal
2023-01-01T00:55:00,VB_031,10.933,0.841,107.58,339.899,232.319,1,from_to,normal,normal
2023-01-01T00:55:00,VB_032,-10.539,0.727,105.184,232.319,337.503,1,to_from,normal,normal
2023-01-01T00:55:00,VB_033,-10.532,1.053,99.84,245.619,345.459,1,to_from,normal,normal
2023-01-01T00:55:00,VB_034,9.977,0.868,89.581,329.105,239.524,1,from_to,normal,normal
2023-01-01T00:55:00,VB_035,-5.884,0.453,31.163,309.176,340.339,1,to_from,normal,normal
2023-01-01T00:55:00,VB_036,-13.654,0.942,173.933,352.878,526.811,1,to_from,normal,normal
2023-01-01T00:55:00,VB_037,-6.362,0.636,43.184,358.535,401.719,1,to_from,normal,normal
2023-01-01T00:55:00,VB_038,-6.378,0.555,36.616,377.501,414.117,1,to_from,normal,normal
2023-01-01T00:55:00,VB_039,6.557,0.504,45.869,410.941,365.072,1,from_to,normal,normal
2023-01-01T00:55:00,VB_040,11.578,0.798,125.065,483.601,358.536,1,from_to,normal,normal
2023-01-01T00:55:00,VB_041,-5.978,0.598,38.129,354.773,392.902,1,to_from,normal,normal
2023-01-01T00:55:00,VB_042,-9.763,0.849,95.978,368.265,464.243,1,to_from,normal,normal
2023-01-01T00:55:00,VB_043,-11.96,0.92,128.736,383.266,512.002,1,to_from,normal,normal
2023-01-01T00:55:00,VB_044,-9.797,0.676,86.391,384.879,471.27,1,to_from,normal,normal
2023-01-01T00:55:00,VB_045,11.303,1.13,114.981,516.378,401.397,1,from_to,normal,normal
2023-01-01T00:55:00,VB_046,10.69,0.93,115.084,497.35,382.266,1,from_to,normal,normal
2023-01-01T00:55:00,VB_047,7.884,0.606,66.318,431.715,365.397,1,from_to,normal,normal
2023-01-01T00:55:00,VB_048,8.179,0.564,60.202,440.073,379.871,1,from_to,normal,normal
2023-01-01T00:55:00,VB_049,-6.908,0.691,45.19,379.871,425.061,1,to_from,normal,normal
2023-01-01T00:55:00,VB_050,-6.07,0.528,33.16,397.033,430.193,1,to_from,normal,normal
2023-01-01T00:55:00,VB_051,-7.146,0.55,45.957,358.535,404.492,1,to_from,normal,normal
2023-01-01T00:55:00,VB_052,-5.649,0.39,28.723,365.072,393.795,1,to_from,normal,normal
2023-01-01T00:55:00,VB_053,-14.045,1.404,177.528,0,177.528,1,to_from,normal,normal
2023-01-01T00:55:00,VB_054,-13.22,1.15,157.282,11.822,169.104,1,to_from,normal,normal
2023-01-01T00:55:00,VB_055,7.752,0.596,54.081,65.903,11.822,1,from_to,normal,normal
2023-01-01T00:55:00,VB_056,-12.738,0.878,151.061,532.463,683.524,1,to_from,normal,normal
2023-01-01T00:55:00,VB_057,-8.874,0.887,70.867,574.037,644.904,1,to_from,normal,normal
2023-01-01T00:55:00,VB_058,14.012,1.218,176.701,763.858,587.157,1,from_to,normal,normal
2023-01-01T00:55:00,VB_059,12.68,0.975,144.713,719.027,574.314,1,from_to,normal,normal
2023-01-01T00:55:00,VB_060,10.687,0.737,102.799,654.041,551.242,1,from_to,normal,normal
2023-01-01T00:55:00,VB_061,6.191,0.619,34.501,566.14,531.639,1,from_to,normal,normal
2023-01-01T00:55:00,VB_062,7.302,0.635,47.994,583.76,535.766,1,from_to,normal,normal
2023-01-01T00:55:00,VB_063,8.957,0.689,72.207,633.658,561.451,1,from_to,normal,normal
2023-01-01T00:55:00,VB_064,-7.768,0.536,54.309,216.638,270.947,1,to_from,normal,normal
2023-01-01T00:55:00,VB_065,-6.866,0.687,42.431,220.628,263.059,1,to_from,normal,normal
2023-01-01T00:55:00,VB_066,5.99,0.521,38.284,299.392,261.108,1,from_to,normal,normal
2023-01-01T00:55:00,VB_067,-11.845,0.911,130.909,216.638,347.547,1,to_from,normal,normal
2023-01-01T00:55:00,VB_068,14.545,1.003,213.031,483.074,270.043,1,from_to,normal,normal
2023-01-01T00:55:00,VB_069,-7.17,0.717,47.97,225.293,273.263,1,to_from,normal,normal
2023-01-01T00:55:00,VB_070,6.288,0.547,42.188,307.266,265.078,1,from_to,normal,normal
2023-01-01T00:55:00,VB_071,-12.339,0.949,142.042,220.628,362.67,1,to_from,normal,normal
2023-01-01T00:55:00,VB_072,15.077,1.04,228.92,509.463,280.543,1,from_to,normal,normal
2023-01-01T00:55:00,VB_073,-6.663,0.666,41.421,235.638,277.059,1,to_from,normal,normal
2023-01-01T00:55:00,VB_074,10.384,0.903,115.054,352.162,237.108,1,from_to,normal,normal
2023-01-01T00:55:00,VB_075,12.502,0.962,166.766,412.809,246.043,1,from_to,normal,normal
2023-01-01T00:55:00,VB_076,10.011,0.69,106.939,348.017,241.078,1,from_to,normal,normal
2023-01-01T00:55:00,VB_077,9.897,0.99,104.52,361.063,256.543,1,from_to,normal,normal
2023-01-01T00:55:00,VB_078,-5.898,0.513,31.304,261.108,292.412,1,to_from,normal,normal
2023-01-01T00:55:00,VB_079,-6.005,0.462,32.451,265.078,297.529,1,to_from,normal,normal
2023-01-01T00:55:00,VB_080,-6.407,0.442,36.94,237.108,274.048,1,to_from,normal,normal
2023-01-01T00:55:00,VB_081,-6.088,0.609,33.357,241.078,274.435,1,to_from,normal,normal
2023-01-01T01:00:00,VB_001,-11.45,1.145,117.987,27.796,145.783,1,to_from,normal,normal
2023-01-01T01:00:00,VB_002,-6.625,0.576,39.507,39.993,79.5,1,to_from,normal,normal
2023-01-01T01:00:00,VB_003,-12.39,0.953,184.202,96.032,280.234,1,to_from,normal,normal
2023-01-01T01:00:00,VB_004,8.109,0.559,59.185,283.091,223.906,1,from_to,normal,normal
2023-01-01T01:00:00,VB_005,-13.922,1.392,201.584,223.906,425.49,1,to_from,normal,normal
2023-01-01T01:00:00,VB_006,-9.335,0.812,87.15,309.176,396.326,1,to_from,normal,normal
2023-01-01T01:00:00,VB_007,-7.862,0.605,55.629,377.501,433.13,1,to_from,normal,normal
2023-01-01T01:00:00,VB_008,-14.855,1.024,255.962,389.8,645.762,1,to_from,normal,normal
2023-01-01T01:00:00,VB_009,-11.539,1.154,159.768,124.407,284.175,1,to_from,normal,normal
2023-01-01T01:00:00,VB_010,10.253,0.892,94.613,334.137,239.524,1,from_to,normal,normal
2023-01-01T01:00:00,VB_011,-11.289,0.868,127.438,239.524,366.962,1,to_from,normal,normal
2023-01-01T01:00:00,VB_012,-13.088,0.903,171.287,310.873,482.16,1,to_from,normal,normal
2023-01-01T01:00:00,VB_013,-15.868,1.587,226.627,382.222,608.849,1,to_from,normal,normal
2023-01-01T01:00:00,VB_014,-18.656,1.622,389.808,407.908,797.716,1,to_from,normal,normal
2023-01-01T01:00:00,VB_015,-9.798,0.754,86.407,535.766,622.173,1,to_from,normal,normal
2023-01-01T01:00:00,VB_016,9.428,0.65,125.067,186.315,61.248,1,from_to,normal,normal
2023-01-01T01:00:00,VB_017,11.858,1.186,126.549,180.679,54.13,1,from_to,normal,normal
2023-01-01T01:00:00,VB_018,9.214,0.801,76.405,116.398,39.993,1,from_to,normal,normal
2023-01-01T01:00:00,VB_019,6.72,0.517,40.647,76.112,35.465,1,from_to,normal,normal
2023-01-01T01:00:00,VB_020,-14.409,0.994,186.852,35.465,222.317,1,to_from,normal,normal
2023-01-01T01:00:00,VB_021,-11.084,1.108,110.566,42.601,153.167,1,to_from,normal,normal
2023-01-01T01:00:00,VB_022,-10.217,0.888,146.873,58.132,205.005,1,to_from,normal,normal
2023-01-01T01:00:00,VB_023,-7.459,0.574,50.068,58.767,108.835,1,to_from,normal,normal
2023-01-01T01:00:00,VB_024,-8.416,0.58,67.072,68.529,135.601,1,to_from,normal,normal
2023-01-01T01:00:00,VB_025,4.974,0.497,22.266,80.398,58.132,1,from_to,normal,normal
2023-01-01T01:00:00,VB_026,-13.485,1.173,218.223,186.315,404.538,1,to_from,normal,normal
2023-01-01T01:00:00,VB_027,-14.492,1.115,252.012,188.989,441.001,1,to_from,normal,normal
2023-01-01T01:00:00,VB_028,-20.809,1.435,389.729,280.234,669.963,1,to_from,normal,normal
2023-01-01T01:00:00,VB_029,-9.779,0.978,86.058,223.906,309.964,1,to_from,normal,normal
2023-01-01T01:00:00,VB_030,-10.874,0.946,106.415,228.076,334.491,1,to_from,normal,normal
2023-01-01T01:00:00,VB_031,10.826,0.833,105.483,337.802,232.319,1,from_to,normal,normal
2023-01-01T01:00:00,VB_032,-10.348,0.714,101.407,232.319,333.726,1,to_from,normal,normal
2023-01-01T01:00:00,VB_033,-10.511,1.051,99.434,245.619,345.053,1,to_from,normal,normal
2023-01-01T01:00:00,VB_034,10.061,0.875,91.094,330.618,239.524,1,from_to,normal,normal
2023-01-01T01:00:00,VB_035,-5.887,0.453,31.195,309.176,340.371,1,to_from,normal,normal
2023-01-01T01:00:00,VB_036,-13.866,0.956,179.378,352.878,532.256,1,to_from,normal,normal
2023-01-01T01:00:00,VB_037,-6.412,0.641,43.87,358.535,402.405,1,to_from,normal,normal
2023-01-01T01:00:00,VB_038,-6.281,0.546,35.508,377.501,413.009,1,to_from,normal,normal
2023-01-01T01:00:00,VB_039,6.532,0.502,45.525,410.597,365.072,1,from_to,normal,normal
2023-01-01T01:00:00,VB_040,11.477,0.792,122.895,481.431,358.536,1,from_to,normal,normal
2023-01-01T01:00:00,VB_041,-5.986,0.599,38.235,354.773,393.008,1,to_from,normal,normal
2023-01-01T01:00:00,VB_042,-9.731,0.846,95.353,368.265,463.618,1,to_from,normal,normal
2023-01-01T01:00:00,VB_043,-11.949,0.919,128.501,383.266,511.767,1,to_from,normal,normal
2023-01-01T01:00:00,VB_044,-9.865,0.68,87.594,384.879,472.473,1,to_from,normal,normal
2023-01-01T01:00:00,VB_045,11.37,1.137,116.359,517.756,401.397,1,from_to,normal,normal
2023-01-01T01:00:00,VB_046,10.731,0.933,115.953,498.219,382.266,1,from_to,normal,normal
2023-01-01T01:00:00,VB_047,7.856,0.604,65.847,431.244,365.397,1,from_to,normal,normal
2023-01-01T01:00:00,VB_048,8.077,0.557,58.709,438.58,379.871,1,from_to,normal,normal
2023-01-01T01:00:00,VB_049,-6.93,0.693,45.478,379.871,425.349,1,to_from,normal,normal
2023-01-01T01:00:00,VB_050,-5.987,0.521,32.259,397.033,429.292,1,to_from,normal,normal
2023-01-01T01:00:00,VB_051,-7.163,0.551,46.172,358.535,404.707,1,to_from,normal,normal
2023-01-01T01:00:00,VB_052,-5.716,0.394,29.401,365.072,394.473,1,to_from,normal,normal
2023-01-01T01:00:00,VB_053,-14.087,1.409,178.595,0,178.595,1,to_from,normal,normal
2023-01-01T01:00:00,VB_054,-13.338,1.16,160.117,11.822,171.939,1,to_from,normal,normal
2023-01-01T01:00:00,VB_055,7.76,0.597,54.201,66.023,11.822,1,from_to,normal,normal
2023-01-01T01:00:00,VB_056,-12.586,0.868,147.473,532.463,679.936,1,to_from,normal,normal
2023-01-01T01:00:00,VB_057,-8.785,0.879,69.464,574.037,643.501,1,to_from,normal,normal
2023-01-01T01:00:00,VB_058,14.055,1.222,177.776,764.933,587.157,1,from_to,normal,normal
2023-01-01T01:00:00,VB_059,12.716,0.978,145.521,719.835,574.314,1,from_to,normal,normal
2023-01-01T01:00:00,VB_060,10.641,0.734,101.905,653.147,551.242,1,from_to,normal,normal
2023-01-01T01:00:00,VB_061,6.242,0.624,35.071,566.71,531.639,1,from_to,normal,normal
2023-01-01T01:00:00,VB_062,7.269,0.632,47.553,583.319,535.766,1,from_to,normal,normal
2023-01-01T01:00:00,VB_063,9.044,0.696,73.608,635.059,561.451,1,from_to,normal,normal
2023-01-01T01:00:00,VB_064,-7.759,0.535,54.18,216.638,270.818,1,to_from,normal,normal
2023-01-01T01:00:00,VB_065,-6.884,0.688,42.648,220.628,263.276,1,to_from,normal,normal
2023-01-01T01:00:00,VB_066,5.955,0.518,37.834,298.942,261.108,1,from_to,normal,normal
2023-01-01T01:00:00,VB_067,-11.827,0.91,130.508,216.638,347.146,1,to_from,normal,normal
2023-01-01T01:00:00,VB_068,14.311,0.987,206.251,476.294,270.043,1,from_to,normal,normal
2023-01-01T01:00:00,VB_069,-7.154,0.715,47.748,225.293,273.041,1,to_from,normal,normal
2023-01-01T01:00:00,VB_070,6.362,0.553,43.183,308.261,265.078,1,from_to,normal,normal
2023-01-01T01:00:00,VB_071,-12.536,0.964,146.623,220.628,367.251,1,to_from,normal,normal
2023-01-01T01:00:00,VB_072,15.106,1.042,229.78,510.323,280.543,1,from_to,normal,normal
2023-01-01T01:00:00,VB_073,-6.676,0.668,41.587,235.638,277.225,1,to_from,normal,normal
2023-01-01T01:00:00,VB_074,10.373,0.902,114.807,351.915,237.108,1,from_to,normal,normal
2023-01-01T01:00:00,VB_075,12.486,0.96,166.354,412.397,246.043,1,from_to,normal,normal
2023-01-01T01:00:00,VB_076,9.934,0.685,105.287,346.365,241.078,1,from_to,normal,normal
2023-01-01T01:00:00,VB_077,9.875,0.988,104.057,360.6,256.543,1,from_to,normal,normal
2023-01-01T01:00:00,VB_078,-5.91,0.514,31.434,261.108,292.542,1,to_from,normal,normal
2023-01-01T01:00:00,VB_079,-6.044,0.465,32.872,265.078,297.95,1,to_from,normal,normal
2023-01-01T01:00:00,VB_080,-6.399,0.441,36.858,237.108,273.966,1,to_from,normal,normal
2023-01-01T01:00:00,VB_081,-6.116,0.612,33.66,241.078,274.738,1,to_from,normal,normal
2023-01-01T01:05:00,VB_001,-11.561,1.156,120.294,27.796,148.09,1,to_from,normal,normal
2023-01-01T01:05:00,VB_002,-6.588,0.573,39.061,39.993,79.054,1,to_from,normal,normal
2023-01-01T01:05:00,VB_003,-12.319,0.948,182.118,98.116,280.234,1,to_from,normal,normal
2023-01-01T01:05:00,VB_004,8.037,0.554,58.133,282.039,223.906,1,from_to,normal,normal
2023-01-01T01:05:00,VB_005,-13.852,1.385,199.544,223.906,423.45,1,to_from,normal,normal
2023-01-01T01:05:00,VB_006,-9.299,0.809,86.476,309.176,395.652,1,to_from,normal,normal
2023-01-01T01:05:00,VB_007,-7.875,0.606,55.813,377.501,433.314,1,to_from,normal,normal
2023-01-01T01:05:00,VB_008,-14.955,1.031,259.43,389.8,649.23,1,to_from,normal,normal
2023-01-01T01:05:00,VB_009,-11.57,1.157,160.628,123.547,284.175,1,to_from,normal,normal
2023-01-01T01:05:00,VB_010,10.29,0.895,95.301,334.825,239.524,1,from_to,normal,normal
2023-01-01T01:05:00,VB_011,-11.177,0.86,124.93,239.524,364.454,1,to_from,normal,normal
2023-01-01T01:05:00,VB_012,-13.115,0.904,172.003,310.873,482.876,1,to_from,normal,normal
2023-01-01T01:05:00,VB_013,-15.817,1.582,225.173,382.222,607.395,1,to_from,normal,normal
2023-01-01T01:05:00,VB_014,-18.566,1.614,386.068,407.908,793.976,1,to_from,normal,normal
2023-01-01T01:05:00,VB_015,-9.957,0.766,89.219,535.766,624.985,1,to_from,normal,normal
2023-01-01T01:05:00,VB_016,9.434,0.651,125.228,186.315,61.087,1,from_to,normal,normal
2023-01-01T01:05:00,VB_017,11.84,1.184,126.174,180.304,54.13,1,from_to,normal,normal
2023-01-01T01:05:00,VB_018,9.347,0.813,78.636,118.629,39.993,1,from_to,normal,normal
2023-01-01T01:05:00,VB_019,6.74,0.518,40.887,76.352,35.465,1,from_to,normal,normal
2023-01-01T01:05:00,VB_020,-14.414,0.994,186.978,35.465,222.443,1,to_from,normal,normal
2023-01-01T01:05:00,VB_021,-10.957,1.096,108.041,42.601,150.642,1,to_from,normal,normal
2023-01-01T01:05:00,VB_022,-10.125,0.88,144.244,58.132,202.376,1,to_from,normal,normal
2023-01-01T01:05:00,VB_023,-7.381,0.568,49.038,58.767,107.805,1,to_from,normal,normal
2023-01-01T01:05:00,VB_024,-8.473,0.584,67.988,68.529,136.517,1,to_from,normal,normal
2023-01-01T01:05:00,VB_025,5.005,0.5,22.544,80.676,58.132,1,from_to,normal,normal
2023-01-01T01:05:00,VB_026,-13.638,1.186,223.191,186.315,409.506,1,to_from,normal,normal
2023-01-01T01:05:00,VB_027,-14.507,1.116,252.542,188.989,441.531,1,to_from,normal,normal
2023-01-01T01:05:00,VB_028,-20.845,1.438,391.066,280.234,671.3,1,to_from,normal,normal
2023-01-01T01:05:00,VB_029,-9.786,0.979,86.182,223.906,310.088,1,to_from,normal,normal
2023-01-01T01:05:00,VB_030,-10.792,0.938,104.829,228.076,332.905,1,to_from,normal,normal
2023-01-01T01:05:00,VB_031,10.751,0.827,104.019,336.338,232.319,1,from_to,normal,normal
2023-01-01T01:05:00,VB_032,-10.439,0.72,103.194,232.319,335.513,1,to_from,normal,normal
2023-01-01T01:05:00,VB_033,-10.589,1.059,100.908,245.619,346.527,1,to_from,normal,normal
2023-01-01T01:05:00,VB_034,10.039,0.873,90.703,330.227,239.524,1,from_to,normal,normal
2023-01-01T01:05:00,VB_035,-5.923,0.456,31.572,309.176,340.748,1,to_from,normal,normal
2023-01-01T01:05:00,VB_036,-13.895,0.958,180.131,352.878,533.009,1,to_from,normal,normal
2023-01-01T01:05:00,VB_037,-6.406,0.641,43.781,358.535,402.316,1,to_from,normal,normal
2023-01-01T01:05:00,VB_038,-6.273,0.546,35.421,377.501,412.922,1,to_from,normal,normal
2023-01-01T01:05:00,VB_039,6.443,0.496,44.288,409.36,365.072,1,from_to,normal,normal
2023-01-01T01:05:00,VB_040,11.42,0.788,121.674,480.21,358.536,1,from_to,normal,normal
2023-01-01T01:05:00,VB_041,-5.98,0.598,38.151,354.773,392.924,1,to_from,normal,normal
2023-01-01T01:05:00,VB_042,-9.668,0.841,94.121,368.265,462.386,1,to_from,normal,normal
2023-01-01T01:05:00,VB_043,-12.029,0.925,130.218,383.266,513.484,1,to_from,normal,normal
2023-01-01T01:05:00,VB_044,-9.944,0.686,88.992,384.879,473.871,1,to_from,normal,normal
2023-01-01T01:05:00,VB_045,11.426,1.143,117.498,518.895,401.397,1,from_to,normal,normal
2023-01-01T01:05:00,VB_046,10.665,0.927,114.542,496.808,382.266,1,from_to,normal,normal
2023-01-01T01:05:00,VB_047,7.897,0.607,66.543,431.94,365.397,1,from_to,normal,normal
2023-01-01T01:05:00,VB_048,8.042,0.555,58.211,438.082,379.871,1,from_to,normal,normal
2023-01-01T01:05:00,VB_049,-6.859,0.686,44.556,379.871,424.427,1,to_from,normal,normal
2023-01-01T01:05:00,VB_050,-6,0.522,32.401,397.033,429.434,1,to_from,normal,normal
2023-01-01T01:05:00,VB_051,-7.174,0.552,46.323,358.535,404.858,1,to_from,normal,normal
2023-01-01T01:05:00,VB_052,-5.771,0.398,29.979,365.072,395.051,1,to_from,normal,normal
2023-01-01T01:05:00,VB_053,-14.324,1.432,184.664,0,184.664,1,to_from,normal,normal
2023-01-01T01:05:00,VB_054,-13.317,1.158,159.606,11.822,171.428,1,to_from,normal,normal
2023-01-01T01:05:00,VB_055,7.723,0.594,53.679,65.501,11.822,1,from_to,normal,normal
2023-01-01T01:05:00,VB_056,-12.543,0.865,146.463,532.463,678.926,1,to_from,normal,normal
2023-01-01T01:05:00,VB_057,-8.739,0.874,68.738,574.037,642.775,1,to_from,normal,normal
2023-01-01T01:05:00,VB_058,13.949,1.213,175.119,762.276,587.157,1,from_to,normal,normal
2023-01-01T01:05:00,VB_059,12.638,0.972,143.738,718.052,574.314,1,from_to,normal,normal
2023-01-01T01:05:00,VB_060,10.655,0.735,102.168,653.41,551.242,1,from_to,normal,normal
2023-01-01T01:05:00,VB_061,6.312,0.631,35.852,567.491,531.639,1,from_to,normal,normal
2023-01-01T01:05:00,VB_062,7.321,0.637,48.241,584.007,535.766,1,from_to,normal,normal
2023-01-01T01:05:00,VB_063,8.986,0.691,72.669,634.12,561.451,1,from_to,normal,normal
2023-01-01T01:05:00,VB_064,-7.838,0.541,55.29,216.638,271.928,1,to_from,normal,normal
2023-01-01T01:05:00,VB_065,-6.9,0.69,42.846,220.628,263.474,1,to_from,normal,normal
2023-01-01T01:05:00,VB_066,5.917,0.515,37.357,298.465,261.108,1,from_to,normal,normal
2023-01-01T01:05:00,VB_067,-11.703,0.9,127.775,216.638,344.413,1,to_from,normal,normal
2023-01-01T01:05:00,VB_068,14.28,0.985,205.355,475.398,270.043,1,from_to,normal,normal
2023-01-01T01:05:00,VB_069,-7.095,0.71,46.97,225.293,272.263,1,to_from,normal,normal
2023-01-01T01:05:00,VB_070,6.305,0.548,42.416,307.494,265.078,1,from_to,normal,normal
2023-01-01T01:05:00,VB_071,-12.486,0.96,145.444,220.628,366.072,1,to_from,normal,normal
2023-01-01T01:05:00,VB_072,15.32,1.057,236.349,516.892,280.543,1,from_to,normal,normal
2023-01-01T01:05:00,VB_073,-6.73,0.673,42.263,235.638,277.901,1,to_from,normal,normal
2023-01-01T01:05:00,VB_074,10.381,0.903,114.979,352.087,237.108,1,from_to,normal,normal
2023-01-01T01:05:00,VB_075,12.318,0.948,161.892,407.935,246.043,1,from_to,normal,normal
2023-01-01T01:05:00,VB_076,9.948,0.686,105.587,346.665,241.078,1,from_to,normal,normal
2023-01-01T01:05:00,VB_077,9.917,0.992,104.945,361.488,256.543,1,from_to,normal,normal
2023-01-01T01:05:00,VB_078,-5.925,0.515,31.6,261.108,292.708,1,to_from,normal,normal
2023-01-01T01:05:00,VB_079,-6.098,0.469,33.469,265.078,298.547,1,to_from,normal,normal
2023-01-01T01:05:00,VB_080,-6.426,0.443,37.161,237.108,274.269,1,to_from,normal,normal
2023-01-01T01:05:00,VB_081,-6.132,0.613,33.845,241.078,274.923,1,to_from,normal,normal
2023-01-01T01:10:00,VB_001,-11.54,1.154,119.863,27.796,147.659,1,to_from,normal,normal
2023-01-01T01:10:00,VB_002,-6.611,0.575,39.33,39.993,79.323,1,to_from,normal,normal
2023-01-01T01:10:00,VB_003,-12.411,0.955,184.843,95.391,280.234,1,to_from,normal,normal
2023-01-01T01:10:00,VB_004,8.069,0.556,58.596,282.502,223.906,1,from_to,normal,normal
2023-01-01T01:10:00,VB_005,-13.726,1.373,195.926,223.906,419.832,1,to_from,normal,normal
2023-01-01T01:10:00,VB_006,-9.335,0.812,87.135,309.176,396.311,1,to_from,normal,normal
2023-01-01T01:10:00,VB_007,-7.956,0.612,56.967,377.501,434.468,1,to_from,normal,normal
2023-01-01T01:10:00,VB_008,-14.998,1.034,260.939,389.8,650.739,1,to_from,normal,normal
2023-01-01T01:10:00,VB_009,-11.582,1.158,160.979,123.196,284.175,1,to_from,normal,normal
2023-01-01T01:10:00,VB_010,10.353,0.9,96.474,335.998,239.524,1,from_to,normal,normal
2023-01-01T01:10:00,VB_011,-11.153,0.858,124.381,239.524,363.905,1,to_from,normal,normal
2023-01-01T01:10:00,VB_012,-13.02,0.898,169.512,310.873,480.385,1,to_from,normal,normal
2023-01-01T01:10:00,VB_013,-15.616,1.562,219.466,382.222,601.688,1,to_from,normal,normal
2023-01-01T01:10:00,VB_014,-18.554,1.613,385.577,407.908,793.485,1,to_from,normal,normal
2023-01-01T01:10:00,VB_015,-9.946,0.765,89.024,535.766,624.79,1,to_from,normal,normal
2023-01-01T01:10:00,VB_016,9.492,0.655,126.767,186.315,59.548,1,from_to,normal,normal
2023-01-01T01:10:00,VB_017,11.878,1.188,126.986,181.116,54.13,1,from_to,normal,normal
2023-01-01T01:10:00,VB_018,9.359,0.814,78.825,118.818,39.993,1,from_to,normal,normal
2023-01-01T01:10:00,VB_019,6.733,0.518,40.804,76.269,35.465,1,from_to,normal,normal
2023-01-01T01:10:00,VB_020,-14.307,0.987,184.225,35.465,219.69,1,to_from,normal,normal
2023-01-01T01:10:00,VB_021,-10.858,1.086,106.108,42.601,148.709,1,to_from,normal,normal
2023-01-01T01:10:00,VB_022,-10.062,0.875,142.455,58.132,200.587,1,to_from,normal,normal
2023-01-01T01:10:00,VB_023,-7.316,0.563,48.172,58.767,106.939,1,to_from,normal,normal
2023-01-01T01:10:00,VB_024,-8.401,0.579,66.841,68.529,135.37,1,to_from,normal,normal
2023-01-01T01:10:00,VB_025,4.979,0.498,22.307,80.439,58.132,1,from_to,normal,normal
2023-01-01T01:10:00,VB_026,-13.705,1.192,225.382,186.315,411.697,1,to_from,normal,normal
2023-01-01T01:10:00,VB_027,-14.564,1.12,254.538,188.989,443.527,1,to_from,normal,normal
2023-01-01T01:10:00,VB_028,-20.684,1.426,385.038,280.234,665.272,1,to_from,normal,normal
2023-01-01T01:10:00,VB_029,-9.687,0.969,84.447,223.906,308.353,1,to_from,normal,normal
2023-01-01T01:10:00,VB_030,-10.682,0.929,102.701,228.076,330.777,1,to_from,normal,normal
2023-01-01T01:10:00,VB_031,10.649,0.819,102.069,334.388,232.319,1,from_to,normal,normal
2023-01-01T01:10:00,VB_032,-10.285,0.709,100.174,232.319,332.493,1,to_from,normal,normal
2023-01-01T01:10:00,VB_033,-10.502,1.05,99.265,245.619,344.884,1,to_from,normal,normal
2023-01-01T01:10:00,VB_034,10.154,0.883,92.802,332.326,239.524,1,from_to,normal,normal
2023-01-01T01:10:00,VB_035,-5.96,0.458,31.969,309.176,341.145,1,to_from,normal,normal
2023-01-01T01:10:00,VB_036,-13.974,0.964,182.181,352.878,535.059,1,to_from,normal,normal
2023-01-01T01:10:00,VB_037,-6.418,0.642,43.953,358.535,402.488,1,to_from,normal,normal
2023-01-01T01:10:00,VB_038,-6.3,0.548,35.719,377.501,413.22,1,to_from,normal,normal
2023-01-01T01:10:00,VB_039,6.426,0.494,44.066,409.138,365.072,1,from_to,normal,normal
2023-01-01T01:10:00,VB_040,11.418,0.787,121.634,480.17,358.536,1,from_to,normal,normal
2023-01-01T01:10:00,VB_041,-5.952,0.595,37.803,354.773,392.576,1,to_from,normal,normal
2023-01-01T01:10:00,VB_042,-9.678,0.842,94.31,368.265,462.575,1,to_from,normal,normal
2023-01-01T01:10:00,VB_043,-12.141,0.934,132.665,383.266,515.931,1,to_from,normal,normal
2023-01-01T01:10:00,VB_044,-10.106,0.697,91.914,384.879,476.793,1,to_from,normal,normal
2023-01-01T01:10:00,VB_045,11.532,1.153,119.69,521.087,401.397,1,from_to,normal,normal
2023-01-01T01:10:00,VB_046,10.636,0.925,113.912,496.178,382.266,1,from_to,normal,normal
2023-01-01T01:10:00,VB_047,7.85,0.604,65.746,431.143,365.397,1,from_to,normal,normal
2023-01-01T01:10:00,VB_048,8.024,0.553,57.941,437.812,379.871,1,from_to,normal,normal
2023-01-01T01:10:00,VB_049,-6.804,0.68,43.843,379.871,423.714,1,to_from,normal,normal
2023-01-01T01:10:00,VB_050,-5.989,0.521,32.279,397.033,429.312,1,to_from,normal,normal
2023-01-01T01:10:00,VB_051,-7.195,0.553,46.597,358.535,405.132,1,to_from,normal,normal
2023-01-01T01:10:00,VB_052,-5.8,0.4,30.275,365.072,395.347,1,to_from,normal,normal
2023-01-01T01:10:00,VB_053,-14.375,1.437,185.965,0,185.965,1,to_from,normal,normal
2023-01-01T01:10:00,VB_054,-13.454,1.17,162.899,11.822,174.721,1,to_from,normal,normal
2023-01-01T01:10:00,VB_055,7.739,0.595,53.898,65.72,11.822,1,from_to,normal,normal
2023-01-01T01:10:00,VB_056,-12.539,0.865,146.383,532.463,678.846,1,to_from,normal,normal
2023-01-01T01:10:00,VB_057,-8.712,0.871,68.311,574.037,642.348,1,to_from,normal,normal
2023-01-01T01:10:00,VB_058,13.694,1.191,168.772,755.929,587.157,1,from_to,normal,normal
2023-01-01T01:10:00,VB_059,12.547,0.965,141.69,716.004,574.314,1,from_to,normal,normal
2023-01-01T01:10:00,VB_060,10.784,0.744,104.662,655.904,551.242,1,from_to,normal,normal
2023-01-01T01:10:00,VB_061,6.262,0.626,35.295,566.934,531.639,1,from_to,normal,normal
2023-01-01T01:10:00,VB_062,7.38,0.642,49.013,584.779,535.766,1,from_to,normal,normal
2023-01-01T01:10:00,VB_063,9.075,0.698,74.125,635.576,561.451,1,from_to,normal,normal
2023-01-01T01:10:00,VB_064,-7.792,0.537,54.641,216.638,271.279,1,to_from,normal,normal
2023-01-01T01:10:00,VB_065,-6.798,0.68,41.588,220.628,262.216,1,to_from,normal,normal
2023-01-01T01:10:00,VB_066,5.949,0.517,37.766,298.874,261.108,1,from_to,normal,normal
2023-01-01T01:10:00,VB_067,-11.682,0.899,127.336,216.638,343.974,1,to_from,normal,normal
2023-01-01T01:10:00,VB_068,14.314,0.987,206.317,476.36,270.043,1,from_to,normal,normal
2023-01-01T01:10:00,VB_069,-7.144,0.714,47.614,225.293,272.907,1,to_from,normal,normal
2023-01-01T01:10:00,VB_070,6.395,0.556,43.637,308.715,265.078,1,from_to,normal,normal
2023-01-01T01:10:00,VB_071,-12.538,0.964,146.667,220.628,367.295,1,to_from,normal,normal
2023-01-01T01:10:00,VB_072,15.404,1.062,238.945,519.488,280.543,1,from_to,normal,normal
2023-01-01T01:10:00,VB_073,-6.663,0.666,41.42,235.638,277.058,1,to_from,normal,normal
2023-01-01T01:10:00,VB_074,10.387,0.903,115.12,352.228,237.108,1,from_to,normal,normal
2023-01-01T01:10:00,VB_075,12.292,0.946,161.229,407.272,246.043,1,from_to,normal,normal
2023-01-01T01:10:00,VB_076,9.959,0.687,105.831,346.909,241.078,1,from_to,normal,normal
2023-01-01T01:10:00,VB_077,9.887,0.989,104.303,360.846,256.543,1,from_to,normal,normal
2023-01-01T01:10:00,VB_078,-5.994,0.521,32.336,261.108,293.444,1,to_from,normal,normal
2023-01-01T01:10:00,VB_079,-6.126,0.471,33.771,265.078,298.849,1,to_from,normal,normal
2023-01-01T01:10:00,VB_080,-6.472,0.446,37.703,237.108,274.811,1,to_from,normal,normal
2023-01-01T01:10:00,VB_081,-6.171,0.617,34.276,241.078,275.354,1,to_from,normal,normal
2023-01-01T01:15:00,VB_001,-11.52,1.152,119.448,27.796,147.244,1,to_from,normal,normal
2023-01-01T01:15:00,VB_002,-6.6,0.574,39.199,39.993,79.192,1,to_from,normal,normal
2023-01-01T01:15:00,VB_003,-12.342,0.949,182.802,97.432,280.234,1,to_from,normal,normal
2023-01-01T01:15:00,VB_004,7.954,0.549,56.933,280.839,223.906,1,from_to,normal,normal
2023-01-01T01:15:00,VB_005,-13.765,1.377,197.067,223.906,420.973,1,to_from,normal,normal
2023-01-01T01:15:00,VB_006,-9.385,0.816,88.085,309.176,397.261,1,to_from,normal,normal
2023-01-01T01:15:00,VB_007,-8.03,0.618,58.039,377.501,435.54,1,to_from,normal,normal
2023-01-01T01:15:00,VB_008,-15.253,1.052,269.882,389.8,659.682,1,to_from,normal,normal
2023-01-01T01:15:00,VB_009,-11.603,1.16,161.56,122.615,284.175,1,to_from,normal,normal
2023-01-01T01:15:00,VB_010,10.33,0.898,96.038,335.562,239.524,1,from_to,normal,normal
2023-01-01T01:15:00,VB_011,-11.096,0.854,123.128,239.524,362.652,1,to_from,normal,normal
2023-01-01T01:15:00,VB_012,-12.777,0.881,163.255,310.873,474.128,1,to_from,normal,normal
2023-01-01T01:15:00,VB_013,-15.615,1.562,219.458,382.222,601.68,1,to_from,normal,normal
2023-01-01T01:15:00,VB_014,-18.391,1.599,378.82,407.908,786.728,1,to_from,normal,normal
2023-01-01T01:15:00,VB_015,-9.97,0.767,89.462,535.766,625.228,1,to_from,normal,normal
2023-01-01T01:15:00,VB_016,9.542,0.658,128.117,186.884,58.767,1,from_to,normal,normal
2023-01-01T01:15:00,VB_017,12.057,1.206,130.824,184.954,54.13,1,from_to,normal,normal
2023-01-01T01:15:00,VB_018,9.421,0.819,79.875,119.868,39.993,1,from_to,normal,normal
2023-01-01T01:15:00,VB_019,6.717,0.517,40.6,76.065,35.465,1,from_to,normal,normal
2023-01-01T01:15:00,VB_020,-14.32,0.988,184.551,35.465,220.016,1,to_from,normal,normal
2023-01-01T01:15:00,VB_021,-10.872,1.087,106.386,42.601,148.987,1,to_from,normal,normal
2023-01-01T01:15:00,VB_022,-9.922,0.863,138.508,58.132,196.64,1,to_from,normal,normal
2023-01-01T01:15:00,VB_023,-7.292,0.561,47.86,58.767,106.627,1,to_from,normal,normal
2023-01-01T01:15:00,VB_024,-8.509,0.587,68.572,68.529,137.101,1,to_from,normal,normal
2023-01-01T01:15:00,VB_025,5.023,0.502,22.711,80.843,58.132,1,from_to,normal,normal
2023-01-01T01:15:00,VB_026,-13.753,1.196,226.989,186.315,413.304,1,to_from,normal,normal
2023-01-01T01:15:00,VB_027,-14.608,1.124,256.072,188.989,445.061,1,to_from,normal,normal
2023-01-01T01:15:00,VB_028,-20.706,1.428,385.871,280.234,666.105,1,to_from,normal,normal
2023-01-01T01:15:00,VB_029,-9.674,0.967,84.23,223.906,308.136,1,to_from,normal,normal
2023-01-01T01:15:00,VB_030,-10.664,0.927,102.356,228.076,330.432,1,to_from,normal,normal
2023-01-01T01:15:00,VB_031,10.675,0.821,102.566,334.885,232.319,1,from_to,normal,normal
2023-01-01T01:15:00,VB_032,-10.282,0.709,100.125,232.319,332.444,1,to_from,normal,normal
2023-01-01T01:15:00,VB_033,-10.546,1.055,100.097,245.619,345.716,1,to_from,normal,normal
2023-01-01T01:15:00,VB_034,10.108,0.879,91.956,331.48,239.524,1,from_to,normal,normal
2023-01-01T01:15:00,VB_035,-5.993,0.461,32.323,309.176,341.499,1,to_from,normal,normal
2023-01-01T01:15:00,VB_036,-13.905,0.959,180.401,352.878,533.279,1,to_from,normal,normal
2023-01-01T01:15:00,VB_037,-6.408,0.641,43.817,358.535,402.352,1,to_from,normal,normal
2023-01-01T01:15:00,VB_038,-6.254,0.544,35.197,377.501,412.698,1,to_from,normal,normal
2023-01-01T01:15:00,VB_039,6.395,0.492,43.632,408.704,365.072,1,from_to,normal,normal
2023-01-01T01:15:00,VB_040,11.391,0.786,121.069,479.605,358.536,1,from_to,normal,normal
2023-01-01T01:15:00,VB_041,-5.947,0.595,37.738,354.773,392.511,1,to_from,normal,normal
2023-01-01T01:15:00,VB_042,-9.796,0.852,96.627,368.265,464.892,1,to_from,normal,normal
2023-01-01T01:15:00,VB_043,-12.175,0.937,133.399,383.266,516.665,1,to_from,normal,normal
2023-01-01T01:15:00,VB_044,-10.091,0.696,91.654,384.879,476.533,1,to_from,normal,normal
2023-01-01T01:15:00,VB_045,11.593,1.159,120.962,522.359,401.397,1,from_to,normal,normal
2023-01-01T01:15:00,VB_046,10.694,0.93,115.17,497.436,382.266,1,from_to,normal,normal
2023-01-01T01:15:00,VB_047,7.845,0.603,65.664,431.061,365.397,1,from_to,normal,normal
2023-01-01T01:15:00,VB_048,8.034,0.554,58.098,437.969,379.871,1,from_to,normal,normal
2023-01-01T01:15:00,VB_049,-6.735,0.674,42.96,379.871,422.831,1,to_from,normal,normal
2023-01-01T01:15:00,VB_050,-5.951,0.517,31.87,397.033,428.903,1,to_from,normal,normal
2023-01-01T01:15:00,VB_051,-7.146,0.55,45.962,358.535,404.497,1,to_from,normal,normal
2023-01-01T01:15:00,VB_052,-5.801,0.4,30.284,365.072,395.356,1,to_from,normal,normal
2023-01-01T01:15:00,VB_053,-14.452,1.445,187.982,0,187.982,1,to_from,normal,normal
2023-01-01T01:15:00,VB_054,-13.506,1.174,164.162,11.822,175.984,1,to_from,normal,normal
2023-01-01T01:15:00,VB_055,7.723,0.594,53.678,65.5,11.822,1,from_to,normal,normal
2023-01-01T01:15:00,VB_056,-12.559,0.866,146.844,532.463,679.307,1,to_from,normal,normal
2023-01-01T01:15:00,VB_057,-8.714,0.871,68.348,574.037,642.385,1,to_from,normal,normal
2023-01-01T01:15:00,VB_058,13.775,1.198,170.774,757.931,587.157,1,from_to,normal,normal
2023-01-01T01:15:00,VB_059,12.63,0.972,143.56,717.874,574.314,1,from_to,normal,normal
2023-01-01T01:15:00,VB_060,10.84,0.748,105.764,657.006,551.242,1,from_to,normal,normal
2023-01-01T01:15:00,VB_061,6.295,0.63,35.669,567.308,531.639,1,from_to,normal,normal
2023-01-01T01:15:00,VB_062,7.449,0.648,49.934,585.7,535.766,1,from_to,normal,normal
2023-01-01T01:15:00,VB_063,9.128,0.702,74.992,636.443,561.451,1,from_to,normal,normal
2023-01-01T01:15:00,VB_064,-7.735,0.533,53.854,216.638,270.492,1,to_from,normal,normal
2023-01-01T01:15:00,VB_065,-6.819,0.682,41.847,220.628,262.475,1,to_from,normal,normal
2023-01-01T01:15:00,VB_066,5.916,0.514,37.348,298.456,261.108,1,from_to,normal,normal
2023-01-01T01:15:00,VB_067,-11.523,0.886,123.876,216.638,340.514,1,to_from,normal,normal
2023-01-01T01:15:00,VB_068,14.234,0.982,204.033,474.076,270.043,1,from_to,normal,normal
2023-01-01T01:15:00,VB_069,-7.212,0.721,48.523,225.293,273.816,1,to_from,normal,normal
2023-01-01T01:15:00,VB_070,6.456,0.561,44.472,309.55,265.078,1,from_to,normal,normal
2023-01-01T01:15:00,VB_071,-12.76,0.982,151.918,220.628,372.546,1,to_from,normal,normal
2023-01-01T01:15:00,VB_072,15.37,1.06,237.899,518.442,280.543,1,from_to,normal,normal
2023-01-01T01:15:00,VB_073,-6.655,0.665,41.321,235.638,276.959,1,to_from,normal,normal
2023-01-01T01:15:00,VB_074,10.22,0.889,111.451,348.559,237.108,1,from_to,normal,normal
2023-01-01T01:15:00,VB_075,12.214,0.94,159.179,405.222,246.043,1,from_to,normal,normal
2023-01-01T01:15:00,VB_076,9.792,0.675,102.317,343.395,241.078,1,from_to,normal,normal
2023-01-01T01:15:00,VB_077,9.809,0.981,102.653,359.196,256.543,1,from_to,normal,normal
2023-01-01T01:15:00,VB_078,-5.951,0.517,31.869,261.108,292.977,1,to_from,normal,normal
2023-01-01T01:15:00,VB_079,-6.122,0.471,33.728,265.078,298.806,1,to_from,normal,normal
2023-01-01T01:15:00,VB_080,-6.512,0.449,38.165,237.108,275.273,1,to_from,normal,normal
2023-01-01T01:15:00,VB_081,-6.203,0.62,34.631,241.078,275.709,1,to_from,normal,normal
2023-01-01T01:20:00,VB_001,-11.42,1.142,117.379,27.796,145.175,1,to_from,normal,normal
2023-01-01T01:20:00,VB_002,-6.502,0.565,38.047,39.993,78.04,1,to_from,normal,normal
2023-01-01T01:20:00,VB_003,-12.251,0.942,180.101,100.133,280.234,1,to_from,normal,normal
2023-01-01T01:20:00,VB_004,7.916,0.546,56.393,280.299,223.906,1,from_to,normal,normal
2023-01-01T01:20:00,VB_005,-13.773,1.377,197.275,223.906,421.181,1,to_from,normal,normal
2023-01-01T01:20:00,VB_006,-9.404,0.818,88.441,309.176,397.617,1,to_from,normal,normal
2023-01-01T01:20:00,VB_007,-8.028,0.618,58.011,377.501,435.512,1,to_from,normal,normal
2023-01-01T01:20:00,VB_008,-15.287,1.054,271.085,389.8,660.885,1,to_from,normal,normal
2023-01-01T01:20:00,VB_009,-11.729,1.173,165.073,119.102,284.175,1,to_from,normal,normal
2023-01-01T01:20:00,VB_010,10.304,0.896,95.547,335.071,239.524,1,from_to,normal,normal
2023-01-01T01:20:00,VB_011,-11.05,0.85,122.111,239.524,361.635,1,to_from,normal,normal
2023-01-01T01:20:00,VB_012,-12.744,0.879,162.421,310.873,473.294,1,to_from,normal,normal
2023-01-01T01:20:00,VB_013,-15.637,1.564,220.055,382.222,602.277,1,to_from,normal,normal
2023-01-01T01:20:00,VB_014,-18.373,1.598,378.084,407.908,785.992,1,to_from,normal,normal
2023-01-01T01:20:00,VB_015,-9.988,0.768,89.786,535.766,625.552,1,to_from,normal,normal
2023-01-01T01:20:00,VB_016,9.516,0.656,127.412,186.315,58.903,1,from_to,normal,normal
2023-01-01T01:20:00,VB_017,12.058,1.206,130.85,184.98,54.13,1,from_to,normal,normal
2023-01-01T01:20:00,VB_018,9.377,0.815,79.135,119.128,39.993,1,from_to,normal,normal
2023-01-01T01:20:00,VB_019,6.707,0.516,40.489,75.954,35.465,1,from_to,normal,normal
2023-01-01T01:20:00,VB_020,-14.159,0.976,180.432,35.465,215.897,1,to_from,normal,normal
2023-01-01T01:20:00,VB_021,-10.774,1.077,104.48,42.601,147.081,1,to_from,normal,normal
2023-01-01T01:20:00,VB_022,-9.908,0.862,138.115,58.132,196.247,1,to_from,normal,normal
2023-01-01T01:20:00,VB_023,-7.37,0.567,48.886,58.767,107.653,1,to_from,normal,normal
2023-01-01T01:20:00,VB_024,-8.529,0.588,68.889,68.529,137.418,1,to_from,normal,normal
2023-01-01T01:20:00,VB_025,5.058,0.506,23.029,81.161,58.132,1,from_to,normal,normal
2023-01-01T01:20:00,VB_026,-13.874,1.206,230.991,186.315,417.306,1,to_from,normal,normal
2023-01-01T01:20:00,VB_027,-14.828,1.141,263.837,188.989,452.826,1,to_from,normal,normal
2023-01-01T01:20:00,VB_028,-20.7,1.428,385.633,280.234,665.867,1,to_from,normal,normal
2023-01-01T01:20:00,VB_029,-9.605,0.96,83.028,223.906,306.934,1,to_from,normal,normal
2023-01-01T01:20:00,VB_030,-10.562,0.918,100.397,228.076,328.473,1,to_from,normal,normal
2023-01-01T01:20:00,VB_031,10.563,0.813,100.414,332.733,232.319,1,from_to,normal,normal
2023-01-01T01:20:00,VB_032,-10.388,0.716,102.187,232.319,334.506,1,to_from,normal,normal
2023-01-01T01:20:00,VB_033,-10.548,1.055,100.133,245.619,345.752,1,to_from,normal,normal
2023-01-01T01:20:00,VB_034,10.298,0.895,95.444,334.968,239.524,1,from_to,normal,normal
2023-01-01T01:20:00,VB_035,-6.063,0.466,33.081,309.176,342.257,1,to_from,normal,normal
2023-01-01T01:20:00,VB_036,-13.966,0.963,181.99,352.878,534.868,1,to_from,normal,normal
2023-01-01T01:20:00,VB_037,-6.357,0.636,43.124,358.535,401.659,1,to_from,normal,normal
2023-01-01T01:20:00,VB_038,-6.244,0.543,35.091,377.501,412.592,1,to_from,normal,normal
2023-01-01T01:20:00,VB_039,6.323,0.486,42.66,407.732,365.072,1,from_to,normal,normal
2023-01-01T01:20:00,VB_040,11.37,0.784,120.605,479.141,358.536,1,from_to,normal,normal
2023-01-01T01:20:00,VB_041,-5.957,0.596,37.864,354.773,392.637,1,to_from,normal,normal
2023-01-01T01:20:00,VB_042,-9.723,0.846,95.204,368.265,463.469,1,to_from,normal,normal
2023-01-01T01:20:00,VB_043,-12.127,0.933,132.358,383.266,515.624,1,to_from,normal,normal
2023-01-01T01:20:00,VB_044,-10.085,0.696,91.541,384.879,476.42,1,to_from,normal,normal
2023-01-01T01:20:00,VB_045,11.509,1.151,119.205,520.602,401.397,1,from_to,normal,normal
2023-01-01T01:20:00,VB_046,10.628,0.924,113.734,496,382.266,1,from_to,normal,normal
2023-01-01T01:20:00,VB_047,7.745,0.596,64.003,429.4,365.397,1,from_to,normal,normal
2023-01-01T01:20:00,VB_048,7.897,0.545,56.125,435.996,379.871,1,from_to,normal,normal
2023-01-01T01:20:00,VB_049,-6.766,0.677,43.347,379.871,423.218,1,to_from,normal,normal
2023-01-01T01:20:00,VB_050,-5.923,0.515,31.576,397.033,428.609,1,to_from,normal,normal
2023-01-01T01:20:00,VB_051,-7.238,0.557,47.148,358.535,405.683,1,to_from,normal,normal
2023-01-01T01:20:00,VB_052,-5.857,0.404,30.879,365.072,395.951,1,to_from,normal,normal
2023-01-01T01:20:00,VB_053,-14.444,1.444,187.768,0,187.768,1,to_from,normal,normal
2023-01-01T01:20:00,VB_054,-13.624,1.185,167.06,11.822,178.882,1,to_from,normal,normal
2023-01-01T01:20:00,VB_055,7.741,0.595,53.93,65.752,11.822,1,from_to,normal,normal
2023-01-01T01:20:00,VB_056,-12.38,0.854,142.696,532.463,675.159,1,to_from,normal,normal
2023-01-01T01:20:00,VB_057,-8.605,0.86,66.639,574.037,640.676,1,to_from,normal,normal
2023-01-01T01:20:00,VB_058,13.58,1.181,165.978,753.135,587.157,1,from_to,normal,normal
2023-01-01T01:20:00,VB_059,12.432,0.956,139.106,713.42,574.314,1,from_to,normal,normal
2023-01-01T01:20:00,VB_060,10.81,0.745,105.163,656.405,551.242,1,from_to,normal,normal
2023-01-01T01:20:00,VB_061,6.362,0.636,36.422,568.061,531.639,1,from_to,normal,normal
2023-01-01T01:20:00,VB_062,7.457,0.648,50.045,585.811,535.766,1,from_to,normal,normal
2023-01-01T01:20:00,VB_063,9.09,0.699,74.358,635.809,561.451,1,from_to,normal,normal
2023-01-01T01:20:00,VB_064,-7.79,0.537,54.61,216.638,271.248,1,to_from,normal,normal
2023-01-01T01:20:00,VB_065,-6.795,0.679,41.549,220.628,262.177,1,to_from,normal,normal
2023-01-01T01:20:00,VB_066,5.8,0.504,35.893,297.001,261.108,1,from_to,normal,normal
2023-01-01T01:20:00,VB_067,-11.545,0.888,124.351,216.638,340.989,1,to_from,normal,normal
2023-01-01T01:20:00,VB_068,14.237,0.982,204.106,474.149,270.043,1,from_to,normal,normal
2023-01-01T01:20:00,VB_069,-7.263,0.726,49.215,225.293,274.508,1,to_from,normal,normal
2023-01-01T01:20:00,VB_070,6.452,0.561,44.417,309.495,265.078,1,from_to,normal,normal
2023-01-01T01:20:00,VB_071,-12.773,0.983,152.208,220.628,372.836,1,to_from,normal,normal
2023-01-01T01:20:00,VB_072,15.382,1.061,238.26,518.803,280.543,1,from_to,normal,normal
2023-01-01T01:20:00,VB_073,-6.729,0.673,42.244,235.638,277.882,1,to_from,normal,normal
2023-01-01T01:20:00,VB_074,10.252,0.891,112.151,349.259,237.108,1,from_to,normal,normal
2023-01-01T01:20:00,VB_075,12.108,0.931,156.426,402.469,246.043,1,from_to,normal,normal
2023-01-01T01:20:00,VB_076,9.733,0.671,101.082,342.16,241.078,1,from_to,normal,normal
2023-01-01T01:20:00,VB_077,9.861,0.986,103.749,360.292,256.543,1,from_to,normal,normal
2023-01-01T01:20:00,VB_078,-5.989,0.521,32.281,261.108,293.389,1,to_from,normal,normal
2023-01-01T01:20:00,VB_079,-6.163,0.474,34.187,265.078,299.265,1,to_from,normal,normal
2023-01-01T01:20:00,VB_080,-6.606,0.456,39.272,237.108,276.38,1,to_from,normal,normal
2023-01-01T01:20:00,VB_081,-6.208,0.621,34.683,241.078,275.761,1,to_from,normal,normal
2023-01-01T01:25:00,VB_001,-11.46,1.146,118.194,27.796,145.99,1,to_from,normal,normal
2023-01-01T01:25:00,VB_002,-6.544,0.569,38.536,39.993,78.529,1,to_from,normal,normal
2023-01-01T01:25:00,VB_003,-12.19,0.938,178.313,101.921,280.234,1,to_from,normal,normal
2023-01-01T01:25:00,VB_004,7.9,0.545,56.164,280.234,224.07,1,from_to,normal,normal
2023-01-01T01:25:00,VB_005,-13.834,1.383,199.044,223.906,422.95,1,to_from,normal,normal
2023-01-01T01:25:00,VB_006,-9.368,0.815,87.767,309.176,396.943,1,to_from,normal,normal
2023-01-01T01:25:00,VB_007,-8.061,0.62,58.486,377.501,435.987,1,to_from,normal,normal
2023-01-01T01:25:00,VB_008,-15.395,1.062,274.923,389.8,664.723,1,to_from,normal,normal
2023-01-01T01:25:00,VB_009,-11.694,1.169,164.108,120.067,284.175,1,to_from,normal,normal
2023-01-01T01:25:00,VB_010,10.348,0.9,96.382,335.906,239.524,1,from_to,normal,normal
2023-01-01T01:25:00,VB_011,-10.972,0.844,120.394,239.524,359.918,1,to_from,normal,normal
2023-01-01T01:25:00,VB_012,-12.77,0.881,163.061,310.873,473.934,1,to_from,normal,normal
2023-01-01T01:25:00,VB_013,-15.356,1.536,212.239,382.222,594.461,1,to_from,normal,normal
2023-01-01T01:25:00,VB_014,-18.345,1.595,376.925,407.908,784.833,1,to_from,normal,normal
2023-01-01T01:25:00,VB_015,-9.932,0.764,88.781,535.766,624.547,1,to_from,normal,normal
2023-01-01T01:25:00,VB_016,9.682,0.668,131.88,190.647,58.767,1,from_to,normal,normal
2023-01-01T01:25:00,VB_017,12.11,1.211,131.987,186.117,54.13,1,from_to,normal,normal
2023-01-01T01:25:00,VB_018,9.422,0.819,79.897,119.89,39.993,1,from_to,normal,normal
2023-01-01T01:25:00,VB_019,6.707,0.516,40.486,75.951,35.465,1,from_to,normal,normal
2023-01-01T01:25:00,VB_020,-14.153,0.976,180.281,35.465,215.746,1,to_from,normal,normal
2023-01-01T01:25:00,VB_021,-10.772,1.077,104.436,42.601,147.037,1,to_from,normal,normal
2023-01-01T01:25:00,VB_022,-9.797,0.852,135.044,58.132,193.176,1,to_from,normal,normal
2023-01-01T01:25:00,VB_023,-7.353,0.566,48.664,58.767,107.431,1,to_from,normal,normal
2023-01-01T01:25:00,VB_024,-8.526,0.588,68.837,68.529,137.366,1,to_from,normal,normal
2023-01-01T01:25:00,VB_025,5.077,0.508,23.196,81.328,58.132,1,from_to,normal,normal
2023-01-01T01:25:00,VB_026,-13.948,1.213,233.472,186.315,419.787,1,to_from,normal,normal
2023-01-01T01:25:00,VB_027,-14.7,1.131,259.301,188.989,448.29,1,to_from,normal,normal
2023-01-01T01:25:00,VB_028,-20.766,1.432,388.087,280.234,668.321,1,to_from,normal,normal
2023-01-01T01:25:00,VB_029,-9.611,0.961,83.14,223.906,307.046,1,to_from,normal,normal
2023-01-01T01:25:00,VB_030,-10.62,0.923,101.507,228.076,329.583,1,to_from,normal,normal
2023-01-01T01:25:00,VB_031,10.509,0.808,99.403,331.722,232.319,1,from_to,normal,normal
2023-01-01T01:25:00,VB_032,-10.259,0.708,99.667,232.319,331.986,1,to_from,normal,normal
2023-01-01T01:25:00,VB_033,-10.551,1.055,100.186,245.619,345.805,1,to_from,normal,normal
2023-01-01T01:25:00,VB_034,10.317,0.897,95.799,335.323,239.524,1,from_to,normal,normal
2023-01-01T01:25:00,VB_035,-6.112,0.47,33.623,309.176,342.799,1,to_from,normal,normal
2023-01-01T01:25:00,VB_036,-14.05,0.969,184.187,352.878,537.065,1,to_from,normal,normal
2023-01-01T01:25:00,VB_037,-6.394,0.639,43.624,358.535,402.159,1,to_from,normal,normal
2023-01-01T01:25:00,VB_038,-6.193,0.539,34.517,377.501,412.018,1,to_from,normal,normal
2023-01-01T01:25:00,VB_039,6.363,0.489,43.207,408.279,365.072,1,from_to,normal,normal
2023-01-01T01:25:00,VB_040,11.243,0.775,117.931,476.467,358.536,1,from_to,normal,normal
2023-01-01T01:25:00,VB_041,-5.934,0.593,37.569,354.773,392.342,1,to_from,normal,normal
2023-01-01T01:25:00,VB_042,-9.761,0.849,95.945,368.265,464.21,1,to_from,normal,normal
2023-01-01T01:25:00,VB_043,-12.321,0.948,136.619,383.266,519.885,1,to_from,normal,normal
2023-01-01T01:25:00,VB_044,-10.182,0.702,93.299,384.879,478.178,1,to_from,normal,normal
2023-01-01T01:25:00,VB_045,11.651,1.165,122.176,523.573,401.397,1,from_to,normal,normal
2023-01-01T01:25:00,VB_046,10.748,0.935,116.326,498.592,382.266,1,from_to,normal,normal
2023-01-01T01:25:00,VB_047,7.768,0.598,64.391,429.788,365.397,1,from_to,normal,normal
2023-01-01T01:25:00,VB_048,7.929,0.547,56.582,436.453,379.871,1,from_to,normal,normal
2023-01-01T01:25:00,VB_049,-6.758,0.676,43.244,379.871,423.115,1,to_from,normal,normal
2023-01-01T01:25:00,VB_050,-5.905,0.513,31.383,397.033,428.416,1,to_from,normal,normal
2023-01-01T01:25:00,VB_051,-7.257,0.558,47.402,358.535,405.937,1,to_from,normal,normal
2023-01-01T01:25:00,VB_052,-5.91,0.408,31.433,365.072,396.505,1,to_from,normal,normal
2023-01-01T01:25:00,VB_053,-14.575,1.458,191.19,0,191.19,1,to_from,normal,normal
2023-01-01T01:25:00,VB_054,-13.639,1.186,167.42,11.822,179.242,1,to_from,normal,normal
2023-01-01T01:25:00,VB_055,7.676,0.59,53.028,64.85,11.822,1,from_to,normal,normal
2023-01-01T01:25:00,VB_056,-12.336,0.851,141.679,532.463,674.142,1,to_from,normal,normal
2023-01-01T01:25:00,VB_057,-8.576,0.858,66.199,574.037,640.236,1,to_from,normal,normal
2023-01-01T01:25:00,VB_058,13.608,1.183,166.654,753.811,587.157,1,from_to,normal,normal
2023-01-01T01:25:00,VB_059,12.555,0.966,141.866,716.18,574.314,1,from_to,normal,normal
2023-01-01T01:25:00,VB_060,10.833,0.747,105.61,656.852,551.242,1,from_to,normal,normal
2023-01-01T01:25:00,VB_061,6.419,0.642,37.089,568.728,531.639,1,from_to,normal,normal
2023-01-01T01:25:00,VB_062,7.541,0.656,51.178,586.944,535.766,1,from_to,normal,normal
2023-01-01T01:25:00,VB_063,9.16,0.705,75.515,636.966,561.451,1,from_to,normal,normal
2023-01-01T01:25:00,VB_064,-7.748,0.534,54.028,216.638,270.666,1,to_from,normal,normal
2023-01-01T01:25:00,VB_065,-6.766,0.677,41.202,220.628,261.83,1,to_from,normal,normal
2023-01-01T01:25:00,VB_066,5.836,0.508,36.346,297.454,261.108,1,from_to,normal,normal
2023-01-01T01:25:00,VB_067,-11.511,0.885,123.619,216.638,340.257,1,to_from,normal,normal
2023-01-01T01:25:00,VB_068,14.219,0.981,203.589,473.632,270.043,1,from_to,normal,normal
2023-01-01T01:25:00,VB_069,-7.275,0.727,49.378,225.293,274.671,1,to_from,normal,normal
2023-01-01T01:25:00,VB_070,6.537,0.568,45.59,310.668,265.078,1,from_to,normal,normal
2023-01-01T01:25:00,VB_071,-12.765,0.982,152.03,220.628,372.658,1,to_from,normal,normal
2023-01-01T01:25:00,VB_072,15.466,1.067,240.861,521.404,280.543,1,from_to,normal,normal
2023-01-01T01:25:00,VB_073,-6.698,0.67,41.855,235.638,277.493,1,to_from,normal,normal
2023-01-01T01:25:00,VB_074,10.171,0.884,110.391,347.499,237.108,1,from_to,normal,normal
2023-01-01T01:25:00,VB_075,12.078,0.929,155.647,401.69,246.043,1,from_to,normal,normal
2023-01-01T01:25:00,VB_076,9.67,0.667,99.768,340.846,241.078,1,from_to,normal,normal
2023-01-01T01:25:00,VB_077,9.737,0.974,101.16,357.703,256.543,1,from_to,normal,normal
2023-01-01T01:25:00,VB_078,-5.98,0.52,32.184,261.108,293.292,1,to_from,normal,normal
2023-01-01T01:25:00,VB_079,-6.234,0.48,34.979,265.078,300.057,1,to_from,normal,normal
2023-01-01T01:25:00,VB_080,-6.576,0.454,38.92,237.108,276.028,1,to_from,normal,normal
2023-01-01T01:25:00,VB_081,-6.18,0.618,34.369,241.078,275.447,1,to_from,normal,normal
2023-01-01T01:30:00,VB_001,-11.444,1.144,117.875,27.796,145.671,1,to_from,normal,normal
2023-01-01T01:30:00,VB_002,-6.486,0.564,37.862,39.993,77.855,1,to_from,normal,normal
2023-01-01T01:30:00,VB_003,-12.105,0.931,175.837,104.397,280.234,1,to_from,normal,normal
2023-01-01T01:30:00,VB_004,7.855,0.542,55.536,280.234,224.698,1,from_to,normal,normal
2023-01-01T01:30:00,VB_005,-13.789,1.379,197.732,223.906,421.638,1,to_from,normal,normal
2023-01-01T01:30:00,VB_006,-9.458,0.822,89.456,309.176,398.632,1,to_from,normal,normal
2023-01-01T01:30:00,VB_007,-8.119,0.625,59.324,377.501,436.825,1,to_from,normal,normal
2023-01-01T01:30:00,VB_008,-15.388,1.061,274.675,389.8,664.475,1,to_from,normal,normal
2023-01-01T01:30:00,VB_009,-11.787,1.179,166.733,117.442,284.175,1,to_from,normal,normal
2023-01-01T01:30:00,VB_010,10.369,0.902,96.761,336.285,239.524,1,from_to,normal,normal
2023-01-01T01:30:00,VB_011,-11.043,0.849,121.945,239.524,361.469,1,to_from,normal,normal
2023-01-01T01:30:00,VB_012,-12.722,0.877,161.846,310.873,472.719,1,to_from,normal,normal
2023-01-01T01:30:00,VB_013,-15.431,1.543,214.295,382.222,596.517,1,to_from,normal,normal
2023-01-01T01:30:00,VB_014,-18.283,1.59,374.369,407.908,782.277,1,to_from,normal,normal
2023-01-01T01:30:00,VB_015,-10,0.769,90.004,535.766,625.77,1,to_from,normal,normal
2023-01-01T01:30:00,VB_016,9.663,0.666,131.374,190.141,58.767,1,from_to,normal,normal
2023-01-01T01:30:00,VB_017,12.286,1.229,135.853,189.983,54.13,1,from_to,normal,normal
2023-01-01T01:30:00,VB_018,9.458,0.822,80.504,120.497,39.993,1,from_to,normal,normal
2023-01-01T01:30:00,VB_019,6.709,0.516,40.506,75.971,35.465,1,from_to,normal,normal
2023-01-01T01:30:00,VB_020,-14.006,0.966,176.54,35.465,212.005,1,to_from,normal,normal
2023-01-01T01:30:00,VB_021,-10.715,1.072,103.339,42.601,145.94,1,to_from,normal,normal
2023-01-01T01:30:00,VB_022,-9.804,0.852,135.228,58.132,193.36,1,to_from,normal,normal
2023-01-01T01:30:00,VB_023,-7.326,0.564,48.308,58.767,107.075,1,to_from,normal,normal
2023-01-01T01:30:00,VB_024,-8.618,0.594,70.326,68.529,138.855,1,to_from,normal,normal
2023-01-01T01:30:00,VB_025,5.143,0.514,23.804,81.936,58.132,1,from_to,normal,normal
2023-01-01T01:30:00,VB_026,-14.156,1.231,240.467,186.315,426.782,1,to_from,normal,normal
2023-01-01T01:30:00,VB_027,-14.8,1.138,262.85,188.989,451.839,1,to_from,normal,normal
2023-01-01T01:30:00,VB_028,-20.646,1.424,383.641,280.234,663.875,1,to_from,normal,normal
2023-01-01T01:30:00,VB_029,-9.529,0.953,81.72,223.906,305.626,1,to_from,normal,normal
2023-01-01T01:30:00,VB_030,-10.433,0.907,97.964,228.076,326.04,1,to_from,normal,normal
2023-01-01T01:30:00,VB_031,10.543,0.811,100.033,332.352,232.319,1,from_to,normal,normal
2023-01-01T01:30:00,VB_032,-10.306,0.711,100.577,232.319,332.896,1,to_from,normal,normal
2023-01-01T01:30:00,VB_033,-10.741,1.074,103.827,245.619,349.446,1,to_from,normal,normal
2023-01-01T01:30:00,VB_034,10.396,0.904,97.276,336.8,239.524,1,from_to,normal,normal
2023-01-01T01:30:00,VB_035,-6.121,0.471,33.716,309.176,342.892,1,to_from,normal,normal
2023-01-01T01:30:00,VB_036,-14.034,0.968,183.751,352.878,536.629,1,to_from,normal,normal
2023-01-01T01:30:00,VB_037,-6.345,0.635,42.96,358.535,401.495,1,to_from,normal,normal
2023-01-01T01:30:00,VB_038,-6.154,0.535,34.087,377.501,411.588,1,to_from,normal,normal
2023-01-01T01:30:00,VB_039,6.284,0.483,42.141,407.213,365.072,1,from_to,normal,normal
2023-01-01T01:30:00,VB_040,11.161,0.77,116.222,474.758,358.536,1,from_to,normal,normal
2023-01-01T01:30:00,VB_041,-5.907,0.591,37.229,354.773,392.002,1,to_from,normal,normal
2023-01-01T01:30:00,VB_042,-9.805,0.853,96.808,368.265,465.073,1,to_from,normal,normal
2023-01-01T01:30:00,VB_043,-12.359,0.951,137.468,383.266,520.734,1,to_from,normal,normal
2023-01-01T01:30:00,VB_044,-10.304,0.711,95.555,384.879,480.434,1,to_from,normal,normal
2023-01-01T01:30:00,VB_045,11.559,1.156,120.24,521.637,401.397,1,from_to,normal,normal
2023-01-01T01:30:00,VB_046,10.68,0.929,114.853,497.119,382.266,1,from_to,normal,normal
2023-01-01T01:30:00,VB_047,7.731,0.595,63.769,429.166,365.397,1,from_to,normal,normal
2023-01-01T01:30:00,VB_048,7.885,0.544,55.95,435.821,379.871,1,from_to,normal,normal
2023-01-01T01:30:00,VB_049,-6.683,0.668,42.297,379.871,422.168,1,to_from,normal,normal
2023-01-01T01:30:00,VB_050,-5.986,0.52,32.246,397.033,429.279,1,to_from,normal,normal
2023-01-01T01:30:00,VB_051,-7.292,0.561,47.85,358.535,406.385,1,to_from,normal,normal
2023-01-01T01:30:00,VB_052,-5.892,0.406,31.249,365.072,396.321,1,to_from,normal,normal
2023-01-01T01:30:00,VB_053,-14.619,1.462,192.336,0,192.336,1,to_from,normal,normal
2023-01-01T01:30:00,VB_054,-13.581,1.181,166.005,11.822,177.827,1,to_from,normal,normal
2023-01-01T01:30:00,VB_055,7.672,0.59,52.97,64.792,11.822,1,from_to,normal,normal
2023-01-01T01:30:00,VB_056,-12.237,0.844,139.413,532.463,671.876,1,to_from,normal,normal
2023-01-01T01:30:00,VB_057,-8.471,0.847,64.588,574.037,638.625,1,to_from,normal,normal
2023-01-01T01:30:00,VB_058,13.437,1.168,162.498,749.655,587.157,1,from_to,normal,normal
2023-01-01T01:30:00,VB_059,12.596,0.969,142.784,717.098,574.314,1,from_to,normal,normal
2023-01-01T01:30:00,VB_060,10.953,0.755,107.968,659.21,551.242,1,from_to,normal,normal
2023-01-01T01:30:00,VB_061,6.429,0.643,37.197,568.836,531.639,1,from_to,normal,normal
2023-01-01T01:30:00,VB_062,7.577,0.659,51.665,587.431,535.766,1,from_to,normal,normal
2023-01-01T01:30:00,VB_063,9.146,0.704,75.276,636.727,561.451,1,from_to,normal,normal
2023-01-01T01:30:00,VB_064,-7.735,0.533,53.845,216.638,270.483,1,to_from,normal,normal
2023-01-01T01:30:00,VB_065,-6.741,0.674,40.897,220.628,261.525,1,to_from,normal,normal
2023-01-01T01:30:00,VB_066,5.745,0.5,35.22,296.328,261.108,1,from_to,normal,normal
2023-01-01T01:30:00,VB_067,-11.386,0.876,120.962,216.638,337.6,1,to_from,normal,normal
2023-01-01T01:30:00,VB_068,14.286,0.985,205.521,475.564,270.043,1,from_to,normal,normal
2023-01-01T01:30:00,VB_069,-7.299,0.73,49.71,225.293,275.003,1,to_from,normal,normal
2023-01-01T01:30:00,VB_070,6.569,0.571,46.044,311.122,265.078,1,from_to,normal,normal
2023-01-01T01:30:00,VB_071,-12.814,0.986,153.205,220.628,373.833,1,to_from,normal,normal
2023-01-01T01:30:00,VB_072,15.575,1.074,244.275,524.818,280.543,1,from_to,normal,normal
2023-01-01T01:30:00,VB_073,-6.712,0.671,42.029,235.638,277.667,1,to_from,normal,normal
2023-01-01T01:30:00,VB_074,10.165,0.884,110.255,347.363,237.108,1,from_to,normal,normal
2023-01-01T01:30:00,VB_075,12.029,0.925,154.389,400.432,246.043,1,from_to,normal,normal
2023-01-01T01:30:00,VB_076,9.737,0.672,101.169,342.247,241.078,1,from_to,normal,normal
2023-01-01T01:30:00,VB_077,9.769,0.977,101.825,358.368,256.543,1,from_to,normal,normal
2023-01-01T01:30:00,VB_078,-6.061,0.527,33.059,261.108,294.167,1,to_from,normal,normal
2023-01-01T01:30:00,VB_079,-6.201,0.477,34.606,265.078,299.684,1,to_from,normal,normal
2023-01-01T01:30:00,VB_080,-6.628,0.457,39.542,237.108,276.65,1,to_from,normal,normal
2023-01-01T01:30:00,VB_081,-6.184,0.618,34.414,241.078,275.492,1,to_from,normal,normal
2023-01-01T01:35:00,VB_001,-11.411,1.141,117.185,27.796,144.981,1,to_from,normal,normal
2023-01-01T01:35:00,VB_002,-6.419,0.558,37.086,39.993,77.079,1,to_from,normal,normal
2023-01-01T01:35:00,VB_003,-11.997,0.923,172.723,107.511,280.234,1,to_from,normal,normal
2023-01-01T01:35:00,VB_004,7.821,0.539,55.051,280.234,225.183,1,from_to,normal,normal
2023-01-01T01:35:00,VB_005,-13.708,1.371,195.429,223.906,419.335,1,to_from,normal,normal
2023-01-01T01:35:00,VB_006,-9.547,0.83,91.144,309.176,400.32,1,to_from,normal,normal
2023-01-01T01:35:00,VB_007,-8.222,0.632,60.842,377.501,438.343,1,to_from,normal,normal
2023-01-01T01:35:00,VB_008,-15.517,1.07,279.294,389.8,669.094,1,to_from,normal,normal
2023-01-01T01:35:00,VB_009,-11.739,1.174,165.368,118.807,284.175,1,to_from,normal,normal
2023-01-01T01:35:00,VB_010,10.297,0.895,95.424,334.948,239.524,1,from_to,normal,normal
2023-01-01T01:35:00,VB_011,-10.981,0.845,120.573,239.524,360.097,1,to_from,normal,normal
2023-01-01T01:35:00,VB_012,-12.626,0.871,159.423,310.873,470.296,1,to_from,normal,normal
2023-01-01T01:35:00,VB_013,-15.272,1.527,209.922,382.222,592.144,1,to_from,normal,normal
2023-01-01T01:35:00,VB_014,-18.422,1.602,380.079,407.908,787.987,1,to_from,normal,normal
2023-01-01T01:35:00,VB_015,-10.134,0.78,92.422,535.766,628.188,1,to_from,normal,normal
2023-01-01T01:35:00,VB_016,9.749,0.672,133.731,192.498,58.767,1,from_to,normal,normal
2023-01-01T01:35:00,VB_017,12.203,1.22,134.022,188.152,54.13,1,from_to,normal,normal
2023-01-01T01:35:00,VB_018,9.439,0.821,80.192,120.185,39.993,1,from_to,normal,normal
2023-01-01T01:35:00,VB_019,6.636,0.51,39.631,75.096,35.465,1,from_to,normal,normal
2023-01-01T01:35:00,VB_020,-13.924,0.96,174.478,35.465,209.943,1,to_from,normal,normal
2023-01-01T01:35:00,VB_021,-10.621,1.062,101.53,42.601,144.131,1,to_from,normal,normal
2023-01-01T01:35:00,VB_022,-9.82,0.854,135.671,58.132,193.803,1,to_from,normal,normal
2023-01-01T01:35:00,VB_023,-7.342,0.565,48.511,58.767,107.278,1,to_from,normal,normal
2023-01-01T01:35:00,VB_024,-8.607,0.594,70.162,68.529,138.691,1,to_from,normal,normal
2023-01-01T01:35:00,VB_025,5.173,0.517,24.083,82.215,58.132,1,from_to,normal,normal
2023-01-01T01:35:00,VB_026,-14.143,1.23,240.037,186.315,426.352,1,to_from,normal,normal
2023-01-01T01:35:00,VB_027,-14.88,1.145,265.688,188.989,454.677,1,to_from,normal,normal
2023-01-01T01:35:00,VB_028,-20.591,1.42,381.607,280.234,661.841,1,to_from,normal,normal
2023-01-01T01:35:00,VB_029,-9.411,0.941,79.702,223.906,303.608,1,to_from,normal,normal
2023-01-01T01:35:00,VB_030,-10.376,0.902,96.897,228.076,324.973,1,to_from,normal,normal
2023-01-01T01:35:00,VB_031,10.395,0.8,97.245,329.564,232.319,1,from_to,normal,normal
2023-01-01T01:35:00,VB_032,-10.309,0.711,100.645,232.319,332.964,1,to_from,normal,normal
2023-01-01T01:35:00,VB_033,-10.787,1.079,104.717,245.619,350.336,1,to_from,normal,normal
2023-01-01T01:35:00,VB_034,10.411,0.905,97.547,337.071,239.524,1,from_to,normal,normal
2023-01-01T01:35:00,VB_035,-6.15,0.473,34.041,309.176,343.217,1,to_from,normal,normal
2023-01-01T01:35:00,VB_036,-14.176,0.978,187.493,352.878,540.371,1,to_from,normal,normal
2023-01-01T01:35:00,VB_037,-6.371,0.637,43.308,358.535,401.843,1,to_from,normal,normal
2023-01-01T01:35:00,VB_038,-6.172,0.537,34.288,377.501,411.789,1,to_from,normal,normal
2023-01-01T01:35:00,VB_039,6.271,0.482,41.954,407.026,365.072,1,from_to,normal,normal
2023-01-01T01:35:00,VB_040,11.13,0.768,115.587,474.123,358.536,1,from_to,normal,normal
2023-01-01T01:35:00,VB_041,-5.957,0.596,37.868,354.773,392.641,1,to_from,normal,normal
2023-01-01T01:35:00,VB_042,-9.855,0.857,97.796,368.265,466.061,1,to_from,normal,normal
2023-01-01T01:35:00,VB_043,-12.413,0.955,138.671,383.266,521.937,1,to_from,normal,normal
2023-01-01T01:35:00,VB_044,-10.348,0.714,96.371,384.879,481.25,1,to_from,normal,normal
2023-01-01T01:35:00,VB_045,11.609,1.161,121.286,522.683,401.397,1,from_to,normal,normal
2023-01-01T01:35:00,VB_046,10.691,0.93,115.088,497.354,382.266,1,from_to,normal,normal
2023-01-01T01:35:00,VB_047,7.635,0.587,62.206,427.603,365.397,1,from_to,normal,normal
2023-01-01T01:35:00,VB_048,7.768,0.536,54.31,434.181,379.871,1,from_to,normal,normal
2023-01-01T01:35:00,VB_049,-6.637,0.664,41.719,379.871,421.59,1,to_from,normal,normal
2023-01-01T01:35:00,VB_050,-5.993,0.521,32.325,397.033,429.358,1,to_from,normal,normal
2023-01-01T01:35:00,VB_051,-7.277,0.56,47.662,358.535,406.197,1,to_from,normal,normal
2023-01-01T01:35:00,VB_052,-5.903,0.407,31.364,365.072,396.436,1,to_from,normal,normal
2023-01-01T01:35:00,VB_053,-14.634,1.463,192.75,0,192.75,1,to_from,normal,normal
2023-01-01T01:35:00,VB_054,-13.554,1.179,165.328,11.822,177.15,1,to_from,normal,normal
2023-01-01T01:35:00,VB_055,7.659,0.589,52.788,64.61,11.822,1,from_to,normal,normal
2023-01-01T01:35:00,VB_056,-12.244,0.844,139.566,532.463,672.029,1,to_from,normal,normal
2023-01-01T01:35:00,VB_057,-8.415,0.842,63.735,574.037,637.772,1,to_from,normal,normal
2023-01-01T01:35:00,VB_058,13.49,1.173,163.778,750.935,587.157,1,from_to,normal,normal
2023-01-01T01:35:00,VB_059,12.58,0.968,142.436,716.75,574.314,1,from_to,normal,normal
2023-01-01T01:35:00,VB_060,10.923,0.753,107.381,658.623,551.242,1,from_to,normal,normal
2023-01-01T01:35:00,VB_061,6.519,0.652,38.246,569.885,531.639,1,from_to,normal,normal
2023-01-01T01:35:00,VB_062,7.593,0.66,51.89,587.656,535.766,1,from_to,normal,normal
2023-01-01T01:35:00,VB_063,9.135,0.703,75.099,636.55,561.451,1,from_to,normal,normal
2023-01-01T01:35:00,VB_064,-7.745,0.534,53.986,216.638,270.624,1,to_from,normal,normal
2023-01-01T01:35:00,VB_065,-6.655,0.666,39.863,220.628,260.491,1,to_from,normal,normal
2023-01-01T01:35:00,VB_066,5.696,0.495,34.62,295.728,261.108,1,from_to,normal,normal
2023-01-01T01:35:00,VB_067,-11.388,0.876,120.999,216.638,337.637,1,to_from,normal,normal
2023-01-01T01:35:00,VB_068,14.283,0.985,205.43,475.473,270.043,1,from_to,normal,normal
2023-01-01T01:35:00,VB_069,-7.332,0.733,50.158,225.293,275.451,1,to_from,normal,normal
2023-01-01T01:35:00,VB_070,6.586,0.573,46.279,311.357,265.078,1,from_to,normal,normal
2023-01-01T01:35:00,VB_071,-12.918,0.994,155.704,220.628,376.332,1,to_from,normal,normal
2023-01-01T01:35:00,VB_072,15.415,1.063,239.296,519.839,280.543,1,from_to,normal,normal
2023-01-01T01:35:00,VB_073,-6.672,0.667,41.537,235.638,277.175,1,to_from,normal,normal
2023-01-01T01:35:00,VB_074,10.053,0.874,107.829,344.937,237.108,1,from_to,normal,normal
2023-01-01T01:35:00,VB_075,11.986,0.922,153.301,399.344,246.043,1,from_to,normal,normal
2023-01-01T01:35:00,VB_076,9.646,0.665,99.273,340.351,241.078,1,from_to,normal,normal
2023-01-01T01:35:00,VB_077,9.789,0.979,102.251,358.794,256.543,1,from_to,normal,normal
2023-01-01T01:35:00,VB_078,-6.099,0.53,33.482,261.108,294.59,1,to_from,normal,normal
2023-01-01T01:35:00,VB_079,-6.252,0.481,35.174,265.078,300.252,1,to_from,normal,normal
2023-01-01T01:35:00,VB_080,-6.646,0.458,39.749,237.108,276.857,1,to_from,normal,normal
2023-01-01T01:35:00,VB_081,-6.233,0.623,34.964,241.078,276.042,1,to_from,normal,normal
2023-01-01T01:40:00,VB_001,-11.469,1.147,118.378,27.796,146.174,1,to_from,normal,normal
2023-01-01T01:40:00,VB_002,-6.366,0.554,36.47,39.993,76.463,1,to_from,normal,normal
2023-01-01T01:40:00,VB_003,-11.848,0.911,168.447,111.787,280.234,1,to_from,normal,normal
2023-01-01T01:40:00,VB_004,7.753,0.535,54.098,280.234,226.136,1,from_to,normal,normal
2023-01-01T01:40:00,VB_005,-13.794,1.379,197.872,223.906,421.778,1,to_from,normal,normal
2023-01-01T01:40:00,VB_006,-9.575,0.833,91.682,309.176,400.858,1,to_from,normal,normal
2023-01-01T01:40:00,VB_007,-8.24,0.634,61.105,377.501,438.606,1,to_from,normal,normal
2023-01-01T01:40:00,VB_008,-15.636,1.078,283.609,389.8,673.409,1,to_from,normal,normal
2023-01-01T01:40:00,VB_009,-11.866,1.187,168.965,115.21,284.175,1,to_from,normal,normal
2023-01-01T01:40:00,VB_010,10.231,0.89,94.197,333.721,239.524,1,from_to,normal,normal
2023-01-01T01:40:00,VB_011,-10.831,0.833,117.3,239.524,356.824,1,to_from,normal,normal
2023-01-01T01:40:00,VB_012,-12.434,0.857,154.596,310.873,465.469,1,to_from,normal,normal
2023-01-01T01:40:00,VB_013,-15.284,1.528,210.251,382.222,592.473,1,to_from,normal,normal
2023-01-01T01:40:00,VB_014,-18.363,1.597,377.665,407.908,785.573,1,to_from,normal,normal
2023-01-01T01:40:00,VB_015,-10.117,0.778,92.123,535.766,627.889,1,to_from,normal,normal
2023-01-01T01:40:00,VB_016,9.794,0.675,134.954,193.721,58.767,1,from_to,normal,normal
2023-01-01T01:40:00,VB_017,12.402,1.24,138.425,192.555,54.13,1,from_to,normal,normal
2023-01-01T01:40:00,VB_018,9.552,0.831,82.11,122.103,39.993,1,from_to,normal,normal
2023-01-01T01:40:00,VB_019,6.611,0.509,39.332,74.797,35.465,1,from_to,normal,normal
2023-01-01T01:40:00,VB_020,-13.938,0.961,174.847,35.465,210.312,1,to_from,normal,normal
2023-01-01T01:40:00,VB_021,-10.452,1.045,98.329,42.601,140.93,1,to_from,normal,normal
2023-01-01T01:40:00,VB_022,-9.725,0.846,133.06,58.132,191.192,1,to_from,normal,normal
2023-01-01T01:40:00,VB_023,-7.289,0.561,47.823,58.767,106.59,1,to_from,normal,normal
2023-01-01T01:40:00,VB_024,-8.695,0.6,71.597,68.529,140.126,1,to_from,normal,normal
2023-01-01T01:40:00,VB_025,5.227,0.523,24.585,82.717,58.132,1,from_to,normal,normal
2023-01-01T01:40:00,VB_026,-14.274,1.241,244.507,186.315,430.822,1,to_from,normal,normal
2023-01-01T01:40:00,VB_027,-14.976,1.152,269.149,188.989,458.138,1,to_from,normal,normal
2023-01-01T01:40:00,VB_028,-20.672,1.426,384.611,280.234,664.845,1,to_from,normal,normal
2023-01-01T01:40:00,VB_029,-9.382,0.938,79.214,223.906,303.12,1,to_from,normal,normal
2023-01-01T01:40:00,VB_030,-10.417,0.906,97.671,228.076,325.747,1,to_from,normal,normal
2023-01-01T01:40:00,VB_031,10.447,0.804,98.217,330.536,232.319,1,from_to,normal,normal
2023-01-01T01:40:00,VB_032,-10.284,0.709,100.16,232.319,332.479,1,to_from,normal,normal
2023-01-01T01:40:00,VB_033,-10.777,1.078,104.535,245.619,350.154,1,to_from,normal,normal
2023-01-01T01:40:00,VB_034,10.418,0.906,97.688,337.212,239.524,1,from_to,normal,normal
2023-01-01T01:40:00,VB_035,-6.139,0.472,33.917,309.176,343.093,1,to_from,normal,normal
2023-01-01T01:40:00,VB_036,-14.196,0.979,188.012,352.878,540.89,1,to_from,normal,normal
2023-01-01T01:40:00,VB_037,-6.299,0.63,42.34,358.535,400.875,1,to_from,normal,normal
2023-01-01T01:40:00,VB_038,-6.084,0.529,33.31,377.501,410.811,1,to_from,normal,normal
2023-01-01T01:40:00,VB_039,6.175,0.475,40.684,405.756,365.072,1,from_to,normal,normal
2023-01-01T01:40:00,VB_040,11.049,0.762,113.908,472.444,358.536,1,from_to,normal,normal
2023-01-01T01:40:00,VB_041,-5.891,0.589,37.03,354.773,391.803,1,to_from,normal,normal
2023-01-01T01:40:00,VB_042,-9.934,0.864,99.373,368.265,467.638,1,to_from,normal,normal
2023-01-01T01:40:00,VB_043,-12.437,0.957,139.214,383.266,522.48,1,to_from,normal,normal
2023-01-01T01:40:00,VB_044,-10.44,0.72,98.087,384.879,482.966,1,to_from,normal,normal
2023-01-01T01:40:00,VB_045,11.713,1.171,123.465,524.862,401.397,1,from_to,normal,normal
2023-01-01T01:40:00,VB_046,10.617,0.923,113.511,495.777,382.266,1,from_to,normal,normal
2023-01-01T01:40:00,VB_047,7.622,0.586,61.98,427.377,365.397,1,from_to,normal,normal
2023-01-01T01:40:00,VB_048,7.775,0.536,54.41,434.281,379.871,1,from_to,normal,normal
2023-01-01T01:40:00,VB_049,-6.604,0.66,41.297,379.871,421.168,1,to_from,normal,normal
2023-01-01T01:40:00,VB_050,-5.985,0.52,32.237,397.033,429.27,1,to_from,normal,normal
2023-01-01T01:40:00,VB_051,-7.347,0.565,48.579,358.535,407.114,1,to_from,normal,normal
2023-01-01T01:40:00,VB_052,-5.963,0.411,31.999,365.072,397.071,1,to_from,normal,normal
2023-01-01T01:40:00,VB_053,-14.765,1.476,196.197,0,196.197,1,to_from,normal,normal
2023-01-01T01:40:00,VB_054,-13.602,1.183,166.507,11.822,178.329,1,to_from,normal,normal
2023-01-01T01:40:00,VB_055,7.66,0.589,52.805,64.627,11.822,1,from_to,normal,normal
2023-01-01T01:40:00,VB_056,-12.265,0.846,140.045,532.463,672.508,1,to_from,normal,normal
2023-01-01T01:40:00,VB_057,-8.442,0.844,64.145,574.037,638.182,1,to_from,normal,normal
2023-01-01T01:40:00,VB_058,13.354,1.161,160.486,747.643,587.157,1,from_to,normal,normal
2023-01-01T01:40:00,VB_059,12.56,0.966,141.982,716.296,574.314,1,from_to,normal,normal
2023-01-01T01:40:00,VB_060,11.027,0.76,109.44,660.682,551.242,1,from_to,normal,normal
2023-01-01T01:40:00,VB_061,6.53,0.653,38.382,570.021,531.639,1,from_to,normal,normal
2023-01-01T01:40:00,VB_062,7.619,0.662,52.239,588.005,535.766,1,from_to,normal,normal
2023-01-01T01:40:00,VB_063,9.241,0.711,76.857,638.308,561.451,1,from_to,normal,normal
2023-01-01T01:40:00,VB_064,-7.72,0.532,53.635,216.638,270.273,1,to_from,normal,normal
2023-01-01T01:40:00,VB_065,-6.622,0.662,39.46,220.628,260.088,1,to_from,normal,normal
2023-01-01T01:40:00,VB_066,5.67,0.493,34.306,295.414,261.108,1,from_to,normal,normal
2023-01-01T01:40:00,VB_067,-11.364,0.874,120.485,216.638,337.123,1,to_from,normal,normal
2023-01-01T01:40:00,VB_068,14.41,0.994,209.098,479.141,270.043,1,from_to,normal,normal
2023-01-01T01:40:00,VB_069,-7.331,0.733,50.143,225.293,275.436,1,to_from,normal,normal
2023-01-01T01:40:00,VB_070,6.659,0.579,47.313,312.391,265.078,1,from_to,normal,normal
2023-01-01T01:40:00,VB_071,-13.05,1.004,158.887,220.628,379.515,1,to_from,normal,normal
2023-01-01T01:40:00,VB_072,15.584,1.075,244.549,525.092,280.543,1,from_to,normal,normal
2023-01-01T01:40:00,VB_073,-6.579,0.658,40.387,235.638,276.025,1,to_from,normal,normal
2023-01-01T01:40:00,VB_074,9.961,0.866,105.877,342.985,237.108,1,from_to,normal,normal
2023-01-01T01:40:00,VB_075,11.816,0.909,148.98,395.023,246.043,1,from_to,normal,normal
2023-01-01T01:40:00,VB_076,9.573,0.66,97.787,338.865,241.078,1,from_to,normal,normal
2023-01-01T01:40:00,VB_077,9.851,0.985,103.539,360.082,256.543,1,from_to,normal,normal
2023-01-01T01:40:00,VB_078,-6.103,0.531,33.52,261.108,294.628,1,to_from,normal,normal
2023-01-01T01:40:00,VB_079,-6.338,0.488,36.152,265.078,301.23,1,to_from,normal,normal
2023-01-01T01:40:00,VB_080,-6.721,0.464,40.653,237.108,277.761,1,to_from,normal,normal
2023-01-01T01:40:00,VB_081,-6.241,0.624,35.055,241.078,276.133,1,to_from,normal,normal
2023-01-01T01:45:00,VB_001,-11.392,1.139,116.799,27.796,144.595,1,to_from,normal,normal
2023-01-01T01:45:00,VB_002,-6.336,0.551,36.136,39.993,76.129,1,to_from,normal,normal
2023-01-01T01:45:00,VB_003,-11.848,0.911,168.455,111.779,280.234,1,to_from,normal,normal
2023-01-01T01:45:00,VB_004,7.799,0.538,54.749,280.234,225.485,1,from_to,normal,normal
2023-01-01T01:45:00,VB_005,-13.744,1.374,196.467,223.906,420.373,1,to_from,normal,normal
2023-01-01T01:45:00,VB_006,-9.589,0.834,91.942,309.176,401.118,1,to_from,normal,normal
2023-01-01T01:45:00,VB_007,-8.255,0.635,61.33,377.501,438.831,1,to_from,normal,normal
2023-01-01T01:45:00,VB_008,-15.597,1.076,282.19,389.8,671.99,1,to_from,normal,normal
2023-01-01T01:45:00,VB_009,-11.841,1.184,168.261,115.914,284.175,1,to_from,normal,normal
2023-01-01T01:45:00,VB_010,10.162,0.884,92.936,332.46,239.524,1,from_to,normal,normal
2023-01-01T01:45:00,VB_011,-10.841,0.834,117.53,239.524,357.054,1,to_from,normal,normal
2023-01-01T01:45:00,VB_012,-12.462,0.859,155.29,310.873,466.163,1,to_from,normal,normal
2023-01-01T01:45:00,VB_013,-15.324,1.532,211.338,382.222,593.56,1,to_from,normal,normal
2023-01-01T01:45:00,VB_014,-18.388,1.599,378.712,407.908,786.62,1,to_from,normal,normal
2023-01-01T01:45:00,VB_015,-10.16,0.782,92.897,535.766,628.663,1,to_from,normal,normal
2023-01-01T01:45:00,VB_016,9.898,0.683,137.851,196.618,58.767,1,from_to,normal,normal
2023-01-01T01:45:00,VB_017,12.403,1.24,138.442,192.572,54.13,1,from_to,normal,normal
2023-01-01T01:45:00,VB_018,9.499,0.826,81.209,121.202,39.993,1,from_to,normal,normal
2023-01-01T01:45:00,VB_019,6.652,0.512,39.829,75.294,35.465,1,from_to,normal,normal
2023-01-01T01:45:00,VB_020,-13.908,0.959,174.097,35.465,209.562,1,to_from,normal,normal
2023-01-01T01:45:00,VB_021,-10.466,1.047,98.592,42.601,141.193,1,to_from,normal,normal
2023-01-01T01:45:00,VB_022,-9.795,0.852,134.992,58.132,193.124,1,to_from,normal,normal
2023-01-01T01:45:00,VB_023,-7.35,0.565,48.62,58.767,107.387,1,to_from,normal,normal
2023-01-01T01:45:00,VB_024,-8.764,0.604,72.732,68.529,141.261,1,to_from,normal,normal
2023-01-01T01:45:00,VB_025,5.238,0.524,24.691,82.823,58.132,1,from_to,normal,normal
2023-01-01T01:45:00,VB_026,-14.291,1.243,245.063,186.315,431.378,1,to_from,normal,normal
2023-01-01T01:45:00,VB_027,-14.817,1.14,263.436,188.989,452.425,1,to_from,normal,normal
2023-01-01T01:45:00,VB_028,-20.457,1.411,376.646,280.234,656.88,1,to_from,normal,normal
2023-01-01T01:45:00,VB_029,-9.362,0.936,78.877,223.906,302.783,1,to_from,normal,normal
2023-01-01T01:45:00,VB_030,-10.26,0.892,94.736,228.076,322.812,1,to_from,normal,normal
2023-01-01T01:45:00,VB_031,10.484,0.806,98.931,331.25,232.319,1,from_to,normal,normal
2023-01-01T01:45:00,VB_032,-10.353,0.714,101.502,232.319,333.821,1,to_from,normal,normal
2023-01-01T01:45:00,VB_033,-10.759,1.076,104.171,245.619,349.79,1,to_from,normal,normal
2023-01-01T01:45:00,VB_034,10.55,0.917,100.176,339.7,239.524,1,from_to,normal,normal
2023-01-01T01:45:00,VB_035,-6.205,0.477,34.657,309.176,343.833,1,to_from,normal,normal
2023-01-01T01:45:00,VB_036,-14.188,0.978,187.809,352.878,540.687,1,to_from,normal,normal
2023-01-01T01:45:00,VB_037,-6.325,0.632,42.686,358.535,401.221,1,to_from,normal,normal
2023-01-01T01:45:00,VB_038,-6.035,0.525,32.777,377.501,410.278,1,to_from,normal,normal
2023-01-01T01:45:00,VB_039,6.199,0.477,41,406.072,365.072,1,from_to,normal,normal
2023-01-01T01:45:00,VB_040,11.097,0.765,114.89,473.426,358.536,1,from_to,normal,normal
2023-01-01T01:45:00,VB_041,-5.96,0.596,37.9,354.773,392.673,1,to_from,normal,normal
2023-01-01T01:45:00,VB_042,-9.954,0.866,99.784,368.265,468.049,1,to_from,normal,normal
2023-01-01T01:45:00,VB_043,-12.672,0.975,144.522,383.266,527.788,1,to_from,normal,normal
2023-01-01T01:45:00,VB_044,-10.359,0.714,96.587,384.879,481.466,1,to_from,normal,normal
2023-01-01T01:45:00,VB_045,11.698,1.17,123.16,524.557,401.397,1,from_to,normal,normal
2023-01-01T01:45:00,VB_046,10.558,0.918,112.253,494.519,382.266,1,from_to,normal,normal
2023-01-01T01:45:00,VB_047,7.514,0.578,60.244,425.641,365.397,1,from_to,normal,normal
2023-01-01T01:45:00,VB_048,7.695,0.531,53.287,433.158,379.871,1,from_to,normal,normal
2023-01-01T01:45:00,VB_049,-6.652,0.665,41.905,379.871,421.776,1,to_from,normal,normal
2023-01-01T01:45:00,VB_050,-5.995,0.521,32.344,397.033,429.377,1,to_from,normal,normal
2023-01-01T01:45:00,VB_051,-7.366,0.567,48.832,358.535,407.367,1,to_from,normal,normal
2023-01-01T01:45:00,VB_052,-6.043,0.417,32.868,365.072,397.94,1,to_from,normal,normal
2023-01-01T01:45:00,VB_053,-14.842,1.484,198.259,0,198.259,1,to_from,normal,normal
2023-01-01T01:45:00,VB_054,-13.595,1.182,166.341,11.822,178.163,1,to_from,normal,normal
2023-01-01T01:45:00,VB_055,7.614,0.586,52.177,63.999,11.822,1,from_to,normal,normal
2023-01-01T01:45:00,VB_056,-12.088,0.834,136.036,532.463,668.499,1,to_from,normal,normal
2023-01-01T01:45:00,VB_057,-8.331,0.833,62.463,574.037,636.5,1,to_from,normal,normal
2023-01-01T01:45:00,VB_058,13.339,1.16,160.129,747.286,587.157,1,from_to,normal,normal
2023-01-01T01:45:00,VB_059,12.512,0.962,140.901,715.215,574.314,1,from_to,normal,normal
2023-01-01T01:45:00,VB_060,11.14,0.768,111.69,662.932,551.242,1,from_to,normal,normal
2023-01-01T01:45:00,VB_061,6.574,0.657,38.891,570.53,531.639,1,from_to,normal,normal
2023-01-01T01:45:00,VB_062,7.671,0.667,52.955,588.721,535.766,1,from_to,normal,normal
2023-01-01T01:45:00,VB_063,9.175,0.706,75.762,637.213,561.451,1,from_to,normal,normal
2023-01-01T01:45:00,VB_064,-7.699,0.531,53.344,216.638,269.982,1,to_from,normal,normal
2023-01-01T01:45:00,VB_065,-6.553,0.655,38.643,220.628,259.271,1,to_from,normal,normal
2023-01-01T01:45:00,VB_066,5.678,0.494,34.405,295.513,261.108,1,from_to,normal,normal
2023-01-01T01:45:00,VB_067,-11.274,0.867,118.595,216.638,335.233,1,to_from,normal,normal
2023-01-01T01:45:00,VB_068,14.263,0.984,204.854,474.897,270.043,1,from_to,normal,normal
2023-01-01T01:45:00,VB_069,-7.378,0.738,50.785,225.293,276.078,1,to_from,normal,normal
2023-01-01T01:45:00,VB_070,6.628,0.576,46.871,311.949,265.078,1,from_to,normal,normal
2023-01-01T01:45:00,VB_071,-13.02,1.002,158.154,220.628,378.782,1,to_from,normal,normal
2023-01-01T01:45:00,VB_072,15.576,1.074,244.317,524.86,280.543,1,from_to,normal,normal
2023-01-01T01:45:00,VB_073,-6.626,0.663,40.957,235.638,276.595,1,to_from,normal,normal
2023-01-01T01:45:00,VB_074,10.009,0.87,106.898,344.006,237.108,1,from_to,normal,normal
2023-01-01T01:45:00,VB_075,11.836,0.91,149.476,395.519,246.043,1,from_to,normal,normal
2023-01-01T01:45:00,VB_076,9.581,0.661,97.946,339.024,241.078,1,from_to,normal,normal
2023-01-01T01:45:00,VB_077,9.803,0.98,102.537,359.08,256.543,1,from_to,normal,normal
2023-01-01T01:45:00,VB_078,-6.179,0.537,34.359,261.108,295.467,1,to_from,normal,normal
2023-01-01T01:45:00,VB_079,-6.346,0.488,36.24,265.078,301.318,1,to_from,normal,normal
2023-01-01T01:45:00,VB_080,-6.675,0.46,40.096,237.108,277.204,1,to_from,normal,normal
2023-01-01T01:45:00,VB_081,-6.196,0.62,34.556,241.078,275.634,1,to_from,normal,normal
2023-01-01T01:50:00,VB_001,-11.338,1.134,115.702,27.796,143.498,1,to_from,normal,normal
2023-01-01T01:50:00,VB_002,-6.371,0.554,36.529,39.993,76.522,1,to_from,normal,normal
2023-01-01T01:50:00,VB_003,-11.67,0.898,163.425,116.809,280.234,1,to_from,normal,normal
2023-01-01T01:50:00,VB_004,7.71,0.532,53.505,280.234,226.729,1,from_to,normal,normal
2023-01-01T01:50:00,VB_005,-13.763,1.376,197.005,223.906,420.911,1,to_from,normal,normal
2023-01-01T01:50:00,VB_006,-9.592,0.834,91.999,309.176,401.175,1,to_from,normal,normal
2023-01-01T01:50:00,VB_007,-8.376,0.644,63.134,377.501,440.635,1,to_from,normal,normal
2023-01-01T01:50:00,VB_008,-15.637,1.078,283.646,389.8,673.446,1,to_from,normal,normal
2023-01-01T01:50:00,VB_009,-11.761,1.176,165.992,118.183,284.175,1,to_from,normal,normal
2023-01-01T01:50:00,VB_010,10.241,0.891,94.396,333.92,239.524,1,from_to,normal,normal
2023-01-01T01:50:00,VB_011,-10.702,0.823,114.533,239.524,354.057,1,to_from,normal,normal
2023-01-01T01:50:00,VB_012,-12.418,0.856,154.197,310.873,465.07,1,to_from,normal,normal
2023-01-01T01:50:00,VB_013,-15.201,1.52,207.969,382.222,590.191,1,to_from,normal,normal
2023-01-01T01:50:00,VB_014,-18.462,1.605,381.761,407.908,789.669,1,to_from,normal,normal
2023-01-01T01:50:00,VB_015,-10.251,0.789,94.569,535.766,630.335,1,to_from,normal,normal
2023-01-01T01:50:00,VB_016,9.975,0.688,139.987,198.754,58.767,1,from_to,normal,normal
2023-01-01T01:50:00,VB_017,12.456,1.246,139.648,193.778,54.13,1,from_to,normal,normal
2023-01-01T01:50:00,VB_018,9.579,0.833,82.587,122.58,39.993,1,from_to,normal,normal
2023-01-01T01:50:00,VB_019,6.621,0.509,39.454,74.919,35.465,1,from_to,normal,normal
2023-01-01T01:50:00,VB_020,-13.714,0.946,169.267,35.465,204.732,1,to_from,normal,normal
2023-01-01T01:50:00,VB_021,-10.365,1.036,96.683,42.601,139.284,1,to_from,normal,normal
2023-01-01T01:50:00,VB_022,-9.722,0.845,132.974,58.132,191.106,1,to_from,normal,normal
2023-01-01T01:50:00,VB_023,-7.302,0.562,47.993,58.767,106.76,1,to_from,normal,normal
2023-01-01T01:50:00,VB_024,-8.751,0.603,72.516,68.529,141.045,1,to_from,normal,normal
2023-01-01T01:50:00,VB_025,5.295,0.529,25.229,83.361,58.132,1,from_to,normal,normal
2023-01-01T01:50:00,VB_026,-14.225,1.237,242.831,186.315,429.146,1,to_from,normal,normal
2023-01-01T01:50:00,VB_027,-14.913,1.147,266.863,188.989,455.852,1,to_from,normal,normal
2023-01-01T01:50:00,VB_028,-20.571,1.419,380.866,280.234,661.1,1,to_from,normal,normal
2023-01-01T01:50:00,VB_029,-9.313,0.931,78.062,223.906,301.968,1,to_from,normal,normal
2023-01-01T01:50:00,VB_030,-10.251,0.891,94.572,228.076,322.648,1,to_from,normal,normal
2023-01-01T01:50:00,VB_031,10.45,0.804,98.29,330.609,232.319,1,from_to,normal,normal
2023-01-01T01:50:00,VB_032,-10.445,0.72,103.325,232.319,335.644,1,to_from,normal,normal
2023-01-01T01:50:00,VB_033,-10.952,1.095,107.958,245.619,353.577,1,to_from,normal,normal
2023-01-01T01:50:00,VB_034,10.549,0.917,100.154,339.678,239.524,1,from_to,normal,normal
2023-01-01T01:50:00,VB_035,-6.24,0.48,35.039,309.176,344.215,1,to_from,normal,normal
2023-01-01T01:50:00,VB_036,-14.201,0.979,188.15,352.878,541.028,1,to_from,normal,normal
2023-01-01T01:50:00,VB_037,-6.233,0.623,41.456,358.535,399.991,1,to_from,normal,normal
2023-01-01T01:50:00,VB_038,-6.037,0.525,32.804,377.501,410.305,1,to_from,normal,normal
2023-01-01T01:50:00,VB_039,6.141,0.472,40.24,405.312,365.072,1,from_to,normal,normal
2023-01-01T01:50:00,VB_040,11.085,0.764,114.639,473.175,358.536,1,from_to,normal,normal
2023-01-01T01:50:00,VB_041,-5.919,0.592,37.386,354.773,392.159,1,to_from,normal,normal
2023-01-01T01:50:00,VB_042,-10.12,0.88,103.134,368.265,471.399,1,to_from,normal,normal
2023-01-01T01:50:00,VB_043,-12.765,0.982,146.649,383.266,529.915,1,to_from,normal,normal
2023-01-01T01:50:00,VB_044,-10.506,0.725,99.336,384.879,484.215,1,to_from,normal,normal
2023-01-01T01:50:00,VB_045,11.568,1.157,120.436,521.833,401.397,1,from_to,normal,normal
2023-01-01T01:50:00,VB_046,10.492,0.912,110.856,493.122,382.266,1,from_to,normal,normal
2023-01-01T01:50:00,VB_047,7.45,0.573,59.225,424.622,365.397,1,from_to,normal,normal
2023-01-01T01:50:00,VB_048,7.694,0.531,53.278,433.149,379.871,1,from_to,normal,normal
2023-01-01T01:50:00,VB_049,-6.617,0.662,41.465,379.871,421.336,1,to_from,normal,normal
2023-01-01T01:50:00,VB_050,-5.99,0.521,32.297,397.033,429.33,1,to_from,normal,normal
2023-01-01T01:50:00,VB_051,-7.427,0.571,49.646,358.535,408.181,1,to_from,normal,normal
2023-01-01T01:50:00,VB_052,-6.067,0.418,33.124,365.072,398.196,1,to_from,normal,normal
2023-01-01T01:50:00,VB_053,-14.95,1.495,201.157,0,201.157,1,to_from,normal,normal
2023-01-01T01:50:00,VB_054,-13.679,1.189,168.407,11.822,180.229,1,to_from,normal,normal
2023-01-01T01:50:00,VB_055,7.626,0.587,52.345,64.167,11.822,1,from_to,normal,normal
2023-01-01T01:50:00,VB_056,-12.04,0.83,134.953,532.463,667.416,1,to_from,normal,normal
2023-01-01T01:50:00,VB_057,-8.374,0.837,63.118,574.037,637.155,1,to_from,normal,normal
2023-01-01T01:50:00,VB_058,13.461,1.171,163.09,750.247,587.157,1,from_to,normal,normal
2023-01-01T01:50:00,VB_059,12.56,0.966,141.986,716.3,574.314,1,from_to,normal,normal
2023-01-01T01:50:00,VB_060,11.154,0.769,111.973,663.215,551.242,1,from_to,normal,normal
2023-01-01T01:50:00,VB_061,6.647,0.665,39.763,571.402,531.639,1,from_to,normal,normal
2023-01-01T01:50:00,VB_062,7.72,0.671,53.643,589.409,535.766,1,from_to,normal,normal
2023-01-01T01:50:00,VB_063,9.228,0.71,76.646,638.097,561.451,1,from_to,normal,normal
2023-01-01T01:50:00,VB_064,-7.677,0.529,53.041,216.638,269.679,1,to_from,normal,normal
2023-01-01T01:50:00,VB_065,-6.552,0.655,38.633,220.628,259.261,1,to_from,normal,normal
2023-01-01T01:50:00,VB_066,5.627,0.489,33.788,294.896,261.108,1,from_to,normal,normal
2023-01-01T01:50:00,VB_067,-11.217,0.863,117.398,216.638,334.036,1,to_from,normal,normal
2023-01-01T01:50:00,VB_068,14.408,0.994,209.057,479.1,270.043,1,from_to,normal,normal
2023-01-01T01:50:00,VB_069,-7.458,0.746,51.9,225.293,277.193,1,to_from,normal,normal
2023-01-01T01:50:00,VB_070,6.672,0.58,47.505,312.583,265.078,1,from_to,normal,normal
2023-01-01T01:50:00,VB_071,-13.156,1.012,161.49,220.628,382.118,1,to_from,normal,normal
2023-01-01T01:50:00,VB_072,15.538,1.072,243.129,523.672,280.543,1,from_to,normal,normal
2023-01-01T01:50:00,VB_073,-6.559,0.656,40.134,235.638,275.772,1,to_from,normal,normal
2023-01-01T01:50:00,VB_074,9.881,0.859,104.173,341.281,237.108,1,from_to,normal,normal
2023-01-01T01:50:00,VB_075,11.707,0.901,146.234,392.277,246.043,1,from_to,normal,normal
2023-01-01T01:50:00,VB_076,9.598,0.662,98.303,339.381,241.078,1,from_to,normal,normal
2023-01-01T01:50:00,VB_077,9.818,0.982,102.847,359.39,256.543,1,from_to,normal,normal
2023-01-01T01:50:00,VB_078,-6.205,0.54,34.647,261.108,295.755,1,to_from,normal,normal
2023-01-01T01:50:00,VB_079,-6.449,0.496,37.429,265.078,302.507,1,to_from,normal,normal
2023-01-01T01:50:00,VB_080,-6.763,0.466,41.162,237.108,278.27,1,to_from,normal,normal
2023-01-01T01:50:00,VB_081,-6.201,0.62,34.604,241.078,275.682,1,to_from,normal,normal
2023-01-01T01:55:00,VB_001,-11.276,1.128,114.441,27.796,142.237,1,to_from,normal,normal
2023-01-01T01:55:00,VB_002,-6.304,0.548,35.767,39.993,75.76,1,to_from,normal,normal
2023-01-01T01:55:00,VB_003,-11.735,0.903,165.261,114.973,280.234,1,to_from,normal,normal
2023-01-01T01:55:00,VB_004,7.729,0.533,53.769,280.234,226.465,1,from_to,normal,normal
2023-01-01T01:55:00,VB_005,-13.899,1.39,200.921,223.906,424.827,1,to_from,normal,normal
2023-01-01T01:55:00,VB_006,-9.634,0.838,92.816,309.176,401.992,1,to_from,normal,normal
2023-01-01T01:55:00,VB_007,-8.358,0.643,62.868,377.501,440.369,1,to_from,normal,normal
2023-01-01T01:55:00,VB_008,-15.801,1.09,289.627,389.8,679.427,1,to_from,normal,normal
2023-01-01T01:55:00,VB_009,-11.824,1.182,167.77,116.405,284.175,1,to_from,normal,normal
2023-01-01T01:55:00,VB_010,10.183,0.885,93.322,332.846,239.524,1,from_to,normal,normal
2023-01-01T01:55:00,VB_011,-10.634,0.818,113.089,239.524,352.613,1,to_from,normal,normal
2023-01-01T01:55:00,VB_012,-12.321,0.85,151.807,310.873,462.68,1,to_from,normal,normal
2023-01-01T01:55:00,VB_013,-15.272,1.527,209.912,382.222,592.134,1,to_from,normal,normal
2023-01-01T01:55:00,VB_014,-18.609,1.618,387.839,407.908,795.747,1,to_from,normal,normal
2023-01-01T01:55:00,VB_015,-10.307,0.793,95.619,535.766,631.385,1,to_from,normal,normal
2023-01-01T01:55:00,VB_016,9.925,0.684,138.603,197.37,58.767,1,from_to,normal,normal
2023-01-01T01:55:00,VB_017,12.52,1.252,141.073,195.203,54.13,1,from_to,normal,normal
2023-01-01T01:55:00,VB_018,9.478,0.824,80.843,120.836,39.993,1,from_to,normal,normal
2023-01-01T01:55:00,VB_019,6.582,0.506,38.986,74.451,35.465,1,from_to,normal,normal
2023-01-01T01:55:00,VB_020,-13.551,0.935,165.257,35.465,200.722,1,to_from,normal,normal
2023-01-01T01:55:00,VB_021,-10.335,1.034,96.132,42.601,138.733,1,to_from,normal,normal
2023-01-01T01:55:00,VB_022,-9.705,0.844,132.523,58.132,190.655,1,to_from,normal,normal
2023-01-01T01:55:00,VB_023,-7.323,0.563,48.268,58.767,107.035,1,to_from,normal,normal
2023-01-01T01:55:00,VB_024,-8.746,0.603,72.436,68.529,140.965,1,to_from,normal,normal
2023-01-01T01:55:00,VB_025,5.257,0.526,24.87,83.002,58.132,1,from_to,normal,normal
2023-01-01T01:55:00,VB_026,-14.252,1.239,243.755,186.315,430.07,1,to_from,normal,normal
2023-01-01T01:55:00,VB_027,-14.79,1.138,262.491,188.989,451.48,1,to_from,normal,normal
2023-01-01T01:55:00,VB_028,-20.411,1.408,374.954,280.234,655.188,1,to_from,normal,normal
2023-01-01T01:55:00,VB_029,-9.207,0.921,76.287,223.906,300.193,1,to_from,normal,normal
2023-01-01T01:55:00,VB_030,-10.141,0.882,92.557,228.076,320.633,1,to_from,normal,normal
2023-01-01T01:55:00,VB_031,10.41,0.801,97.534,329.853,232.319,1,from_to,normal,normal
2023-01-01T01:55:00,VB_032,-10.358,0.714,101.609,232.319,333.928,1,to_from,normal,normal
2023-01-01T01:55:00,VB_033,-10.977,1.098,108.438,245.619,354.057,1,to_from,normal,normal
2023-01-01T01:55:00,VB_034,10.662,0.927,102.311,341.835,239.524,1,from_to,normal,normal
2023-01-01T01:55:00,VB_035,-6.267,0.482,35.352,309.176,344.528,1,to_from,normal,normal
2023-01-01T01:55:00,VB_036,-14.179,0.978,187.581,352.878,540.459,1,to_from,normal,normal
2023-01-01T01:55:00,VB_037,-6.266,0.627,41.89,358.535,400.425,1,to_from,normal,normal
2023-01-01T01:55:00,VB_038,-5.967,0.519,32.045,377.501,409.546,1,to_from,normal,normal
2023-01-01T01:55:00,VB_039,6.092,0.469,39.593,404.665,365.072,1,from_to,normal,normal
2023-01-01T01:55:00,VB_040,11.067,0.763,114.263,472.799,358.536,1,from_to,normal,normal
2023-01-01T01:55:00,VB_041,-6.028,0.603,38.774,354.773,393.547,1,to_from,normal,normal
2023-01-01T01:55:00,VB_042,-10.157,0.883,103.89,368.265,472.155,1,to_from,normal,normal
2023-01-01T01:55:00,VB_043,-12.793,0.984,147.287,383.266,530.553,1,to_from,normal,normal
2023-01-01T01:55:00,VB_044,-10.404,0.718,97.428,384.879,482.307,1,to_from,normal,normal
2023-01-01T01:55:00,VB_045,11.655,1.166,122.265,523.662,401.397,1,from_to,normal,normal
2023-01-01T01:55:00,VB_046,10.39,0.904,108.715,490.981,382.266,1,from_to,normal,normal
2023-01-01T01:55:00,VB_047,7.425,0.571,58.821,424.218,365.397,1,from_to,normal,normal
2023-01-01T01:55:00,VB_048,7.664,0.529,52.856,432.727,379.871,1,from_to,normal,normal
2023-01-01T01:55:00,VB_049,-6.621,0.662,41.514,379.871,421.385,1,to_from,normal,normal
2023-01-01T01:55:00,VB_050,-5.979,0.52,32.175,397.033,429.208,1,to_from,normal,normal
2023-01-01T01:55:00,VB_051,-7.415,0.57,49.482,358.535,408.017,1,to_from,normal,normal
2023-01-01T01:55:00,VB_052,-6.089,0.42,33.371,365.072,398.443,1,to_from,normal,normal
2023-01-01T01:55:00,VB_053,-14.95,1.495,201.159,0,201.159,1,to_from,normal,normal
2023-01-01T01:55:00,VB_054,-13.566,1.18,165.629,11.822,177.451,1,to_from,normal,normal
2023-01-01T01:55:00,VB_055,7.606,0.585,52.068,63.89,11.822,1,from_to,normal,normal
2023-01-01T01:55:00,VB_056,-12.036,0.83,134.862,532.463,667.325,1,to_from,normal,normal
2023-01-01T01:55:00,VB_057,-8.325,0.832,62.369,574.037,636.406,1,to_from,normal,normal
2023-01-01T01:55:00,VB_058,13.421,1.167,162.109,749.266,587.157,1,from_to,normal,normal
2023-01-01T01:55:00,VB_059,12.678,0.975,144.658,718.972,574.314,1,from_to,normal,normal
2023-01-01T01:55:00,VB_060,11.191,0.772,112.707,663.949,551.242,1,from_to,normal,normal
2023-01-01T01:55:00,VB_061,6.627,0.663,39.522,571.161,531.639,1,from_to,normal,normal
2023-01-01T01:55:00,VB_062,7.683,0.668,53.121,588.887,535.766,1,from_to,normal,normal
2023-01-01T01:55:00,VB_063,9.152,0.704,75.383,636.834,561.451,1,from_to,normal,normal
2023-01-01T01:55:00,VB_064,-7.567,0.522,51.527,216.638,268.165,1,to_from,normal,normal
2023-01-01T01:55:00,VB_065,-6.54,0.654,38.499,220.628,259.127,1,to_from,normal,normal
2023-01-01T01:55:00,VB_066,5.6,0.487,33.46,294.568,261.108,1,from_to,normal,normal
2023-01-01T01:55:00,VB_067,-11.341,0.872,120.007,216.638,336.645,1,to_from,normal,normal
2023-01-01T01:55:00,VB_068,14.373,0.991,208.026,478.069,270.043,1,from_to,normal,normal
2023-01-01T01:55:00,VB_069,-7.49,0.749,52.342,225.293,277.635,1,to_from,normal,normal
2023-01-01T01:55:00,VB_070,6.719,0.584,48.176,313.254,265.078,1,from_to,normal,normal
2023-01-01T01:55:00,VB_071,-13.097,1.007,160.035,220.628,380.663,1,to_from,normal,normal
2023-01-01T01:55:00,VB_072,15.495,1.069,241.791,522.334,280.543,1,from_to,normal,normal
2023-01-01T01:55:00,VB_073,-6.575,0.658,40.339,235.638,275.977,1,to_from,normal,normal
2023-01-01T01:55:00,VB_074,9.896,0.861,104.493,341.601,237.108,1,from_to,normal,normal
2023-01-01T01:55:00,VB_075,11.741,0.903,147.088,393.131,246.043,1,from_to,normal,normal
2023-01-01T01:55:00,VB_076,9.666,0.667,99.685,340.763,241.078,1,from_to,normal,normal
2023-01-01T01:55:00,VB_077,9.866,0.987,103.869,360.412,256.543,1,from_to,normal,normal
2023-01-01T01:55:00,VB_078,-6.247,0.543,35.123,261.108,296.231,1,to_from,normal,normal
2023-01-01T01:55:00,VB_079,-6.396,0.492,36.815,265.078,301.893,1,to_from,normal,normal
2023-01-01T01:55:00,VB_080,-6.799,0.469,41.604,237.108,278.712,1,to_from,normal,normal
2023-01-01T01:55:00,VB_081,-6.236,0.624,34.995,241.078,276.073,1,to_from,normal,normal
2023-01-01T02:00:00,VB_001,-11.256,1.126,114.027,27.796,141.823,1,to_from,normal,normal
2023-01-01T02:00:00,VB_002,-6.224,0.541,34.867,39.993,74.86,1,to_from,normal,normal
2023-01-01T02:00:00,VB_003,-11.679,0.898,163.68,116.554,280.234,1,to_from,normal,normal
2023-01-01T02:00:00,VB_004,7.784,0.537,54.532,280.234,225.702,1,from_to,normal,normal
2023-01-01T02:00:00,VB_005,-13.896,1.39,200.823,223.906,424.729,1,to_from,normal,normal
2023-01-01T02:00:00,VB_006,-9.829,0.855,96.618,309.176,405.794,1,to_from,normal,normal
2023-01-01T02:00:00,VB_007,-8.4,0.646,63.51,377.501,441.011,1,to_from,normal,normal
2023-01-01T02:00:00,VB_008,-15.758,1.087,288.031,389.8,677.831,1,to_from,normal,normal
2023-01-01T02:00:00,VB_009,-11.84,1.184,168.224,115.951,284.175,1,to_from,normal,normal
2023-01-01T02:00:00,VB_010,10.11,0.879,91.987,331.511,239.524,1,from_to,normal,normal
2023-01-01T02:00:00,VB_011,-10.535,0.81,110.978,239.524,350.502,1,to_from,normal,normal
2023-01-01T02:00:00,VB_012,-12.179,0.84,148.333,310.873,459.206,1,to_from,normal,normal
2023-01-01T02:00:00,VB_013,-15.152,1.515,206.627,382.222,588.849,1,to_from,normal,normal
2023-01-01T02:00:00,VB_014,-18.476,1.607,382.344,407.908,790.252,1,to_from,normal,normal
2023-01-01T02:00:00,VB_015,-10.315,0.793,95.752,535.766,631.518,1,to_from,normal,normal
2023-01-01T02:00:00,VB_016,10.012,0.691,141.049,199.816,58.767,1,from_to,normal,normal
2023-01-01T02:00:00,VB_017,12.573,1.257,142.283,196.413,54.13,1,from_to,normal,normal
2023-01-01T02:00:00,VB_018,9.547,0.83,82.025,122.018,39.993,1,from_to,normal,normal
2023-01-01T02:00:00,VB_019,6.572,0.506,38.873,74.338,35.465,1,from_to,normal,normal
2023-01-01T02:00:00,VB_020,-13.511,0.932,164.3,35.465,199.765,1,to_from,normal,normal
2023-01-01T02:00:00,VB_021,-10.313,1.031,95.719,42.601,138.32,1,to_from,normal,normal
2023-01-01T02:00:00,VB_022,-9.673,0.841,131.658,58.132,189.79,1,to_from,normal,normal
2023-01-01T02:00:00,VB_023,-7.448,0.573,49.926,58.767,108.693,1,to_from,normal,normal
2023-01-01T02:00:00,VB_024,-8.791,0.606,73.189,68.529,141.718,1,to_from,normal,normal
2023-01-01T02:00:00,VB_025,5.287,0.529,25.158,83.29,58.132,1,from_to,normal,normal
2023-01-01T02:00:00,VB_026,-14.439,1.256,250.189,186.315,436.504,1,to_from,normal,normal
2023-01-01T02:00:00,VB_027,-14.77,1.136,261.784,188.989,450.773,1,to_from,normal,normal
2023-01-01T02:00:00,VB_028,-20.138,1.389,364.981,280.234,645.215,1,to_from,normal,normal
2023-01-01T02:00:00,VB_029,-9.248,0.925,76.979,223.906,300.885,1,to_from,normal,normal
2023-01-01T02:00:00,VB_030,-10.163,0.884,92.965,228.076,321.041,1,to_from,normal,normal
2023-01-01T02:00:00,VB_031,10.32,0.794,95.858,328.177,232.319,1,from_to,normal,normal
2023-01-01T02:00:00,VB_032,-10.464,0.722,103.685,232.319,336.004,1,to_from,normal,normal
2023-01-01T02:00:00,VB_033,-10.992,1.099,108.732,245.619,354.351,1,to_from,normal,normal
2023-01-01T02:00:00,VB_034,10.686,0.929,102.766,342.29,239.524,1,from_to,normal,normal
2023-01-01T02:00:00,VB_035,-6.203,0.477,34.626,309.176,343.802,1,to_from,normal,normal
2023-01-01T02:00:00,VB_036,-14.161,0.977,187.101,352.878,539.979,1,to_from,normal,normal
2023-01-01T02:00:00,VB_037,-6.225,0.623,41.349,358.535,399.884,1,to_from,normal,normal
2023-01-01T02:00:00,VB_038,-5.957,0.518,31.934,377.501,409.435,1,to_from,normal,normal
2023-01-01T02:00:00,VB_039,6.095,0.469,39.644,404.716,365.072,1,from_to,normal,normal
2023-01-01T02:00:00,VB_040,11.114,0.766,115.244,473.78,358.536,1,from_to,normal,normal
2023-01-01T02:00:00,VB_041,-6.041,0.604,38.944,354.773,393.717,1,to_from,normal,normal
2023-01-01T02:00:00,VB_042,-10.255,0.892,105.906,368.265,474.171,1,to_from,normal,normal
2023-01-01T02:00:00,VB_043,-12.872,0.99,149.12,383.266,532.386,1,to_from,normal,normal
2023-01-01T02:00:00,VB_044,-10.538,0.727,99.942,384.879,484.821,1,to_from,normal,normal
2023-01-01T02:00:00,VB_045,11.685,1.168,122.877,524.274,401.397,1,from_to,normal,normal
2023-01-01T02:00:00,VB_046,10.36,0.901,108.083,490.349,382.266,1,from_to,normal,normal
2023-01-01T02:00:00,VB_047,7.447,0.573,59.167,424.564,365.397,1,from_to,normal,normal
2023-01-01T02:00:00,VB_048,7.635,0.527,52.458,432.329,379.871,1,from_to,normal,normal
2023-01-01T02:00:00,VB_049,-6.603,0.66,41.283,379.871,421.154,1,to_from,normal,normal
2023-01-01T02:00:00,VB_050,-6.022,0.524,32.633,397.033,429.666,1,to_from,normal,normal
2023-01-01T02:00:00,VB_051,-7.484,0.576,50.406,358.535,408.941,1,to_from,normal,normal
2023-01-01T02:00:00,VB_052,-6.11,0.421,33.604,365.072,398.676,1,to_from,normal,normal
2023-01-01T02:00:00,VB_053,-14.878,1.488,199.224,0,199.224,1,to_from,normal,normal
2023-01-01T02:00:00,VB_054,-13.523,1.176,164.596,11.822,176.418,1,to_from,normal,normal
2023-01-01T02:00:00,VB_055,7.568,0.582,51.549,63.371,11.822,1,from_to,normal,normal
2023-01-01T02:00:00,VB_056,-11.887,0.82,131.557,532.463,664.02,1,to_from,normal,normal
2023-01-01T02:00:00,VB_057,-8.262,0.826,61.43,574.037,635.467,1,to_from,normal,normal
2023-01-01T02:00:00,VB_058,13.389,1.164,161.331,748.488,587.157,1,from_to,normal,normal
2023-01-01T02:00:00,VB_059,12.612,0.97,143.148,717.462,574.314,1,from_to,normal,normal
2023-01-01T02:00:00,VB_060,11.344,0.782,115.823,667.065,551.242,1,from_to,normal,normal
2023-01-01T02:00:00,VB_061,6.701,0.67,40.411,572.05,531.639,1,from_to,normal,normal
2023-01-01T02:00:00,VB_062,7.767,0.675,54.298,590.064,535.766,1,from_to,normal,normal
2023-01-01T02:00:00,VB_063,9.147,0.704,75.296,636.747,561.451,1,from_to,normal,normal
2023-01-01T02:00:00,VB_064,-7.527,0.519,50.989,216.638,267.627,1,to_from,normal,normal
2023-01-01T02:00:00,VB_065,-6.48,0.648,37.796,220.628,258.424,1,to_from,normal,normal
2023-01-01T02:00:00,VB_066,5.616,0.488,33.648,294.756,261.108,1,from_to,normal,normal
2023-01-01T02:00:00,VB_067,-11.221,0.863,117.47,216.638,334.108,1,to_from,normal,normal
2023-01-01T02:00:00,VB_068,14.444,0.996,210.08,480.123,270.043,1,from_to,normal,normal
2023-01-01T02:00:00,VB_069,-7.518,0.752,52.737,225.293,278.03,1,to_from,normal,normal
2023-01-01T02:00:00,VB_070,6.741,0.586,48.491,313.569,265.078,1,from_to,normal,normal
2023-01-01T02:00:00,VB_071,-13.18,1.014,162.067,220.628,382.695,1,to_from,normal,normal
2023-01-01T02:00:00,VB_072,15.449,1.065,240.331,520.874,280.543,1,from_to,normal,normal
2023-01-01T02:00:00,VB_073,-6.47,0.647,39.054,235.638,274.692,1,to_from,normal,normal
2023-01-01T02:00:00,VB_074,9.708,0.844,100.55,337.658,237.108,1,from_to,normal,normal
2023-01-01T02:00:00,VB_075,11.528,0.887,141.809,387.852,246.043,1,from_to,normal,normal
2023-01-01T02:00:00,VB_076,9.617,0.663,98.689,339.767,241.078,1,from_to,normal,normal
2023-01-01T02:00:00,VB_077,10.028,1.003,107.298,363.841,256.543,1,from_to,normal,normal
2023-01-01T02:00:00,VB_078,-6.299,0.548,35.709,261.108,296.817,1,to_from,normal,normal
2023-01-01T02:00:00,VB_079,-6.482,0.499,37.816,265.078,302.894,1,to_from,normal,normal
2023-01-01T02:00:00,VB_080,-6.776,0.467,41.32,237.108,278.428,1,to_from,normal,normal
2023-01-01T02:00:00,VB_081,-6.199,0.62,34.579,241.078,275.657,1,to_from,normal,normal
2023-01-01T02:05:00,VB_001,-11.223,1.122,113.353,27.796,141.149,1,to_from,normal,normal
2023-01-01T02:05:00,VB_002,-6.206,0.54,34.661,39.993,74.654,1,to_from,normal,normal
2023-01-01T02:05:00,VB_003,-11.504,0.885,158.809,121.425,280.234,1,to_from,normal,normal
2023-01-01T02:05:00,VB_004,7.727,0.533,53.736,280.234,226.498,1,from_to,normal,normal
2023-01-01T02:05:00,VB_005,-13.998,1.4,203.77,223.906,427.676,1,to_from,normal,normal
2023-01-01T02:05:00,VB_006,-9.758,0.849,95.226,309.176,404.402,1,to_from,normal,normal
2023-01-01T02:05:00,VB_007,-8.562,0.659,65.979,377.501,443.48,1,to_from,normal,normal
2023-01-01T02:05:00,VB_008,-15.773,1.088,288.607,389.8,678.407,1,to_from,normal,normal
2023-01-01T02:05:00,VB_009,-11.756,1.176,165.856,118.319,284.175,1,to_from,normal,normal
2023-01-01T02:05:00,VB_010,10.018,0.871,90.316,329.84,239.524,1,from_to,normal,normal
2023-01-01T02:05:00,VB_011,-10.524,0.81,110.762,239.524,350.286,1,to_from,normal,normal
2023-01-01T02:05:00,VB_012,-12.151,0.838,147.647,310.873,458.52,1,to_from,normal,normal
2023-01-01T02:05:00,VB_013,-15.121,1.512,205.785,382.222,588.007,1,to_from,normal,normal
2023-01-01T02:05:00,VB_014,-18.744,1.63,393.518,407.908,801.426,1,to_from,normal,normal
2023-01-01T02:05:00,VB_015,-10.382,0.799,97.007,535.766,632.773,1,to_from,normal,normal
2023-01-01T02:05:00,VB_016,10.116,0.698,143.973,202.74,58.767,1,from_to,normal,normal
2023-01-01T02:05:00,VB_017,12.442,1.244,139.315,193.445,54.13,1,from_to,normal,normal
2023-01-01T02:05:00,VB_018,9.429,0.82,80.018,120.011,39.993,1,from_to,normal,normal
2023-01-01T02:05:00,VB_019,6.523,0.502,38.291,73.756,35.465,1,from_to,normal,normal
2023-01-01T02:05:00,VB_020,-13.523,0.933,164.579,35.465,200.044,1,to_from,normal,normal
2023-01-01T02:05:00,VB_021,-10.296,1.03,95.415,42.601,138.016,1,to_from,normal,normal
2023-01-01T02:05:00,VB_022,-9.652,0.839,131.081,58.132,189.213,1,to_from,normal,normal
2023-01-01T02:05:00,VB_023,-7.39,0.568,49.156,58.767,107.923,1,to_from,normal,normal
2023-01-01T02:05:00,VB_024,-8.894,0.613,74.907,68.529,143.436,1,to_from,normal,normal
2023-01-01T02:05:00,VB_025,5.323,0.532,25.501,83.633,58.132,1,from_to,normal,normal
2023-01-01T02:05:00,VB_026,-14.42,1.254,249.513,186.315,435.828,1,to_from,normal,normal
2023-01-01T02:05:00,VB_027,-14.786,1.137,262.344,188.989,451.333,1,to_from,normal,normal
2023-01-01T02:05:00,VB_028,-20.292,1.399,370.599,280.234,650.833,1,to_from,normal,normal
2023-01-01T02:05:00,VB_029,-9.128,0.913,74.993,223.906,298.899,1,to_from,normal,normal
2023-01-01T02:05:00,VB_030,-10.124,0.88,92.245,228.076,320.321,1,to_from,normal,normal
2023-01-01T02:05:00,VB_031,10.443,0.803,98.157,330.476,232.319,1,from_to,normal,normal
2023-01-01T02:05:00,VB_032,-10.444,0.72,103.292,232.319,335.611,1,to_from,normal,normal
2023-01-01T02:05:00,VB_033,-11.029,1.103,109.482,245.619,355.101,1,to_from,normal,normal
2023-01-01T02:05:00,VB_034,10.81,0.94,105.163,344.687,239.524,1,from_to,normal,normal
2023-01-01T02:05:00,VB_035,-6.234,0.48,34.977,309.176,344.153,1,to_from,normal,normal
2023-01-01T02:05:00,VB_036,-14.165,0.977,187.192,352.878,540.07,1,to_from,normal,normal
2023-01-01T02:05:00,VB_037,-6.222,0.622,41.313,358.535,399.848,1,to_from,normal,normal
2023-01-01T02:05:00,VB_038,-5.929,0.516,31.635,377.501,409.136,1,to_from,normal,normal
2023-01-01T02:05:00,VB_039,6.009,0.462,38.526,403.598,365.072,1,from_to,normal,normal
2023-01-01T02:05:00,VB_040,11.076,0.764,114.451,472.987,358.536,1,from_to,normal,normal
2023-01-01T02:05:00,VB_041,-6.035,0.603,38.861,354.773,393.634,1,to_from,normal,normal
2023-01-01T02:05:00,VB_042,-10.262,0.892,106.055,368.265,474.32,1,to_from,normal,normal
2023-01-01T02:05:00,VB_043,-12.826,0.987,148.054,383.266,531.32,1,to_from,normal,normal
2023-01-01T02:05:00,VB_044,-10.478,0.723,98.807,384.879,483.686,1,to_from,normal,normal
2023-01-01T02:05:00,VB_045,11.605,1.161,121.218,522.615,401.397,1,from_to,normal,normal
2023-01-01T02:05:00,VB_046,10.396,0.904,108.824,491.09,382.266,1,from_to,normal,normal
2023-01-01T02:05:00,VB_047,7.388,0.568,58.237,423.634,365.397,1,from_to,normal,normal
2023-01-01T02:05:00,VB_048,7.551,0.521,51.31,431.181,379.871,1,from_to,normal,normal
2023-01-01T02:05:00,VB_049,-6.632,0.663,41.652,379.871,421.523,1,to_from,normal,normal
2023-01-01T02:05:00,VB_050,-6.084,0.529,33.312,397.033,430.345,1,to_from,normal,normal
2023-01-01T02:05:00,VB_051,-7.602,0.585,52.015,358.535,410.55,1,to_from,normal,normal
2023-01-01T02:05:00,VB_052,-6.159,0.425,34.135,365.072,399.207,1,to_from,normal,normal
2023-01-01T02:05:00,VB_053,-15.088,1.509,204.891,0,204.891,1,to_from,normal,normal
2023-01-01T02:05:00,VB_054,-13.554,1.179,165.335,11.822,177.157,1,to_from,normal,normal
2023-01-01T02:05:00,VB_055,7.53,0.579,51.035,62.857,11.822,1,from_to,normal,normal
2023-01-01T02:05:00,VB_056,-11.803,0.814,129.703,532.463,662.166,1,to_from,normal,normal
2023-01-01T02:05:00,VB_057,-8.211,0.821,60.674,574.037,634.711,1,to_from,normal,normal
2023-01-01T02:05:00,VB_058,13.405,1.166,161.73,748.887,587.157,1,from_to,normal,normal
2023-01-01T02:05:00,VB_059,12.82,0.986,147.927,722.241,574.314,1,from_to,normal,normal
2023-01-01T02:05:00,VB_060,11.273,0.777,114.375,665.617,551.242,1,from_to,normal,normal
2023-01-01T02:05:00,VB_061,6.773,0.677,41.291,572.93,531.639,1,from_to,normal,normal
2023-01-01T02:05:00,VB_062,7.699,0.669,53.344,589.11,535.766,1,from_to,normal,normal
2023-01-01T02:05:00,VB_063,9.144,0.703,75.253,636.704,561.451,1,from_to,normal,normal
2023-01-01T02:05:00,VB_064,-7.481,0.516,50.363,216.638,267.001,1,to_from,normal,normal
2023-01-01T02:05:00,VB_065,-6.452,0.645,37.468,220.628,258.096,1,to_from,normal,normal
2023-01-01T02:05:00,VB_066,5.577,0.485,33.186,294.294,261.108,1,from_to,normal,normal
2023-01-01T02:05:00,VB_067,-11.318,0.871,119.509,216.638,336.147,1,to_from,normal,normal
2023-01-01T02:05:00,VB_068,14.673,1.012,216.8,486.843,270.043,1,from_to,normal,normal
2023-01-01T02:05:00,VB_069,-7.517,0.752,52.718,225.293,278.011,1,to_from,normal,normal
2023-01-01T02:05:00,VB_070,6.81,0.592,49.484,314.562,265.078,1,from_to,normal,normal
2023-01-01T02:05:00,VB_071,-13.17,1.013,161.821,220.628,382.449,1,to_from,normal,normal
2023-01-01T02:05:00,VB_072,15.387,1.061,238.406,518.949,280.543,1,from_to,normal,normal
2023-01-01T02:05:00,VB_073,-6.428,0.643,38.548,235.638,274.186,1,to_from,normal,normal
2023-01-01T02:05:00,VB_074,9.751,0.848,101.445,338.553,237.108,1,from_to,normal,normal
2023-01-01T02:05:00,VB_075,11.645,0.896,144.691,390.734,246.043,1,from_to,normal,normal
2023-01-01T02:05:00,VB_076,9.568,0.66,97.676,338.754,241.078,1,from_to,normal,normal
2023-01-01T02:05:00,VB_077,10.078,1.008,108.379,364.922,256.543,1,from_to,normal,normal
2023-01-01T02:05:00,VB_078,-6.258,0.544,35.245,261.108,296.353,1,to_from,normal,normal
2023-01-01T02:05:00,VB_079,-6.513,0.501,38.183,265.078,303.261,1,to_from,normal,normal
2023-01-01T02:05:00,VB_080,-6.776,0.467,41.318,237.108,278.426,1,to_from,normal,normal
2023-01-01T02:05:00,VB_081,-6.193,0.619,34.519,241.078,275.597,1,to_from,normal,normal
2023-01-01T02:10:00,VB_001,-11.047,1.105,109.826,27.796,137.622,1,to_from,normal,normal
2023-01-01T02:10:00,VB_002,-6.211,0.54,34.72,39.993,74.713,1,to_from,normal,normal
2023-01-01T02:10:00,VB_003,-11.449,0.881,157.308,122.926,280.234,1,to_from,normal,normal
2023-01-01T02:10:00,VB_004,7.686,0.53,53.163,280.234,227.071,1,from_to,normal,normal
2023-01-01T02:10:00,VB_005,-13.996,1.4,203.717,223.906,427.623,1,to_from,normal,normal
2023-01-01T02:10:00,VB_006,-9.87,0.858,97.42,309.176,406.596,1,to_from,normal,normal
2023-01-01T02:10:00,VB_007,-8.528,0.656,65.452,377.501,442.953,1,to_from,normal,normal
2023-01-01T02:10:00,VB_008,-15.822,1.091,290.392,389.8,680.192,1,to_from,normal,normal
2023-01-01T02:10:00,VB_009,-11.804,1.18,167.192,116.983,284.175,1,to_from,normal,normal
2023-01-01T02:10:00,VB_010,9.988,0.868,89.778,329.302,239.524,1,from_to,normal,normal
2023-01-01T02:10:00,VB_011,-10.492,0.807,110.092,239.524,349.616,1,to_from,normal,normal
2023-01-01T02:10:00,VB_012,-12.066,0.832,145.597,310.873,456.47,1,to_from,normal,normal
2023-01-01T02:10:00,VB_013,-15.227,1.523,208.682,382.222,590.904,1,to_from,normal,normal
2023-01-01T02:10:00,VB_014,-18.807,1.635,396.163,407.908,804.071,1,to_from,normal,normal
2023-01-01T02:10:00,VB_015,-10.492,0.807,99.073,535.766,634.839,1,to_from,normal,normal
2023-01-01T02:10:00,VB_016,10.155,0.7,145.107,203.874,58.767,1,from_to,normal,normal
2023-01-01T02:10:00,VB_017,12.547,1.255,141.675,195.805,54.13,1,from_to,normal,normal
2023-01-01T02:10:00,VB_018,9.41,0.818,79.687,119.68,39.993,1,from_to,normal,normal
2023-01-01T02:10:00,VB_019,6.495,0.5,37.971,73.436,35.465,1,from_to,normal,normal
2023-01-01T02:10:00,VB_020,-13.448,0.927,162.757,35.465,198.222,1,to_from,normal,normal
2023-01-01T02:10:00,VB_021,-10.147,1.015,92.669,42.601,135.27,1,to_from,normal,normal
2023-01-01T02:10:00,VB_022,-9.754,0.848,133.874,58.132,192.006,1,to_from,normal,normal
2023-01-01T02:10:00,VB_023,-7.513,0.578,50.804,58.767,109.571,1,to_from,normal,normal
2023-01-01T02:10:00,VB_024,-8.91,0.614,75.176,68.529,143.705,1,to_from,normal,normal
2023-01-01T02:10:00,VB_025,5.373,0.537,25.978,84.11,58.132,1,from_to,normal,normal
2023-01-01T02:10:00,VB_026,-14.383,1.251,248.229,186.315,434.544,1,to_from,normal,normal
2023-01-01T02:10:00,VB_027,-14.687,1.13,258.844,188.989,447.833,1,to_from,normal,normal
2023-01-01T02:10:00,VB_028,-19.957,1.376,358.446,280.234,638.68,1,to_from,normal,normal
2023-01-01T02:10:00,VB_029,-9.043,0.904,73.606,223.906,297.512,1,to_from,normal,normal
2023-01-01T02:10:00,VB_030,-10.131,0.881,92.369,228.076,320.445,1,to_from,normal,normal
2023-01-01T02:10:00,VB_031,10.378,0.798,96.942,329.261,232.319,1,from_to,normal,normal
2023-01-01T02:10:00,VB_032,-10.621,0.732,106.826,232.319,339.145,1,to_from,normal,normal
2023-01-01T02:10:00,VB_033,-11.215,1.121,113.193,245.619,358.812,1,to_from,normal,normal
2023-01-01T02:10:00,VB_034,10.795,0.939,104.879,344.403,239.524,1,from_to,normal,normal
2023-01-01T02:10:00,VB_035,-6.274,0.483,35.427,309.176,344.603,1,to_from,normal,normal
2023-01-01T02:10:00,VB_036,-14.017,0.967,183.321,352.878,536.199,1,to_from,normal,normal
2023-01-01T02:10:00,VB_037,-6.137,0.614,40.193,358.535,398.728,1,to_from,normal,normal
2023-01-01T02:10:00,VB_038,-5.909,0.514,31.429,377.501,408.93,1,to_from,normal,normal
2023-01-01T02:10:00,VB_039,6.075,0.467,39.382,404.454,365.072,1,from_to,normal,normal
2023-01-01T02:10:00,VB_040,11.098,0.765,114.922,473.458,358.536,1,from_to,normal,normal
2023-01-01T02:10:00,VB_041,-6.095,0.609,39.636,354.773,394.409,1,to_from,normal,normal
2023-01-01T02:10:00,VB_042,-10.392,0.904,108.743,368.265,477.008,1,to_from,normal,normal
2023-01-01T02:10:00,VB_043,-12.928,0.994,150.415,383.266,533.681,1,to_from,normal,normal
2023-01-01T02:10:00,VB_044,-10.494,0.724,99.106,384.879,483.985,1,to_from,normal,normal
2023-01-01T02:10:00,VB_045,11.493,1.149,118.873,520.27,401.397,1,from_to,normal,normal
2023-01-01T02:10:00,VB_046,10.232,0.89,105.436,487.702,382.266,1,from_to,normal,normal
2023-01-01T02:10:00,VB_047,7.304,0.562,56.93,422.327,365.397,1,from_to,normal,normal
2023-01-01T02:10:00,VB_048,7.498,0.517,50.595,430.466,379.871,1,from_to,normal,normal
2023-01-01T02:10:00,VB_049,-6.659,0.666,41.989,379.871,421.86,1,to_from,normal,normal
2023-01-01T02:10:00,VB_050,-6.067,0.528,33.131,397.033,430.164,1,to_from,normal,normal
2023-01-01T02:10:00,VB_051,-7.612,0.586,52.152,358.535,410.687,1,to_from,normal,normal
2023-01-01T02:10:00,VB_052,-6.169,0.425,34.248,365.072,399.32,1,to_from,normal,normal
2023-01-01T02:10:00,VB_053,-14.976,1.498,201.845,0,201.845,1,to_from,normal,normal
2023-01-01T02:10:00,VB_054,-13.579,1.181,165.952,11.822,177.774,1,to_from,normal,normal
2023-01-01T02:10:00,VB_055,7.432,0.572,49.713,61.535,11.822,1,from_to,normal,normal
2023-01-01T02:10:00,VB_056,-11.661,0.804,126.592,532.463,659.055,1,to_from,normal,normal
2023-01-01T02:10:00,VB_057,-8.162,0.816,59.961,574.037,633.998,1,to_from,normal,normal
2023-01-01T02:10:00,VB_058,13.484,1.173,163.645,750.802,587.157,1,from_to,normal,normal
2023-01-01T02:10:00,VB_059,12.872,0.99,149.12,723.434,574.314,1,from_to,normal,normal
2023-01-01T02:10:00,VB_060,11.403,0.786,117.033,668.275,551.242,1,from_to,normal,normal
2023-01-01T02:10:00,VB_061,6.747,0.675,40.976,572.615,531.639,1,from_to,normal,normal
2023-01-01T02:10:00,VB_062,7.786,0.677,54.563,590.329,535.766,1,from_to,normal,normal
2023-01-01T02:10:00,VB_063,9.094,0.7,74.432,635.883,561.451,1,from_to,normal,normal
2023-01-01T02:10:00,VB_064,-7.49,0.517,50.492,216.638,267.13,1,to_from,normal,normal
2023-01-01T02:10:00,VB_065,-6.399,0.64,36.847,220.628,257.475,1,to_from,normal,normal
2023-01-01T02:10:00,VB_066,5.575,0.485,33.166,294.274,261.108,1,from_to,normal,normal
2023-01-01T02:10:00,VB_067,-11.29,0.868,118.93,216.638,335.568,1,to_from,normal,normal
2023-01-01T02:10:00,VB_068,14.673,1.012,216.817,486.86,270.043,1,from_to,normal,normal
2023-01-01T02:10:00,VB_069,-7.608,0.761,53.997,225.293,279.29,1,to_from,normal,normal
2023-01-01T02:10:00,VB_070,6.836,0.594,49.858,314.936,265.078,1,from_to,normal,normal
2023-01-01T02:10:00,VB_071,-13.278,1.021,164.497,220.628,385.125,1,to_from,normal,normal
2023-01-01T02:10:00,VB_072,15.369,1.06,237.859,518.402,280.543,1,from_to,normal,normal
2023-01-01T02:10:00,VB_073,-6.46,0.646,38.936,235.638,274.574,1,to_from,normal,normal
2023-01-01T02:10:00,VB_074,9.68,0.842,99.981,337.089,237.108,1,from_to,normal,normal
2023-01-01T02:10:00,VB_075,11.471,0.882,140.4,386.443,246.043,1,from_to,normal,normal
2023-01-01T02:10:00,VB_076,9.639,0.665,99.142,340.22,241.078,1,from_to,normal,normal
2023-01-01T02:10:00,VB_077,10.051,1.005,107.785,364.328,256.543,1,from_to,normal,normal
2023-01-01T02:10:00,VB_078,-6.326,0.55,36.013,261.108,297.121,1,to_from,normal,normal
2023-01-01T02:10:00,VB_079,-6.535,0.503,38.44,265.078,303.518,1,to_from,normal,normal
2023-01-01T02:10:00,VB_080,-6.829,0.471,41.975,237.108,279.083,1,to_from,normal,normal
2023-01-01T02:10:00,VB_081,-6.192,0.619,34.508,241.078,275.586,1,to_from,normal,normal
2023-01-01T02:15:00,VB_001,-11.013,1.101,109.158,27.796,136.954,1,to_from,normal,normal
2023-01-01T02:15:00,VB_002,-6.172,0.537,34.282,39.993,74.275,1,to_from,normal,normal
2023-01-01T02:15:00,VB_003,-11.577,0.891,160.825,119.409,280.234,1,to_from,normal,normal
2023-01-01T02:15:00,VB_004,7.752,0.535,54.088,280.234,226.146,1,from_to,normal,normal
2023-01-01T02:15:00,VB_005,-13.959,1.396,202.635,223.906,426.541,1,to_from,normal,normal
2023-01-01T02:15:00,VB_006,-10.014,0.871,100.276,309.176,409.452,1,to_from,normal,normal
2023-01-01T02:15:00,VB_007,-8.606,0.662,66.66,377.501,444.161,1,to_from,normal,normal
2023-01-01T02:15:00,VB_008,-15.974,1.102,295.982,389.8,685.782,1,to_from,normal,normal
2023-01-01T02:15:00,VB_009,-11.703,1.17,164.345,119.83,284.175,1,to_from,normal,normal
2023-01-01T02:15:00,VB_010,9.951,0.865,89.118,328.642,239.524,1,from_to,normal,normal
2023-01-01T02:15:00,VB_011,-10.433,0.803,108.841,239.524,348.365,1,to_from,normal,normal
2023-01-01T02:15:00,VB_012,-12.099,0.834,146.392,310.873,457.265,1,to_from,normal,normal
2023-01-01T02:15:00,VB_013,-15.276,1.528,210.034,382.222,592.256,1,to_from,normal,normal
2023-01-01T02:15:00,VB_014,-18.735,1.629,393.111,407.908,801.019,1,to_from,normal,normal
2023-01-01T02:15:00,VB_015,-10.467,0.805,98.597,535.766,634.363,1,to_from,normal,normal
2023-01-01T02:15:00,VB_016,10.192,0.703,146.146,204.913,58.767,1,from_to,normal,normal
2023-01-01T02:15:00,VB_017,12.53,1.253,141.299,195.429,54.13,1,from_to,normal,normal
2023-01-01T02:15:00,VB_018,9.424,0.819,79.935,119.928,39.993,1,from_to,normal,normal
2023-01-01T02:15:00,VB_019,6.401,0.492,36.871,72.336,35.465,1,from_to,normal,normal
2023-01-01T02:15:00,VB_020,-13.4,0.924,161.601,35.465,197.066,1,to_from,normal,normal
2023-01-01T02:15:00,VB_021,-10.199,1.02,93.624,42.601,136.225,1,to_from,normal,normal
2023-01-01T02:15:00,VB_022,-9.723,0.845,133.013,58.132,191.145,1,to_from,normal,normal
2023-01-01T02:15:00,VB_023,-7.506,0.577,50.711,58.767,109.478,1,to_from,normal,normal
2023-01-01T02:15:00,VB_024,-8.969,0.619,76.181,68.529,144.71,1,to_from,normal,normal
2023-01-01T02:15:00,VB_025,5.428,0.543,26.513,84.645,58.132,1,from_to,normal,normal
2023-01-01T02:15:00,VB_026,-14.452,1.257,250.642,186.315,436.957,1,to_from,normal,normal
2023-01-01T02:15:00,VB_027,-14.76,1.135,261.426,188.989,450.415,1,to_from,normal,normal
2023-01-01T02:15:00,VB_028,-20.044,1.382,361.585,280.234,641.819,1,to_from,normal,normal
2023-01-01T02:15:00,VB_029,-8.986,0.899,72.68,223.906,296.586,1,to_from,normal,normal
2023-01-01T02:15:00,VB_030,-10.106,0.879,91.918,228.076,319.994,1,to_from,normal,normal
2023-01-01T02:15:00,VB_031,10.421,0.802,97.736,330.055,232.319,1,from_to,normal,normal
2023-01-01T02:15:00,VB_032,-10.673,0.736,107.866,232.319,340.185,1,to_from,normal,normal
2023-01-01T02:15:00,VB_033,-11.217,1.122,113.234,245.619,358.853,1,to_from,normal,normal
2023-01-01T02:15:00,VB_034,10.825,0.941,105.458,344.982,239.524,1,from_to,normal,normal
2023-01-01T02:15:00,VB_035,-6.234,0.48,34.975,309.176,344.151,1,to_from,normal,normal
2023-01-01T02:15:00,VB_036,-14.066,0.97,184.585,352.878,537.463,1,to_from,normal,normal
2023-01-01T02:15:00,VB_037,-6.084,0.608,39.497,358.535,398.032,1,to_from,normal,normal
2023-01-01T02:15:00,VB_038,-5.86,0.51,30.91,377.501,408.411,1,to_from,normal,normal
2023-01-01T02:15:00,VB_039,6.049,0.465,39.048,404.12,365.072,1,from_to,normal,normal
2023-01-01T02:15:00,VB_040,10.993,0.758,112.758,471.294,358.536,1,from_to,normal,normal
2023-01-01T02:15:00,VB_041,-6.079,0.608,39.426,354.773,394.199,1,to_from,normal,normal
2023-01-01T02:15:00,VB_042,-10.324,0.898,107.337,368.265,475.602,1,to_from,normal,normal
2023-01-01T02:15:00,VB_043,-13.064,1.005,153.605,383.266,536.871,1,to_from,normal,normal
2023-01-01T02:15:00,VB_044,-10.517,0.725,99.547,384.879,484.426,1,to_from,normal,normal
2023-01-01T02:15:00,VB_045,11.515,1.152,119.343,520.74,401.397,1,from_to,normal,normal
2023-01-01T02:15:00,VB_046,10.284,0.894,106.492,488.758,382.266,1,from_to,normal,normal
2023-01-01T02:15:00,VB_047,7.261,0.559,56.261,421.658,365.397,1,from_to,normal,normal
2023-01-01T02:15:00,VB_048,7.44,0.513,49.821,429.692,379.871,1,from_to,normal,normal
2023-01-01T02:15:00,VB_049,-6.642,0.664,41.78,379.871,421.651,1,to_from,normal,normal
2023-01-01T02:15:00,VB_050,-6.078,0.529,33.248,397.033,430.281,1,to_from,normal,normal
2023-01-01T02:15:00,VB_051,-7.609,0.585,52.107,358.535,410.642,1,to_from,normal,normal
2023-01-01T02:15:00,VB_052,-6.179,0.426,34.366,365.072,399.438,1,to_from,normal,normal
2023-01-01T02:15:00,VB_053,-15.011,1.501,202.798,0,202.798,1,to_from,normal,normal
2023-01-01T02:15:00,VB_054,-13.396,1.165,161.517,11.822,173.339,1,to_from,normal,normal
2023-01-01T02:15:00,VB_055,7.419,0.571,49.536,61.358,11.822,1,from_to,normal,normal
2023-01-01T02:15:00,VB_056,-11.664,0.804,126.66,532.463,659.123,1,to_from,normal,normal
2023-01-01T02:15:00,VB_057,-8.138,0.814,59.611,574.037,633.648,1,to_from,normal,normal
2023-01-01T02:15:00,VB_058,13.368,1.162,160.834,747.991,587.157,1,from_to,normal,normal
2023-01-01T02:15:00,VB_059,12.935,0.995,150.588,724.902,574.314,1,from_to,normal,normal
2023-01-01T02:15:00,VB_060,11.542,0.796,119.9,671.142,551.242,1,from_to,normal,normal
2023-01-01T02:15:00,VB_061,6.74,0.674,40.89,572.529,531.639,1,from_to,normal,normal
2023-01-01T02:15:00,VB_062,7.737,0.673,53.871,589.637,535.766,1,from_to,normal,normal
2023-01-01T02:15:00,VB_063,9.051,0.696,73.733,635.184,561.451,1,from_to,normal,normal
2023-01-01T02:15:00,VB_064,-7.386,0.509,49.102,216.638,265.74,1,to_from,normal,normal
2023-01-01T02:15:00,VB_065,-6.396,0.64,36.814,220.628,257.442,1,to_from,normal,normal
2023-01-01T02:15:00,VB_066,5.569,0.484,33.093,294.201,261.108,1,from_to,normal,normal
2023-01-01T02:15:00,VB_067,-11.263,0.866,118.365,216.638,335.003,1,to_from,normal,normal
2023-01-01T02:15:00,VB_068,14.716,1.015,218.084,488.127,270.043,1,from_to,normal,normal
2023-01-01T02:15:00,VB_069,-7.654,0.765,54.656,225.293,279.949,1,to_from,normal,normal
2023-01-01T02:15:00,VB_070,6.915,0.601,51.025,316.103,265.078,1,from_to,normal,normal
2023-01-01T02:15:00,VB_071,-13.11,1.008,160.348,220.628,380.976,1,to_from,normal,normal
2023-01-01T02:15:00,VB_072,15.219,1.05,233.248,513.791,280.543,1,from_to,normal,normal
2023-01-01T02:15:00,VB_073,-6.427,0.643,38.542,235.638,274.18,1,to_from,normal,normal
2023-01-01T02:15:00,VB_074,9.653,0.839,99.431,336.539,237.108,1,from_to,normal,normal
2023-01-01T02:15:00,VB_075,11.427,0.879,139.329,385.372,246.043,1,from_to,normal,normal
2023-01-01T02:15:00,VB_076,9.671,0.667,99.8,340.878,241.078,1,from_to,normal,normal
2023-01-01T02:15:00,VB_077,10.12,1.012,109.275,365.818,256.543,1,from_to,normal,normal
2023-01-01T02:15:00,VB_078,-6.368,0.554,36.499,261.108,297.607,1,to_from,normal,normal
2023-01-01T02:15:00,VB_079,-6.58,0.506,38.964,265.078,304.042,1,to_from,normal,normal
2023-01-01T02:15:00,VB_080,-6.779,0.467,41.354,237.108,278.462,1,to_from,normal,normal
2023-01-01T02:15:00,VB_081,-6.136,0.614,33.886,241.078,274.964,1,to_from,normal,normal
2023-01-01T02:20:00,VB_001,-11.057,1.106,110.034,27.796,137.83,1,to_from,normal,normal
2023-01-01T02:20:00,VB_002,-6.119,0.532,33.699,39.993,73.692,1,to_from,normal,normal
2023-01-01T02:20:00,VB_003,-11.419,0.878,156.469,123.765,280.234,1,to_from,normal,normal
2023-01-01T02:20:00,VB_004,7.787,0.537,54.575,280.234,225.659,1,from_to,normal,normal
2023-01-01T02:20:00,VB_005,-14.099,1.41,206.729,223.906,430.635,1,to_from,normal,normal
2023-01-01T02:20:00,VB_006,-9.953,0.865,99.058,309.176,408.234,1,to_from,normal,normal
2023-01-01T02:20:00,VB_007,-8.561,0.659,65.96,377.501,443.461,1,to_from,normal,normal
2023-01-01T02:20:00,VB_008,-15.921,1.098,294.02,389.8,683.82,1,to_from,normal,normal
2023-01-01T02:20:00,VB_009,-11.725,1.172,164.969,119.206,284.175,1,to_from,normal,normal
2023-01-01T02:20:00,VB_010,9.887,0.86,87.972,327.496,239.524,1,from_to,normal,normal
2023-01-01T02:20:00,VB_011,-10.31,0.793,106.303,239.524,345.827,1,to_from,normal,normal
2023-01-01T02:20:00,VB_012,-11.944,0.824,142.647,310.873,453.52,1,to_from,normal,normal
2023-01-01T02:20:00,VB_013,-15.308,1.531,210.896,382.222,593.118,1,to_from,normal,normal
2023-01-01T02:20:00,VB_014,-19.019,1.654,405.142,407.908,813.05,1,to_from,normal,normal
2023-01-01T02:20:00,VB_015,-10.617,0.817,101.455,535.766,637.221,1,to_from,normal,normal
2023-01-01T02:20:00,VB_016,10.275,0.709,148.555,207.322,58.767,1,from_to,normal,normal
2023-01-01T02:20:00,VB_017,12.525,1.252,141.178,195.308,54.13,1,from_to,normal,normal
2023-01-01T02:20:00,VB_018,9.4,0.817,79.521,119.514,39.993,1,from_to,normal,normal
2023-01-01T02:20:00,VB_019,6.385,0.491,36.692,72.157,35.465,1,from_to,normal,normal
2023-01-01T02:20:00,VB_020,-13.289,0.917,158.948,35.465,194.413,1,to_from,normal,normal
2023-01-01T02:20:00,VB_021,-10.145,1.015,92.635,42.601,135.236,1,to_from,normal,normal
2023-01-01T02:20:00,VB_022,-9.761,0.849,134.047,58.132,192.179,1,to_from,normal,normal
2023-01-01T02:20:00,VB_023,-7.56,0.582,51.443,58.767,110.21,1,to_from,normal,normal
2023-01-01T02:20:00,VB_024,-9.125,0.629,78.849,68.529,147.378,1,to_from,normal,normal
2023-01-01T02:20:00,VB_025,5.403,0.54,26.275,84.407,58.132,1,from_to,normal,normal
2023-01-01T02:20:00,VB_026,-14.381,1.251,248.192,186.315,434.507,1,to_from,normal,normal
2023-01-01T02:20:00,VB_027,-14.573,1.121,254.849,188.989,443.838,1,to_from,normal,normal
2023-01-01T02:20:00,VB_028,-19.682,1.357,348.647,280.234,628.881,1,to_from,normal,normal
2023-01-01T02:20:00,VB_029,-9.033,0.903,73.43,223.906,297.336,1,to_from,normal,normal
2023-01-01T02:20:00,VB_030,-9.991,0.869,89.84,228.076,317.916,1,to_from,normal,normal
2023-01-01T02:20:00,VB_031,10.4,0.8,97.353,329.672,232.319,1,from_to,normal,normal
2023-01-01T02:20:00,VB_032,-10.612,0.732,106.643,232.319,338.962,1,to_from,normal,normal
2023-01-01T02:20:00,VB_033,-11.331,1.133,115.557,245.619,361.176,1,to_from,normal,normal
2023-01-01T02:20:00,VB_034,10.979,0.955,108.483,348.007,239.524,1,from_to,normal,normal
2023-01-01T02:20:00,VB_035,-6.286,0.484,35.561,309.176,344.737,1,to_from,normal,normal
2023-01-01T02:20:00,VB_036,-13.894,0.958,180.1,352.878,532.978,1,to_from,normal,normal
2023-01-01T02:20:00,VB_037,-6.078,0.608,39.423,358.535,397.958,1,to_from,normal,normal
2023-01-01T02:20:00,VB_038,-5.794,0.504,30.218,377.501,407.719,1,to_from,normal,normal
2023-01-01T02:20:00,VB_039,5.968,0.459,38.004,403.076,365.072,1,from_to,normal,normal
2023-01-01T02:20:00,VB_040,11.173,0.771,116.478,475.014,358.536,1,from_to,normal,normal
2023-01-01T02:20:00,VB_041,-6.14,0.614,40.223,354.773,394.996,1,to_from,normal,normal
2023-01-01T02:20:00,VB_042,-10.49,0.912,110.817,368.265,479.082,1,to_from,normal,normal
2023-01-01T02:20:00,VB_043,-13.07,1.005,153.743,383.266,537.009,1,to_from,normal,normal
2023-01-01T02:20:00,VB_044,-10.552,0.728,100.206,384.879,485.085,1,to_from,normal,normal
2023-01-01T02:20:00,VB_045,11.496,1.15,118.937,520.334,401.397,1,from_to,normal,normal
2023-01-01T02:20:00,VB_046,10.101,0.878,102.753,485.019,382.266,1,from_to,normal,normal
2023-01-01T02:20:00,VB_047,7.248,0.558,56.05,421.447,365.397,1,from_to,normal,normal
2023-01-01T02:20:00,VB_048,7.497,0.517,50.581,430.452,379.871,1,from_to,normal,normal
2023-01-01T02:20:00,VB_049,-6.596,0.66,41.206,379.871,421.077,1,to_from,normal,normal
2023-01-01T02:20:00,VB_050,-6.176,0.537,34.324,397.033,431.357,1,to_from,normal,normal
2023-01-01T02:20:00,VB_051,-7.654,0.589,52.726,358.535,411.261,1,to_from,normal,normal
2023-01-01T02:20:00,VB_052,-6.193,0.427,34.521,365.072,399.593,1,to_from,normal,normal
2023-01-01T02:20:00,VB_053,-15.063,1.506,204.202,0,204.202,1,to_from,normal,normal
2023-01-01T02:20:00,VB_054,-13.404,1.166,161.699,11.822,173.521,1,to_from,normal,normal
2023-01-01T02:20:00,VB_055,7.393,0.569,49.191,61.013,11.822,1,from_to,normal,normal
2023-01-01T02:20:00,VB_056,-11.531,0.795,123.784,532.463,656.247,1,to_from,normal,normal
2023-01-01T02:20:00,VB_057,-8.138,0.814,59.611,574.037,633.648,1,to_from,normal,normal
2023-01-01T02:20:00,VB_058,13.402,1.165,161.659,748.816,587.157,1,from_to,normal,normal
2023-01-01T02:20:00,VB_059,12.97,0.998,151.397,725.711,574.314,1,from_to,normal,normal
2023-01-01T02:20:00,VB_060,11.621,0.801,121.534,672.776,551.242,1,from_to,normal,normal
2023-01-01T02:20:00,VB_061,6.794,0.679,41.543,573.182,531.639,1,from_to,normal,normal
2023-01-01T02:20:00,VB_062,7.786,0.677,54.553,590.319,535.766,1,from_to,normal,normal
2023-01-01T02:20:00,VB_063,9.034,0.695,73.445,634.896,561.451,1,from_to,normal,normal
2023-01-01T02:20:00,VB_064,-7.339,0.506,48.469,216.638,265.107,1,to_from,normal,normal
2023-01-01T02:20:00,VB_065,-6.288,0.629,35.588,220.628,256.216,1,to_from,normal,normal
2023-01-01T02:20:00,VB_066,5.475,0.476,31.989,293.097,261.108,1,from_to,normal,normal
2023-01-01T02:20:00,VB_067,-11.4,0.877,121.26,216.638,337.898,1,to_from,normal,normal
2023-01-01T02:20:00,VB_068,14.697,1.014,217.523,487.566,270.043,1,from_to,normal,normal
2023-01-01T02:20:00,VB_069,-7.665,0.767,54.817,225.293,280.11,1,to_from,normal,normal
2023-01-01T02:20:00,VB_070,6.852,0.596,50.089,315.167,265.078,1,from_to,normal,normal
2023-01-01T02:20:00,VB_071,-13.263,1.02,164.127,220.628,384.755,1,to_from,normal,normal
2023-01-01T02:20:00,VB_072,15.322,1.057,236.398,516.941,280.543,1,from_to,normal,normal
2023-01-01T02:20:00,VB_073,-6.354,0.635,37.673,235.638,273.311,1,to_from,normal,normal
2023-01-01T02:20:00,VB_074,9.604,0.835,98.416,335.524,237.108,1,from_to,normal,normal
2023-01-01T02:20:00,VB_075,11.433,0.879,139.474,385.517,246.043,1,from_to,normal,normal
2023-01-01T02:20:00,VB_076,9.687,0.668,100.129,341.207,241.078,1,from_to,normal,normal
2023-01-01T02:20:00,VB_077,10.123,1.012,109.345,365.888,256.543,1,from_to,normal,normal
2023-01-01T02:20:00,VB_078,-6.391,0.556,36.762,261.108,297.87,1,to_from,normal,normal
2023-01-01T02:20:00,VB_079,-6.567,0.505,38.807,265.078,303.885,1,to_from,normal,normal
2023-01-01T02:20:00,VB_080,-6.796,0.469,41.566,237.108,278.674,1,to_from,normal,normal
2023-01-01T02:20:00,VB_081,-6.114,0.611,33.647,241.078,274.725,1,to_from,normal,normal
2023-01-01T02:25:00,VB_001,-10.843,1.084,105.818,27.796,133.614,1,to_from,normal,normal
2023-01-01T02:25:00,VB_002,-6.082,0.529,33.292,39.993,73.285,1,to_from,normal,normal
2023-01-01T02:25:00,VB_003,-11.461,0.882,157.616,122.618,280.234,1,to_from,normal,normal
2023-01-01T02:25:00,VB_004,7.812,0.539,54.921,280.234,225.313,1,from_to,normal,normal
2023-01-01T02:25:00,VB_005,-14.301,1.43,212.693,223.906,436.599,1,to_from,normal,normal
2023-01-01T02:25:00,VB_006,-10.119,0.88,102.394,309.176,411.57,1,to_from,normal,normal
2023-01-01T02:25:00,VB_007,-8.607,0.662,66.667,377.501,444.168,1,to_from,normal,normal
2023-01-01T02:25:00,VB_008,-15.923,1.098,294.096,389.8,683.896,1,to_from,normal,normal
2023-01-01T02:25:00,VB_009,-11.652,1.165,162.913,121.262,284.175,1,to_from,normal,normal
2023-01-01T02:25:00,VB_010,9.86,0.857,87.49,327.014,239.524,1,from_to,normal,normal
2023-01-01T02:25:00,VB_011,-10.298,0.792,106.059,239.524,345.583,1,to_from,normal,normal
2023-01-01T02:25:00,VB_012,-11.99,0.827,143.757,310.873,454.63,1,to_from,normal,normal
2023-01-01T02:25:00,VB_013,-15.302,1.53,210.728,382.222,592.95,1,to_from,normal,normal
2023-01-01T02:25:00,VB_014,-18.896,1.643,399.902,407.908,807.81,1,to_from,normal,normal
2023-01-01T02:25:00,VB_015,-10.709,0.824,103.21,535.766,638.976,1,to_from,normal,normal
2023-01-01T02:25:00,VB_016,10.306,0.711,149.443,208.21,58.767,1,from_to,normal,normal
2023-01-01T02:25:00,VB_017,12.503,1.25,140.682,194.812,54.13,1,from_to,normal,normal
2023-01-01T02:25:00,VB_018,9.297,0.808,77.79,117.783,39.993,1,from_to,normal,normal
2023-01-01T02:25:00,VB_019,6.336,0.487,36.129,71.594,35.465,1,from_to,normal,normal
2023-01-01T02:25:00,VB_020,-13.184,0.909,156.43,35.465,191.895,1,to_from,normal,normal
2023-01-01T02:25:00,VB_021,-10.172,1.017,93.116,42.601,135.717,1,to_from,normal,normal
2023-01-01T02:25:00,VB_022,-9.708,0.844,132.589,58.132,190.721,1,to_from,normal,normal
2023-01-01T02:25:00,VB_023,-7.561,0.582,51.454,58.767,110.221,1,to_from,normal,normal
2023-01-01T02:25:00,VB_024,-9.141,0.63,79.133,68.529,147.662,1,to_from,normal,normal
2023-01-01T02:25:00,VB_025,5.467,0.547,26.898,85.03,58.132,1,from_to,normal,normal
2023-01-01T02:25:00,VB_026,-14.524,1.263,253.15,186.315,439.465,1,to_from,normal,normal
2023-01-01T02:25:00,VB_027,-14.525,1.117,253.169,188.989,442.158,1,to_from,normal,normal
2023-01-01T02:25:00,VB_028,-19.612,1.353,346.179,280.234,626.413,1,to_from,normal,normal
2023-01-01T02:25:00,VB_029,-8.977,0.898,72.521,223.906,296.427,1,to_from,normal,normal
2023-01-01T02:25:00,VB_030,-9.976,0.867,89.562,228.076,317.638,1,to_from,normal,normal
2023-01-01T02:25:00,VB_031,10.517,0.809,99.545,331.864,232.319,1,from_to,normal,normal
2023-01-01T02:25:00,VB_032,-10.635,0.733,107.114,232.319,339.433,1,to_from,normal,normal
2023-01-01T02:25:00,VB_033,-11.289,1.129,114.693,245.619,360.312,1,to_from,normal,normal
2023-01-01T02:25:00,VB_034,10.917,0.949,107.257,346.781,239.524,1,from_to,normal,normal
2023-01-01T02:25:00,VB_035,-6.246,0.48,35.107,309.176,344.283,1,to_from,normal,normal
2023-01-01T02:25:00,VB_036,-13.778,0.95,177.117,352.878,529.995,1,to_from,normal,normal
2023-01-01T02:25:00,VB_037,-6.052,0.605,39.082,358.535,397.617,1,to_from,normal,normal
2023-01-01T02:25:00,VB_038,-5.773,0.502,29.994,377.501,407.495,1,to_from,normal,normal
2023-01-01T02:25:00,VB_039,5.953,0.458,37.815,402.887,365.072,1,from_to,normal,normal
2023-01-01T02:25:00,VB_040,11.122,0.767,115.419,473.955,358.536,1,from_to,normal,normal
2023-01-01T02:25:00,VB_041,-6.189,0.619,40.871,354.773,395.644,1,to_from,normal,normal
2023-01-01T02:25:00,VB_042,-10.517,0.915,111.391,368.265,479.656,1,to_from,normal,normal
2023-01-01T02:25:00,VB_043,-13.043,1.003,153.104,383.266,536.37,1,to_from,normal,normal
2023-01-01T02:25:00,VB_044,-10.501,0.724,99.248,384.879,484.127,1,to_from,normal,normal
2023-01-01T02:25:00,VB_045,11.345,1.135,115.843,517.24,401.397,1,from_to,normal,normal
2023-01-01T02:25:00,VB_046,10.061,0.875,101.934,484.2,382.266,1,from_to,normal,normal
2023-01-01T02:25:00,VB_047,7.157,0.551,54.66,420.057,365.397,1,from_to,normal,normal
2023-01-01T02:25:00,VB_048,7.468,0.515,50.197,430.068,379.871,1,from_to,normal,normal
2023-01-01T02:25:00,VB_049,-6.676,0.668,42.212,379.871,422.083,1,to_from,normal,normal
2023-01-01T02:25:00,VB_050,-6.182,0.538,34.397,397.033,431.43,1,to_from,normal,normal
2023-01-01T02:25:00,VB_051,-7.783,0.599,54.513,358.535,413.048,1,to_from,normal,normal
2023-01-01T02:25:00,VB_052,-6.237,0.43,35.014,365.072,400.086,1,to_from,normal,normal
2023-01-01T02:25:00,VB_053,-15.067,1.507,204.303,0,204.303,1,to_from,normal,normal
2023-01-01T02:25:00,VB_054,-13.449,1.169,162.777,11.822,174.599,1,to_from,normal,normal
2023-01-01T02:25:00,VB_055,7.259,0.558,47.429,59.251,11.822,1,from_to,normal,normal
2023-01-01T02:25:00,VB_056,-11.615,0.801,125.59,532.463,658.053,1,to_from,normal,normal
2023-01-01T02:25:00,VB_057,-8.087,0.809,58.864,574.037,632.901,1,to_from,normal,normal
2023-01-01T02:25:00,VB_058,13.427,1.168,162.268,749.425,587.157,1,from_to,normal,normal
2023-01-01T02:25:00,VB_059,13.066,1.005,153.657,727.971,574.314,1,from_to,normal,normal
2023-01-01T02:25:00,VB_060,11.607,0.8,121.246,672.488,551.242,1,from_to,normal,normal
2023-01-01T02:25:00,VB_061,6.857,0.686,42.317,573.956,531.639,1,from_to,normal,normal
2023-01-01T02:25:00,VB_062,7.73,0.672,53.775,589.541,535.766,1,from_to,normal,normal
2023-01-01T02:25:00,VB_063,8.933,0.687,71.815,633.266,561.451,1,from_to,normal,normal
2023-01-01T02:25:00,VB_064,-7.359,0.508,48.745,216.638,265.383,1,to_from,normal,normal
2023-01-01T02:25:00,VB_065,-6.322,0.632,35.966,220.628,256.594,1,to_from,normal,normal
2023-01-01T02:25:00,VB_066,5.471,0.476,31.932,293.04,261.108,1,from_to,normal,normal
2023-01-01T02:25:00,VB_067,-11.374,0.875,120.698,216.638,337.336,1,to_from,normal,normal
2023-01-01T02:25:00,VB_068,14.96,1.032,225.366,495.409,270.043,1,from_to,normal,normal
2023-01-01T02:25:00,VB_069,-7.785,0.779,56.549,225.293,281.842,1,to_from,normal,normal
2023-01-01T02:25:00,VB_070,6.895,0.6,50.732,315.81,265.078,1,from_to,normal,normal
2023-01-01T02:25:00,VB_071,-13.27,1.021,164.287,220.628,384.915,1,to_from,normal,normal
2023-01-01T02:25:00,VB_072,15.163,1.046,231.52,512.063,280.543,1,from_to,normal,normal
2023-01-01T02:25:00,VB_073,-6.305,0.631,37.095,235.638,272.733,1,to_from,normal,normal
2023-01-01T02:25:00,VB_074,9.449,0.822,95.262,332.37,237.108,1,from_to,normal,normal
2023-01-01T02:25:00,VB_075,11.522,0.886,141.652,387.695,246.043,1,from_to,normal,normal
2023-01-01T02:25:00,VB_076,9.746,0.672,101.341,342.419,241.078,1,from_to,normal,normal
2023-01-01T02:25:00,VB_077,10.294,1.029,113.056,369.599,256.543,1,from_to,normal,normal
2023-01-01T02:25:00,VB_078,-6.428,0.559,37.187,261.108,298.295,1,to_from,normal,normal
2023-01-01T02:25:00,VB_079,-6.64,0.511,39.677,265.078,304.755,1,to_from,normal,normal
2023-01-01T02:25:00,VB_080,-6.796,0.469,41.566,237.108,278.674,1,to_from,normal,normal
2023-01-01T02:25:00,VB_081,-6.067,0.607,33.13,241.078,274.208,1,to_from,normal,normal
2023-01-01T02:30:00,VB_001,-10.788,1.079,104.733,27.796,132.529,1,to_from,normal,normal
2023-01-01T02:30:00,VB_002,-5.992,0.521,32.315,39.993,72.308,1,to_from,normal,normal
2023-01-01T02:30:00,VB_003,-11.444,0.88,157.157,123.077,280.234,1,to_from,normal,normal
2023-01-01T02:30:00,VB_004,7.825,0.54,55.103,280.234,225.131,1,from_to,normal,normal
2023-01-01T02:30:00,VB_005,-14.228,1.423,210.545,223.906,434.451,1,to_from,normal,normal
2023-01-01T02:30:00,VB_006,-10.064,0.875,101.278,309.176,410.454,1,to_from,normal,normal
2023-01-01T02:30:00,VB_007,-8.661,0.666,67.508,377.501,445.009,1,to_from,normal,normal
2023-01-01T02:30:00,VB_008,-15.784,1.089,289.006,389.8,678.806,1,to_from,normal,normal
2023-01-01T02:30:00,VB_009,-11.541,1.154,159.836,124.339,284.175,1,to_from,normal,normal
2023-01-01T02:30:00,VB_010,9.706,0.844,84.786,324.31,239.524,1,from_to,normal,normal
2023-01-01T02:30:00,VB_011,-10.168,0.782,103.39,239.524,342.914,1,to_from,normal,normal
2023-01-01T02:30:00,VB_012,-11.984,0.827,143.625,310.873,454.498,1,to_from,normal,normal
2023-01-01T02:30:00,VB_013,-15.308,1.531,210.89,382.222,593.112,1,to_from,normal,normal
2023-01-01T02:30:00,VB_014,-19.094,1.66,408.324,407.908,816.232,1,to_from,normal,normal
2023-01-01T02:30:00,VB_015,-10.655,0.82,102.174,535.766,637.94,1,to_from,normal,normal
2023-01-01T02:30:00,VB_016,10.286,0.709,148.873,207.64,58.767,1,from_to,normal,normal
2023-01-01T02:30:00,VB_017,12.471,1.247,139.982,194.112,54.13,1,from_to,normal,normal
2023-01-01T02:30:00,VB_018,9.305,0.809,77.921,117.914,39.993,1,from_to,normal,normal
2023-01-01T02:30:00,VB_019,6.324,0.486,35.994,71.459,35.465,1,from_to,normal,normal
2023-01-01T02:30:00,VB_020,-13.183,0.909,156.413,35.465,191.878,1,to_from,normal,normal
2023-01-01T02:30:00,VB_021,-10.056,1.006,91.008,42.601,133.609,1,to_from,normal,normal
2023-01-01T02:30:00,VB_022,-9.735,0.847,133.351,58.132,191.483,1,to_from,normal,normal
2023-01-01T02:30:00,VB_023,-7.69,0.592,53.216,58.767,111.983,1,to_from,normal,normal
2023-01-01T02:30:00,VB_024,-9.189,0.634,79.968,68.529,148.497,1,to_from,normal,normal
2023-01-01T02:30:00,VB_025,5.487,0.549,27.1,85.232,58.132,1,from_to,normal,normal
2023-01-01T02:30:00,VB_026,-14.473,1.259,251.368,186.315,437.683,1,to_from,normal,normal
2023-01-01T02:30:00,VB_027,-14.543,1.119,253.793,188.989,442.782,1,to_from,normal,normal
2023-01-01T02:30:00,VB_028,-19.684,1.357,348.699,280.234,628.933,1,to_from,normal,normal
2023-01-01T02:30:00,VB_029,-8.921,0.892,71.62,223.906,295.526,1,to_from,normal,normal
2023-01-01T02:30:00,VB_030,-9.923,0.863,88.611,228.076,316.687,1,to_from,normal,normal
2023-01-01T02:30:00,VB_031,10.548,0.811,100.13,332.449,232.319,1,from_to,normal,normal
2023-01-01T02:30:00,VB_032,-10.842,0.748,111.324,232.319,343.643,1,to_from,normal,normal
2023-01-01T02:30:00,VB_033,-11.399,1.14,116.936,245.619,362.555,1,to_from,normal,normal
2023-01-01T02:30:00,VB_034,11.051,0.961,109.909,349.433,239.524,1,from_to,normal,normal
2023-01-01T02:30:00,VB_035,-6.227,0.479,34.897,309.176,344.073,1,to_from,normal,normal
2023-01-01T02:30:00,VB_036,-13.8,0.952,177.675,352.878,530.553,1,to_from,normal,normal
2023-01-01T02:30:00,VB_037,-6.001,0.6,38.431,358.535,396.966,1,to_from,normal,normal
2023-01-01T02:30:00,VB_038,-5.79,0.504,30.175,377.501,407.676,1,to_from,normal,normal
2023-01-01T02:30:00,VB_039,6.012,0.462,38.569,403.641,365.072,1,from_to,normal,normal
2023-01-01T02:30:00,VB_040,11.171,0.77,116.43,474.966,358.536,1,from_to,normal,normal
2023-01-01T02:30:00,VB_041,-6.209,0.621,41.138,354.773,395.911,1,to_from,normal,normal
2023-01-01T02:30:00,VB_042,-10.501,0.913,111.037,368.265,479.302,1,to_from,normal,normal
2023-01-01T02:30:00,VB_043,-13.061,1.005,153.523,383.266,536.789,1,to_from,normal,normal
2023-01-01T02:30:00,VB_044,-10.587,0.73,100.871,384.879,485.75,1,to_from,normal,normal
2023-01-01T02:30:00,VB_045,11.432,1.143,117.615,519.012,401.397,1,from_to,normal,normal
2023-01-01T02:30:00,VB_046,10.018,0.871,101.06,483.326,382.266,1,from_to,normal,normal
2023-01-01T02:30:00,VB_047,7.173,0.552,54.906,420.303,365.397,1,from_to,normal,normal
2023-01-01T02:30:00,VB_048,7.418,0.512,49.526,429.397,379.871,1,from_to,normal,normal
2023-01-01T02:30:00,VB_049,-6.703,0.67,42.549,379.871,422.42,1,to_from,normal,normal
2023-01-01T02:30:00,VB_050,-6.206,0.54,34.667,397.033,431.7,1,to_from,normal,normal
2023-01-01T02:30:00,VB_051,-7.757,0.597,54.151,358.535,412.686,1,to_from,normal,normal
2023-01-01T02:30:00,VB_052,-6.242,0.43,35.064,365.072,400.136,1,to_from,normal,normal
2023-01-01T02:30:00,VB_053,-15.058,1.506,204.057,0,204.057,1,to_from,normal,normal
2023-01-01T02:30:00,VB_054,-13.381,1.164,161.14,11.822,172.962,1,to_from,normal,normal
2023-01-01T02:30:00,VB_055,7.231,0.556,47.056,58.878,11.822,1,from_to,normal,normal
2023-01-01T02:30:00,VB_056,-11.567,0.798,124.57,532.463,657.033,1,to_from,normal,normal
2023-01-01T02:30:00,VB_057,-8.06,0.806,58.469,574.037,632.506,1,to_from,normal,normal
2023-01-01T02:30:00,VB_058,13.501,1.174,164.057,751.214,587.157,1,from_to,normal,normal
2023-01-01T02:30:00,VB_059,13.059,1.005,153.489,727.803,574.314,1,from_to,normal,normal
2023-01-01T02:30:00,VB_060,11.699,0.807,123.179,674.421,551.242,1,from_to,normal,normal
2023-01-01T02:30:00,VB_061,6.85,0.685,42.227,573.866,531.639,1,from_to,normal,normal
2023-01-01T02:30:00,VB_062,7.698,0.669,53.329,589.095,535.766,1,from_to,normal,normal
2023-01-01T02:30:00,VB_063,8.938,0.688,71.903,633.354,561.451,1,from_to,normal,normal
2023-01-01T02:30:00,VB_064,-7.337,0.506,48.447,216.638,265.085,1,to_from,normal,normal
2023-01-01T02:30:00,VB_065,-6.249,0.625,35.144,220.628,255.772,1,to_from,normal,normal
2023-01-01T02:30:00,VB_066,5.506,0.479,32.35,293.458,261.108,1,from_to,normal,normal
2023-01-01T02:30:00,VB_067,-11.524,0.886,123.903,216.638,340.541,1,to_from,normal,normal
2023-01-01T02:30:00,VB_068,14.925,1.029,224.326,494.369,270.043,1,from_to,normal,normal
2023-01-01T02:30:00,VB_069,-7.844,0.784,57.405,225.293,282.698,1,to_from,normal,normal
2023-01-01T02:30:00,VB_070,6.914,0.601,51.006,316.084,265.078,1,from_to,normal,normal
2023-01-01T02:30:00,VB_071,-13.252,1.019,163.858,220.628,384.486,1,to_from,normal,normal
2023-01-01T02:30:00,VB_072,15.084,1.04,229.107,509.65,280.543,1,from_to,normal,normal
2023-01-01T02:30:00,VB_073,-6.267,0.627,36.647,235.638,272.285,1,to_from,normal,normal
2023-01-01T02:30:00,VB_074,9.38,0.816,93.873,330.981,237.108,1,from_to,normal,normal
2023-01-01T02:30:00,VB_075,11.514,0.886,141.467,387.51,246.043,1,from_to,normal,normal
2023-01-01T02:30:00,VB_076,9.797,0.676,102.404,343.482,241.078,1,from_to,normal,normal
2023-01-01T02:30:00,VB_077,10.248,1.025,112.068,368.611,256.543,1,from_to,normal,normal
2023-01-01T02:30:00,VB_078,-6.476,0.563,37.744,261.108,298.852,1,to_from,normal,normal
2023-01-01T02:30:00,VB_079,-6.661,0.512,39.938,265.078,305.016,1,to_from,normal,normal
2023-01-01T02:30:00,VB_080,-6.785,0.468,41.431,237.108,278.539,1,to_from,normal,normal
2023-01-01T02:30:00,VB_081,-6.017,0.602,32.589,241.078,273.667,1,to_from,normal,normal
2023-01-01T02:35:00,VB_001,-10.802,1.08,105.016,27.796,132.812,1,to_from,normal,normal
2023-01-01T02:35:00,VB_002,-5.958,0.518,31.948,39.993,71.941,1,to_from,normal,normal
2023-01-01T02:35:00,VB_003,-11.4,0.877,155.947,124.287,280.234,1,to_from,normal,normal
2023-01-01T02:35:00,VB_004,7.817,0.539,54.999,280.234,225.235,1,from_to,normal,normal
2023-01-01T02:35:00,VB_005,-14.39,1.439,215.359,223.906,439.265,1,to_from,normal,normal
2023-01-01T02:35:00,VB_006,-10.182,0.885,103.673,309.176,412.849,1,to_from,normal,normal
2023-01-01T02:35:00,VB_007,-8.699,0.669,68.11,377.501,445.611,1,to_from,normal,normal
2023-01-01T02:35:00,VB_008,-15.782,1.088,288.918,389.8,678.718,1,to_from,normal,normal
2023-01-01T02:35:00,VB_009,-11.55,1.155,160.092,124.083,284.175,1,to_from,normal,normal
2023-01-01T02:35:00,VB_010,9.627,0.837,83.41,322.934,239.524,1,from_to,normal,normal
2023-01-01T02:35:00,VB_011,-10.177,0.783,103.57,239.524,343.094,1,to_from,normal,normal
2023-01-01T02:35:00,VB_012,-12.014,0.829,144.344,310.873,455.217,1,to_from,normal,normal
2023-01-01T02:35:00,VB_013,-15.387,1.539,213.093,382.222,595.315,1,to_from,normal,normal
2023-01-01T02:35:00,VB_014,-19.203,1.67,413,407.908,820.908,1,to_from,normal,normal
2023-01-01T02:35:00,VB_015,-10.725,0.825,103.518,535.766,639.284,1,to_from,normal,normal
2023-01-01T02:35:00,VB_016,10.3,0.71,149.272,208.039,58.767,1,from_to,normal,normal
2023-01-01T02:35:00,VB_017,12.513,1.251,140.919,195.049,54.13,1,from_to,normal,normal
2023-01-01T02:35:00,VB_018,9.253,0.805,77.06,117.053,39.993,1,from_to,normal,normal
2023-01-01T02:35:00,VB_019,6.303,0.485,35.761,71.226,35.465,1,from_to,normal,normal
2023-01-01T02:35:00,VB_020,-13.003,0.897,152.174,35.465,187.639,1,to_from,normal,normal
2023-01-01T02:35:00,VB_021,-10.06,1.006,91.09,42.601,133.691,1,to_from,normal,normal
2023-01-01T02:35:00,VB_022,-9.828,0.855,135.9,58.132,194.032,1,to_from,normal,normal
2023-01-01T02:35:00,VB_023,-7.722,0.594,53.666,58.767,112.433,1,to_from,normal,normal
2023-01-01T02:35:00,VB_024,-9.216,0.636,80.438,68.529,148.967,1,to_from,normal,normal
2023-01-01T02:35:00,VB_025,5.483,0.548,27.061,85.193,58.132,1,from_to,normal,normal
2023-01-01T02:35:00,VB_026,-14.413,1.253,249.284,186.315,435.599,1,to_from,normal,normal
2023-01-01T02:35:00,VB_027,-14.456,1.112,250.761,188.989,439.75,1,to_from,normal,normal
2023-01-01T02:35:00,VB_028,-19.363,1.335,337.429,280.234,617.663,1,to_from,normal,normal
2023-01-01T02:35:00,VB_029,-8.788,0.879,69.508,223.906,293.414,1,to_from,normal,normal
2023-01-01T02:35:00,VB_030,-10.005,0.87,90.086,228.076,318.162,1,to_from,normal,normal
2023-01-01T02:35:00,VB_031,10.532,0.81,99.838,332.157,232.319,1,from_to,normal,normal
2023-01-01T02:35:00,VB_032,-10.898,0.752,112.47,232.319,344.789,1,to_from,normal,normal
2023-01-01T02:35:00,VB_033,-11.485,1.148,118.711,245.619,364.33,1,to_from,normal,normal
2023-01-01T02:35:00,VB_034,11.107,0.966,111.035,350.559,239.524,1,from_to,normal,normal
2023-01-01T02:35:00,VB_035,-6.249,0.481,35.142,309.176,344.318,1,to_from,normal,normal
2023-01-01T02:35:00,VB_036,-13.832,0.954,178.507,352.878,531.385,1,to_from,normal,normal
2023-01-01T02:35:00,VB_037,-5.928,0.593,37.497,358.535,396.032,1,to_from,normal,normal
2023-01-01T02:35:00,VB_038,-5.733,0.499,29.58,377.501,407.081,1,to_from,normal,normal
2023-01-01T02:35:00,VB_039,5.951,0.458,37.786,402.858,365.072,1,from_to,normal,normal
2023-01-01T02:35:00,VB_040,11.276,0.778,118.627,477.163,358.536,1,from_to,normal,normal
2023-01-01T02:35:00,VB_041,-6.202,0.62,41.047,354.773,395.82,1,to_from,normal,normal
2023-01-01T02:35:00,VB_042,-10.695,0.93,115.189,368.265,483.454,1,to_from,normal,normal
2023-01-01T02:35:00,VB_043,-13.237,1.018,157.705,383.266,540.971,1,to_from,normal,normal
2023-01-01T02:35:00,VB_044,-10.47,0.722,98.664,384.879,483.543,1,to_from,normal,normal
2023-01-01T02:35:00,VB_045,11.238,1.124,113.664,515.061,401.397,1,from_to,normal,normal
2023-01-01T02:35:00,VB_046,9.915,0.862,98.989,481.255,382.266,1,from_to,normal,normal
2023-01-01T02:35:00,VB_047,7.08,0.545,53.485,418.882,365.397,1,from_to,normal,normal
2023-01-01T02:35:00,VB_048,7.402,0.51,49.31,429.181,379.871,1,from_to,normal,normal
2023-01-01T02:35:00,VB_049,-6.669,0.667,42.112,379.871,421.983,1,to_from,normal,normal
2023-01-01T02:35:00,VB_050,-6.217,0.541,34.781,397.033,431.814,1,to_from,normal,normal
2023-01-01T02:35:00,VB_051,-7.825,0.602,55.114,358.535,413.649,1,to_from,normal,normal
2023-01-01T02:35:00,VB_052,-6.297,0.434,35.683,365.072,400.755,1,to_from,normal,normal
2023-01-01T02:35:00,VB_053,-14.884,1.488,199.392,0,199.392,1,to_from,normal,normal
2023-01-01T02:35:00,VB_054,-13.24,1.151,157.779,11.822,169.601,1,to_from,normal,normal
2023-01-01T02:35:00,VB_055,7.163,0.551,46.182,58.004,11.822,1,from_to,normal,normal
2023-01-01T02:35:00,VB_056,-11.351,0.783,119.964,532.463,652.427,1,to_from,normal,normal
2023-01-01T02:35:00,VB_057,-8.056,0.806,58.414,574.037,632.451,1,to_from,normal,normal
2023-01-01T02:35:00,VB_058,13.507,1.174,164.188,751.345,587.157,1,from_to,normal,normal
2023-01-01T02:35:00,VB_059,13.171,1.013,156.136,730.45,574.314,1,from_to,normal,normal
2023-01-01T02:35:00,VB_060,11.67,0.805,122.562,673.804,551.242,1,from_to,normal,normal
2023-01-01T02:35:00,VB_061,6.866,0.687,42.425,574.064,531.639,1,from_to,normal,normal
2023-01-01T02:35:00,VB_062,7.75,0.674,54.053,589.819,535.766,1,from_to,normal,normal
2023-01-01T02:35:00,VB_063,8.872,0.682,70.837,632.288,561.451,1,from_to,normal,normal
2023-01-01T02:35:00,VB_064,-7.285,0.502,47.759,216.638,264.397,1,to_from,normal,normal
2023-01-01T02:35:00,VB_065,-6.202,0.62,34.616,220.628,255.244,1,to_from,normal,normal
2023-01-01T02:35:00,VB_066,5.537,0.481,32.714,293.822,261.108,1,from_to,normal,normal
2023-01-01T02:35:00,VB_067,-11.459,0.881,122.501,216.638,339.139,1,to_from,normal,normal
2023-01-01T02:35:00,VB_068,15,1.034,226.578,496.621,270.043,1,from_to,normal,normal
2023-01-01T02:35:00,VB_069,-7.799,0.78,56.745,225.293,282.038,1,to_from,normal,normal
2023-01-01T02:35:00,VB_070,6.944,0.604,51.445,316.523,265.078,1,from_to,normal,normal
2023-01-01T02:35:00,VB_071,-13.106,1.008,160.271,220.628,380.899,1,to_from,normal,normal
2023-01-01T02:35:00,VB_072,15.018,1.036,227.106,507.649,280.543,1,from_to,normal,normal
2023-01-01T02:35:00,VB_073,-6.2,0.62,35.87,235.638,271.508,1,to_from,normal,normal
2023-01-01T02:35:00,VB_074,9.363,0.814,93.544,330.652,237.108,1,from_to,normal,normal
2023-01-01T02:35:00,VB_075,11.5,0.885,141.115,387.158,246.043,1,from_to,normal,normal
2023-01-01T02:35:00,VB_076,9.821,0.677,102.909,343.987,241.078,1,from_to,normal,normal
2023-01-01T02:35:00,VB_077,10.376,1.038,114.877,371.42,256.543,1,from_to,normal,normal
2023-01-01T02:35:00,VB_078,-6.505,0.566,38.081,261.108,299.189,1,to_from,normal,normal
2023-01-01T02:35:00,VB_079,-6.649,0.511,39.789,265.078,304.867,1,to_from,normal,normal
2023-01-01T02:35:00,VB_080,-6.704,0.462,40.447,237.108,277.555,1,to_from,normal,normal
2023-01-01T02:35:00,VB_081,-5.998,0.6,32.375,241.078,273.453,1,to_from,normal,normal
2023-01-01T02:40:00,VB_001,-10.721,1.072,103.439,27.796,131.235,1,to_from,normal,normal
2023-01-01T02:40:00,VB_002,-5.96,0.518,31.971,39.993,71.964,1,to_from,normal,normal
2023-01-01T02:40:00,VB_003,-11.467,0.882,157.795,122.439,280.234,1,to_from,normal,normal
2023-01-01T02:40:00,VB_004,7.922,0.546,56.479,280.385,223.906,1,from_to,normal,normal
2023-01-01T02:40:00,VB_005,-14.523,1.452,219.366,223.906,443.272,1,to_from,normal,normal
2023-01-01T02:40:00,VB_006,-10.198,0.887,104.003,309.176,413.179,1,to_from,normal,normal
2023-01-01T02:40:00,VB_007,-8.746,0.673,68.838,377.501,446.339,1,to_from,normal,normal
2023-01-01T02:40:00,VB_008,-15.868,1.094,292.09,389.8,681.89,1,to_from,normal,normal
2023-01-01T02:40:00,VB_009,-11.379,1.138,155.379,128.796,284.175,1,to_from,normal,normal
2023-01-01T02:40:00,VB_010,9.581,0.833,82.614,322.138,239.524,1,from_to,normal,normal
2023-01-01T02:40:00,VB_011,-10.172,0.782,103.469,239.524,342.993,1,to_from,normal,normal
2023-01-01T02:40:00,VB_012,-12.035,0.83,144.844,310.873,455.717,1,to_from,normal,normal
2023-01-01T02:40:00,VB_013,-15.525,1.553,216.927,382.222,599.149,1,to_from,normal,normal
2023-01-01T02:40:00,VB_014,-19.503,1.696,426.033,407.908,833.941,1,to_from,normal,normal
2023-01-01T02:40:00,VB_015,-10.918,0.84,107.282,535.766,643.048,1,to_from,normal,normal
2023-01-01T02:40:00,VB_016,10.358,0.714,150.962,209.729,58.767,1,from_to,normal,normal
2023-01-01T02:40:00,VB_017,12.473,1.247,140.02,194.15,54.13,1,from_to,normal,normal
2023-01-01T02:40:00,VB_018,9.154,0.796,75.416,115.409,39.993,1,from_to,normal,normal
2023-01-01T02:40:00,VB_019,6.259,0.481,35.257,70.722,35.465,1,from_to,normal,normal
2023-01-01T02:40:00,VB_020,-13.078,0.902,153.922,35.465,189.387,1,to_from,normal,normal
2023-01-01T02:40:00,VB_021,-10.124,1.012,92.241,42.601,134.842,1,to_from,normal,normal
2023-01-01T02:40:00,VB_022,-9.883,0.859,137.433,58.132,195.565,1,to_from,normal,normal
2023-01-01T02:40:00,VB_023,-7.719,0.594,53.631,58.767,112.398,1,to_from,normal,normal
2023-01-01T02:40:00,VB_024,-9.306,0.642,82.006,68.529,150.535,1,to_from,normal,normal
2023-01-01T02:40:00,VB_025,5.474,0.547,26.967,85.099,58.132,1,from_to,normal,normal
2023-01-01T02:40:00,VB_026,-14.303,1.244,245.481,186.315,431.796,1,to_from,normal,normal
2023-01-01T02:40:00,VB_027,-14.498,1.115,252.235,188.989,441.224,1,to_from,normal,normal
2023-01-01T02:40:00,VB_028,-19.448,1.341,340.409,280.234,620.643,1,to_from,normal,normal
2023-01-01T02:40:00,VB_029,-8.793,0.879,69.578,223.906,293.484,1,to_from,normal,normal
2023-01-01T02:40:00,VB_030,-10.046,0.874,90.821,228.076,318.897,1,to_from,normal,normal
2023-01-01T02:40:00,VB_031,10.488,0.807,99.001,331.32,232.319,1,from_to,normal,normal
2023-01-01T02:40:00,VB_032,-10.922,0.753,112.97,232.319,345.289,1,to_from,normal,normal
2023-01-01T02:40:00,VB_033,-11.592,1.159,120.947,245.619,366.566,1,to_from,normal,normal
2023-01-01T02:40:00,VB_034,11.006,0.957,109.015,348.539,239.524,1,from_to,normal,normal
2023-01-01T02:40:00,VB_035,-6.254,0.481,35.198,309.176,344.374,1,to_from,normal,normal
2023-01-01T02:40:00,VB_036,-13.682,0.944,174.663,352.878,527.541,1,to_from,normal,normal
2023-01-01T02:40:00,VB_037,-5.9,0.59,37.144,358.535,395.679,1,to_from,normal,normal
2023-01-01T02:40:00,VB_038,-5.676,0.494,29,377.501,406.501,1,to_from,normal,normal
2023-01-01T02:40:00,VB_039,6.003,0.462,38.451,403.523,365.072,1,from_to,normal,normal
2023-01-01T02:40:00,VB_040,11.216,0.774,117.379,475.915,358.536,1,from_to,normal,normal
2023-01-01T02:40:00,VB_041,-6.321,0.632,42.638,354.773,397.411,1,to_from,normal,normal
2023-01-01T02:40:00,VB_042,-10.647,0.926,114.161,368.265,482.426,1,to_from,normal,normal
2023-01-01T02:40:00,VB_043,-13.224,1.017,157.379,383.266,540.645,1,to_from,normal,normal
2023-01-01T02:40:00,VB_044,-10.496,0.724,99.154,384.879,484.033,1,to_from,normal,normal
2023-01-01T02:40:00,VB_045,11.177,1.118,112.438,513.835,401.397,1,from_to,normal,normal
2023-01-01T02:40:00,VB_046,9.988,0.868,100.453,482.719,382.266,1,from_to,normal,normal
2023-01-01T02:40:00,VB_047,7.072,0.544,53.37,418.767,365.397,1,from_to,normal,normal
2023-01-01T02:40:00,VB_048,7.482,0.516,50.385,430.256,379.871,1,from_to,normal,normal
2023-01-01T02:40:00,VB_049,-6.719,0.672,42.749,379.871,422.62,1,to_from,normal,normal
2023-01-01T02:40:00,VB_050,-6.327,0.55,36.029,397.033,433.062,1,to_from,normal,normal
2023-01-01T02:40:00,VB_051,-7.846,0.604,55.399,358.535,413.934,1,to_from,normal,normal
2023-01-01T02:40:00,VB_052,-6.296,0.434,35.675,365.072,400.747,1,to_from,normal,normal
2023-01-01T02:40:00,VB_053,-14.9,1.49,199.82,0,199.82,1,to_from,normal,normal
2023-01-01T02:40:00,VB_054,-13.217,1.149,157.22,11.822,169.042,1,to_from,normal,normal
2023-01-01T02:40:00,VB_055,7.14,0.549,45.884,57.706,11.822,1,from_to,normal,normal
2023-01-01T02:40:00,VB_056,-11.478,0.792,122.649,532.463,655.112,1,to_from,normal,normal
2023-01-01T02:40:00,VB_057,-8.055,0.805,58.392,574.037,632.429,1,to_from,normal,normal
2023-01-01T02:40:00,VB_058,13.658,1.188,167.898,755.055,587.157,1,from_to,normal,normal
2023-01-01T02:40:00,VB_059,13.345,1.027,160.29,734.604,574.314,1,from_to,normal,normal
2023-01-01T02:40:00,VB_060,11.84,0.817,126.159,677.401,551.242,1,from_to,normal,normal
2023-01-01T02:40:00,VB_061,6.904,0.69,42.904,574.543,531.639,1,from_to,normal,normal
2023-01-01T02:40:00,VB_062,7.657,0.666,52.772,588.538,535.766,1,from_to,normal,normal
2023-01-01T02:40:00,VB_063,8.86,0.682,70.642,632.093,561.451,1,from_to,normal,normal
2023-01-01T02:40:00,VB_064,-7.199,0.496,46.644,216.638,263.282,1,to_from,normal,normal
2023-01-01T02:40:00,VB_065,-6.214,0.621,34.747,220.628,255.375,1,to_from,normal,normal
2023-01-01T02:40:00,VB_066,5.476,0.476,31.998,293.106,261.108,1,from_to,normal,normal
2023-01-01T02:40:00,VB_067,-11.457,0.881,122.478,216.638,339.116,1,to_from,normal,normal
2023-01-01T02:40:00,VB_068,15.116,1.042,230.082,500.125,270.043,1,from_to,normal,normal
2023-01-01T02:40:00,VB_069,-7.875,0.787,57.855,225.293,283.148,1,to_from,normal,normal
2023-01-01T02:40:00,VB_070,6.977,0.607,51.945,317.023,265.078,1,from_to,normal,normal
2023-01-01T02:40:00,VB_071,-13.113,1.009,160.423,220.628,381.051,1,to_from,normal,normal
2023-01-01T02:40:00,VB_072,14.939,1.03,224.741,505.284,280.543,1,from_to,normal,normal
2023-01-01T02:40:00,VB_073,-6.216,0.622,36.054,235.638,271.692,1,to_from,normal,normal
2023-01-01T02:40:00,VB_074,9.35,0.813,93.286,330.394,237.108,1,from_to,normal,normal
2023-01-01T02:40:00,VB_075,11.399,0.877,138.647,384.69,246.043,1,from_to,normal,normal
2023-01-01T02:40:00,VB_076,9.807,0.676,102.631,343.709,241.078,1,from_to,normal,normal
2023-01-01T02:40:00,VB_077,10.485,1.048,117.294,373.837,256.543,1,from_to,normal,normal
2023-01-01T02:40:00,VB_078,-6.516,0.567,38.217,261.108,299.325,1,to_from,normal,normal
2023-01-01T02:40:00,VB_079,-6.674,0.513,40.085,265.078,305.163,1,to_from,normal,normal
2023-01-01T02:40:00,VB_080,-6.718,0.463,40.62,237.108,277.728,1,to_from,normal,normal
2023-01-01T02:40:00,VB_081,-6.014,0.601,32.553,241.078,273.631,1,to_from,normal,normal
2023-01-01T02:45:00,VB_001,-10.69,1.069,102.854,27.796,130.65,1,to_from,normal,normal
2023-01-01T02:45:00,VB_002,-5.949,0.517,31.85,39.993,71.843,1,to_from,normal,normal
2023-01-01T02:45:00,VB_003,-11.473,0.883,157.952,122.282,280.234,1,to_from,normal,normal
2023-01-01T02:45:00,VB_004,7.908,0.545,56.278,280.234,223.956,1,from_to,normal,normal
2023-01-01T02:45:00,VB_005,-14.537,1.454,219.78,223.906,443.686,1,to_from,normal,normal
2023-01-01T02:45:00,VB_006,-10.319,0.897,106.48,309.176,415.656,1,to_from,normal,normal
2023-01-01T02:45:00,VB_007,-8.769,0.675,69.207,377.501,446.708,1,to_from,normal,normal
2023-01-01T02:45:00,VB_008,-15.688,1.082,285.494,389.8,675.294,1,to_from,normal,normal
2023-01-01T02:45:00,VB_009,-11.444,1.144,157.161,127.014,284.175,1,to_from,normal,normal
2023-01-01T02:45:00,VB_010,9.507,0.827,81.343,320.867,239.524,1,from_to,normal,normal
2023-01-01T02:45:00,VB_011,-10.038,0.772,100.771,239.524,340.295,1,to_from,normal,normal
2023-01-01T02:45:00,VB_012,-12.069,0.832,145.66,310.873,456.533,1,to_from,normal,normal
2023-01-01T02:45:00,VB_013,-15.361,1.536,212.375,382.222,594.597,1,to_from,normal,normal
2023-01-01T02:45:00,VB_014,-19.594,1.704,429.982,407.908,837.89,1,to_from,normal,normal
2023-01-01T02:45:00,VB_015,-10.922,0.84,107.369,535.766,643.135,1,to_from,normal,normal
2023-01-01T02:45:00,VB_016,10.412,0.718,152.536,211.303,58.767,1,from_to,normal,normal
2023-01-01T02:45:00,VB_017,12.526,1.253,141.216,195.346,54.13,1,from_to,normal,normal
2023-01-01T02:45:00,VB_018,9.166,0.797,75.617,115.61,39.993,1,from_to,normal,normal
2023-01-01T02:45:00,VB_019,6.218,0.478,34.795,70.26,35.465,1,from_to,normal,normal
2023-01-01T02:45:00,VB_020,-12.862,0.887,148.885,35.465,184.35,1,to_from,normal,normal
2023-01-01T02:45:00,VB_021,-10.057,1.006,91.021,42.601,133.622,1,to_from,normal,normal
2023-01-01T02:45:00,VB_022,-9.96,0.866,139.565,58.132,197.697,1,to_from,normal,normal
2023-01-01T02:45:00,VB_023,-7.777,0.598,54.44,58.767,113.207,1,to_from,normal,normal
2023-01-01T02:45:00,VB_024,-9.353,0.645,82.835,68.529,151.364,1,to_from,normal,normal
2023-01-01T02:45:00,VB_025,5.483,0.548,27.057,85.189,58.132,1,from_to,normal,normal
2023-01-01T02:45:00,VB_026,-14.32,1.245,246.089,186.315,432.404,1,to_from,normal,normal
2023-01-01T02:45:00,VB_027,-14.336,1.103,246.638,188.989,435.627,1,to_from,normal,normal
2023-01-01T02:45:00,VB_028,-19.291,1.33,334.925,280.234,615.159,1,to_from,normal,normal
2023-01-01T02:45:00,VB_029,-8.729,0.873,68.578,223.906,292.484,1,to_from,normal,normal
2023-01-01T02:45:00,VB_030,-10.026,0.872,90.477,228.076,318.553,1,to_from,normal,normal
2023-01-01T02:45:00,VB_031,10.658,0.82,102.228,334.547,232.319,1,from_to,normal,normal
2023-01-01T02:45:00,VB_032,-10.905,0.752,112.618,232.319,344.937,1,to_from,normal,normal
2023-01-01T02:45:00,VB_033,-11.653,1.165,122.21,245.619,367.829,1,to_from,normal,normal
2023-01-01T02:45:00,VB_034,11.096,0.965,110.817,350.341,239.524,1,from_to,normal,normal
2023-01-01T02:45:00,VB_035,-6.205,0.477,34.646,309.176,343.822,1,to_from,normal,normal
2023-01-01T02:45:00,VB_036,-13.521,0.933,170.578,352.878,523.456,1,to_from,normal,normal
2023-01-01T02:45:00,VB_037,-5.897,0.59,37.103,358.535,395.638,1,to_from,normal,normal
2023-01-01T02:45:00,VB_038,-5.698,0.495,29.221,377.501,406.722,1,to_from,normal,normal
2023-01-01T02:45:00,VB_039,5.967,0.459,37.985,403.057,365.072,1,from_to,normal,normal
2023-01-01T02:45:00,VB_040,11.236,0.775,117.788,476.324,358.536,1,from_to,normal,normal
2023-01-01T02:45:00,VB_041,-6.327,0.633,42.713,354.773,397.486,1,to_from,normal,normal
2023-01-01T02:45:00,VB_042,-10.724,0.933,115.806,368.265,484.071,1,to_from,normal,normal
2023-01-01T02:45:00,VB_043,-13.204,1.016,156.916,383.266,540.182,1,to_from,normal,normal
2023-01-01T02:45:00,VB_044,-10.517,0.725,99.55,384.879,484.429,1,to_from,normal,normal
2023-01-01T02:45:00,VB_045,11.147,1.115,111.825,513.222,401.397,1,from_to,normal,normal
2023-01-01T02:45:00,VB_046,9.881,0.859,98.321,480.587,382.266,1,from_to,normal,normal
2023-01-01T02:45:00,VB_047,7.108,0.547,53.911,419.308,365.397,1,from_to,normal,normal
2023-01-01T02:45:00,VB_048,7.436,0.513,49.763,429.634,379.871,1,from_to,normal,normal
2023-01-01T02:45:00,VB_049,-6.745,0.675,43.088,379.871,422.959,1,to_from,normal,normal
2023-01-01T02:45:00,VB_050,-6.321,0.55,35.958,397.033,432.991,1,to_from,normal,normal
2023-01-01T02:45:00,VB_051,-7.882,0.606,55.919,358.535,414.454,1,to_from,normal,normal
2023-01-01T02:45:00,VB_052,-6.333,0.437,36.094,365.072,401.166,1,to_from,normal,normal
2023-01-01T02:45:00,VB_053,-14.974,1.497,201.795,0,201.795,1,to_from,normal,normal
2023-01-01T02:45:00,VB_054,-13.176,1.146,156.24,11.822,168.062,1,to_from,normal,normal
2023-01-01T02:45:00,VB_055,7.177,0.552,46.353,58.175,11.822,1,from_to,normal,normal
2023-01-01T02:45:00,VB_056,-11.324,0.781,119.377,532.463,651.84,1,to_from,normal,normal
2023-01-01T02:45:00,VB_057,-8.089,0.809,58.884,574.037,632.921,1,to_from,normal,normal
2023-01-01T02:45:00,VB_058,13.78,1.198,170.892,758.049,587.157,1,from_to,normal,normal
2023-01-01T02:45:00,VB_059,13.33,1.025,159.921,734.235,574.314,1,from_to,normal,normal
2023-01-01T02:45:00,VB_060,11.919,0.822,127.863,679.105,551.242,1,from_to,normal,normal
2023-01-01T02:45:00,VB_061,6.916,0.692,43.043,574.682,531.639,1,from_to,normal,normal
2023-01-01T02:45:00,VB_062,7.724,0.672,53.69,589.456,535.766,1,from_to,normal,normal
2023-01-01T02:45:00,VB_063,8.848,0.681,70.458,631.909,561.451,1,from_to,normal,normal
2023-01-01T02:45:00,VB_064,-7.169,0.494,46.254,216.638,262.892,1,to_from,normal,normal
2023-01-01T02:45:00,VB_065,-6.155,0.616,34.097,220.628,254.725,1,to_from,normal,normal
2023-01-01T02:45:00,VB_066,5.552,0.483,32.889,293.997,261.108,1,from_to,normal,normal
2023-01-01T02:45:00,VB_067,-11.616,0.894,125.89,216.638,342.528,1,to_from,normal,normal
2023-01-01T02:45:00,VB_068,15.314,1.056,236.15,506.193,270.043,1,from_to,normal,normal
2023-01-01T02:45:00,VB_069,-7.867,0.787,57.743,225.293,283.036,1,to_from,normal,normal
2023-01-01T02:45:00,VB_070,6.966,0.606,51.77,316.848,265.078,1,from_to,normal,normal
2023-01-01T02:45:00,VB_071,-13.017,1.001,158.087,220.628,378.715,1,to_from,normal,normal
2023-01-01T02:45:00,VB_072,14.795,1.02,220.417,500.96,280.543,1,from_to,normal,normal
2023-01-01T02:45:00,VB_073,-6.169,0.617,35.508,235.638,271.146,1,to_from,normal,normal
2023-01-01T02:45:00,VB_074,9.353,0.813,93.348,330.456,237.108,1,from_to,normal,normal
2023-01-01T02:45:00,VB_075,11.442,0.88,139.686,385.729,246.043,1,from_to,normal,normal
2023-01-01T02:45:00,VB_076,9.892,0.682,104.4,345.478,241.078,1,from_to,normal,normal
2023-01-01T02:45:00,VB_077,10.506,1.051,117.782,374.325,256.543,1,from_to,normal,normal
2023-01-01T02:45:00,VB_078,-6.565,0.571,38.785,261.108,299.893,1,to_from,normal,normal
2023-01-01T02:45:00,VB_079,-6.655,0.512,39.864,265.078,304.942,1,to_from,normal,normal
2023-01-01T02:45:00,VB_080,-6.666,0.46,39.991,237.108,277.099,1,to_from,normal,normal
2023-01-01T02:45:00,VB_081,-5.98,0.598,32.187,241.078,273.265,1,to_from,normal,normal
2023-01-01T02:50:00,VB_001,-10.583,1.058,100.804,27.796,128.6,1,to_from,normal,normal
2023-01-01T02:50:00,VB_002,-5.899,0.513,31.322,39.993,71.315,1,to_from,normal,normal
2023-01-01T02:50:00,VB_003,-11.389,0.876,155.646,124.588,280.234,1,to_from,normal,normal
2023-01-01T02:50:00,VB_004,7.915,0.546,56.383,280.289,223.906,1,from_to,normal,normal
2023-01-01T02:50:00,VB_005,-14.639,1.464,222.885,223.906,446.791,1,to_from,normal,normal
2023-01-01T02:50:00,VB_006,-10.386,0.903,107.877,309.176,417.053,1,to_from,normal,normal
2023-01-01T02:50:00,VB_007,-8.691,0.669,67.974,377.501,445.475,1,to_from,normal,normal
2023-01-01T02:50:00,VB_008,-15.715,1.084,286.46,389.8,676.26,1,to_from,normal,normal
2023-01-01T02:50:00,VB_009,-11.397,1.14,155.868,128.307,284.175,1,to_from,normal,normal
2023-01-01T02:50:00,VB_010,9.495,0.826,81.132,320.656,239.524,1,from_to,normal,normal
2023-01-01T02:50:00,VB_011,-10.056,0.774,101.132,239.524,340.656,1,to_from,normal,normal
2023-01-01T02:50:00,VB_012,-12.071,0.832,145.705,310.873,456.578,1,to_from,normal,normal
2023-01-01T02:50:00,VB_013,-15.459,1.546,215.079,382.222,597.301,1,to_from,normal,normal
2023-01-01T02:50:00,VB_014,-19.483,1.694,425.128,407.908,833.036,1,to_from,normal,normal
2023-01-01T02:50:00,VB_015,-10.979,0.845,108.476,535.766,644.242,1,to_from,normal,normal
2023-01-01T02:50:00,VB_016,10.412,0.718,152.543,211.31,58.767,1,from_to,normal,normal
2023-01-01T02:50:00,VB_017,12.36,1.236,137.496,191.626,54.13,1,from_to,normal,normal
2023-01-01T02:50:00,VB_018,9.102,0.791,74.564,114.557,39.993,1,from_to,normal,normal
2023-01-01T02:50:00,VB_019,6.175,0.475,34.313,69.778,35.465,1,from_to,normal,normal
2023-01-01T02:50:00,VB_020,-12.874,0.888,149.171,35.465,184.636,1,to_from,normal,normal
2023-01-01T02:50:00,VB_021,-10.186,1.019,93.371,42.601,135.972,1,to_from,normal,normal
2023-01-01T02:50:00,VB_022,-9.917,0.862,138.371,58.132,196.503,1,to_from,normal,normal
2023-01-01T02:50:00,VB_023,-7.811,0.601,54.917,58.767,113.684,1,to_from,normal,normal
2023-01-01T02:50:00,VB_024,-9.368,0.646,83.114,68.529,151.643,1,to_from,normal,normal
2023-01-01T02:50:00,VB_025,5.474,0.547,26.969,85.101,58.132,1,from_to,normal,normal
2023-01-01T02:50:00,VB_026,-14.228,1.237,242.936,186.315,429.251,1,to_from,normal,normal
2023-01-01T02:50:00,VB_027,-14.254,1.096,243.799,188.989,432.788,1,to_from,normal,normal
2023-01-01T02:50:00,VB_028,-19.105,1.318,328.512,280.234,608.746,1,to_from,normal,normal
2023-01-01T02:50:00,VB_029,-8.769,0.877,69.202,223.906,293.108,1,to_from,normal,normal
2023-01-01T02:50:00,VB_030,-9.992,0.869,89.853,228.076,317.929,1,to_from,normal,normal
2023-01-01T02:50:00,VB_031,10.642,0.819,101.932,334.251,232.319,1,from_to,normal,normal
2023-01-01T02:50:00,VB_032,-10.981,0.757,114.192,232.319,346.511,1,to_from,normal,normal
2023-01-01T02:50:00,VB_033,-11.689,1.169,122.979,245.619,368.598,1,to_from,normal,normal
2023-01-01T02:50:00,VB_034,11.036,0.96,109.614,349.138,239.524,1,from_to,normal,normal
2023-01-01T02:50:00,VB_035,-6.183,0.476,34.405,309.176,343.581,1,to_from,normal,normal
2023-01-01T02:50:00,VB_036,-13.412,0.925,167.84,352.878,520.718,1,to_from,normal,normal
2023-01-01T02:50:00,VB_037,-5.891,0.589,37.029,358.535,395.564,1,to_from,normal,normal
2023-01-01T02:50:00,VB_038,-5.656,0.492,28.791,377.501,406.292,1,to_from,normal,normal
2023-01-01T02:50:00,VB_039,6.037,0.464,38.883,403.955,365.072,1,from_to,normal,normal
2023-01-01T02:50:00,VB_040,11.359,0.783,120.392,478.928,358.536,1,from_to,normal,normal
2023-01-01T02:50:00,VB_041,-6.388,0.639,43.54,354.773,398.313,1,to_from,normal,normal
2023-01-01T02:50:00,VB_042,-10.824,0.941,117.974,368.265,486.239,1,to_from,normal,normal
2023-01-01T02:50:00,VB_043,-13.295,1.023,159.08,383.266,542.346,1,to_from,normal,normal
2023-01-01T02:50:00,VB_044,-10.398,0.717,97.299,384.879,482.178,1,to_from,normal,normal
2023-01-01T02:50:00,VB_045,11.1,1.11,110.891,512.288,401.397,1,from_to,normal,normal
2023-01-01T02:50:00,VB_046,9.797,0.852,96.657,478.923,382.266,1,from_to,normal,normal
2023-01-01T02:50:00,VB_047,7.076,0.544,53.431,418.828,365.397,1,from_to,normal,normal
2023-01-01T02:50:00,VB_048,7.446,0.514,49.898,429.769,379.871,1,from_to,normal,normal
2023-01-01T02:50:00,VB_049,-6.786,0.679,43.61,379.871,423.481,1,to_from,normal,normal
2023-01-01T02:50:00,VB_050,-6.367,0.554,36.479,397.033,433.512,1,to_from,normal,normal
2023-01-01T02:50:00,VB_051,-7.999,0.615,57.591,358.535,416.126,1,to_from,normal,normal
2023-01-01T02:50:00,VB_052,-6.265,0.432,35.323,365.072,400.395,1,to_from,normal,normal
2023-01-01T02:50:00,VB_053,-14.828,1.483,197.879,0,197.879,1,to_from,normal,normal
2023-01-01T02:50:00,VB_054,-13.044,1.134,153.131,11.822,164.953,1,to_from,normal,normal
2023-01-01T02:50:00,VB_055,7.116,0.547,45.568,57.39,11.822,1,from_to,normal,normal
2023-01-01T02:50:00,VB_056,-11.281,0.778,118.486,532.463,650.949,1,to_from,normal,normal
2023-01-01T02:50:00,VB_057,-8.162,0.816,59.962,574.037,633.999,1,to_from,normal,normal
2023-01-01T02:50:00,VB_058,13.693,1.191,168.741,755.898,587.157,1,from_to,normal,normal
2023-01-01T02:50:00,VB_059,13.432,1.033,162.38,736.694,574.314,1,from_to,normal,normal
2023-01-01T02:50:00,VB_060,11.985,0.827,129.281,680.523,551.242,1,from_to,normal,normal
2023-01-01T02:50:00,VB_061,6.857,0.686,42.318,573.957,531.639,1,from_to,normal,normal
2023-01-01T02:50:00,VB_062,7.654,0.666,52.721,588.487,535.766,1,from_to,normal,normal
2023-01-01T02:50:00,VB_063,8.768,0.674,69.194,630.645,561.451,1,from_to,normal,normal
2023-01-01T02:50:00,VB_064,-7.078,0.488,45.09,216.638,261.728,1,to_from,normal,normal
2023-01-01T02:50:00,VB_065,-6.173,0.617,34.292,220.628,254.92,1,to_from,normal,normal
2023-01-01T02:50:00,VB_066,5.518,0.48,32.492,293.6,261.108,1,from_to,normal,normal
2023-01-01T02:50:00,VB_067,-11.702,0.9,127.763,216.638,344.401,1,to_from,normal,normal
2023-01-01T02:50:00,VB_068,15.256,1.052,234.372,504.415,270.043,1,from_to,normal,normal
2023-01-01T02:50:00,VB_069,-7.953,0.795,59.019,225.293,284.312,1,to_from,normal,normal
2023-01-01T02:50:00,VB_070,7.012,0.61,52.465,317.543,265.078,1,from_to,normal,normal
2023-01-01T02:50:00,VB_071,-13.054,1.004,158.994,220.628,379.622,1,to_from,normal,normal
2023-01-01T02:50:00,VB_072,14.813,1.022,220.957,501.5,280.543,1,from_to,normal,normal
2023-01-01T02:50:00,VB_073,-6.12,0.612,34.942,235.638,270.58,1,to_from,normal,normal
2023-01-01T02:50:00,VB_074,9.307,0.809,92.43,329.538,237.108,1,from_to,normal,normal
2023-01-01T02:50:00,VB_075,11.495,0.884,140.994,387.037,246.043,1,from_to,normal,normal
2023-01-01T02:50:00,VB_076,9.911,0.683,104.799,345.877,241.078,1,from_to,normal,normal
2023-01-01T02:50:00,VB_077,10.603,1.06,119.963,376.506,256.543,1,from_to,normal,normal
2023-01-01T02:50:00,VB_078,-6.569,0.571,38.837,261.108,299.945,1,to_from,normal,normal
2023-01-01T02:50:00,VB_079,-6.616,0.509,39.393,265.078,304.471,1,to_from,normal,normal
2023-01-01T02:50:00,VB_080,-6.721,0.464,40.652,237.108,277.76,1,to_from,normal,normal
2023-01-01T02:50:00,VB_081,-5.909,0.591,31.423,241.078,272.501,1,to_from,normal,normal
2023-01-01T02:55:00,VB_001,-10.582,1.058,100.779,27.796,128.575,1,to_from,normal,normal
2023-01-01T02:55:00,VB_002,-5.933,0.516,31.684,39.993,71.677,1,to_from,normal,normal
2023-01-01T02:55:00,VB_003,-11.481,0.883,158.185,122.049,280.234,1,to_from,normal,normal
2023-01-01T02:55:00,VB_004,8.027,0.554,57.996,281.902,223.906,1,from_to,normal,normal
2023-01-01T02:55:00,VB_005,-14.853,1.485,229.44,223.906,453.346,1,to_from,normal,normal
2023-01-01T02:55:00,VB_006,-10.319,0.897,106.487,309.176,415.663,1,to_from,normal,normal
2023-01-01T02:55:00,VB_007,-8.724,0.671,68.498,377.501,445.999,1,to_from,normal,normal
2023-01-01T02:55:00,VB_008,-15.707,1.083,286.201,389.8,676.001,1,to_from,normal,normal
2023-01-01T02:55:00,VB_009,-11.323,1.132,153.847,130.328,284.175,1,to_from,normal,normal
2023-01-01T02:55:00,VB_010,9.495,0.826,81.134,320.658,239.524,1,from_to,normal,normal
2023-01-01T02:55:00,VB_011,-10.103,0.777,102.063,239.524,341.587,1,to_from,normal,normal
2023-01-01T02:55:00,VB_012,-12.101,0.835,146.43,310.873,457.303,1,to_from,normal,normal
2023-01-01T02:55:00,VB_013,-15.697,1.57,221.765,382.222,603.987,1,to_from,normal,normal
2023-01-01T02:55:00,VB_014,-19.768,1.719,437.679,407.908,845.587,1,to_from,normal,normal
2023-01-01T02:55:00,VB_015,-10.964,0.843,108.183,535.766,643.949,1,to_from,normal,normal
2023-01-01T02:55:00,VB_016,10.438,0.72,153.286,212.053,58.767,1,from_to,normal,normal
2023-01-01T02:55:00,VB_017,12.308,1.231,136.345,190.475,54.13,1,from_to,normal,normal
2023-01-01T02:55:00,VB_018,9.093,0.791,74.411,114.404,39.993,1,from_to,normal,normal
2023-01-01T02:55:00,VB_019,6.163,0.474,34.182,69.647,35.465,1,from_to,normal,normal
2023-01-01T02:55:00,VB_020,-12.76,0.88,146.53,35.465,181.995,1,to_from,normal,normal
2023-01-01T02:55:00,VB_021,-10.168,1.017,93.049,42.601,135.65,1,to_from,normal,normal
2023-01-01T02:55:00,VB_022,-10.051,0.874,142.148,58.132,200.28,1,to_from,normal,normal
2023-01-01T02:55:00,VB_023,-7.841,0.603,55.334,58.767,114.101,1,to_from,normal,normal
2023-01-01T02:55:00,VB_024,-9.36,0.646,82.974,68.529,151.503,1,to_from,normal,normal
2023-01-01T02:55:00,VB_025,5.486,0.549,27.087,85.219,58.132,1,from_to,normal,normal
2023-01-01T02:55:00,VB_026,-14.283,1.242,244.789,186.315,431.104,1,to_from,normal,normal
2023-01-01T02:55:00,VB_027,-14.163,1.089,240.718,188.989,429.707,1,to_from,normal,normal
2023-01-01T02:55:00,VB_028,-18.892,1.303,321.208,280.234,601.442,1,to_from,normal,normal
2023-01-01T02:55:00,VB_029,-8.744,0.874,68.805,223.906,292.711,1,to_from,normal,normal
2023-01-01T02:55:00,VB_030,-9.987,0.868,89.773,228.076,317.849,1,to_from,normal,normal
2023-01-01T02:55:00,VB_031,10.702,0.823,103.084,335.403,232.319,1,from_to,normal,normal
2023-01-01T02:55:00,VB_032,-11.121,0.767,117.113,232.319,349.432,1,to_from,normal,normal
2023-01-01T02:55:00,VB_033,-11.744,1.174,124.124,245.619,369.743,1,to_from,normal,normal
2023-01-01T02:55:00,VB_034,10.997,0.956,108.837,348.361,239.524,1,from_to,normal,normal
2023-01-01T02:55:00,VB_035,-6.18,0.475,34.372,309.176,343.548,1,to_from,normal,normal
2023-01-01T02:55:00,VB_036,-13.46,0.928,169.021,352.878,521.899,1,to_from,normal,normal
2023-01-01T02:55:00,VB_037,-5.787,0.579,35.728,358.535,394.263,1,to_from,normal,normal
2023-01-01T02:55:00,VB_038,-5.626,0.489,28.489,377.501,405.99,1,to_from,normal,normal
2023-01-01T02:55:00,VB_039,6.047,0.465,39.017,404.089,365.072,1,from_to,normal,normal
2023-01-01T02:55:00,VB_040,11.421,0.788,121.693,480.229,358.536,1,from_to,normal,normal
2023-01-01T02:55:00,VB_041,-6.397,0.64,43.662,354.773,398.435,1,to_from,normal,normal
2023-01-01T02:55:00,VB_042,-10.81,0.94,117.664,368.265,485.929,1,to_from,normal,normal
2023-01-01T02:55:00,VB_043,-13.217,1.017,157.225,383.266,540.491,1,to_from,normal,normal
2023-01-01T02:55:00,VB_044,-10.394,0.717,97.225,384.879,482.104,1,to_from,normal,normal
2023-01-01T02:55:00,VB_045,11.089,1.109,110.679,512.076,401.397,1,from_to,normal,normal
2023-01-01T02:55:00,VB_046,9.716,0.845,95.059,477.325,382.266,1,from_to,normal,normal
2023-01-01T02:55:00,VB_047,7.041,0.542,52.9,418.297,365.397,1,from_to,normal,normal
2023-01-01T02:55:00,VB_048,7.476,0.516,50.3,430.171,379.871,1,from_to,normal,normal
2023-01-01T02:55:00,VB_049,-6.867,0.687,44.662,379.871,424.533,1,to_from,normal,normal
2023-01-01T02:55:00,VB_050,-6.452,0.561,37.47,397.033,434.503,1,to_from,normal,normal
2023-01-01T02:55:00,VB_051,-7.947,0.611,56.834,358.535,415.369,1,to_from,normal,normal
2023-01-01T02:55:00,VB_052,-6.322,0.436,35.97,365.072,401.042,1,to_from,normal,normal
2023-01-01T02:55:00,VB_053,-14.859,1.486,198.708,0,198.708,1,to_from,normal,normal
2023-01-01T02:55:00,VB_054,-12.848,1.117,148.561,11.822,160.383,1,to_from,normal,normal
2023-01-01T02:55:00,VB_055,7.015,0.54,44.293,56.115,11.822,1,from_to,normal,normal
2023-01-01T02:55:00,VB_056,-11.373,0.784,120.41,532.463,652.873,1,to_from,normal,normal
2023-01-01T02:55:00,VB_057,-8.188,0.819,60.345,574.037,634.382,1,to_from,normal,normal
2023-01-01T02:55:00,VB_058,13.838,1.203,172.346,759.503,587.157,1,from_to,normal,normal
2023-01-01T02:55:00,VB_059,13.462,1.036,163.094,737.408,574.314,1,from_to,normal,normal
2023-01-01T02:55:00,VB_060,11.965,0.825,128.836,680.078,551.242,1,from_to,normal,normal
2023-01-01T02:55:00,VB_061,6.88,0.688,42.604,574.243,531.639,1,from_to,normal,normal
2023-01-01T02:55:00,VB_062,7.627,0.663,52.36,588.126,535.766,1,from_to,normal,normal
2023-01-01T02:55:00,VB_063,8.746,0.673,68.846,630.297,561.451,1,from_to,normal,normal
2023-01-01T02:55:00,VB_064,-7.116,0.491,45.573,216.638,262.211,1,to_from,normal,normal
2023-01-01T02:55:00,VB_065,-6.174,0.617,34.31,220.628,254.938,1,to_from,normal,normal
2023-01-01T02:55:00,VB_066,5.561,0.484,32.992,294.1,261.108,1,from_to,normal,normal
2023-01-01T02:55:00,VB_067,-11.777,0.906,129.411,216.638,346.049,1,to_from,normal,normal
2023-01-01T02:55:00,VB_068,15.42,1.063,239.454,509.497,270.043,1,from_to,normal,normal
2023-01-01T02:55:00,VB_069,-8.003,0.8,59.751,225.293,285.044,1,to_from,normal,normal
2023-01-01T02:55:00,VB_070,6.982,0.607,52.01,317.088,265.078,1,from_to,normal,normal
2023-01-01T02:55:00,VB_071,-12.897,0.992,155.194,220.628,375.822,1,to_from,normal,normal
2023-01-01T02:55:00,VB_072,14.723,1.015,218.295,498.838,280.543,1,from_to,normal,normal
2023-01-01T02:55:00,VB_073,-6.101,0.61,34.724,235.638,270.362,1,to_from,normal,normal
2023-01-01T02:55:00,VB_074,9.332,0.812,92.931,330.039,237.108,1,from_to,normal,normal
2023-01-01T02:55:00,VB_075,11.53,0.887,141.855,387.898,246.043,1,from_to,normal,normal
2023-01-01T02:55:00,VB_076,9.917,0.684,104.933,346.011,241.078,1,from_to,normal,normal
2023-01-01T02:55:00,VB_077,10.543,1.054,118.595,375.138,256.543,1,from_to,normal,normal
2023-01-01T02:55:00,VB_078,-6.618,0.576,39.421,261.108,300.529,1,to_from,normal,normal
2023-01-01T02:55:00,VB_079,-6.615,0.509,39.383,265.078,304.461,1,to_from,normal,normal
2023-01-01T02:55:00,VB_080,-6.647,0.458,39.768,237.108,276.876,1,to_from,normal,normal
2023-01-01T02:55:00,VB_081,-5.872,0.587,31.035,241.078,272.113,1,to_from,normal,normal
2023-01-01T03:00:00,VB_001,-10.531,1.053,99.811,27.796,127.607,1,to_from,normal,normal
2023-01-01T03:00:00,VB_002,-5.905,0.513,31.379,39.993,71.372,1,to_from,normal,normal
2023-01-01T03:00:00,VB_003,-11.446,0.88,157.212,123.022,280.234,1,to_from,normal,normal
2023-01-01T03:00:00,VB_004,8.038,0.554,58.146,282.052,223.906,1,from_to,normal,normal
2023-01-01T03:00:00,VB_005,-14.93,1.493,231.829,223.906,455.735,1,to_from,normal,normal
2023-01-01T03:00:00,VB_006,-10.47,0.91,109.619,309.176,418.795,1,to_from,normal,normal
2023-01-01T03:00:00,VB_007,-8.734,0.672,68.653,377.501,446.154,1,to_from,normal,normal
2023-01-01T03:00:00,VB_008,-15.667,1.08,284.725,389.8,674.525,1,to_from,normal,normal
2023-01-01T03:00:00,VB_009,-11.239,1.124,151.58,132.595,284.175,1,to_from,normal,normal
2023-01-01T03:00:00,VB_010,9.327,0.811,78.289,317.813,239.524,1,from_to,normal,normal
2023-01-01T03:00:00,VB_011,-10.057,0.774,101.142,239.524,340.666,1,to_from,normal,normal
2023-01-01T03:00:00,VB_012,-12.034,0.83,144.808,310.873,455.681,1,to_from,normal,normal
2023-01-01T03:00:00,VB_013,-15.642,1.564,220.198,382.222,602.42,1,to_from,normal,normal
2023-01-01T03:00:00,VB_014,-19.899,1.73,443.493,407.908,851.401,1,to_from,normal,normal
2023-01-01T03:00:00,VB_015,-11.008,0.847,109.068,535.766,644.834,1,to_from,normal,normal
2023-01-01T03:00:00,VB_016,10.371,0.715,151.338,210.105,58.767,1,from_to,normal,normal
2023-01-01T03:00:00,VB_017,12.405,1.241,138.496,192.626,54.13,1,from_to,normal,normal
2023-01-01T03:00:00,VB_018,8.95,0.778,72.084,112.077,39.993,1,from_to,normal,normal
2023-01-01T03:00:00,VB_019,6.085,0.468,33.324,68.789,35.465,1,from_to,normal,normal
2023-01-01T03:00:00,VB_020,-12.845,0.886,148.498,35.465,183.963,1,to_from,normal,normal
2023-01-01T03:00:00,VB_021,-10.225,1.022,94.09,42.601,136.691,1,to_from,normal,normal
2023-01-01T03:00:00,VB_022,-10.006,0.87,140.863,58.132,198.995,1,to_from,normal,normal
2023-01-01T03:00:00,VB_023,-7.972,0.613,57.201,58.767,115.968,1,to_from,normal,normal
2023-01-01T03:00:00,VB_024,-9.398,0.648,83.635,68.529,152.164,1,to_from,normal,normal
2023-01-01T03:00:00,VB_025,5.49,0.549,27.128,85.26,58.132,1,from_to,normal,normal
2023-01-01T03:00:00,VB_026,-14.267,1.241,244.262,186.315,430.577,1,to_from,normal,normal
2023-01-01T03:00:00,VB_027,-14.139,1.088,239.906,188.989,428.895,1,to_from,normal,normal
2023-01-01T03:00:00,VB_028,-19.034,1.313,326.079,280.234,606.313,1,to_from,normal,normal
2023-01-01T03:00:00,VB_029,-8.763,0.876,69.115,223.906,293.021,1,to_from,normal,normal
2023-01-01T03:00:00,VB_030,-10.063,0.875,91.134,228.076,319.21,1,to_from,normal,normal
2023-01-01T03:00:00,VB_031,10.799,0.831,104.965,337.284,232.319,1,from_to,normal,normal
2023-01-01T03:00:00,VB_032,-11.228,0.774,119.395,232.319,351.714,1,to_from,normal,normal
2023-01-01T03:00:00,VB_033,-11.792,1.179,125.142,245.619,370.761,1,to_from,normal,normal
2023-01-01T03:00:00,VB_034,11.111,0.966,111.103,350.627,239.524,1,from_to,normal,normal
2023-01-01T03:00:00,VB_035,-6.158,0.474,34.129,309.176,343.305,1,to_from,normal,normal
2023-01-01T03:00:00,VB_036,-13.291,0.917,164.819,352.878,517.697,1,to_from,normal,normal
2023-01-01T03:00:00,VB_037,-5.8,0.58,35.891,358.535,394.426,1,to_from,normal,normal
2023-01-01T03:00:00,VB_038,-5.625,0.489,28.48,377.501,405.981,1,to_from,normal,normal
2023-01-01T03:00:00,VB_039,6.018,0.463,38.647,403.719,365.072,1,from_to,normal,normal
2023-01-01T03:00:00,VB_040,11.584,0.799,125.204,483.74,358.536,1,from_to,normal,normal
2023-01-01T03:00:00,VB_041,-6.459,0.646,44.514,354.773,399.287,1,to_from,normal,normal
2023-01-01T03:00:00,VB_042,-10.845,0.943,118.436,368.265,486.701,1,to_from,normal,normal
2023-01-01T03:00:00,VB_043,-13.135,1.01,155.285,383.266,538.551,1,to_from,normal,normal
2023-01-01T03:00:00,VB_044,-10.293,0.71,95.356,384.879,480.235,1,to_from,normal,normal
2023-01-01T03:00:00,VB_045,10.962,1.096,108.141,509.538,401.397,1,from_to,normal,normal
2023-01-01T03:00:00,VB_046,9.649,0.839,93.748,476.014,382.266,1,from_to,normal,normal
2023-01-01T03:00:00,VB_047,6.999,0.538,52.266,417.663,365.397,1,from_to,normal,normal
2023-01-01T03:00:00,VB_048,7.497,0.517,50.579,430.45,379.871,1,from_to,normal,normal
2023-01-01T03:00:00,VB_049,-6.935,0.694,45.549,379.871,425.42,1,to_from,normal,normal
2023-01-01T03:00:00,VB_050,-6.482,0.564,37.818,397.033,434.851,1,to_from,normal,normal
2023-01-01T03:00:00,VB_051,-8.033,0.618,58.076,358.535,416.611,1,to_from,normal,normal
2023-01-01T03:00:00,VB_052,-6.323,0.436,35.982,365.072,401.054,1,to_from,normal,normal
2023-01-01T03:00:00,VB_053,-14.615,1.461,192.229,0,192.229,1,to_from,normal,normal
2023-01-01T03:00:00,VB_054,-12.799,1.113,147.426,11.822,159.248,1,to_from,normal,normal
2023-01-01T03:00:00,VB_055,7.035,0.541,44.54,56.362,11.822,1,from_to,normal,normal
2023-01-01T03:00:00,VB_056,-11.293,0.779,118.73,532.463,651.193,1,to_from,normal,normal
2023-01-01T03:00:00,VB_057,-8.162,0.816,59.956,574.037,633.993,1,to_from,normal,normal
2023-01-01T03:00:00,VB_058,13.87,1.206,173.131,760.288,587.157,1,from_to,normal,normal
2023-01-01T03:00:00,VB_059,13.56,1.043,165.494,739.808,574.314,1,from_to,normal,normal
2023-01-01T03:00:00,VB_060,11.927,0.823,128.032,679.274,551.242,1,from_to,normal,normal
2023-01-01T03:00:00,VB_061,6.832,0.683,42.006,573.645,531.639,1,from_to,normal,normal
2023-01-01T03:00:00,VB_062,7.558,0.657,51.414,587.18,535.766,1,from_to,normal,normal
2023-01-01T03:00:00,VB_063,8.647,0.665,67.301,628.752,561.451,1,from_to,normal,normal
2023-01-01T03:00:00,VB_064,-7.014,0.484,44.281,216.638,260.919,1,to_from,normal,normal
2023-01-01T03:00:00,VB_065,-6.161,0.616,34.163,220.628,254.791,1,to_from,normal,normal
2023-01-01T03:00:00,VB_066,5.575,0.485,33.165,294.273,261.108,1,from_to,normal,normal
2023-01-01T03:00:00,VB_067,-11.867,0.913,131.381,216.638,348.019,1,to_from,normal,normal
2023-01-01T03:00:00,VB_068,15.562,1.073,243.876,513.919,270.043,1,from_to,normal,normal
2023-01-01T03:00:00,VB_069,-8.035,0.804,60.236,225.293,285.529,1,to_from,normal,normal
2023-01-01T03:00:00,VB_070,6.989,0.608,52.118,317.196,265.078,1,from_to,normal,normal
2023-01-01T03:00:00,VB_071,-12.887,0.991,154.936,220.628,375.564,1,to_from,normal,normal
2023-01-01T03:00:00,VB_072,14.532,1.002,212.664,493.207,280.543,1,from_to,normal,normal
2023-01-01T03:00:00,VB_073,-6.082,0.608,34.517,235.638,270.155,1,to_from,normal,normal
2023-01-01T03:00:00,VB_074,9.295,0.808,92.177,329.285,237.108,1,from_to,normal,normal
2023-01-01T03:00:00,VB_075,11.509,0.885,141.327,387.37,246.043,1,from_to,normal,normal
2023-01-01T03:00:00,VB_076,9.971,0.688,106.08,347.158,241.078,1,from_to,normal,normal
2023-01-01T03:00:00,VB_077,10.725,1.073,122.743,379.286,256.543,1,from_to,normal,normal
2023-01-01T03:00:00,VB_078,-6.636,0.577,39.631,261.108,300.739,1,to_from,normal,normal
2023-01-01T03:00:00,VB_079,-6.626,0.51,39.519,265.078,304.597,1,to_from,normal,normal
2023-01-01T03:00:00,VB_080,-6.624,0.457,39.495,237.108,276.603,1,to_from,normal,normal
2023-01-01T03:00:00,VB_081,-5.805,0.581,30.329,241.078,271.407,1,to_from,normal,normal
2023-01-01T03:05:00,VB_001,-10.385,1.038,97.062,27.796,124.858,1,to_from,normal,normal
2023-01-01T03:05:00,VB_002,-5.936,0.516,31.71,39.993,71.703,1,to_from,normal,normal
2023-01-01T03:05:00,VB_003,-11.581,0.891,160.941,119.293,280.234,1,to_from,normal,normal
2023-01-01T03:05:00,VB_004,8.063,0.556,58.505,282.411,223.906,1,from_to,normal,normal
2023-01-01T03:05:00,VB_005,-14.905,1.491,231.059,223.906,454.965,1,to_from,normal,normal
2023-01-01T03:05:00,VB_006,-10.403,0.905,108.231,309.176,417.407,1,to_from,normal,normal
2023-01-01T03:05:00,VB_007,-8.784,0.676,69.449,377.501,446.95,1,to_from,normal,normal
2023-01-01T03:05:00,VB_008,-15.638,1.078,283.679,389.8,673.479,1,to_from,normal,normal
2023-01-01T03:05:00,VB_009,-11.086,1.109,147.468,136.707,284.175,1,to_from,normal,normal
2023-01-01T03:05:00,VB_010,9.289,0.808,77.659,317.183,239.524,1,from_to,normal,normal
2023-01-01T03:05:00,VB_011,-9.968,0.767,99.367,239.524,338.891,1,to_from,normal,normal
2023-01-01T03:05:00,VB_012,-12.014,0.829,144.326,310.873,455.199,1,to_from,normal,normal
2023-01-01T03:05:00,VB_013,-15.912,1.591,227.861,382.222,610.083,1,to_from,normal,normal
2023-01-01T03:05:00,VB_014,-20.028,1.742,449.267,407.908,857.175,1,to_from,normal,normal
2023-01-01T03:05:00,VB_015,-11.077,0.852,110.434,535.766,646.2,1,to_from,normal,normal
2023-01-01T03:05:00,VB_016,10.408,0.718,152.427,211.194,58.767,1,from_to,normal,normal
2023-01-01T03:05:00,VB_017,12.352,1.235,137.314,191.444,54.13,1,from_to,normal,normal
2023-01-01T03:05:00,VB_018,8.935,0.777,71.855,111.848,39.993,1,from_to,normal,normal
2023-01-01T03:05:00,VB_019,6.018,0.463,32.599,68.064,35.465,1,from_to,normal,normal
2023-01-01T03:05:00,VB_020,-12.74,0.879,146.072,35.465,181.537,1,to_from,normal,normal
2023-01-01T03:05:00,VB_021,-10.149,1.015,92.71,42.601,135.311,1,to_from,normal,normal
2023-01-01T03:05:00,VB_022,-10.205,0.887,146.521,58.132,204.653,1,to_from,normal,normal
2023-01-01T03:05:00,VB_023,-7.928,0.61,56.561,58.767,115.328,1,to_from,normal,normal
2023-01-01T03:05:00,VB_024,-9.427,0.65,84.154,68.529,152.683,1,to_from,normal,normal
2023-01-01T03:05:00,VB_025,5.448,0.545,26.712,84.844,58.132,1,from_to,normal,normal
2023-01-01T03:05:00,VB_026,-14.067,1.223,237.447,186.315,423.762,1,to_from,normal,normal
2023-01-01T03:05:00,VB_027,-13.993,1.076,234.967,188.989,423.956,1,to_from,normal,normal
2023-01-01T03:05:00,VB_028,-18.768,1.294,317.016,280.234,597.25,1,to_from,normal,normal
2023-01-01T03:05:00,VB_029,-8.761,0.876,69.077,223.906,292.983,1,to_from,normal,normal
2023-01-01T03:05:00,VB_030,-10.113,0.879,92.048,228.076,320.124,1,to_from,normal,normal
2023-01-01T03:05:00,VB_031,10.778,0.829,104.557,336.876,232.319,1,from_to,normal,normal
2023-01-01T03:05:00,VB_032,-11.184,0.771,118.455,232.319,350.774,1,to_from,normal,normal
2023-01-01T03:05:00,VB_033,-11.826,1.183,125.858,245.619,371.477,1,to_from,normal,normal
2023-01-01T03:05:00,VB_034,11.025,0.959,109.398,348.922,239.524,1,from_to,normal,normal
2023-01-01T03:05:00,VB_035,-6.079,0.468,33.258,309.176,342.434,1,to_from,normal,normal
2023-01-01T03:05:00,VB_036,-13.293,0.917,164.871,352.878,517.749,1,to_from,normal,normal
2023-01-01T03:05:00,VB_037,-5.729,0.573,35.019,358.535,393.554,1,to_from,normal,normal
2023-01-01T03:05:00,VB_038,-5.624,0.489,28.467,377.501,405.968,1,to_from,normal,normal
2023-01-01T03:05:00,VB_039,6.069,0.467,39.299,404.371,365.072,1,from_to,normal,normal
2023-01-01T03:05:00,VB_040,11.628,0.802,126.158,484.694,358.536,1,from_to,normal,normal
2023-01-01T03:05:00,VB_041,-6.509,0.651,45.205,354.773,399.978,1,to_from,normal,normal
2023-01-01T03:05:00,VB_042,-10.879,0.946,119.191,368.265,487.456,1,to_from,normal,normal
2023-01-01T03:05:00,VB_043,-13.199,1.015,156.784,383.266,540.05,1,to_from,normal,normal
2023-01-01T03:05:00,VB_044,-10.342,0.713,96.266,384.879,481.145,1,to_from,normal,normal
2023-01-01T03:05:00,VB_045,10.872,1.087,106.373,507.77,401.397,1,from_to,normal,normal
2023-01-01T03:05:00,VB_046,9.626,0.837,93.317,475.583,382.266,1,from_to,normal,normal
2023-01-01T03:05:00,VB_047,7.023,0.54,52.633,418.03,365.397,1,from_to,normal,normal
2023-01-01T03:05:00,VB_048,7.585,0.523,51.786,431.657,379.871,1,from_to,normal,normal
2023-01-01T03:05:00,VB_049,-6.948,0.695,45.713,379.871,425.584,1,to_from,normal,normal
2023-01-01T03:05:00,VB_050,-6.492,0.565,37.932,397.033,434.965,1,to_from,normal,normal
2023-01-01T03:05:00,VB_051,-8.024,0.617,57.94,358.535,416.475,1,to_from,normal,normal
2023-01-01T03:05:00,VB_052,-6.328,0.436,36.04,365.072,401.112,1,to_from,normal,normal
2023-01-01T03:05:00,VB_053,-14.575,1.457,191.187,0,191.187,1,to_from,normal,normal
2023-01-01T03:05:00,VB_054,-12.751,1.109,146.32,11.822,158.142,1,to_from,normal,normal
2023-01-01T03:05:00,VB_055,7.007,0.539,44.189,56.011,11.822,1,from_to,normal,normal
2023-01-01T03:05:00,VB_056,-11.229,0.774,117.381,532.463,649.844,1,to_from,normal,normal
2023-01-01T03:05:00,VB_057,-8.28,0.828,61.695,574.037,635.732,1,to_from,normal,normal
2023-01-01T03:05:00,VB_058,14.013,1.218,176.718,763.875,587.157,1,from_to,normal,normal
2023-01-01T03:05:00,VB_059,13.754,1.058,170.251,744.565,574.314,1,from_to,normal,normal
2023-01-01T03:05:00,VB_060,11.968,0.825,128.918,680.16,551.242,1,from_to,normal,normal
2023-01-01T03:05:00,VB_061,6.847,0.685,42.198,573.837,531.639,1,from_to,normal,normal
2023-01-01T03:05:00,VB_062,7.567,0.658,51.537,587.303,535.766,1,from_to,normal,normal
2023-01-01T03:05:00,VB_063,8.632,0.664,67.06,628.511,561.451,1,from_to,normal,normal
2023-01-01T03:05:00,VB_064,-7.055,0.487,44.798,216.638,261.436,1,to_from,normal,normal
2023-01-01T03:05:00,VB_065,-6.133,0.613,33.848,220.628,254.476,1,to_from,normal,normal
2023-01-01T03:05:00,VB_066,5.588,0.486,33.322,294.43,261.108,1,from_to,normal,normal
2023-01-01T03:05:00,VB_067,-11.949,0.919,133.203,216.638,349.841,1,to_from,normal,normal
2023-01-01T03:05:00,VB_068,15.61,1.077,245.369,515.412,270.043,1,from_to,normal,normal
2023-01-01T03:05:00,VB_069,-8.058,0.806,60.574,225.293,285.867,1,to_from,normal,normal
2023-01-01T03:05:00,VB_070,6.951,0.604,51.558,316.636,265.078,1,from_to,normal,normal
2023-01-01T03:05:00,VB_071,-12.784,0.983,152.479,220.628,373.107,1,to_from,normal,normal
2023-01-01T03:05:00,VB_072,14.426,0.995,209.555,490.098,280.543,1,from_to,normal,normal
2023-01-01T03:05:00,VB_073,-6.018,0.602,33.794,235.638,269.432,1,to_from,normal,normal
2023-01-01T03:05:00,VB_074,9.365,0.814,93.587,330.695,237.108,1,from_to,normal,normal
2023-01-01T03:05:00,VB_075,11.576,0.89,142.985,389.028,246.043,1,from_to,normal,normal
2023-01-01T03:05:00,VB_076,10.151,0.7,109.946,351.024,241.078,1,from_to,normal,normal
2023-01-01T03:05:00,VB_077,10.804,1.08,124.552,381.095,256.543,1,from_to,normal,normal
2023-01-01T03:05:00,VB_078,-6.648,0.578,39.781,261.108,300.889,1,to_from,normal,normal
2023-01-01T03:05:00,VB_079,-6.648,0.511,39.782,265.078,304.86,1,to_from,normal,normal
2023-01-01T03:05:00,VB_080,-6.594,0.455,39.136,237.108,276.244,1,to_from,normal,normal
2023-01-01T03:05:00,VB_081,-5.837,0.584,30.668,241.078,271.746,1,to_from,normal,normal
2023-01-01T03:10:00,VB_001,-10.423,1.042,97.77,27.796,125.566,1,to_from,normal,normal
2023-01-01T03:10:00,VB_002,-5.876,0.511,31.08,39.993,71.073,1,to_from,normal,normal
2023-01-01T03:10:00,VB_003,-11.486,0.884,158.305,121.929,280.234,1,to_from,normal,normal
2023-01-01T03:10:00,VB_004,8.083,0.557,58.799,282.705,223.906,1,from_to,normal,normal
2023-01-01T03:10:00,VB_005,-15.123,1.512,237.854,223.906,461.76,1,to_from,normal,normal
2023-01-01T03:10:00,VB_006,-10.506,0.914,110.38,309.176,419.556,1,to_from,normal,normal
2023-01-01T03:10:00,VB_007,-8.771,0.675,69.235,377.501,446.736,1,to_from,normal,normal
2023-01-01T03:10:00,VB_008,-15.507,1.069,278.959,389.8,668.759,1,to_from,normal,normal
2023-01-01T03:10:00,VB_009,-11.093,1.109,147.669,136.506,284.175,1,to_from,normal,normal
2023-01-01T03:10:00,VB_010,9.246,0.804,76.935,316.459,239.524,1,from_to,normal,normal
2023-01-01T03:10:00,VB_011,-10.028,0.771,100.563,239.524,340.087,1,to_from,normal,normal
2023-01-01T03:10:00,VB_012,-12.17,0.839,148.102,310.873,458.975,1,to_from,normal,normal
2023-01-01T03:10:00,VB_013,-15.929,1.593,228.355,382.222,610.577,1,to_from,normal,normal
2023-01-01T03:10:00,VB_014,-20.232,1.759,458.458,407.908,866.366,1,to_from,normal,normal
2023-01-01T03:10:00,VB_015,-11.015,0.847,109.188,535.766,644.954,1,to_from,normal,normal
2023-01-01T03:10:00,VB_016,10.296,0.71,149.145,207.912,58.767,1,from_to,normal,normal
2023-01-01T03:10:00,VB_017,12.124,1.212,132.295,186.425,54.13,1,from_to,normal,normal
2023-01-01T03:10:00,VB_018,8.895,0.773,71.206,111.199,39.993,1,from_to,normal,normal
2023-01-01T03:10:00,VB_019,6.01,0.462,32.511,67.976,35.465,1,from_to,normal,normal
2023-01-01T03:10:00,VB_020,-12.79,0.882,147.226,35.465,182.691,1,to_from,normal,normal
2023-01-01T03:10:00,VB_021,-10.248,1.025,94.514,42.601,137.115,1,to_from,normal,normal
2023-01-01T03:10:00,VB_022,-10.163,0.884,145.333,58.132,203.465,1,to_from,normal,normal
2023-01-01T03:10:00,VB_023,-7.988,0.614,57.429,58.767,116.196,1,to_from,normal,normal
2023-01-01T03:10:00,VB_024,-9.439,0.651,84.377,68.529,152.906,1,to_from,normal,normal
2023-01-01T03:10:00,VB_025,5.456,0.546,26.789,84.921,58.132,1,from_to,normal,normal
2023-01-01T03:10:00,VB_026,-14.056,1.222,237.096,186.315,423.411,1,to_from,normal,normal
2023-01-01T03:10:00,VB_027,-13.804,1.062,228.663,188.989,417.652,1,to_from,normal,normal
2023-01-01T03:10:00,VB_028,-18.727,1.292,315.647,280.234,595.881,1,to_from,normal,normal
2023-01-01T03:10:00,VB_029,-8.688,0.869,67.94,223.906,291.846,1,to_from,normal,normal
2023-01-01T03:10:00,VB_030,-10.199,0.887,93.617,228.076,321.693,1,to_from,normal,normal
2023-01-01T03:10:00,VB_031,10.877,0.837,106.486,338.805,232.319,1,from_to,normal,normal
2023-01-01T03:10:00,VB_032,-11.394,0.786,122.95,232.319,355.269,1,to_from,normal,normal
2023-01-01T03:10:00,VB_033,-11.728,1.173,123.796,245.619,369.415,1,to_from,normal,normal
2023-01-01T03:10:00,VB_034,10.986,0.955,108.632,348.156,239.524,1,from_to,normal,normal
2023-01-01T03:10:00,VB_035,-6.043,0.465,32.866,309.176,342.042,1,to_from,normal,normal
2023-01-01T03:10:00,VB_036,-13.126,0.905,160.754,352.878,513.632,1,to_from,normal,normal
2023-01-01T03:10:00,VB_037,-5.718,0.572,34.882,358.535,393.417,1,to_from,normal,normal
2023-01-01T03:10:00,VB_038,-5.652,0.491,28.746,377.501,406.247,1,to_from,normal,normal
2023-01-01T03:10:00,VB_039,6.047,0.465,39.016,404.088,365.072,1,from_to,normal,normal
2023-01-01T03:10:00,VB_040,11.598,0.8,125.508,484.044,358.536,1,from_to,normal,normal
2023-01-01T03:10:00,VB_041,-6.516,0.652,45.306,354.773,400.079,1,to_from,normal,normal
2023-01-01T03:10:00,VB_042,-10.878,0.946,119.162,368.265,487.427,1,to_from,normal,normal
2023-01-01T03:10:00,VB_043,-13.135,1.01,155.271,383.266,538.537,1,to_from,normal,normal
2023-01-01T03:10:00,VB_044,-10.156,0.7,92.831,384.879,477.71,1,to_from,normal,normal
2023-01-01T03:10:00,VB_045,10.761,1.076,104.222,505.619,401.397,1,from_to,normal,normal
2023-01-01T03:10:00,VB_046,9.589,0.834,92.586,474.852,382.266,1,from_to,normal,normal
2023-01-01T03:10:00,VB_047,7.058,0.543,53.157,418.554,365.397,1,from_to,normal,normal
2023-01-01T03:10:00,VB_048,7.624,0.526,52.311,432.182,379.871,1,from_to,normal,normal
2023-01-01T03:10:00,VB_049,-6.979,0.698,46.126,379.871,425.997,1,to_from,normal,normal
2023-01-01T03:10:00,VB_050,-6.514,0.566,38.191,397.033,435.224,1,to_from,normal,normal
2023-01-01T03:10:00,VB_051,-8.059,0.62,58.448,358.535,416.983,1,to_from,normal,normal
2023-01-01T03:10:00,VB_052,-6.303,0.435,35.755,365.072,400.827,1,to_from,normal,normal
2023-01-01T03:10:00,VB_053,-14.666,1.467,193.593,0,193.593,1,to_from,normal,normal
2023-01-01T03:10:00,VB_054,-12.753,1.109,146.384,11.822,158.206,1,to_from,normal,normal
2023-01-01T03:10:00,VB_055,6.956,0.535,43.55,55.372,11.822,1,from_to,normal,normal
2023-01-01T03:10:00,VB_056,-11.248,0.776,117.794,532.463,650.257,1,to_from,normal,normal
2023-01-01T03:10:00,VB_057,-8.201,0.82,60.535,574.037,634.572,1,to_from,normal,normal
2023-01-01T03:10:00,VB_058,14.238,1.238,182.461,769.618,587.157,1,from_to,normal,normal
2023-01-01T03:10:00,VB_059,13.751,1.058,170.174,744.488,574.314,1,from_to,normal,normal
2023-01-01T03:10:00,VB_060,12.037,0.83,130.4,681.642,551.242,1,from_to,normal,normal
2023-01-01T03:10:00,VB_061,6.871,0.687,42.492,574.131,531.639,1,from_to,normal,normal
2023-01-01T03:10:00,VB_062,7.476,0.65,50.302,586.068,535.766,1,from_to,normal,normal
2023-01-01T03:10:00,VB_063,8.541,0.657,65.657,627.108,561.451,1,from_to,normal,normal
2023-01-01T03:10:00,VB_064,-6.981,0.481,43.861,216.638,260.499,1,to_from,normal,normal
2023-01-01T03:10:00,VB_065,-6.109,0.611,33.593,220.628,254.221,1,to_from,normal,normal
2023-01-01T03:10:00,VB_066,5.584,0.486,33.274,294.382,261.108,1,from_to,normal,normal
2023-01-01T03:10:00,VB_067,-11.941,0.919,133.024,216.638,349.662,1,to_from,normal,normal
2023-01-01T03:10:00,VB_068,15.692,1.082,247.965,518.008,270.043,1,from_to,normal,normal
2023-01-01T03:10:00,VB_069,-8.01,0.801,59.861,225.293,285.154,1,to_from,normal,normal
2023-01-01T03:10:00,VB_070,6.905,0.6,50.874,315.952,265.078,1,from_to,normal,normal
2023-01-01T03:10:00,VB_071,-12.686,0.976,150.152,220.628,370.78,1,to_from,normal,normal
2023-01-01T03:10:00,VB_072,14.426,0.995,209.556,490.099,280.543,1,from_to,normal,normal
2023-01-01T03:10:00,VB_073,-6.006,0.601,33.653,235.638,269.291,1,to_from,normal,normal
2023-01-01T03:10:00,VB_074,9.323,0.811,92.75,329.858,237.108,1,from_to,normal,normal
2023-01-01T03:10:00,VB_075,11.764,0.905,147.658,393.701,246.043,1,from_to,normal,normal
2023-01-01T03:10:00,VB_076,10.234,0.706,111.748,352.826,241.078,1,from_to,normal,normal
2023-01-01T03:10:00,VB_077,10.775,1.078,123.887,380.43,256.543,1,from_to,normal,normal
2023-01-01T03:10:00,VB_078,-6.64,0.577,39.686,261.108,300.794,1,to_from,normal,normal
2023-01-01T03:10:00,VB_079,-6.564,0.505,38.783,265.078,303.861,1,to_from,normal,normal
2023-01-01T03:10:00,VB_080,-6.534,0.451,38.425,237.108,275.533,1,to_from,normal,normal
2023-01-01T03:10:00,VB_081,-5.768,0.577,29.943,241.078,271.021,1,to_from,normal,normal
2023-01-01T03:15:00,VB_001,-10.384,1.038,97.045,27.796,124.841,1,to_from,normal,normal
2023-01-01T03:15:00,VB_002,-5.871,0.511,31.026,39.993,71.019,1,to_from,normal,normal
2023-01-01T03:15:00,VB_003,-11.546,0.888,159.979,120.255,280.234,1,to_from,normal,normal
2023-01-01T03:15:00,VB_004,8.156,0.562,59.863,283.769,223.906,1,from_to,normal,normal
2023-01-01T03:15:00,VB_005,-15.096,1.51,237.014,223.906,460.92,1,to_from,normal,normal
2023-01-01T03:15:00,VB_006,-10.536,0.916,111.011,309.176,420.187,1,to_from,normal,normal
2023-01-01T03:15:00,VB_007,-8.692,0.669,68,377.501,445.501,1,to_from,normal,normal
2023-01-01T03:15:00,VB_008,-15.462,1.066,277.325,389.8,667.125,1,to_from,normal,normal
2023-01-01T03:15:00,VB_009,-10.922,1.092,143.149,141.026,284.175,1,to_from,normal,normal
2023-01-01T03:15:00,VB_010,9.236,0.803,76.767,316.291,239.524,1,from_to,normal,normal
2023-01-01T03:15:00,VB_011,-9.98,0.768,99.595,239.524,339.119,1,to_from,normal,normal
2023-01-01T03:15:00,VB_012,-12.242,0.844,149.865,310.873,460.738,1,to_from,normal,normal
2023-01-01T03:15:00,VB_013,-15.922,1.592,228.149,382.222,610.371,1,to_from,normal,normal
2023-01-01T03:15:00,VB_014,-20.28,1.763,460.629,407.908,868.537,1,to_from,normal,normal
2023-01-01T03:15:00,VB_015,-11.147,0.857,111.831,535.766,647.597,1,to_from,normal,normal
2023-01-01T03:15:00,VB_016,10.393,0.717,151.963,210.73,58.767,1,from_to,normal,normal
2023-01-01T03:15:00,VB_017,12.182,1.218,133.555,187.685,54.13,1,from_to,normal,normal
2023-01-01T03:15:00,VB_018,8.768,0.762,69.189,109.182,39.993,1,from_to,normal,normal
2023-01-01T03:15:00,VB_019,5.999,0.461,32.389,67.854,35.465,1,from_to,normal,normal
2023-01-01T03:15:00,VB_020,-12.832,0.885,148.196,35.465,183.661,1,to_from,normal,normal
2023-01-01T03:15:00,VB_021,-10.289,1.029,95.285,42.601,137.886,1,to_from,normal,normal
2023-01-01T03:15:00,VB_022,-10.275,0.893,148.548,58.132,206.68,1,to_from,normal,normal
2023-01-01T03:15:00,VB_023,-8.092,0.622,58.932,58.767,117.699,1,to_from,normal,normal
2023-01-01T03:15:00,VB_024,-9.511,0.656,85.67,68.529,154.199,1,to_from,normal,normal
2023-01-01T03:15:00,VB_025,5.442,0.544,26.658,84.79,58.132,1,from_to,normal,normal
2023-01-01T03:15:00,VB_026,-13.881,1.207,231.218,186.315,417.533,1,to_from,normal,normal
2023-01-01T03:15:00,VB_027,-13.744,1.057,226.686,188.989,415.675,1,to_from,normal,normal
2023-01-01T03:15:00,VB_028,-18.729,1.292,315.698,280.234,595.932,1,to_from,normal,normal
2023-01-01T03:15:00,VB_029,-8.678,0.868,67.771,223.906,291.677,1,to_from,normal,normal
2023-01-01T03:15:00,VB_030,-10.232,0.89,94.216,228.076,322.292,1,to_from,normal,normal
2023-01-01T03:15:00,VB_031,11.026,0.848,109.406,341.725,232.319,1,from_to,normal,normal
2023-01-01T03:15:00,VB_032,-11.408,0.787,123.251,232.319,355.57,1,to_from,normal,normal
2023-01-01T03:15:00,VB_033,-11.734,1.173,123.926,245.619,369.545,1,to_from,normal,normal
2023-01-01T03:15:00,VB_034,11.036,0.96,109.613,349.137,239.524,1,from_to,normal,normal
2023-01-01T03:15:00,VB_035,-6.025,0.463,32.674,309.176,341.85,1,to_from,normal,normal
2023-01-01T03:15:00,VB_036,-13.083,0.902,159.692,352.878,512.57,1,to_from,normal,normal
2023-01-01T03:15:00,VB_037,-5.737,0.574,35.121,358.535,393.656,1,to_from,normal,normal
2023-01-01T03:15:00,VB_038,-5.674,0.493,28.978,377.501,406.479,1,to_from,normal,normal
2023-01-01T03:15:00,VB_039,6.142,0.472,40.25,405.322,365.072,1,from_to,normal,normal
2023-01-01T03:15:00,VB_040,11.674,0.805,127.143,485.679,358.536,1,from_to,normal,normal
2023-01-01T03:15:00,VB_041,-6.578,0.658,46.165,354.773,400.938,1,to_from,normal,normal
2023-01-01T03:15:00,VB_042,-10.974,0.954,121.265,368.265,489.53,1,to_from,normal,normal
2023-01-01T03:15:00,VB_043,-13.064,1.005,153.601,383.266,536.867,1,to_from,normal,normal
2023-01-01T03:15:00,VB_044,-10.16,0.701,92.902,384.879,477.781,1,to_from,normal,normal
2023-01-01T03:15:00,VB_045,10.838,1.084,105.721,507.118,401.397,1,from_to,normal,normal
2023-01-01T03:15:00,VB_046,9.513,0.827,91.128,473.394,382.266,1,from_to,normal,normal
2023-01-01T03:15:00,VB_047,6.978,0.537,51.955,417.352,365.397,1,from_to,normal,normal
2023-01-01T03:15:00,VB_048,7.599,0.524,51.974,431.845,379.871,1,from_to,normal,normal
2023-01-01T03:15:00,VB_049,-7.001,0.7,46.415,379.871,426.286,1,to_from,normal,normal
2023-01-01T03:15:00,VB_050,-6.56,0.57,38.726,397.033,435.759,1,to_from,normal,normal
2023-01-01T03:15:00,VB_051,-8.088,0.622,58.876,358.535,417.411,1,to_from,normal,normal
2023-01-01T03:15:00,VB_052,-6.3,0.435,35.726,365.072,400.798,1,to_from,normal,normal
2023-01-01T03:15:00,VB_053,-14.542,1.454,190.327,0,190.327,1,to_from,normal,normal
2023-01-01T03:15:00,VB_054,-12.688,1.103,144.888,11.822,156.71,1,to_from,normal,normal
2023-01-01T03:15:00,VB_055,6.884,0.53,42.645,54.467,11.822,1,from_to,normal,normal
2023-01-01T03:15:00,VB_056,-11.294,0.779,118.759,532.463,651.222,1,to_from,normal,normal
2023-01-01T03:15:00,VB_057,-8.29,0.829,61.848,574.037,635.885,1,to_from,normal,normal
2023-01-01T03:15:00,VB_058,14.197,1.235,181.4,768.557,587.157,1,from_to,normal,normal
2023-01-01T03:15:00,VB_059,13.817,1.063,171.825,746.139,574.314,1,from_to,normal,normal
2023-01-01T03:15:00,VB_060,12.006,0.828,129.739,680.981,551.242,1,from_to,normal,normal
2023-01-01T03:15:00,VB_061,6.819,0.682,41.843,573.482,531.639,1,from_to,normal,normal
2023-01-01T03:15:00,VB_062,7.475,0.65,50.286,586.052,535.766,1,from_to,normal,normal
2023-01-01T03:15:00,VB_063,8.429,0.648,63.948,625.399,561.451,1,from_to,normal,normal
2023-01-01T03:15:00,VB_064,-7.001,0.483,44.115,216.638,260.753,1,to_from,normal,normal
2023-01-01T03:15:00,VB_065,-6.128,0.613,33.802,220.628,254.43,1,to_from,normal,normal
2023-01-01T03:15:00,VB_066,5.657,0.492,34.142,295.25,261.108,1,from_to,normal,normal
2023-01-01T03:15:00,VB_067,-12.037,0.926,135.188,216.638,351.826,1,to_from,normal,normal
2023-01-01T03:15:00,VB_068,15.759,1.087,250.095,520.138,270.043,1,from_to,normal,normal
2023-01-01T03:15:00,VB_069,-8.09,0.809,61.06,225.293,286.353,1,to_from,normal,normal
2023-01-01T03:15:00,VB_070,6.931,0.603,51.254,316.332,265.078,1,from_to,normal,normal
2023-01-01T03:15:00,VB_071,-12.672,0.975,149.824,220.628,370.452,1,to_from,normal,normal
2023-01-01T03:15:00,VB_072,14.255,0.983,204.639,485.182,280.543,1,from_to,normal,normal
2023-01-01T03:15:00,VB_073,-5.984,0.598,33.404,235.638,269.042,1,to_from,normal,normal
2023-01-01T03:15:00,VB_074,9.315,0.81,92.581,329.689,237.108,1,from_to,normal,normal
2023-01-01T03:15:00,VB_075,11.759,0.905,147.537,393.58,246.043,1,from_to,normal,normal
2023-01-01T03:15:00,VB_076,10.191,0.703,110.822,351.9,241.078,1,from_to,normal,normal
2023-01-01T03:15:00,VB_077,10.823,1.082,124.992,381.535,256.543,1,from_to,normal,normal
2023-01-01T03:15:00,VB_078,-6.688,0.582,40.258,261.108,301.366,1,to_from,normal,normal
2023-01-01T03:15:00,VB_079,-6.558,0.504,38.706,265.078,303.784,1,to_from,normal,normal
2023-01-01T03:15:00,VB_080,-6.56,0.452,38.73,237.108,275.838,1,to_from,normal,normal
2023-01-01T03:15:00,VB_081,-5.777,0.578,30.037,241.078,271.115,1,to_from,normal,normal
2023-01-01T03:20:00,VB_001,-10.262,1.026,94.774,27.796,122.57,1,to_from,normal,normal
2023-01-01T03:20:00,VB_002,-5.86,0.51,30.908,39.993,70.901,1,to_from,normal,normal
2023-01-01T03:20:00,VB_003,-11.668,0.898,163.37,116.864,280.234,1,to_from,normal,normal
2023-01-01T03:20:00,VB_004,8.268,0.57,61.522,285.428,223.906,1,from_to,normal,normal
2023-01-01T03:20:00,VB_005,-15.236,1.524,241.434,223.906,465.34,1,to_from,normal,normal
2023-01-01T03:20:00,VB_006,-10.462,0.91,109.454,309.176,418.63,1,to_from,normal,normal
2023-01-01T03:20:00,VB_007,-8.69,0.668,67.963,377.501,445.464,1,to_from,normal,normal
2023-01-01T03:20:00,VB_008,-15.375,1.06,274.2,389.8,664,1,to_from,normal,normal
2023-01-01T03:20:00,VB_009,-10.917,1.092,143.013,141.162,284.175,1,to_from,normal,normal
2023-01-01T03:20:00,VB_010,9.224,0.802,76.573,316.097,239.524,1,from_to,normal,normal
2023-01-01T03:20:00,VB_011,-10.051,0.773,101.015,239.524,340.539,1,to_from,normal,normal
2023-01-01T03:20:00,VB_012,-12.233,0.844,149.65,310.873,460.523,1,to_from,normal,normal
2023-01-01T03:20:00,VB_013,-16.175,1.618,235.468,382.222,617.69,1,to_from,normal,normal
2023-01-01T03:20:00,VB_014,-20.366,1.771,464.539,407.908,872.447,1,to_from,normal,normal
2023-01-01T03:20:00,VB_015,-11.069,0.851,110.269,535.766,646.035,1,to_from,normal,normal
2023-01-01T03:20:00,VB_016,10.349,0.714,150.68,209.447,58.767,1,from_to,normal,normal
2023-01-01T03:20:00,VB_017,12.023,1.202,130.091,184.221,54.13,1,from_to,normal,normal
2023-01-01T03:20:00,VB_018,8.766,0.762,69.166,109.159,39.993,1,from_to,normal,normal
2023-01-01T03:20:00,VB_019,6.025,0.463,32.672,68.137,35.465,1,from_to,normal,normal
2023-01-01T03:20:00,VB_020,-12.745,0.879,146.196,35.465,181.661,1,to_from,normal,normal
2023-01-01T03:20:00,VB_021,-10.308,1.031,95.62,42.601,138.221,1,to_from,normal,normal
2023-01-01T03:20:00,VB_022,-10.339,0.899,150.397,58.132,208.529,1,to_from,normal,normal
2023-01-01T03:20:00,VB_023,-8.052,0.619,58.358,58.767,117.125,1,to_from,normal,normal
2023-01-01T03:20:00,VB_024,-9.461,0.652,84.761,68.529,153.29,1,to_from,normal,normal
2023-01-01T03:20:00,VB_025,5.442,0.544,26.651,84.783,58.132,1,from_to,normal,normal
2023-01-01T03:20:00,VB_026,-13.805,1.2,228.702,186.315,415.017,1,to_from,normal,normal
2023-01-01T03:20:00,VB_027,-13.637,1.049,223.171,188.989,412.16,1,to_from,normal,normal
2023-01-01T03:20:00,VB_028,-18.487,1.275,307.608,280.234,587.842,1,to_from,normal,normal
2023-01-01T03:20:00,VB_029,-8.671,0.867,67.665,223.906,291.571,1,to_from,normal,normal
2023-01-01T03:20:00,VB_030,-10.201,0.887,93.649,228.076,321.725,1,to_from,normal,normal
2023-01-01T03:20:00,VB_031,11.054,0.85,109.98,342.299,232.319,1,from_to,normal,normal
2023-01-01T03:20:00,VB_032,-11.403,0.786,123.126,232.319,355.445,1,to_from,normal,normal
2023-01-01T03:20:00,VB_033,-11.754,1.175,124.344,245.619,369.963,1,to_from,normal,normal
2023-01-01T03:20:00,VB_034,10.899,0.948,106.919,346.443,239.524,1,from_to,normal,normal
2023-01-01T03:20:00,VB_035,-6.018,0.463,32.591,309.176,341.767,1,to_from,normal,normal
2023-01-01T03:20:00,VB_036,-12.924,0.891,155.838,352.878,508.716,1,to_from,normal,normal
2023-01-01T03:20:00,VB_037,-5.731,0.573,35.043,358.535,393.578,1,to_from,normal,normal
2023-01-01T03:20:00,VB_038,-5.627,0.489,28.492,377.501,405.993,1,to_from,normal,normal
2023-01-01T03:20:00,VB_039,6.106,0.47,39.776,404.848,365.072,1,from_to,normal,normal
2023-01-01T03:20:00,VB_040,11.865,0.818,131.347,489.883,358.536,1,from_to,normal,normal
2023-01-01T03:20:00,VB_041,-6.53,0.653,45.5,354.773,400.273,1,to_from,normal,normal
2023-01-01T03:20:00,VB_042,-10.93,0.95,120.303,368.265,488.568,1,to_from,normal,normal
2023-01-01T03:20:00,VB_043,-13.006,1,152.239,383.266,535.505,1,to_from,normal,normal
2023-01-01T03:20:00,VB_044,-10.048,0.693,90.859,384.879,475.738,1,to_from,normal,normal
2023-01-01T03:20:00,VB_045,10.659,1.066,102.246,503.643,401.397,1,from_to,normal,normal
2023-01-01T03:20:00,VB_046,9.597,0.835,92.746,475.012,382.266,1,from_to,normal,normal
2023-01-01T03:20:00,VB_047,7.023,0.54,52.628,418.025,365.397,1,from_to,normal,normal
2023-01-01T03:20:00,VB_048,7.67,0.529,52.949,432.82,379.871,1,from_to,normal,normal
2023-01-01T03:20:00,VB_049,-7.047,0.705,47.035,379.871,426.906,1,to_from,normal,normal
2023-01-01T03:20:00,VB_050,-6.62,0.576,39.436,397.033,436.469,1,to_from,normal,normal
2023-01-01T03:20:00,VB_051,-7.995,0.615,57.526,358.535,416.061,1,to_from,normal,normal
2023-01-01T03:20:00,VB_052,-6.249,0.431,35.145,365.072,400.217,1,to_from,normal,normal
2023-01-01T03:20:00,VB_053,-14.458,1.446,188.122,0,188.122,1,to_from,normal,normal
2023-01-01T03:20:00,VB_054,-12.531,1.09,141.32,11.822,153.142,1,to_from,normal,normal
2023-01-01T03:20:00,VB_055,6.901,0.531,42.856,54.678,11.822,1,from_to,normal,normal
2023-01-01T03:20:00,VB_056,-11.378,0.785,120.528,532.463,652.991,1,to_from,normal,normal
2023-01-01T03:20:00,VB_057,-8.285,0.829,61.781,574.037,635.818,1,to_from,normal,normal
2023-01-01T03:20:00,VB_058,14.31,1.244,184.308,771.465,587.157,1,from_to,normal,normal
2023-01-01T03:20:00,VB_059,13.809,1.062,171.613,745.927,574.314,1,from_to,normal,normal
2023-01-01T03:20:00,VB_060,12.094,0.834,131.632,682.874,551.242,1,from_to,normal,normal
2023-01-01T03:20:00,VB_061,6.846,0.685,42.177,573.816,531.639,1,from_to,normal,normal
2023-01-01T03:20:00,VB_062,7.455,0.648,50.026,585.792,535.766,1,from_to,normal,normal
2023-01-01T03:20:00,VB_063,8.491,0.653,64.893,626.344,561.451,1,from_to,normal,normal
2023-01-01T03:20:00,VB_064,-6.933,0.478,43.266,216.638,259.904,1,to_from,normal,normal
2023-01-01T03:20:00,VB_065,-6.174,0.617,34.312,220.628,254.94,1,to_from,normal,normal
2023-01-01T03:20:00,VB_066,5.642,0.491,33.966,295.074,261.108,1,from_to,normal,normal
2023-01-01T03:20:00,VB_067,-12.101,0.931,136.618,216.638,353.256,1,to_from,normal,normal
2023-01-01T03:20:00,VB_068,15.822,1.091,252.087,522.13,270.043,1,from_to,normal,normal
2023-01-01T03:20:00,VB_069,-7.991,0.799,59.584,225.293,284.877,1,to_from,normal,normal
2023-01-01T03:20:00,VB_070,6.872,0.598,50.389,315.467,265.078,1,from_to,normal,normal
2023-01-01T03:20:00,VB_071,-12.628,0.971,148.791,220.628,369.419,1,to_from,normal,normal
2023-01-01T03:20:00,VB_072,14.259,0.983,204.753,485.296,280.543,1,from_to,normal,normal
2023-01-01T03:20:00,VB_073,-5.947,0.595,32.997,235.638,268.635,1,to_from,normal,normal
2023-01-01T03:20:00,VB_074,9.271,0.806,91.711,328.819,237.108,1,from_to,normal,normal
2023-01-01T03:20:00,VB_075,11.782,0.906,148.108,394.151,246.043,1,from_to,normal,normal
2023-01-01T03:20:00,VB_076,10.349,0.714,114.274,355.352,241.078,1,from_to,normal,normal
2023-01-01T03:20:00,VB_077,10.813,1.081,124.752,381.295,256.543,1,from_to,normal,normal
2023-01-01T03:20:00,VB_078,-6.677,0.581,40.118,261.108,301.226,1,to_from,normal,normal
2023-01-01T03:20:00,VB_079,-6.579,0.506,38.961,265.078,304.039,1,to_from,normal,normal
2023-01-01T03:20:00,VB_080,-6.481,0.447,37.799,237.108,274.907,1,to_from,normal,normal
2023-01-01T03:20:00,VB_081,-5.74,0.574,29.649,241.078,270.727,1,to_from,normal,normal
2023-01-01T03:25:00,VB_001,-10.321,1.032,95.875,27.796,123.671,1,to_from,normal,normal
2023-01-01T03:25:00,VB_002,-5.907,0.514,31.404,39.993,71.397,1,to_from,normal,normal
2023-01-01T03:25:00,VB_003,-11.738,0.903,165.342,114.892,280.234,1,to_from,normal,normal
2023-01-01T03:25:00,VB_004,8.224,0.567,60.869,284.775,223.906,1,from_to,normal,normal
2023-01-01T03:25:00,VB_005,-15.176,1.518,239.518,223.906,463.424,1,to_from,normal,normal
2023-01-01T03:25:00,VB_006,-10.577,0.92,111.872,309.176,421.048,1,to_from,normal,normal
2023-01-01T03:25:00,VB_007,-8.702,0.669,68.157,377.501,445.658,1,to_from,normal,normal
2023-01-01T03:25:00,VB_008,-15.219,1.05,268.684,389.8,658.484,1,to_from,normal,normal
2023-01-01T03:25:00,VB_009,-10.824,1.082,140.598,143.577,284.175,1,to_from,normal,normal
2023-01-01T03:25:00,VB_010,9.135,0.794,75.109,314.633,239.524,1,from_to,normal,normal
2023-01-01T03:25:00,VB_011,-10.086,0.776,101.736,239.524,341.26,1,to_from,normal,normal
2023-01-01T03:25:00,VB_012,-12.239,0.844,149.8,310.873,460.673,1,to_from,normal,normal
2023-01-01T03:25:00,VB_013,-16.115,1.612,233.736,382.222,615.958,1,to_from,normal,normal
2023-01-01T03:25:00,VB_014,-20.481,1.781,469.804,407.908,877.712,1,to_from,normal,normal
2023-01-01T03:25:00,VB_015,-11.206,0.862,113.013,535.766,648.779,1,to_from,normal,normal
2023-01-01T03:25:00,VB_016,10.238,0.706,147.491,206.258,58.767,1,from_to,normal,normal
2023-01-01T03:25:00,VB_017,11.983,1.198,129.226,183.356,54.13,1,from_to,normal,normal
2023-01-01T03:25:00,VB_018,8.757,0.761,69.013,109.006,39.993,1,from_to,normal,normal
2023-01-01T03:25:00,VB_019,5.943,0.457,31.789,67.254,35.465,1,from_to,normal,normal
2023-01-01T03:25:00,VB_020,-12.785,0.882,147.112,35.465,182.577,1,to_from,normal,normal
2023-01-01T03:25:00,VB_021,-10.369,1.037,96.763,42.601,139.364,1,to_from,normal,normal
2023-01-01T03:25:00,VB_022,-10.398,0.904,152.136,58.132,210.268,1,to_from,normal,normal
2023-01-01T03:25:00,VB_023,-8.176,0.629,60.168,58.767,118.935,1,to_from,normal,normal
2023-01-01T03:25:00,VB_024,-9.49,0.654,85.29,68.529,153.819,1,to_from,normal,normal
2023-01-01T03:25:00,VB_025,5.398,0.54,26.221,84.353,58.132,1,from_to,normal,normal
2023-01-01T03:25:00,VB_026,-13.709,1.192,225.518,186.315,411.833,1,to_from,normal,normal
2023-01-01T03:25:00,VB_027,-13.668,1.051,224.173,188.989,413.162,1,to_from,normal,normal
2023-01-01T03:25:00,VB_028,-18.413,1.27,305.137,280.234,585.371,1,to_from,normal,normal
2023-01-01T03:25:00,VB_029,-8.671,0.867,67.67,223.906,291.576,1,to_from,normal,normal
2023-01-01T03:25:00,VB_030,-10.319,0.897,95.842,228.076,323.918,1,to_from,normal,normal
2023-01-01T03:25:00,VB_031,11.119,0.855,111.27,343.589,232.319,1,from_to,normal,normal
2023-01-01T03:25:00,VB_032,-11.46,0.79,124.365,232.319,356.684,1,to_from,normal,normal
2023-01-01T03:25:00,VB_033,-11.8,1.18,125.323,245.619,370.942,1,to_from,normal,normal
2023-01-01T03:25:00,VB_034,10.982,0.955,108.547,348.071,239.524,1,from_to,normal,normal
2023-01-01T03:25:00,VB_035,-6.018,0.463,32.593,309.176,341.769,1,to_from,normal,normal
2023-01-01T03:25:00,VB_036,-12.945,0.893,156.339,352.878,509.217,1,to_from,normal,normal
2023-01-01T03:25:00,VB_037,-5.702,0.57,34.696,358.535,393.231,1,to_from,normal,normal
2023-01-01T03:25:00,VB_038,-5.683,0.494,29.069,377.501,406.57,1,to_from,normal,normal
2023-01-01T03:25:00,VB_039,6.163,0.474,40.529,405.601,365.072,1,from_to,normal,normal
2023-01-01T03:25:00,VB_040,11.812,0.815,130.176,488.712,358.536,1,from_to,normal,normal
2023-01-01T03:25:00,VB_041,-6.591,0.659,46.346,354.773,401.119,1,to_from,normal,normal
2023-01-01T03:25:00,VB_042,-10.853,0.944,118.618,368.265,486.883,1,to_from,normal,normal
2023-01-01T03:25:00,VB_043,-12.995,1,151.979,383.266,535.245,1,to_from,normal,normal
2023-01-01T03:25:00,VB_044,-10.089,0.696,91.611,384.879,476.49,1,to_from,normal,normal
2023-01-01T03:25:00,VB_045,10.688,1.069,102.805,504.202,401.397,1,from_to,normal,normal
2023-01-01T03:25:00,VB_046,9.491,0.825,90.711,472.977,382.266,1,from_to,normal,normal
2023-01-01T03:25:00,VB_047,7.011,0.539,52.448,417.845,365.397,1,from_to,normal,normal
2023-01-01T03:25:00,VB_048,7.713,0.532,53.535,433.406,379.871,1,from_to,normal,normal
2023-01-01T03:25:00,VB_049,-7.111,0.711,47.888,379.871,427.759,1,to_from,normal,normal
2023-01-01T03:25:00,VB_050,-6.592,0.573,39.11,397.033,436.143,1,to_from,normal,normal
2023-01-01T03:25:00,VB_051,-8.013,0.616,57.784,358.535,416.319,1,to_from,normal,normal
2023-01-01T03:25:00,VB_052,-6.246,0.431,35.109,365.072,400.181,1,to_from,normal,normal
2023-01-01T03:25:00,VB_053,-14.238,1.424,182.461,0,182.461,1,to_from,normal,normal
2023-01-01T03:25:00,VB_054,-12.398,1.078,138.342,11.822,150.164,1,to_from,normal,normal
2023-01-01T03:25:00,VB_055,6.899,0.531,42.833,54.655,11.822,1,from_to,normal,normal
2023-01-01T03:25:00,VB_056,-11.312,0.78,119.128,532.463,651.591,1,to_from,normal,normal
2023-01-01T03:25:00,VB_057,-8.396,0.84,63.446,574.037,637.483,1,to_from,normal,normal
2023-01-01T03:25:00,VB_058,14.474,1.259,188.536,775.693,587.157,1,from_to,normal,normal
2023-01-01T03:25:00,VB_059,13.974,1.075,175.739,750.053,574.314,1,from_to,normal,normal
2023-01-01T03:25:00,VB_060,12.061,0.832,130.927,682.169,551.242,1,from_to,normal,normal
2023-01-01T03:25:00,VB_061,6.765,0.676,41.185,572.824,531.639,1,from_to,normal,normal
2023-01-01T03:25:00,VB_062,7.372,0.641,48.917,584.683,535.766,1,from_to,normal,normal
2023-01-01T03:25:00,VB_063,8.434,0.649,64.024,625.475,561.451,1,from_to,normal,normal
2023-01-01T03:25:00,VB_064,-6.903,0.476,42.89,216.638,259.528,1,to_from,normal,normal
2023-01-01T03:25:00,VB_065,-6.165,0.616,34.203,220.628,254.831,1,to_from,normal,normal
2023-01-01T03:25:00,VB_066,5.714,0.497,34.838,295.946,261.108,1,from_to,normal,normal
2023-01-01T03:25:00,VB_067,-12.218,0.94,139.286,216.638,355.924,1,to_from,normal,normal
2023-01-01T03:25:00,VB_068,15.858,1.094,253.222,523.265,270.043,1,from_to,normal,normal
2023-01-01T03:25:00,VB_069,-8.034,0.803,60.22,225.293,285.513,1,to_from,normal,normal
2023-01-01T03:25:00,VB_070,6.847,0.595,50.029,315.107,265.078,1,from_to,normal,normal
2023-01-01T03:25:00,VB_071,-12.502,0.962,145.836,220.628,366.464,1,to_from,normal,normal
2023-01-01T03:25:00,VB_072,14.132,0.975,201.112,481.655,280.543,1,from_to,normal,normal
2023-01-01T03:25:00,VB_073,-5.937,0.594,32.889,235.638,268.527,1,to_from,normal,normal
2023-01-01T03:25:00,VB_074,9.401,0.817,94.292,331.4,237.108,1,from_to,normal,normal
2023-01-01T03:25:00,VB_075,11.869,0.913,150.3,396.343,246.043,1,from_to,normal,normal
2023-01-01T03:25:00,VB_076,10.37,0.715,114.747,355.825,241.078,1,from_to,normal,normal
2023-01-01T03:25:00,VB_077,10.982,1.098,128.676,385.219,256.543,1,from_to,normal,normal
2023-01-01T03:25:00,VB_078,-6.673,0.58,40.08,261.108,301.188,1,to_from,normal,normal
2023-01-01T03:25:00,VB_079,-6.518,0.501,38.24,265.078,303.318,1,to_from,normal,normal
2023-01-01T03:25:00,VB_080,-6.41,0.442,36.98,237.108,274.088,1,to_from,normal,normal
2023-01-01T03:25:00,VB_081,-5.67,0.567,28.937,241.078,270.015,1,to_from,normal,normal
2023-01-01T03:30:00,VB_001,-10.251,1.025,94.569,27.796,122.365,1,to_from,normal,normal
2023-01-01T03:30:00,VB_002,-5.968,0.519,32.06,39.993,72.053,1,to_from,normal,normal
2023-01-01T03:30:00,VB_003,-11.837,0.911,168.136,112.098,280.234,1,to_from,normal,normal
2023-01-01T03:30:00,VB_004,8.349,0.576,62.742,286.648,223.906,1,from_to,normal,normal
2023-01-01T03:30:00,VB_005,-15.251,1.525,241.895,223.906,465.801,1,to_from,normal,normal
2023-01-01T03:30:00,VB_006,-10.502,0.913,110.297,309.176,419.473,1,to_from,normal,normal
2023-01-01T03:30:00,VB_007,-8.659,0.666,67.48,377.501,444.981,1,to_from,normal,normal
2023-01-01T03:30:00,VB_008,-15.173,1.046,267.047,389.8,656.847,1,to_from,normal,normal
2023-01-01T03:30:00,VB_009,-10.709,1.071,137.62,146.555,284.175,1,to_from,normal,normal
2023-01-01T03:30:00,VB_010,9.115,0.793,74.768,314.292,239.524,1,from_to,normal,normal
2023-01-01T03:30:00,VB_011,-10.12,0.778,102.407,239.524,341.931,1,to_from,normal,normal
2023-01-01T03:30:00,VB_012,-12.334,0.851,152.135,310.873,463.008,1,to_from,normal,normal
2023-01-01T03:30:00,VB_013,-16.294,1.629,238.949,382.222,621.171,1,to_from,normal,normal
2023-01-01T03:30:00,VB_014,-20.334,1.768,463.108,407.908,871.016,1,to_from,normal,normal
2023-01-01T03:30:00,VB_015,-11.108,0.854,111.053,535.766,646.819,1,to_from,normal,normal
2023-01-01T03:30:00,VB_016,10.227,0.705,147.169,205.936,58.767,1,from_to,normal,normal
2023-01-01T03:30:00,VB_017,11.905,1.19,127.549,181.679,54.13,1,from_to,normal,normal
2023-01-01T03:30:00,VB_018,8.708,0.757,68.244,108.237,39.993,1,from_to,normal,normal
2023-01-01T03:30:00,VB_019,5.977,0.46,32.153,67.618,35.465,1,from_to,normal,normal
2023-01-01T03:30:00,VB_020,-12.849,0.886,148.593,35.465,184.058,1,to_from,normal,normal
2023-01-01T03:30:00,VB_021,-10.421,1.042,97.741,42.601,140.342,1,to_from,normal,normal
2023-01-01T03:30:00,VB_022,-10.435,0.907,153.202,58.132,211.334,1,to_from,normal,normal
2023-01-01T03:30:00,VB_023,-8.218,0.632,60.78,58.767,119.547,1,to_from,normal,normal
2023-01-01T03:30:00,VB_024,-9.572,0.66,86.765,68.529,155.294,1,to_from,normal,normal
2023-01-01T03:30:00,VB_025,5.444,0.544,26.677,84.809,58.132,1,from_to,normal,normal
2023-01-01T03:30:00,VB_026,-13.695,1.191,225.068,186.315,411.383,1,to_from,normal,normal
2023-01-01T03:30:00,VB_027,-13.606,1.047,222.141,188.989,411.13,1,to_from,normal,normal
2023-01-01T03:30:00,VB_028,-18.531,1.278,309.045,280.234,589.279,1,to_from,normal,normal
2023-01-01T03:30:00,VB_029,-8.711,0.871,68.299,223.906,292.205,1,to_from,normal,normal
2023-01-01T03:30:00,VB_030,-10.284,0.894,95.186,228.076,323.262,1,to_from,normal,normal
2023-01-01T03:30:00,VB_031,11.165,0.859,112.193,344.512,232.319,1,from_to,normal,normal
2023-01-01T03:30:00,VB_032,-11.578,0.799,126.956,232.319,359.275,1,to_from,normal,normal
2023-01-01T03:30:00,VB_033,-11.828,1.183,125.921,245.619,371.54,1,to_from,normal,normal
2023-01-01T03:30:00,VB_034,10.865,0.945,106.241,345.765,239.524,1,from_to,normal,normal
2023-01-01T03:30:00,VB_035,-5.96,0.458,31.971,309.176,341.147,1,to_from,normal,normal
2023-01-01T03:30:00,VB_036,-12.85,0.886,154.065,352.878,506.943,1,to_from,normal,normal
2023-01-01T03:30:00,VB_037,-5.635,0.564,33.886,358.535,392.421,1,to_from,normal,normal
2023-01-01T03:30:00,VB_038,-5.688,0.495,29.118,377.501,406.619,1,to_from,normal,normal
2023-01-01T03:30:00,VB_039,6.203,0.477,41.051,406.123,365.072,1,from_to,normal,normal
2023-01-01T03:30:00,VB_040,11.887,0.82,131.833,490.369,358.536,1,from_to,normal,normal
2023-01-01T03:30:00,VB_041,-6.571,0.657,46.077,354.773,400.85,1,to_from,normal,normal
2023-01-01T03:30:00,VB_042,-10.979,0.955,121.379,368.265,489.644,1,to_from,normal,normal
2023-01-01T03:30:00,VB_043,-12.984,0.999,151.72,383.266,534.986,1,to_from,normal,normal
2023-01-01T03:30:00,VB_044,-10.05,0.693,90.91,384.879,475.789,1,to_from,normal,normal
2023-01-01T03:30:00,VB_045,10.584,1.058,100.81,502.207,401.397,1,from_to,normal,normal
2023-01-01T03:30:00,VB_046,9.579,0.833,92.392,474.658,382.266,1,from_to,normal,normal
2023-01-01T03:30:00,VB_047,7.031,0.541,52.74,418.137,365.397,1,from_to,normal,normal
2023-01-01T03:30:00,VB_048,7.799,0.538,54.744,434.615,379.871,1,from_to,normal,normal
2023-01-01T03:30:00,VB_049,-7.176,0.718,48.767,379.871,428.638,1,to_from,normal,normal
2023-01-01T03:30:00,VB_050,-6.639,0.577,39.674,397.033,436.707,1,to_from,normal,normal
2023-01-01T03:30:00,VB_051,-8.02,0.617,57.893,358.535,416.428,1,to_from,normal,normal
2023-01-01T03:30:00,VB_052,-6.172,0.426,34.283,365.072,399.355,1,to_from,normal,normal
2023-01-01T03:30:00,VB_053,-14.23,1.423,182.248,0,182.248,1,to_from,normal,normal
2023-01-01T03:30:00,VB_054,-12.46,1.083,139.721,11.822,151.543,1,to_from,normal,normal
2023-01-01T03:30:00,VB_055,6.825,0.525,41.919,53.741,11.822,1,from_to,normal,normal
2023-01-01T03:30:00,VB_056,-11.324,0.781,119.386,532.463,651.849,1,to_from,normal,normal
2023-01-01T03:30:00,VB_057,-8.484,0.848,64.784,574.037,638.821,1,to_from,normal,normal
2023-01-01T03:30:00,VB_058,14.474,1.259,188.56,775.717,587.157,1,from_to,normal,normal
2023-01-01T03:30:00,VB_059,13.944,1.073,174.992,749.306,574.314,1,from_to,normal,normal
2023-01-01T03:30:00,VB_060,11.972,0.826,129.002,680.244,551.242,1,from_to,normal,normal
2023-01-01T03:30:00,VB_061,6.727,0.673,40.73,572.369,531.639,1,from_to,normal,normal
2023-01-01T03:30:00,VB_062,7.296,0.634,47.913,583.679,535.766,1,from_to,normal,normal
2023-01-01T03:30:00,VB_063,8.282,0.637,61.73,623.181,561.451,1,from_to,normal,normal
2023-01-01T03:30:00,VB_064,-6.871,0.474,42.488,216.638,259.126,1,to_from,normal,normal
2023-01-01T03:30:00,VB_065,-6.148,0.615,34.014,220.628,254.642,1,to_from,normal,normal
2023-01-01T03:30:00,VB_066,5.689,0.495,34.53,295.638,261.108,1,from_to,normal,normal
2023-01-01T03:30:00,VB_067,-12.236,0.941,139.699,216.638,356.337,1,to_from,normal,normal
2023-01-01T03:30:00,VB_068,15.852,1.093,253.043,523.086,270.043,1,from_to,normal,normal
2023-01-01T03:30:00,VB_069,-8.028,0.803,60.131,225.293,285.424,1,to_from,normal,normal
2023-01-01T03:30:00,VB_070,6.796,0.591,49.284,314.362,265.078,1,from_to,normal,normal
2023-01-01T03:30:00,VB_071,-12.508,0.962,145.979,220.628,366.607,1,to_from,normal,normal
2023-01-01T03:30:00,VB_072,14.131,0.975,201.077,481.62,280.543,1,from_to,normal,normal
2023-01-01T03:30:00,VB_073,-5.915,0.591,32.641,235.638,268.279,1,to_from,normal,normal
2023-01-01T03:30:00,VB_074,9.307,0.809,92.431,329.539,237.108,1,from_to,normal,normal
2023-01-01T03:30:00,VB_075,11.925,0.917,151.727,397.77,246.043,1,from_to,normal,normal
2023-01-01T03:30:00,VB_076,10.428,0.719,116.027,357.105,241.078,1,from_to,normal,normal
2023-01-01T03:30:00,VB_077,11.024,1.102,129.664,386.207,256.543,1,from_to,normal,normal
2023-01-01T03:30:00,VB_078,-6.73,0.585,40.767,261.108,301.875,1,to_from,normal,normal
2023-01-01T03:30:00,VB_079,-6.538,0.503,38.469,265.078,303.547,1,to_from,normal,normal
2023-01-01T03:30:00,VB_080,-6.375,0.44,36.573,237.108,273.681,1,to_from,normal,normal
2023-01-01T03:30:00,VB_081,-5.669,0.567,28.927,241.078,270.005,1,to_from,normal,normal
2023-01-01T03:35:00,VB_001,-10.242,1.024,94.415,27.796,122.211,1,to_from,normal,normal
2023-01-01T03:35:00,VB_002,-5.901,0.513,31.338,39.993,71.331,1,to_from,normal,normal
2023-01-01T03:35:00,VB_003,-11.873,0.913,169.162,111.072,280.234,1,to_from,normal,normal
2023-01-01T03:35:00,VB_004,8.335,0.575,62.528,286.434,223.906,1,from_to,normal,normal
2023-01-01T03:35:00,VB_005,-15.314,1.531,243.914,223.906,467.82,1,to_from,normal,normal
2023-01-01T03:35:00,VB_006,-10.524,0.915,110.75,309.176,419.926,1,to_from,normal,normal
2023-01-01T03:35:00,VB_007,-8.584,0.66,66.311,377.501,443.812,1,to_from,normal,normal
2023-01-01T03:35:00,VB_008,-14.95,1.031,259.26,389.8,649.06,1,to_from,normal,normal
2023-01-01T03:35:00,VB_009,-10.672,1.067,136.671,147.504,284.175,1,to_from,normal,normal
2023-01-01T03:35:00,VB_010,9.203,0.8,76.231,315.755,239.524,1,from_to,normal,normal
2023-01-01T03:35:00,VB_011,-10.105,0.777,102.109,239.524,341.633,1,to_from,normal,normal
2023-01-01T03:35:00,VB_012,-12.536,0.865,157.153,310.873,468.026,1,to_from,normal,normal
2023-01-01T03:35:00,VB_013,-16.448,1.645,243.469,382.222,625.691,1,to_from,normal,normal
2023-01-01T03:35:00,VB_014,-20.573,1.789,474.059,407.908,881.967,1,to_from,normal,normal
2023-01-01T03:35:00,VB_015,-11.141,0.857,111.713,535.766,647.479,1,to_from,normal,normal
2023-01-01T03:35:00,VB_016,10.132,0.699,144.452,203.219,58.767,1,from_to,normal,normal
2023-01-01T03:35:00,VB_017,11.943,1.194,128.382,182.512,54.13,1,from_to,normal,normal
2023-01-01T03:35:00,VB_018,8.624,0.75,66.934,106.927,39.993,1,from_to,normal,normal
2023-01-01T03:35:00,VB_019,5.984,0.46,32.227,67.692,35.465,1,from_to,normal,normal
2023-01-01T03:35:00,VB_020,-12.944,0.893,150.789,35.465,186.254,1,to_from,normal,normal
2023-01-01T03:35:00,VB_021,-10.469,1.047,98.637,42.601,141.238,1,to_from,normal,normal
2023-01-01T03:35:00,VB_022,-10.524,0.915,155.833,58.132,213.965,1,to_from,normal,normal
2023-01-01T03:35:00,VB_023,-8.193,0.63,60.411,58.767,119.178,1,to_from,normal,normal
2023-01-01T03:35:00,VB_024,-9.456,0.652,84.683,68.529,153.212,1,to_from,normal,normal
2023-01-01T03:35:00,VB_025,5.371,0.537,25.965,84.097,58.132,1,from_to,normal,normal
2023-01-01T03:35:00,VB_026,-13.707,1.192,225.46,186.315,411.775,1,to_from,normal,normal
2023-01-01T03:35:00,VB_027,-13.559,1.043,220.615,188.989,409.604,1,to_from,normal,normal
2023-01-01T03:35:00,VB_028,-18.423,1.271,305.464,280.234,585.698,1,to_from,normal,normal
2023-01-01T03:35:00,VB_029,-8.845,0.884,70.404,223.906,294.31,1,to_from,normal,normal
2023-01-01T03:35:00,VB_030,-10.434,0.907,97.991,228.076,326.067,1,to_from,normal,normal
2023-01-01T03:35:00,VB_031,11.243,0.865,113.773,346.092,232.319,1,from_to,normal,normal
2023-01-01T03:35:00,VB_032,-11.599,0.8,127.417,232.319,359.736,1,to_from,normal,normal
2023-01-01T03:35:00,VB_033,-11.765,1.176,124.569,245.619,370.188,1,to_from,normal,normal
2023-01-01T03:35:00,VB_034,10.875,0.946,106.437,345.961,239.524,1,from_to,normal,normal
2023-01-01T03:35:00,VB_035,-5.887,0.453,31.187,309.176,340.363,1,to_from,normal,normal
2023-01-01T03:35:00,VB_036,-12.839,0.885,153.797,352.878,506.675,1,to_from,normal,normal
2023-01-01T03:35:00,VB_037,-5.638,0.564,33.915,358.535,392.45,1,to_from,normal,normal
2023-01-01T03:35:00,VB_038,-5.651,0.491,28.742,377.501,406.243,1,to_from,normal,normal
2023-01-01T03:35:00,VB_039,6.23,0.479,41.411,406.483,365.072,1,from_to,normal,normal
2023-01-01T03:35:00,VB_040,11.974,0.826,133.762,492.298,358.536,1,from_to,normal,normal
2023-01-01T03:35:00,VB_041,-6.679,0.668,47.593,354.773,402.366,1,to_from,normal,normal
2023-01-01T03:35:00,VB_042,-10.982,0.955,121.45,368.265,489.715,1,to_from,normal,normal
2023-01-01T03:35:00,VB_043,-13.01,1.001,152.332,383.266,535.598,1,to_from,normal,normal
2023-01-01T03:35:00,VB_044,-9.873,0.681,87.734,384.879,472.613,1,to_from,normal,normal
2023-01-01T03:35:00,VB_045,10.528,1.053,99.763,501.16,401.397,1,from_to,normal,normal
2023-01-01T03:35:00,VB_046,9.539,0.829,91.632,473.898,382.266,1,from_to,normal,normal
2023-01-01T03:35:00,VB_047,7.043,0.542,52.933,418.33,365.397,1,from_to,normal,normal
2023-01-01T03:35:00,VB_048,7.759,0.535,54.176,434.047,379.871,1,from_to,normal,normal
2023-01-01T03:35:00,VB_049,-7.201,0.72,49.105,379.871,428.976,1,to_from,normal,normal
2023-01-01T03:35:00,VB_050,-6.617,0.575,39.41,397.033,436.443,1,to_from,normal,normal
2023-01-01T03:35:00,VB_051,-8.028,0.618,57.997,358.535,416.532,1,to_from,normal,normal
2023-01-01T03:35:00,VB_052,-6.147,0.424,34.006,365.072,399.078,1,to_from,normal,normal
2023-01-01T03:35:00,VB_053,-14.055,1.405,177.784,0,177.784,1,to_from,normal,normal
2023-01-01T03:35:00,VB_054,-12.311,1.071,136.412,11.822,148.234,1,to_from,normal,normal
2023-01-01T03:35:00,VB_055,6.916,0.532,43.049,54.871,11.822,1,from_to,normal,normal
2023-01-01T03:35:00,VB_056,-11.422,0.788,121.465,532.463,653.928,1,to_from,normal,normal
2023-01-01T03:35:00,VB_057,-8.529,0.853,65.475,574.037,639.512,1,to_from,normal,normal
2023-01-01T03:35:00,VB_058,14.595,1.269,191.711,778.868,587.157,1,from_to,normal,normal
2023-01-01T03:35:00,VB_059,13.954,1.073,175.232,749.546,574.314,1,from_to,normal,normal
2023-01-01T03:35:00,VB_060,12.067,0.832,131.052,682.294,551.242,1,from_to,normal,normal
2023-01-01T03:35:00,VB_061,6.762,0.676,41.147,572.786,531.639,1,from_to,normal,normal
2023-01-01T03:35:00,VB_062,7.262,0.631,47.461,583.227,535.766,1,from_to,normal,normal
2023-01-01T03:35:00,VB_063,8.251,0.635,61.267,622.718,561.451,1,from_to,normal,normal
2023-01-01T03:35:00,VB_064,-6.917,0.477,43.055,216.638,259.693,1,to_from,normal,normal
2023-01-01T03:35:00,VB_065,-6.229,0.623,34.916,220.628,255.544,1,to_from,normal,normal
2023-01-01T03:35:00,VB_066,5.764,0.501,35.449,296.557,261.108,1,from_to,normal,normal
2023-01-01T03:35:00,VB_067,-12.288,0.945,140.883,216.638,357.521,1,to_from,normal,normal
2023-01-01T03:35:00,VB_068,16.054,1.107,259.522,529.565,270.043,1,from_to,normal,normal
2023-01-01T03:35:00,VB_069,-7.996,0.8,59.65,225.293,284.943,1,to_from,normal,normal
2023-01-01T03:35:00,VB_070,6.774,0.589,48.966,314.044,265.078,1,from_to,normal,normal
2023-01-01T03:35:00,VB_071,-12.387,0.953,143.167,220.628,363.795,1,to_from,normal,normal
2023-01-01T03:35:00,VB_072,14.027,0.967,198.121,478.664,280.543,1,from_to,normal,normal
2023-01-01T03:35:00,VB_073,-5.898,0.59,32.459,235.638,268.097,1,to_from,normal,normal
2023-01-01T03:35:00,VB_074,9.423,0.819,94.737,331.845,237.108,1,from_to,normal,normal
2023-01-01T03:35:00,VB_075,11.938,0.918,152.065,398.108,246.043,1,from_to,normal,normal
2023-01-01T03:35:00,VB_076,10.417,0.718,115.782,356.86,241.078,1,from_to,normal,normal
2023-01-01T03:35:00,VB_077,10.938,1.094,127.657,384.2,256.543,1,from_to,normal,normal
2023-01-01T03:35:00,VB_078,-6.694,0.582,40.323,261.108,301.431,1,to_from,normal,normal
2023-01-01T03:35:00,VB_079,-6.47,0.498,37.681,265.078,302.759,1,to_from,normal,normal
2023-01-01T03:35:00,VB_080,-6.372,0.439,36.546,237.108,273.654,1,to_from,normal,normal
2023-01-01T03:35:00,VB_081,-5.625,0.562,28.473,241.078,269.551,1,to_from,normal,normal
2023-01-01T03:40:00,VB_001,-10.276,1.028,95.041,27.796,122.837,1,to_from,normal,normal
2023-01-01T03:40:00,VB_002,-5.963,0.519,31.999,39.993,71.992,1,to_from,normal,normal
2023-01-01T03:40:00,VB_003,-11.853,0.912,168.587,111.647,280.234,1,to_from,normal,normal
2023-01-01T03:40:00,VB_004,8.464,0.584,64.477,288.383,223.906,1,from_to,normal,normal
2023-01-01T03:40:00,VB_005,-15.311,1.531,243.811,223.906,467.717,1,to_from,normal,normal
2023-01-01T03:40:00,VB_006,-10.486,0.912,109.953,309.176,419.129,1,to_from,normal,normal
2023-01-01T03:40:00,VB_007,-8.58,0.66,66.259,377.501,443.76,1,to_from,normal,normal
2023-01-01T03:40:00,VB_008,-14.884,1.027,256.994,389.8,646.794,1,to_from,normal,normal
2023-01-01T03:40:00,VB_009,-10.746,1.075,138.562,145.613,284.175,1,to_from,normal,normal
2023-01-01T03:40:00,VB_010,9.218,0.802,76.476,316,239.524,1,from_to,normal,normal
2023-01-01T03:40:00,VB_011,-10.127,0.779,102.55,239.524,342.074,1,to_from,normal,normal
2023-01-01T03:40:00,VB_012,-12.461,0.859,155.27,310.873,466.143,1,to_from,normal,normal
2023-01-01T03:40:00,VB_013,-16.603,1.66,248.098,382.222,630.32,1,to_from,normal,normal
2023-01-01T03:40:00,VB_014,-20.465,1.78,469.096,407.908,877.004,1,to_from,normal,normal
2023-01-01T03:40:00,VB_015,-11.141,0.857,111.711,535.766,647.477,1,to_from,normal,normal
2023-01-01T03:40:00,VB_016,10.064,0.694,142.504,201.271,58.767,1,from_to,normal,normal
2023-01-01T03:40:00,VB_017,11.746,1.175,124.18,178.31,54.13,1,from_to,normal,normal
2023-01-01T03:40:00,VB_018,8.637,0.751,67.138,107.131,39.993,1,from_to,normal,normal
2023-01-01T03:40:00,VB_019,5.968,0.459,32.061,67.526,35.465,1,from_to,normal,normal
2023-01-01T03:40:00,VB_020,-12.964,0.894,151.265,35.465,186.73,1,to_from,normal,normal
2023-01-01T03:40:00,VB_021,-10.572,1.057,100.597,42.601,143.198,1,to_from,normal,normal
2023-01-01T03:40:00,VB_022,-10.639,0.925,159.244,58.132,217.376,1,to_from,normal,normal
2023-01-01T03:40:00,VB_023,-8.252,0.635,61.292,58.767,120.059,1,to_from,normal,normal
2023-01-01T03:40:00,VB_024,-9.496,0.655,85.387,68.529,153.916,1,to_from,normal,normal
2023-01-01T03:40:00,VB_025,5.371,0.537,25.967,84.099,58.132,1,from_to,normal,normal
2023-01-01T03:40:00,VB_026,-13.547,1.178,220.237,186.315,406.552,1,to_from,normal,normal
2023-01-01T03:40:00,VB_027,-13.39,1.03,215.157,188.989,404.146,1,to_from,normal,normal
2023-01-01T03:40:00,VB_028,-18.595,1.282,311.183,280.234,591.417,1,to_from,normal,normal
2023-01-01T03:40:00,VB_029,-8.798,0.88,69.66,223.906,293.566,1,to_from,normal,normal
2023-01-01T03:40:00,VB_030,-10.488,0.912,99.007,228.076,327.083,1,to_from,normal,normal
2023-01-01T03:40:00,VB_031,11.276,0.867,114.437,346.756,232.319,1,from_to,normal,normal
2023-01-01T03:40:00,VB_032,-11.573,0.798,126.831,232.319,359.15,1,to_from,normal,normal
2023-01-01T03:40:00,VB_033,-11.854,1.185,126.468,245.619,372.087,1,to_from,normal,normal
2023-01-01T03:40:00,VB_034,10.777,0.937,104.52,344.044,239.524,1,from_to,normal,normal
2023-01-01T03:40:00,VB_035,-5.833,0.449,30.62,309.176,339.796,1,to_from,normal,normal
2023-01-01T03:40:00,VB_036,-12.841,0.886,153.854,352.878,506.732,1,to_from,normal,normal
2023-01-01T03:40:00,VB_037,-5.682,0.568,34.443,358.535,392.978,1,to_from,normal,normal
2023-01-01T03:40:00,VB_038,-5.719,0.497,29.437,377.501,406.938,1,to_from,normal,normal
2023-01-01T03:40:00,VB_039,6.322,0.486,42.642,407.714,365.072,1,from_to,normal,normal
2023-01-01T03:40:00,VB_040,12.153,0.838,137.806,496.342,358.536,1,from_to,normal,normal
2023-01-01T03:40:00,VB_041,-6.62,0.662,46.765,354.773,401.538,1,to_from,normal,normal
2023-01-01T03:40:00,VB_042,-10.946,0.952,120.647,368.265,488.912,1,to_from,normal,normal
2023-01-01T03:40:00,VB_043,-12.86,0.989,148.83,383.266,532.096,1,to_from,normal,normal
2023-01-01T03:40:00,VB_044,-9.789,0.675,86.234,384.879,471.113,1,to_from,normal,normal
2023-01-01T03:40:00,VB_045,10.511,1.051,99.438,500.835,401.397,1,from_to,normal,normal
2023-01-01T03:40:00,VB_046,9.556,0.831,91.947,474.213,382.266,1,from_to,normal,normal
2023-01-01T03:40:00,VB_047,7.158,0.551,54.669,420.066,365.397,1,from_to,normal,normal
2023-01-01T03:40:00,VB_048,7.903,0.545,56.215,436.086,379.871,1,from_to,normal,normal
2023-01-01T03:40:00,VB_049,-7.233,0.723,49.539,379.871,429.41,1,to_from,normal,normal
2023-01-01T03:40:00,VB_050,-6.678,0.581,40.137,397.033,437.17,1,to_from,normal,normal
2023-01-01T03:40:00,VB_051,-8.041,0.619,58.191,358.535,416.726,1,to_from,normal,normal
2023-01-01T03:40:00,VB_052,-6.117,0.422,33.677,365.072,398.749,1,to_from,normal,normal
2023-01-01T03:40:00,VB_053,-13.988,1.399,176.092,0,176.092,1,to_from,normal,normal
2023-01-01T03:40:00,VB_054,-12.364,1.075,137.576,11.822,149.398,1,to_from,normal,normal
2023-01-01T03:40:00,VB_055,6.847,0.527,42.198,54.02,11.822,1,from_to,normal,normal
2023-01-01T03:40:00,VB_056,-11.519,0.794,123.536,532.463,655.999,1,to_from,normal,normal
2023-01-01T03:40:00,VB_057,-8.512,0.851,65.206,574.037,639.243,1,to_from,normal,normal
2023-01-01T03:40:00,VB_058,14.604,1.27,191.944,779.101,587.157,1,from_to,normal,normal
2023-01-01T03:40:00,VB_059,14.007,1.077,176.582,750.896,574.314,1,from_to,normal,normal
2023-01-01T03:40:00,VB_060,11.935,0.823,128.209,679.451,551.242,1,from_to,normal,normal
2023-01-01T03:40:00,VB_061,6.658,0.666,39.898,571.537,531.639,1,from_to,normal,normal
2023-01-01T03:40:00,VB_062,7.226,0.628,46.993,582.759,535.766,1,from_to,normal,normal
2023-01-01T03:40:00,VB_063,8.266,0.636,61.49,622.941,561.451,1,from_to,normal,normal
2023-01-01T03:40:00,VB_064,-6.853,0.473,42.264,216.638,258.902,1,to_from,normal,normal
2023-01-01T03:40:00,VB_065,-6.214,0.621,34.754,220.628,255.382,1,to_from,normal,normal
2023-01-01T03:40:00,VB_066,5.832,0.507,36.289,297.397,261.108,1,from_to,normal,normal
2023-01-01T03:40:00,VB_067,-12.293,0.946,140.988,216.638,357.626,1,to_from,normal,normal
2023-01-01T03:40:00,VB_068,16.142,1.113,262.375,532.418,270.043,1,from_to,normal,normal
2023-01-01T03:40:00,VB_069,-8.028,0.803,60.136,225.293,285.429,1,to_from,normal,normal
2023-01-01T03:40:00,VB_070,6.737,0.586,48.427,313.505,265.078,1,from_to,normal,normal
2023-01-01T03:40:00,VB_071,-12.279,0.945,140.668,220.628,361.296,1,to_from,normal,normal
2023-01-01T03:40:00,VB_072,13.929,0.961,195.37,475.913,280.543,1,from_to,normal,normal
2023-01-01T03:40:00,VB_073,-5.914,0.591,32.627,235.638,268.265,1,to_from,normal,normal
2023-01-01T03:40:00,VB_074,9.423,0.819,94.737,331.845,237.108,1,from_to,normal,normal
2023-01-01T03:40:00,VB_075,12.054,0.927,155.033,401.076,246.043,1,from_to,normal,normal
2023-01-01T03:40:00,VB_076,10.559,0.728,118.958,360.036,241.078,1,from_to,normal,normal
2023-01-01T03:40:00,VB_077,10.941,1.094,127.72,384.263,256.543,1,from_to,normal,normal
2023-01-01T03:40:00,VB_078,-6.675,0.58,40.095,261.108,301.203,1,to_from,normal,normal
2023-01-01T03:40:00,VB_079,-6.464,0.497,37.603,265.078,302.681,1,to_from,normal,normal
2023-01-01T03:40:00,VB_080,-6.308,0.435,35.807,237.108,272.915,1,to_from,normal,normal
2023-01-01T03:40:00,VB_081,-5.603,0.56,28.257,241.078,269.335,1,to_from,normal,normal
2023-01-01T03:45:00,VB_001,-10.2,1.02,93.636,27.796,121.432,1,to_from,normal,normal
2023-01-01T03:45:00,VB_002,-6.022,0.524,32.637,39.993,72.63,1,to_from,normal,normal
2023-01-01T03:45:00,VB_003,-11.945,0.919,171.217,109.017,280.234,1,to_from,normal,normal
2023-01-01T03:45:00,VB_004,8.533,0.589,65.538,289.444,223.906,1,from_to,normal,normal
2023-01-01T03:45:00,VB_005,-15.326,1.533,244.282,223.906,468.188,1,to_from,normal,normal
2023-01-01T03:45:00,VB_006,-10.477,0.911,109.761,309.176,418.937,1,to_from,normal,normal
2023-01-01T03:45:00,VB_007,-8.536,0.657,65.574,377.501,443.075,1,to_from,normal,normal
2023-01-01T03:45:00,VB_008,-14.913,1.028,257.984,389.8,647.784,1,to_from,normal,normal
2023-01-01T03:45:00,VB_009,-10.578,1.058,134.275,149.9,284.175,1,to_from,normal,normal
2023-01-01T03:45:00,VB_010,9.097,0.791,74.473,313.997,239.524,1,from_to,normal,normal
2023-01-01T03:45:00,VB_011,-10.123,0.779,102.475,239.524,341.999,1,to_from,normal,normal
2023-01-01T03:45:00,VB_012,-12.723,0.877,161.865,310.873,472.738,1,to_from,normal,normal
2023-01-01T03:45:00,VB_013,-16.585,1.658,247.544,382.222,629.766,1,to_from,normal,normal
2023-01-01T03:45:00,VB_014,-20.625,1.794,476.457,407.908,884.365,1,to_from,normal,normal
2023-01-01T03:45:00,VB_015,-11.049,0.85,109.88,535.766,645.646,1,to_from,normal,normal
2023-01-01T03:45:00,VB_016,10.129,0.699,144.363,203.13,58.767,1,from_to,normal,normal
2023-01-01T03:45:00,VB_017,11.712,1.171,123.452,177.582,54.13,1,from_to,normal,normal
2023-01-01T03:45:00,VB_018,8.616,0.749,66.81,106.803,39.993,1,from_to,normal,normal
2023-01-01T03:45:00,VB_019,5.923,0.456,31.577,67.042,35.465,1,from_to,normal,normal
2023-01-01T03:45:00,VB_020,-13.047,0.9,153.208,35.465,188.673,1,to_from,normal,normal
2023-01-01T03:45:00,VB_021,-10.64,1.064,101.892,42.601,144.493,1,to_from,normal,normal
2023-01-01T03:45:00,VB_022,-10.592,0.921,157.853,58.132,215.985,1,to_from,normal,normal
2023-01-01T03:45:00,VB_023,-8.272,0.636,61.586,58.767,120.353,1,to_from,normal,normal
2023-01-01T03:45:00,VB_024,-9.451,0.652,84.586,68.529,153.115,1,to_from,normal,normal
2023-01-01T03:45:00,VB_025,5.341,0.534,25.674,83.806,58.132,1,from_to,normal,normal
2023-01-01T03:45:00,VB_026,-13.514,1.175,219.145,186.315,405.46,1,to_from,normal,normal
2023-01-01T03:45:00,VB_027,-13.462,1.036,217.478,188.989,406.467,1,to_from,normal,normal
2023-01-01T03:45:00,VB_028,-18.525,1.278,308.849,280.234,589.083,1,to_from,normal,normal
2023-01-01T03:45:00,VB_029,-8.828,0.883,70.146,223.906,294.052,1,to_from,normal,normal
2023-01-01T03:45:00,VB_030,-10.563,0.919,100.419,228.076,328.495,1,to_from,normal,normal
2023-01-01T03:45:00,VB_031,11.379,0.875,116.539,348.858,232.319,1,from_to,normal,normal
2023-01-01T03:45:00,VB_032,-11.681,0.806,129.218,232.319,361.537,1,to_from,normal,normal
2023-01-01T03:45:00,VB_033,-11.826,1.183,125.868,245.619,371.487,1,to_from,normal,normal
2023-01-01T03:45:00,VB_034,10.692,0.93,102.89,342.414,239.524,1,from_to,normal,normal
2023-01-01T03:45:00,VB_035,-5.861,0.451,30.921,309.176,340.097,1,to_from,normal,normal
2023-01-01T03:45:00,VB_036,-12.774,0.881,152.245,352.878,505.123,1,to_from,normal,normal
2023-01-01T03:45:00,VB_037,-5.627,0.563,33.79,358.535,392.325,1,to_from,normal,normal
2023-01-01T03:45:00,VB_038,-5.726,0.498,29.505,377.501,407.006,1,to_from,normal,normal
2023-01-01T03:45:00,VB_039,6.362,0.489,43.191,408.263,365.072,1,from_to,normal,normal
2023-01-01T03:45:00,VB_040,12.209,0.842,139.07,497.606,358.536,1,from_to,normal,normal
2023-01-01T03:45:00,VB_041,-6.685,0.669,47.69,354.773,402.463,1,to_from,normal,normal
2023-01-01T03:45:00,VB_042,-10.801,0.939,117.481,368.265,485.746,1,to_from,normal,normal
2023-01-01T03:45:00,VB_043,-12.752,0.981,146.356,383.266,529.622,1,to_from,normal,normal
2023-01-01T03:45:00,VB_044,-9.835,0.678,87.06,384.879,471.939,1,to_from,normal,normal
2023-01-01T03:45:00,VB_045,10.395,1.039,97.246,498.643,401.397,1,from_to,normal,normal
2023-01-01T03:45:00,VB_046,9.487,0.825,90.624,472.89,382.266,1,from_to,normal,normal
2023-01-01T03:45:00,VB_047,7.148,0.55,54.52,419.917,365.397,1,from_to,normal,normal
2023-01-01T03:45:00,VB_048,7.917,0.546,56.407,436.278,379.871,1,from_to,normal,normal
2023-01-01T03:45:00,VB_049,-7.234,0.723,49.555,379.871,429.426,1,to_from,normal,normal
2023-01-01T03:45:00,VB_050,-6.726,0.585,40.716,397.033,437.749,1,to_from,normal,normal
2023-01-01T03:45:00,VB_051,-8.006,0.616,57.684,358.535,416.219,1,to_from,normal,normal
2023-01-01T03:45:00,VB_052,-6.086,0.42,33.331,365.072,398.403,1,to_from,normal,normal
2023-01-01T03:45:00,VB_053,-14.044,1.404,177.503,0,177.503,1,to_from,normal,normal
2023-01-01T03:45:00,VB_054,-12.293,1.069,136.012,11.822,147.834,1,to_from,normal,normal
2023-01-01T03:45:00,VB_055,6.835,0.526,42.042,53.864,11.822,1,from_to,normal,normal
2023-01-01T03:45:00,VB_056,-11.51,0.794,123.329,532.463,655.792,1,to_from,normal,normal
2023-01-01T03:45:00,VB_057,-8.623,0.862,66.913,574.037,640.95,1,to_from,normal,normal
2023-01-01T03:45:00,VB_058,14.643,1.273,192.971,780.128,587.157,1,from_to,normal,normal
2023-01-01T03:45:00,VB_059,14.012,1.078,176.708,751.022,574.314,1,from_to,normal,normal
2023-01-01T03:45:00,VB_060,11.938,0.823,128.269,679.511,551.242,1,from_to,normal,normal
2023-01-01T03:45:00,VB_061,6.662,0.666,39.942,571.581,531.639,1,from_to,normal,normal
2023-01-01T03:45:00,VB_062,7.186,0.625,46.472,582.238,535.766,1,from_to,normal,normal
2023-01-01T03:45:00,VB_063,8.232,0.633,60.988,622.439,561.451,1,from_to,normal,normal
2023-01-01T03:45:00,VB_064,-6.94,0.479,43.352,216.638,259.99,1,to_from,normal,normal
2023-01-01T03:45:00,VB_065,-6.247,0.625,35.118,220.628,255.746,1,to_from,normal,normal
2023-01-01T03:45:00,VB_066,5.819,0.506,36.128,297.236,261.108,1,from_to,normal,normal
2023-01-01T03:45:00,VB_067,-12.382,0.952,143.031,216.638,359.669,1,to_from,normal,normal
2023-01-01T03:45:00,VB_068,16.027,1.105,258.678,528.721,270.043,1,from_to,normal,normal
2023-01-01T03:45:00,VB_069,-8.005,0.8,59.785,225.293,285.078,1,to_from,normal,normal
2023-01-01T03:45:00,VB_070,6.747,0.587,48.574,313.652,265.078,1,from_to,normal,normal
2023-01-01T03:45:00,VB_071,-12.317,0.947,141.548,220.628,362.176,1,to_from,normal,normal
2023-01-01T03:45:00,VB_072,13.88,0.957,194,474.543,280.543,1,from_to,normal,normal
2023-01-01T03:45:00,VB_073,-5.972,0.597,33.272,235.638,268.91,1,to_from,normal,normal
2023-01-01T03:45:00,VB_074,9.548,0.83,97.272,334.38,237.108,1,from_to,normal,normal
2023-01-01T03:45:00,VB_075,12.155,0.935,157.646,403.689,246.043,1,from_to,normal,normal
2023-01-01T03:45:00,VB_076,10.66,0.735,121.26,362.338,241.078,1,from_to,normal,normal
2023-01-01T03:45:00,VB_077,11.049,1.105,130.254,386.797,256.543,1,from_to,normal,normal
2023-01-01T03:45:00,VB_078,-6.605,0.574,39.258,261.108,300.366,1,to_from,normal,normal
2023-01-01T03:45:00,VB_079,-6.384,0.491,36.682,265.078,301.76,1,to_from,normal,normal
2023-01-01T03:45:00,VB_080,-6.252,0.431,35.179,237.108,272.287,1,to_from,normal,normal
2023-01-01T03:45:00,VB_081,-5.585,0.559,28.076,241.078,269.154,1,to_from,normal,normal
2023-01-01T03:50:00,VB_001,-10.154,1.015,92.799,27.796,120.595,1,to_from,normal,normal
2023-01-01T03:50:00,VB_002,-6.058,0.527,33.027,39.993,73.02,1,to_from,normal,normal
2023-01-01T03:50:00,VB_003,-12.069,0.928,174.799,105.435,280.234,1,to_from,normal,normal
2023-01-01T03:50:00,VB_004,8.564,0.591,66.013,289.919,223.906,1,from_to,normal,normal
2023-01-01T03:50:00,VB_005,-15.499,1.55,249.839,223.906,473.745,1,to_from,normal,normal
2023-01-01T03:50:00,VB_006,-10.402,0.905,108.205,309.176,417.381,1,to_from,normal,normal
2023-01-01T03:50:00,VB_007,-8.434,0.649,64.015,377.501,441.516,1,to_from,normal,normal
2023-01-01T03:50:00,VB_008,-14.823,1.022,254.871,389.8,644.671,1,to_from,normal,normal
2023-01-01T03:50:00,VB_009,-10.569,1.057,134.049,150.126,284.175,1,to_from,normal,normal
2023-01-01T03:50:00,VB_010,9.147,0.795,75.293,314.817,239.524,1,from_to,normal,normal
2023-01-01T03:50:00,VB_011,-10.188,0.784,103.8,239.524,343.324,1,to_from,normal,normal
2023-01-01T03:50:00,VB_012,-12.8,0.883,163.847,310.873,474.72,1,to_from,normal,normal
2023-01-01T03:50:00,VB_013,-16.675,1.668,250.257,382.222,632.479,1,to_from,normal,normal
2023-01-01T03:50:00,VB_014,-20.633,1.794,476.816,407.908,884.724,1,to_from,normal,normal
2023-01-01T03:50:00,VB_015,-11.093,0.853,110.759,535.766,646.525,1,to_from,normal,normal
2023-01-01T03:50:00,VB_016,10.046,0.693,141.989,200.756,58.767,1,from_to,normal,normal
2023-01-01T03:50:00,VB_017,11.571,1.157,120.505,174.635,54.13,1,from_to,normal,normal
2023-01-01T03:50:00,VB_018,8.462,0.736,64.441,104.434,39.993,1,from_to,normal,normal
2023-01-01T03:50:00,VB_019,5.983,0.46,32.218,67.683,35.465,1,from_to,normal,normal
2023-01-01T03:50:00,VB_020,-13.126,0.905,155.055,35.465,190.52,1,to_from,normal,normal
2023-01-01T03:50:00,VB_021,-10.653,1.065,102.14,42.601,144.741,1,to_from,normal,normal
2023-01-01T03:50:00,VB_022,-10.615,0.923,158.545,58.132,216.677,1,to_from,normal,normal
2023-01-01T03:50:00,VB_023,-8.213,0.632,60.707,58.767,119.474,1,to_from,normal,normal
2023-01-01T03:50:00,VB_024,-9.479,0.654,85.082,68.529,153.611,1,to_from,normal,normal
2023-01-01T03:50:00,VB_025,5.274,0.527,25.03,83.162,58.132,1,from_to,normal,normal
2023-01-01T03:50:00,VB_026,-13.278,1.155,211.576,186.315,397.891,1,to_from,normal,normal
2023-01-01T03:50:00,VB_027,-13.374,1.029,214.633,188.989,403.622,1,to_from,normal,normal
2023-01-01T03:50:00,VB_028,-18.491,1.275,307.741,280.234,587.975,1,to_from,normal,normal
2023-01-01T03:50:00,VB_029,-8.896,0.89,71.23,223.906,295.136,1,to_from,normal,normal
2023-01-01T03:50:00,VB_030,-10.644,0.926,101.971,228.076,330.047,1,to_from,normal,normal
2023-01-01T03:50:00,VB_031,11.46,0.882,118.205,350.524,232.319,1,from_to,normal,normal
2023-01-01T03:50:00,VB_032,-11.576,0.798,126.893,232.319,359.212,1,to_from,normal,normal
2023-01-01T03:50:00,VB_033,-11.723,1.172,123.694,245.619,369.313,1,to_from,normal,normal
2023-01-01T03:50:00,VB_034,10.744,0.934,103.888,343.412,239.524,1,from_to,normal,normal
2023-01-01T03:50:00,VB_035,-5.812,0.447,30.405,309.176,339.581,1,to_from,normal,normal
2023-01-01T03:50:00,VB_036,-12.564,0.866,147.271,352.878,500.149,1,to_from,normal,normal
2023-01-01T03:50:00,VB_037,-5.664,0.566,34.235,358.535,392.77,1,to_from,normal,normal
2023-01-01T03:50:00,VB_038,-5.791,0.504,30.177,377.501,407.678,1,to_from,normal,normal
2023-01-01T03:50:00,VB_039,6.317,0.486,42.58,407.652,365.072,1,from_to,normal,normal
2023-01-01T03:50:00,VB_040,12.237,0.844,139.716,498.252,358.536,1,from_to,normal,normal
2023-01-01T03:50:00,VB_041,-6.64,0.664,47.045,354.773,401.818,1,to_from,normal,normal
2023-01-01T03:50:00,VB_042,-10.851,0.944,118.56,368.265,486.825,1,to_from,normal,normal
2023-01-01T03:50:00,VB_043,-12.782,0.983,147.035,383.266,530.301,1,to_from,normal,normal
2023-01-01T03:50:00,VB_044,-9.739,0.672,85.361,384.879,470.24,1,to_from,normal,normal
2023-01-01T03:50:00,VB_045,10.328,1.033,96.003,497.4,401.397,1,from_to,normal,normal
2023-01-01T03:50:00,VB_046,9.451,0.822,89.945,472.211,382.266,1,from_to,normal,normal
2023-01-01T03:50:00,VB_047,7.22,0.555,55.616,421.013,365.397,1,from_to,normal,normal
2023-01-01T03:50:00,VB_048,7.904,0.545,56.226,436.097,379.871,1,from_to,normal,normal
2023-01-01T03:50:00,VB_049,-7.292,0.729,50.353,379.871,430.224,1,to_from,normal,normal
2023-01-01T03:50:00,VB_050,-6.692,0.582,40.3,397.033,437.333,1,to_from,normal,normal
2023-01-01T03:50:00,VB_051,-8.017,0.617,57.841,358.535,416.376,1,to_from,normal,normal
2023-01-01T03:50:00,VB_052,-6.071,0.419,33.168,365.072,398.24,1,to_from,normal,normal
2023-01-01T03:50:00,VB_053,-13.935,1.393,174.764,0,174.764,1,to_from,normal,normal
2023-01-01T03:50:00,VB_054,-12.26,1.066,135.282,11.822,147.104,1,to_from,normal,normal
2023-01-01T03:50:00,VB_055,6.897,0.531,42.813,54.635,11.822,1,from_to,normal,normal
2023-01-01T03:50:00,VB_056,-11.545,0.796,124.082,532.463,656.545,1,to_from,normal,normal
2023-01-01T03:50:00,VB_057,-8.629,0.863,67.018,574.037,641.055,1,to_from,normal,normal
2023-01-01T03:50:00,VB_058,14.782,1.285,196.662,783.819,587.157,1,from_to,normal,normal
2023-01-01T03:50:00,VB_059,14.109,1.085,179.147,753.461,574.314,1,from_to,normal,normal
2023-01-01T03:50:00,VB_060,11.89,0.82,127.24,678.482,551.242,1,from_to,normal,normal
2023-01-01T03:50:00,VB_061,6.574,0.657,38.891,570.53,531.639,1,from_to,normal,normal
2023-01-01T03:50:00,VB_062,7.105,0.618,45.434,581.2,535.766,1,from_to,normal,normal
2023-01-01T03:50:00,VB_063,8.151,0.627,59.792,621.243,561.451,1,from_to,normal,normal
2023-01-01T03:50:00,VB_064,-6.941,0.479,43.355,216.638,259.993,1,to_from,normal,normal
2023-01-01T03:50:00,VB_065,-6.35,0.635,36.285,220.628,256.913,1,to_from,normal,normal
2023-01-01T03:50:00,VB_066,5.916,0.514,37.339,298.447,261.108,1,from_to,normal,normal
2023-01-01T03:50:00,VB_067,-12.422,0.956,143.978,216.638,360.616,1,to_from,normal,normal
2023-01-01T03:50:00,VB_068,16.103,1.111,261.122,531.165,270.043,1,from_to,normal,normal
2023-01-01T03:50:00,VB_069,-7.948,0.795,58.944,225.293,284.237,1,to_from,normal,normal
2023-01-01T03:50:00,VB_070,6.703,0.583,47.939,313.017,265.078,1,from_to,normal,normal
2023-01-01T03:50:00,VB_071,-12.148,0.934,137.696,220.628,358.324,1,to_from,normal,normal
2023-01-01T03:50:00,VB_072,13.762,0.949,190.723,471.266,280.543,1,from_to,normal,normal
2023-01-01T03:50:00,VB_073,-5.933,0.593,32.843,235.638,268.481,1,to_from,normal,normal
2023-01-01T03:50:00,VB_074,9.603,0.835,98.396,335.504,237.108,1,from_to,normal,normal
2023-01-01T03:50:00,VB_075,12.308,0.947,161.626,407.669,246.043,1,from_to,normal,normal
2023-01-01T03:50:00,VB_076,10.654,0.735,121.119,362.197,241.078,1,from_to,normal,normal
2023-01-01T03:50:00,VB_077,10.991,1.099,128.895,385.438,256.543,1,from_to,normal,normal
2023-01-01T03:50:00,VB_078,-6.626,0.576,39.513,261.108,300.621,1,to_from,normal,normal
2023-01-01T03:50:00,VB_079,-6.382,0.491,36.659,265.078,301.737,1,to_from,normal,normal
2023-01-01T03:50:00,VB_080,-6.208,0.428,34.689,237.108,271.797,1,to_from,normal,normal
2023-01-01T03:50:00,VB_081,-5.574,0.557,27.965,241.078,269.043,1,to_from,normal,normal
2023-01-01T03:55:00,VB_001,-10.177,1.018,93.215,27.796,121.011,1,to_from,normal,normal
2023-01-01T03:55:00,VB_002,-6.007,0.522,32.471,39.993,72.464,1,to_from,normal,normal
2023-01-01T03:55:00,VB_003,-12.072,0.929,174.886,105.348,280.234,1,to_from,normal,normal
2023-01-01T03:55:00,VB_004,8.563,0.591,65.991,289.897,223.906,1,from_to,normal,normal
2023-01-01T03:55:00,VB_005,-15.56,1.556,251.797,223.906,475.703,1,to_from,normal,normal
2023-01-01T03:55:00,VB_006,-10.372,0.902,107.588,309.176,416.764,1,to_from,normal,normal
2023-01-01T03:55:00,VB_007,-8.444,0.65,64.169,377.501,441.67,1,to_from,normal,normal
2023-01-01T03:55:00,VB_008,-14.693,1.013,250.426,389.8,640.226,1,to_from,normal,normal
2023-01-01T03:55:00,VB_009,-10.562,1.056,133.858,150.317,284.175,1,to_from,normal,normal
2023-01-01T03:55:00,VB_010,9.155,0.796,75.432,314.956,239.524,1,from_to,normal,normal
2023-01-01T03:55:00,VB_011,-10.235,0.787,104.76,239.524,344.284,1,to_from,normal,normal
2023-01-01T03:55:00,VB_012,-12.748,0.879,162.519,310.873,473.392,1,to_from,normal,normal
2023-01-01T03:55:00,VB_013,-16.666,1.667,249.984,382.222,632.206,1,to_from,normal,normal
2023-01-01T03:55:00,VB_014,-20.535,1.786,472.287,407.908,880.195,1,to_from,normal,normal
2023-01-01T03:55:00,VB_015,-10.955,0.843,108.012,535.766,643.778,1,to_from,normal,normal
2023-01-01T03:55:00,VB_016,9.967,0.687,139.78,198.547,58.767,1,from_to,normal,normal
2023-01-01T03:55:00,VB_017,11.619,1.162,121.51,175.64,54.13,1,from_to,normal,normal
2023-01-01T03:55:00,VB_018,8.476,0.737,64.658,104.651,39.993,1,from_to,normal,normal
2023-01-01T03:55:00,VB_019,5.968,0.459,32.056,67.521,35.465,1,from_to,normal,normal
2023-01-01T03:55:00,VB_020,-13.081,0.902,154.003,35.465,189.468,1,to_from,normal,normal
2023-01-01T03:55:00,VB_021,-10.828,1.083,105.519,42.601,148.12,1,to_from,normal,normal
2023-01-01T03:55:00,VB_022,-10.798,0.939,164.058,58.132,222.19,1,to_from,normal,normal
2023-01-01T03:55:00,VB_023,-8.246,0.634,61.197,58.767,119.964,1,to_from,normal,normal
2023-01-01T03:55:00,VB_024,-9.479,0.654,85.096,68.529,153.625,1,to_from,normal,normal
2023-01-01T03:55:00,VB_025,5.304,0.53,25.32,83.452,58.132,1,from_to,normal,normal
2023-01-01T03:55:00,VB_026,-13.392,1.164,215.203,186.315,401.518,1,to_from,normal,normal
2023-01-01T03:55:00,VB_027,-13.319,1.025,212.882,188.989,401.871,1,to_from,normal,normal
2023-01-01T03:55:00,VB_028,-18.43,1.271,305.704,280.234,585.938,1,to_from,normal,normal
2023-01-01T03:55:00,VB_029,-8.901,0.89,71.307,223.906,295.213,1,to_from,normal,normal
2023-01-01T03:55:00,VB_030,-10.683,0.929,102.707,228.076,330.783,1,to_from,normal,normal
2023-01-01T03:55:00,VB_031,11.498,0.884,118.979,351.298,232.319,1,from_to,normal,normal
2023-01-01T03:55:00,VB_032,-11.707,0.807,129.798,232.319,362.117,1,to_from,normal,normal
2023-01-01T03:55:00,VB_033,-11.629,1.163,121.72,245.619,367.339,1,to_from,normal,normal
2023-01-01T03:55:00,VB_034,10.677,0.928,102.603,342.127,239.524,1,from_to,normal,normal
2023-01-01T03:55:00,VB_035,-5.722,0.44,29.472,309.176,338.648,1,to_from,normal,normal
2023-01-01T03:55:00,VB_036,-12.682,0.875,150.053,352.878,502.931,1,to_from,normal,normal
2023-01-01T03:55:00,VB_037,-5.675,0.567,34.362,358.535,392.897,1,to_from,normal,normal
2023-01-01T03:55:00,VB_038,-5.783,0.503,30.098,377.501,407.599,1,to_from,normal,normal
2023-01-01T03:55:00,VB_039,6.358,0.489,43.13,408.202,365.072,1,from_to,normal,normal
2023-01-01T03:55:00,VB_040,12.342,0.851,142.11,500.646,358.536,1,from_to,normal,normal
2023-01-01T03:55:00,VB_041,-6.634,0.663,46.96,354.773,401.733,1,to_from,normal,normal
2023-01-01T03:55:00,VB_042,-10.87,0.945,118.983,368.265,487.248,1,to_from,normal,normal
2023-01-01T03:55:00,VB_043,-12.572,0.967,142.24,383.266,525.506,1,to_from,normal,normal
2023-01-01T03:55:00,VB_044,-9.672,0.667,84.199,384.879,469.078,1,to_from,normal,normal
2023-01-01T03:55:00,VB_045,10.38,1.038,96.969,498.366,401.397,1,from_to,normal,normal
2023-01-01T03:55:00,VB_046,9.485,0.825,90.59,472.856,382.266,1,from_to,normal,normal
2023-01-01T03:55:00,VB_047,7.186,0.553,55.106,420.503,365.397,1,from_to,normal,normal
2023-01-01T03:55:00,VB_048,7.977,0.55,57.27,437.141,379.871,1,from_to,normal,normal
2023-01-01T03:55:00,VB_049,-7.34,0.734,51.023,379.871,430.894,1,to_from,normal,normal
2023-01-01T03:55:00,VB_050,-6.718,0.584,40.622,397.033,437.655,1,to_from,normal,normal
2023-01-01T03:55:00,VB_051,-8,0.615,57.596,358.535,416.131,1,to_from,normal,normal
2023-01-01T03:55:00,VB_052,-5.987,0.413,32.255,365.072,397.327,1,to_from,normal,normal
2023-01-01T03:55:00,VB_053,-13.759,1.376,170.377,0,170.377,1,to_from,normal,normal
2023-01-01T03:55:00,VB_054,-12.217,1.062,134.324,11.822,146.146,1,to_from,normal,normal
2023-01-01T03:55:00,VB_055,6.923,0.533,43.14,54.962,11.822,1,from_to,normal,normal
2023-01-01T03:55:00,VB_056,-11.56,0.797,124.413,532.463,656.876,1,to_from,normal,normal
2023-01-01T03:55:00,VB_057,-8.707,0.871,68.228,574.037,642.265,1,to_from,normal,normal
2023-01-01T03:55:00,VB_058,14.794,1.286,196.987,784.144,587.157,1,from_to,normal,normal
2023-01-01T03:55:00,VB_059,14.054,1.081,177.762,752.076,574.314,1,from_to,normal,normal
2023-01-01T03:55:00,VB_060,11.964,0.825,128.819,680.061,551.242,1,from_to,normal,normal
2023-01-01T03:55:00,VB_061,6.576,0.658,38.922,570.561,531.639,1,from_to,normal,normal
2023-01-01T03:55:00,VB_062,7.071,0.615,45.003,580.769,535.766,1,from_to,normal,normal
2023-01-01T03:55:00,VB_063,8.144,0.626,59.695,621.146,561.451,1,from_to,normal,normal
2023-01-01T03:55:00,VB_064,-6.948,0.479,43.445,216.638,260.083,1,to_from,normal,normal
2023-01-01T03:55:00,VB_065,-6.3,0.63,35.721,220.628,256.349,1,to_from,normal,normal
2023-01-01T03:55:00,VB_066,5.876,0.511,36.84,297.948,261.108,1,from_to,normal,normal
2023-01-01T03:55:00,VB_067,-12.624,0.971,148.685,216.638,365.323,1,to_from,normal,normal
2023-01-01T03:55:00,VB_068,16.099,1.11,261.003,531.046,270.043,1,from_to,normal,normal
2023-01-01T03:55:00,VB_069,-7.927,0.793,58.62,225.293,283.913,1,to_from,normal,normal
2023-01-01T03:55:00,VB_070,6.685,0.581,47.678,312.756,265.078,1,from_to,normal,normal
2023-01-01T03:55:00,VB_071,-12.025,0.925,134.92,220.628,355.548,1,to_from,normal,normal
2023-01-01T03:55:00,VB_072,13.753,0.949,190.48,471.023,280.543,1,from_to,normal,normal
2023-01-01T03:55:00,VB_073,-5.969,0.597,33.241,235.638,268.879,1,to_from,normal,normal
2023-01-01T03:55:00,VB_074,9.549,0.83,97.283,334.391,237.108,1,from_to,normal,normal
2023-01-01T03:55:00,VB_075,12.266,0.944,160.525,406.568,246.043,1,from_to,normal,normal
2023-01-01T03:55:00,VB_076,10.717,0.739,122.56,363.638,241.078,1,from_to,normal,normal
2023-01-01T03:55:00,VB_077,11.038,1.104,130.004,386.547,256.543,1,from_to,normal,normal
2023-01-01T03:55:00,VB_078,-6.627,0.576,39.521,261.108,300.629,1,to_from,normal,normal
2023-01-01T03:55:00,VB_079,-6.312,0.486,35.856,265.078,300.934,1,to_from,normal,normal
2023-01-01T03:55:00,VB_080,-6.224,0.429,34.86,237.108,271.968,1,to_from,normal,normal
2023-01-01T03:55:00,VB_081,-5.54,0.554,27.626,241.078,268.704,1,to_from,normal,normal
2023-01-01T04:00:00,VB_001,-10.253,1.025,94.611,27.796,122.407,1,to_from,normal,normal
2023-01-01T04:00:00,VB_002,-6.103,0.531,33.521,39.993,73.514,1,to_from,normal,normal
2023-01-01T04:00:00,VB_003,-12.261,0.943,180.412,99.822,280.234,1,to_from,normal,normal
2023-01-01T04:00:00,VB_004,8.619,0.594,66.854,290.76,223.906,1,from_to,normal,normal
2023-01-01T04:00:00,VB_005,-15.561,1.556,251.84,223.906,475.746,1,to_from,normal,normal
2023-01-01T04:00:00,VB_006,-10.364,0.901,107.41,309.176,416.586,1,to_from,normal,normal
2023-01-01T04:00:00,VB_007,-8.357,0.643,62.858,377.501,440.359,1,to_from,normal,normal
2023-01-01T04:00:00,VB_008,-14.634,1.009,248.405,389.8,638.205,1,to_from,normal,normal
2023-01-01T04:00:00,VB_009,-10.51,1.051,132.555,151.62,284.175,1,to_from,normal,normal
2023-01-01T04:00:00,VB_010,9.212,0.801,76.367,315.891,239.524,1,from_to,normal,normal
2023-01-01T04:00:00,VB_011,-10.387,0.799,107.899,239.524,347.423,1,to_from,normal,normal
2023-01-01T04:00:00,VB_012,-12.941,0.893,167.481,310.873,478.354,1,to_from,normal,normal
2023-01-01T04:00:00,VB_013,-16.86,1.686,255.841,382.222,638.063,1,to_from,normal,normal
2023-01-01T04:00:00,VB_014,-20.722,1.802,480.942,407.908,888.85,1,to_from,normal,normal
2023-01-01T04:00:00,VB_015,-11.033,0.849,109.549,535.766,645.315,1,to_from,normal,normal
2023-01-01T04:00:00,VB_016,9.854,0.68,136.626,195.393,58.767,1,from_to,normal,normal
2023-01-01T04:00:00,VB_017,11.54,1.154,119.862,173.992,54.13,1,from_to,normal,normal
2023-01-01T04:00:00,VB_018,8.51,0.74,65.171,105.164,39.993,1,from_to,normal,normal
2023-01-01T04:00:00,VB_019,5.956,0.458,31.93,67.395,35.465,1,from_to,normal,normal
2023-01-01T04:00:00,VB_020,-13.301,0.917,159.225,35.465,194.69,1,to_from,normal,normal
2023-01-01T04:00:00,VB_021,-10.811,1.081,105.193,42.601,147.794,1,to_from,normal,normal
2023-01-01T04:00:00,VB_022,-10.704,0.931,161.203,58.132,219.335,1,to_from,normal,normal
2023-01-01T04:00:00,VB_023,-8.222,0.632,60.841,58.767,119.608,1,to_from,normal,normal
2023-01-01T04:00:00,VB_024,-9.441,0.651,84.405,68.529,152.934,1,to_from,normal,normal
2023-01-01T04:00:00,VB_025,5.224,0.522,24.565,82.697,58.132,1,from_to,normal,normal
2023-01-01T04:00:00,VB_026,-13.202,1.148,209.167,186.315,395.482,1,to_from,normal,normal
2023-01-01T04:00:00,VB_027,-13.241,1.019,210.385,188.989,399.374,1,to_from,normal,normal
2023-01-01T04:00:00,VB_028,-18.581,1.281,310.727,280.234,590.961,1,to_from,normal,normal
2023-01-01T04:00:00,VB_029,-9.046,0.905,73.64,223.906,297.546,1,to_from,normal,normal
2023-01-01T04:00:00,VB_030,-10.725,0.933,103.522,228.076,331.598,1,to_from,normal,normal
2023-01-01T04:00:00,VB_031,11.61,0.893,121.307,353.626,232.319,1,from_to,normal,normal
2023-01-01T04:00:00,VB_032,-11.67,0.805,128.965,232.319,361.284,1,to_from,normal,normal
2023-01-01T04:00:00,VB_033,-11.68,1.168,122.775,245.619,368.394,1,to_from,normal,normal
2023-01-01T04:00:00,VB_034,10.556,0.918,100.283,339.807,239.524,1,from_to,normal,normal
2023-01-01T04:00:00,VB_035,-5.695,0.438,29.191,309.176,338.367,1,to_from,normal,normal
2023-01-01T04:00:00,VB_036,-12.5,0.862,145.77,352.878,498.648,1,to_from,normal,normal
2023-01-01T04:00:00,VB_037,-5.648,0.565,34.037,358.535,392.572,1,to_from,normal,normal
2023-01-01T04:00:00,VB_038,-5.834,0.507,30.636,377.501,408.137,1,to_from,normal,normal
2023-01-01T04:00:00,VB_039,6.423,0.494,44.014,409.086,365.072,1,from_to,normal,normal
2023-01-01T04:00:00,VB_040,12.399,0.855,143.427,501.963,358.536,1,from_to,normal,normal
2023-01-01T04:00:00,VB_041,-6.713,0.671,48.083,354.773,402.856,1,to_from,normal,normal
2023-01-01T04:00:00,VB_042,-10.845,0.943,118.447,368.265,486.712,1,to_from,normal,normal
2023-01-01T04:00:00,VB_043,-12.609,0.97,143.087,383.266,526.353,1,to_from,normal,normal
2023-01-01T04:00:00,VB_044,-9.635,0.664,83.543,384.879,468.422,1,to_from,normal,normal
2023-01-01T04:00:00,VB_045,10.381,1.038,96.984,498.381,401.397,1,from_to,normal,normal
2023-01-01T04:00:00,VB_046,9.472,0.824,90.354,472.62,382.266,1,from_to,normal,normal
2023-01-01T04:00:00,VB_047,7.295,0.561,56.79,422.187,365.397,1,from_to,normal,normal
2023-01-01T04:00:00,VB_048,8.022,0.553,57.919,437.79,379.871,1,from_to,normal,normal
2023-01-01T04:00:00,VB_049,-7.359,0.736,51.286,379.871,431.157,1,to_from,normal,normal
2023-01-01T04:00:00,VB_050,-6.739,0.586,40.877,397.033,437.91,1,to_from,normal,normal
2023-01-01T04:00:00,VB_051,-7.9,0.608,56.166,358.535,414.701,1,to_from,normal,normal
2023-01-01T04:00:00,VB_052,-6.03,0.416,32.728,365.072,397.8,1,to_from,normal,normal
2023-01-01T04:00:00,VB_053,-13.734,1.373,169.752,0,169.752,1,to_from,normal,normal
2023-01-01T04:00:00,VB_054,-12.094,1.052,131.641,11.822,143.463,1,to_from,normal,normal
2023-01-01T04:00:00,VB_055,6.901,0.531,42.863,54.685,11.822,1,from_to,normal,normal
2023-01-01T04:00:00,VB_056,-11.662,0.804,126.624,532.463,659.087,1,to_from,normal,normal
2023-01-01T04:00:00,VB_057,-8.72,0.872,68.437,574.037,642.474,1,to_from,normal,normal
2023-01-01T04:00:00,VB_058,14.979,1.303,201.942,789.099,587.157,1,from_to,normal,normal
2023-01-01T04:00:00,VB_059,14.04,1.08,177.411,751.725,574.314,1,from_to,normal,normal
2023-01-01T04:00:00,VB_060,11.954,0.824,128.602,679.844,551.242,1,from_to,normal,normal
2023-01-01T04:00:00,VB_061,6.565,0.657,38.794,570.433,531.639,1,from_to,normal,normal
2023-01-01T04:00:00,VB_062,7.06,0.614,44.862,580.628,535.766,1,from_to,normal,normal
2023-01-01T04:00:00,VB_063,8.157,0.627,59.889,621.34,561.451,1,from_to,normal,normal
2023-01-01T04:00:00,VB_064,-6.982,0.482,43.878,216.638,260.516,1,to_from,normal,normal
2023-01-01T04:00:00,VB_065,-6.339,0.634,36.169,220.628,256.797,1,to_from,normal,normal
2023-01-01T04:00:00,VB_066,5.966,0.519,37.977,299.085,261.108,1,from_to,normal,normal
2023-01-01T04:00:00,VB_067,-12.551,0.965,146.981,216.638,363.619,1,to_from,normal,normal
2023-01-01T04:00:00,VB_068,16.18,1.116,263.638,533.681,270.043,1,from_to,normal,normal
2023-01-01T04:00:00,VB_069,-7.907,0.791,58.333,225.293,283.626,1,to_from,normal,normal
2023-01-01T04:00:00,VB_070,6.593,0.573,46.38,311.458,265.078,1,from_to,normal,normal
2023-01-01T04:00:00,VB_071,-12.034,0.926,135.112,220.628,355.74,1,to_from,normal,normal
2023-01-01T04:00:00,VB_072,13.753,0.948,190.472,471.015,280.543,1,from_to,normal,normal
2023-01-01T04:00:00,VB_073,-5.948,0.595,33.014,235.638,268.652,1,to_from,normal,normal
2023-01-01T04:00:00,VB_074,9.718,0.845,100.767,337.875,237.108,1,from_to,normal,normal
2023-01-01T04:00:00,VB_075,12.413,0.955,164.398,410.441,246.043,1,from_to,normal,normal
2023-01-01T04:00:00,VB_076,10.786,0.744,124.133,365.211,241.078,1,from_to,normal,normal
2023-01-01T04:00:00,VB_077,11.092,1.109,131.271,387.814,256.543,1,from_to,normal,normal
2023-01-01T04:00:00,VB_078,-6.599,0.574,39.187,261.108,300.295,1,to_from,normal,normal
2023-01-01T04:00:00,VB_079,-6.251,0.481,35.162,265.078,300.24,1,to_from,normal,normal
2023-01-01T04:00:00,VB_080,-6.209,0.428,34.698,237.108,271.806,1,to_from,normal,normal
2023-01-01T04:00:00,VB_081,-5.562,0.556,27.837,241.078,268.915,1,to_from,normal,normal
2023-01-01T04:05:00,VB_001,-10.254,1.025,94.626,27.796,122.422,1,to_from,normal,normal
2023-01-01T04:05:00,VB_002,-6.148,0.535,34.021,39.993,74.014,1,to_from,normal,normal
2023-01-01T04:05:00,VB_003,-12.272,0.944,180.719,99.515,280.234,1,to_from,normal,normal
2023-01-01T04:05:00,VB_004,8.583,0.592,66.301,290.207,223.906,1,from_to,normal,normal
2023-01-01T04:05:00,VB_005,-15.477,1.548,249.111,223.906,473.017,1,to_from,normal,normal
2023-01-01T04:05:00,VB_006,-10.324,0.898,106.595,309.176,415.771,1,to_from,normal,normal
2023-01-01T04:05:00,VB_007,-8.278,0.637,61.68,377.501,439.181,1,to_from,normal,normal
2023-01-01T04:05:00,VB_008,-14.506,1,244.077,389.8,633.877,1,to_from,normal,normal
2023-01-01T04:05:00,VB_009,-10.531,1.053,133.088,151.087,284.175,1,to_from,normal,normal
2023-01-01T04:05:00,VB_010,9.2,0.8,76.173,315.697,239.524,1,from_to,normal,normal
2023-01-01T04:05:00,VB_011,-10.358,0.797,107.292,239.524,346.816,1,to_from,normal,normal
2023-01-01T04:05:00,VB_012,-12.889,0.889,166.131,310.873,477.004,1,to_from,normal,normal
2023-01-01T04:05:00,VB_013,-16.805,1.68,254.159,382.222,636.381,1,to_from,normal,normal
2023-01-01T04:05:00,VB_014,-20.674,1.798,478.701,407.908,886.609,1,to_from,normal,normal
2023-01-01T04:05:00,VB_015,-10.871,0.836,106.37,535.766,642.136,1,to_from,normal,normal
2023-01-01T04:05:00,VB_016,9.805,0.676,135.255,194.022,58.767,1,from_to,normal,normal
2023-01-01T04:05:00,VB_017,11.509,1.151,119.221,173.351,54.13,1,from_to,normal,normal
2023-01-01T04:05:00,VB_018,8.514,0.74,65.234,105.227,39.993,1,from_to,normal,normal
2023-01-01T04:05:00,VB_019,6.02,0.463,32.619,68.084,35.465,1,from_to,normal,normal
2023-01-01T04:05:00,VB_020,-13.317,0.918,159.619,35.465,195.084,1,to_from,normal,normal
2023-01-01T04:05:00,VB_021,-10.983,1.098,108.561,42.601,151.162,1,to_from,normal,normal
2023-01-01T04:05:00,VB_022,-10.797,0.939,164.02,58.132,222.152,1,to_from,normal,normal
2023-01-01T04:05:00,VB_023,-8.226,0.633,60.9,58.767,119.667,1,to_from,normal,normal
2023-01-01T04:05:00,VB_024,-9.326,0.643,82.367,68.529,150.896,1,to_from,normal,normal
2023-01-01T04:05:00,VB_025,5.167,0.517,24.027,82.159,58.132,1,from_to,normal,normal
2023-01-01T04:05:00,VB_026,-13.202,1.148,209.151,186.315,395.466,1,to_from,normal,normal
2023-01-01T04:05:00,VB_027,-13.221,1.017,209.758,188.989,398.747,1,to_from,normal,normal
2023-01-01T04:05:00,VB_028,-18.728,1.292,315.676,280.234,595.91,1,to_from,normal,normal
2023-01-01T04:05:00,VB_029,-9.061,0.906,73.887,223.906,297.793,1,to_from,normal,normal
2023-01-01T04:05:00,VB_030,-10.753,0.935,104.072,228.076,332.148,1,to_from,normal,normal
2023-01-01T04:05:00,VB_031,11.596,0.892,121.031,353.35,232.319,1,from_to,normal,normal
2023-01-01T04:05:00,VB_032,-11.617,0.801,127.795,232.319,360.114,1,to_from,normal,normal
2023-01-01T04:05:00,VB_033,-11.564,1.156,120.363,245.619,365.982,1,to_from,normal,normal
2023-01-01T04:05:00,VB_034,10.54,0.916,99.974,339.498,239.524,1,from_to,normal,normal
2023-01-01T04:05:00,VB_035,-5.718,0.44,29.428,309.176,338.604,1,to_from,normal,normal
2023-01-01T04:05:00,VB_036,-12.522,0.864,146.304,352.878,499.182,1,to_from,normal,normal
2023-01-01T04:05:00,VB_037,-5.745,0.574,35.213,358.535,393.748,1,to_from,normal,normal
2023-01-01T04:05:00,VB_038,-5.831,0.507,30.597,377.501,408.098,1,to_from,normal,normal
2023-01-01T04:05:00,VB_039,6.468,0.498,44.639,409.711,365.072,1,from_to,normal,normal
2023-01-01T04:05:00,VB_040,12.356,0.852,142.438,500.974,358.536,1,from_to,normal,normal
2023-01-01T04:05:00,VB_041,-6.694,0.669,47.818,354.773,402.591,1,to_from,normal,normal
2023-01-01T04:05:00,VB_042,-10.684,0.929,114.952,368.265,483.217,1,to_from,normal,normal
2023-01-01T04:05:00,VB_043,-12.45,0.958,139.498,383.266,522.764,1,to_from,normal,normal
2023-01-01T04:05:00,VB_044,-9.622,0.664,83.324,384.879,468.203,1,to_from,normal,normal
2023-01-01T04:05:00,VB_045,10.255,1.026,94.654,496.051,401.397,1,from_to,normal,normal
2023-01-01T04:05:00,VB_046,9.505,0.827,90.974,473.24,382.266,1,from_to,normal,normal
2023-01-01T04:05:00,VB_047,7.268,0.559,56.363,421.76,365.397,1,from_to,normal,normal
2023-01-01T04:05:00,VB_048,8.07,0.557,58.611,438.482,379.871,1,from_to,normal,normal
2023-01-01T04:05:00,VB_049,-7.388,0.739,51.689,379.871,431.56,1,to_from,normal,normal
2023-01-01T04:05:00,VB_050,-6.74,0.586,40.879,397.033,437.912,1,to_from,normal,normal
2023-01-01T04:05:00,VB_051,-7.936,0.61,56.684,358.535,415.219,1,to_from,normal,normal
2023-01-01T04:05:00,VB_052,-5.915,0.408,31.492,365.072,396.564,1,to_from,normal,normal
2023-01-01T04:05:00,VB_053,-13.658,1.366,167.878,0,167.878,1,to_from,normal,normal
2023-01-01T04:05:00,VB_054,-12.09,1.051,131.554,11.822,143.376,1,to_from,normal,normal
2023-01-01T04:05:00,VB_055,6.924,0.533,43.142,54.964,11.822,1,from_to,normal,normal
2023-01-01T04:05:00,VB_056,-11.819,0.815,130.043,532.463,662.506,1,to_from,normal,normal
2023-01-01T04:05:00,VB_057,-8.791,0.879,69.552,574.037,643.589,1,to_from,normal,normal
2023-01-01T04:05:00,VB_058,15.042,1.308,203.64,790.797,587.157,1,from_to,normal,normal
2023-01-01T04:05:00,VB_059,14.066,1.082,178.067,752.381,574.314,1,from_to,normal,normal
2023-01-01T04:05:00,VB_060,11.751,0.81,124.283,675.525,551.242,1,from_to,normal,normal
2023-01-01T04:05:00,VB_061,6.463,0.646,37.594,569.233,531.639,1,from_to,normal,normal
2023-01-01T04:05:00,VB_062,7.031,0.611,44.495,580.261,535.766,1,from_to,normal,normal
2023-01-01T04:05:00,VB_063,8.192,0.63,60.404,621.855,561.451,1,from_to,normal,normal
2023-01-01T04:05:00,VB_064,-6.997,0.483,44.066,216.638,260.704,1,to_from,normal,normal
2023-01-01T04:05:00,VB_065,-6.446,0.645,37.4,220.628,258.028,1,to_from,normal,normal
2023-01-01T04:05:00,VB_066,6.022,0.524,38.693,299.801,261.108,1,from_to,normal,normal
2023-01-01T04:05:00,VB_067,-12.558,0.966,147.146,216.638,363.784,1,to_from,normal,normal
2023-01-01T04:05:00,VB_068,15.963,1.101,256.587,526.63,270.043,1,from_to,normal,normal
2023-01-01T04:05:00,VB_069,-7.85,0.785,57.496,225.293,282.789,1,to_from,normal,normal
2023-01-01T04:05:00,VB_070,6.582,0.572,46.225,311.303,265.078,1,from_to,normal,normal
2023-01-01T04:05:00,VB_071,-11.868,0.913,131.421,220.628,352.049,1,to_from,normal,normal
2023-01-01T04:05:00,VB_072,13.69,0.944,188.715,469.258,280.543,1,from_to,normal,normal
2023-01-01T04:05:00,VB_073,-6.03,0.603,33.927,235.638,269.565,1,to_from,normal,normal
2023-01-01T04:05:00,VB_074,9.677,0.841,99.917,337.025,237.108,1,from_to,normal,normal
2023-01-01T04:05:00,VB_075,12.471,0.959,165.952,411.995,246.043,1,from_to,normal,normal
2023-01-01T04:05:00,VB_076,10.737,0.74,123.011,364.089,241.078,1,from_to,normal,normal
2023-01-01T04:05:00,VB_077,11.05,1.105,130.293,386.836,256.543,1,from_to,normal,normal
2023-01-01T04:05:00,VB_078,-6.57,0.571,38.854,261.108,299.962,1,to_from,normal,normal
2023-01-01T04:05:00,VB_079,-6.217,0.478,34.786,265.078,299.864,1,to_from,normal,normal
2023-01-01T04:05:00,VB_080,-6.134,0.423,33.865,237.108,270.973,1,to_from,normal,normal
2023-01-01T04:05:00,VB_081,-5.525,0.553,27.477,241.078,268.555,1,to_from,normal,normal
2023-01-01T04:10:00,VB_001,-10.253,1.025,94.614,27.796,122.41,1,to_from,normal,normal
2023-01-01T04:10:00,VB_002,-6.155,0.535,34.098,39.993,74.091,1,to_from,normal,normal
2023-01-01T04:10:00,VB_003,-12.453,0.958,186.083,94.151,280.234,1,to_from,normal,normal
2023-01-01T04:10:00,VB_004,8.663,0.597,67.545,291.451,223.906,1,from_to,normal,normal
2023-01-01T04:10:00,VB_005,-15.45,1.545,248.266,223.906,472.172,1,to_from,normal,normal
2023-01-01T04:10:00,VB_006,-10.312,0.897,106.345,309.176,415.521,1,to_from,normal,normal
2023-01-01T04:10:00,VB_007,-8.198,0.631,60.492,377.501,437.993,1,to_from,normal,normal
2023-01-01T04:10:00,VB_008,-14.455,0.997,242.383,389.8,632.183,1,to_from,normal,normal
2023-01-01T04:10:00,VB_009,-10.519,1.052,132.772,151.403,284.175,1,to_from,normal,normal
2023-01-01T04:10:00,VB_010,9.227,0.802,76.631,316.155,239.524,1,from_to,normal,normal
2023-01-01T04:10:00,VB_011,-10.456,0.804,109.327,239.524,348.851,1,to_from,normal,normal
2023-01-01T04:10:00,VB_012,-13.09,0.903,171.353,310.873,482.226,1,to_from,normal,normal
2023-01-01T04:10:00,VB_013,-16.992,1.699,259.848,382.222,642.07,1,to_from,normal,normal
2023-01-01T04:10:00,VB_014,-20.802,1.809,484.663,407.908,892.571,1,to_from,normal,normal
2023-01-01T04:10:00,VB_015,-10.909,0.839,107.114,535.766,642.88,1,to_from,normal,normal
2023-01-01T04:10:00,VB_016,9.807,0.676,135.313,194.08,58.767,1,from_to,normal,normal
2023-01-01T04:10:00,VB_017,11.316,1.132,115.252,169.382,54.13,1,from_to,normal,normal
2023-01-01T04:10:00,VB_018,8.509,0.74,65.166,105.159,39.993,1,from_to,normal,normal
2023-01-01T04:10:00,VB_019,5.971,0.459,32.089,67.554,35.465,1,from_to,normal,normal
2023-01-01T04:10:00,VB_020,-13.479,0.93,163.511,35.465,198.976,1,to_from,normal,normal
2023-01-01T04:10:00,VB_021,-11.063,1.106,110.158,42.601,152.759,1,to_from,normal,normal
2023-01-01T04:10:00,VB_022,-10.788,0.938,163.761,58.132,221.893,1,to_from,normal,normal
2023-01-01T04:10:00,VB_023,-8.268,0.636,61.522,58.767,120.289,1,to_from,normal,normal
2023-01-01T04:10:00,VB_024,-9.284,0.64,81.632,68.529,150.161,1,to_from,normal,normal
2023-01-01T04:10:00,VB_025,5.148,0.515,23.85,81.982,58.132,1,from_to,normal,normal
2023-01-01T04:10:00,VB_026,-13.074,1.137,205.114,186.315,391.429,1,to_from,normal,normal
2023-01-01T04:10:00,VB_027,-13.169,1.013,208.111,188.989,397.1,1,to_from,normal,normal
2023-01-01T04:10:00,VB_028,-18.512,1.277,308.427,280.234,588.661,1,to_from,normal,normal
2023-01-01T04:10:00,VB_029,-9.109,0.911,74.669,223.906,298.575,1,to_from,normal,normal
2023-01-01T04:10:00,VB_030,-10.891,0.947,106.753,228.076,334.829,1,to_from,normal,normal
2023-01-01T04:10:00,VB_031,11.579,0.891,120.667,352.986,232.319,1,from_to,normal,normal
2023-01-01T04:10:00,VB_032,-11.557,0.797,126.496,232.319,358.815,1,to_from,normal,normal
2023-01-01T04:10:00,VB_033,-11.499,1.15,119.005,245.619,364.624,1,to_from,normal,normal
2023-01-01T04:10:00,VB_034,10.388,0.903,97.116,336.64,239.524,1,from_to,normal,normal
2023-01-01T04:10:00,VB_035,-5.629,0.433,28.518,309.176,337.694,1,to_from,normal,normal
2023-01-01T04:10:00,VB_036,-12.485,0.861,145.425,352.878,498.303,1,to_from,normal,normal
2023-01-01T04:10:00,VB_037,-5.76,0.576,35.401,358.535,393.936,1,to_from,normal,normal
2023-01-01T04:10:00,VB_038,-5.927,0.515,31.618,377.501,409.119,1,to_from,normal,normal
2023-01-01T04:10:00,VB_039,6.508,0.501,45.189,410.261,365.072,1,from_to,normal,normal
2023-01-01T04:10:00,VB_040,12.432,0.857,144.193,502.729,358.536,1,from_to,normal,normal
2023-01-01T04:10:00,VB_041,-6.687,0.669,47.712,354.773,402.485,1,to_from,normal,normal
2023-01-01T04:10:00,VB_042,-10.742,0.934,116.193,368.265,484.458,1,to_from,normal,normal
2023-01-01T04:10:00,VB_043,-12.474,0.96,140.039,383.266,523.305,1,to_from,normal,normal
2023-01-01T04:10:00,VB_044,-9.487,0.654,81.01,384.879,465.889,1,to_from,normal,normal
2023-01-01T04:10:00,VB_045,10.277,1.028,95.061,496.458,401.397,1,from_to,normal,normal
2023-01-01T04:10:00,VB_046,9.569,0.832,92.202,474.468,382.266,1,from_to,normal,normal
2023-01-01T04:10:00,VB_047,7.394,0.569,58.332,423.729,365.397,1,from_to,normal,normal
2023-01-01T04:10:00,VB_048,8.177,0.564,60.183,440.054,379.871,1,from_to,normal,normal
2023-01-01T04:10:00,VB_049,-7.395,0.74,51.792,379.871,431.663,1,to_from,normal,normal
2023-01-01T04:10:00,VB_050,-6.67,0.58,40.045,397.033,437.078,1,to_from,normal,normal
2023-01-01T04:10:00,VB_051,-7.824,0.602,55.092,358.535,413.627,1,to_from,normal,normal
2023-01-01T04:10:00,VB_052,-5.893,0.406,31.252,365.072,396.324,1,to_from,normal,normal
2023-01-01T04:10:00,VB_053,-13.65,1.365,167.698,0,167.698,1,to_from,normal,normal
2023-01-01T04:10:00,VB_054,-12.127,1.055,132.363,11.822,144.185,1,to_from,normal,normal
2023-01-01T04:10:00,VB_055,6.901,0.531,42.859,54.681,11.822,1,from_to,normal,normal
2023-01-01T04:10:00,VB_056,-11.872,0.819,131.227,532.463,663.69,1,to_from,normal,normal
2023-01-01T04:10:00,VB_057,-8.836,0.884,70.263,574.037,644.3,1,to_from,normal,normal
2023-01-01T04:10:00,VB_058,14.95,1.3,201.142,788.299,587.157,1,from_to,normal,normal
2023-01-01T04:10:00,VB_059,14.158,1.089,180.404,754.718,574.314,1,from_to,normal,normal
2023-01-01T04:10:00,VB_060,11.813,0.815,125.598,676.84,551.242,1,from_to,normal,normal
2023-01-01T04:10:00,VB_061,6.451,0.645,37.455,569.094,531.639,1,from_to,normal,normal
2023-01-01T04:10:00,VB_062,6.953,0.605,43.51,579.276,535.766,1,from_to,normal,normal
2023-01-01T04:10:00,VB_063,8.17,0.628,60.076,621.527,561.451,1,from_to,normal,normal
2023-01-01T04:10:00,VB_064,-7.044,0.486,44.653,216.638,261.291,1,to_from,normal,normal
2023-01-01T04:10:00,VB_065,-6.411,0.641,36.991,220.628,257.619,1,to_from,normal,normal
2023-01-01T04:10:00,VB_066,6.042,0.525,38.948,300.056,261.108,1,from_to,normal,normal
2023-01-01T04:10:00,VB_067,-12.652,0.973,149.339,216.638,365.977,1,to_from,normal,normal
2023-01-01T04:10:00,VB_068,16.071,1.108,260.07,530.113,270.043,1,from_to,normal,normal
2023-01-01T04:10:00,VB_069,-7.863,0.786,57.684,225.293,282.977,1,to_from,normal,normal
2023-01-01T04:10:00,VB_070,6.516,0.567,45.3,310.378,265.078,1,from_to,normal,normal
2023-01-01T04:10:00,VB_071,-11.919,0.917,132.534,220.628,353.162,1,to_from,normal,normal
2023-01-01T04:10:00,VB_072,13.756,0.949,190.554,471.097,280.543,1,from_to,normal,normal
2023-01-01T04:10:00,VB_073,-6.069,0.607,34.37,235.638,270.008,1,to_from,normal,normal
2023-01-01T04:10:00,VB_074,9.83,0.855,103.108,340.216,237.108,1,from_to,normal,normal
2023-01-01T04:10:00,VB_075,12.507,0.962,166.9,412.943,246.043,1,from_to,normal,normal
2023-01-01T04:10:00,VB_076,10.766,0.742,123.668,364.746,241.078,1,from_to,normal,normal
2023-01-01T04:10:00,VB_077,11.073,1.107,130.817,387.36,256.543,1,from_to,normal,normal
2023-01-01T04:10:00,VB_078,-6.527,0.568,38.346,261.108,299.454,1,to_from,normal,normal
2023-01-01T04:10:00,VB_079,-6.247,0.481,35.128,265.078,300.206,1,to_from,normal,normal
2023-01-01T04:10:00,VB_080,-6.104,0.421,33.535,237.108,270.643,1,to_from,normal,normal
2023-01-01T04:10:00,VB_081,-5.54,0.554,27.618,241.078,268.696,1,to_from,normal,normal
2023-01-01T04:15:00,VB_001,-10.365,1.036,96.684,27.796,124.48,1,to_from,normal,normal
2023-01-01T04:15:00,VB_002,-6.173,0.537,34.29,39.993,74.283,1,to_from,normal,normal
2023-01-01T04:15:00,VB_003,-12.421,0.955,185.13,95.104,280.234,1,to_from,normal,normal
2023-01-01T04:15:00,VB_004,8.73,0.602,68.592,292.498,223.906,1,from_to,normal,normal
2023-01-01T04:15:00,VB_005,-15.364,1.536,245.511,223.906,469.417,1,to_from,normal,normal
2023-01-01T04:15:00,VB_006,-10.241,0.891,104.885,309.176,414.061,1,to_from,normal,normal
2023-01-01T04:15:00,VB_007,-8.172,0.629,60.106,377.501,437.607,1,to_from,normal,normal
2023-01-01T04:15:00,VB_008,-14.295,0.986,237.059,389.8,626.859,1,to_from,normal,normal
2023-01-01T04:15:00,VB_009,-10.456,1.046,131.196,152.979,284.175,1,to_from,normal,normal
2023-01-01T04:15:00,VB_010,9.285,0.807,77.597,317.121,239.524,1,from_to,normal,normal
2023-01-01T04:15:00,VB_011,-10.546,0.811,111.221,239.524,350.745,1,to_from,normal,normal
2023-01-01T04:15:00,VB_012,-13.037,0.899,169.963,310.873,480.836,1,to_from,normal,normal
2023-01-01T04:15:00,VB_013,-16.931,1.693,257.996,382.222,640.218,1,to_from,normal,normal
2023-01-01T04:15:00,VB_014,-20.578,1.789,474.278,407.908,882.186,1,to_from,normal,normal
2023-01-01T04:15:00,VB_015,-10.833,0.833,105.611,535.766,641.377,1,to_from,normal,normal
2023-01-01T04:15:00,VB_016,9.757,0.673,133.958,192.725,58.767,1,from_to,normal,normal
2023-01-01T04:15:00,VB_017,11.237,1.124,113.647,167.777,54.13,1,from_to,normal,normal
2023-01-01T04:15:00,VB_018,8.39,0.73,63.359,103.352,39.993,1,from_to,normal,normal
2023-01-01T04:15:00,VB_019,5.979,0.46,32.178,67.643,35.465,1,from_to,normal,normal
2023-01-01T04:15:00,VB_020,-13.538,0.934,164.945,35.465,200.41,1,to_from,normal,normal
2023-01-01T04:15:00,VB_021,-11.109,1.111,111.064,42.601,153.665,1,to_from,normal,normal
2023-01-01T04:15:00,VB_022,-10.811,0.94,164.45,58.132,222.582,1,to_from,normal,normal
2023-01-01T04:15:00,VB_023,-8.279,0.637,61.694,58.767,120.461,1,to_from,normal,normal
2023-01-01T04:15:00,VB_024,-9.284,0.64,81.624,68.529,150.153,1,to_from,normal,normal
2023-01-01T04:15:00,VB_025,5.106,0.511,23.462,81.594,58.132,1,from_to,normal,normal
2023-01-01T04:15:00,VB_026,-13.003,1.131,202.883,186.315,389.198,1,to_from,normal,normal
2023-01-01T04:15:00,VB_027,-13.17,1.013,208.136,188.989,397.125,1,to_from,normal,normal
2023-01-01T04:15:00,VB_028,-18.706,1.29,314.913,280.234,595.147,1,to_from,normal,normal
2023-01-01T04:15:00,VB_029,-9.161,0.916,75.538,223.906,299.444,1,to_from,normal,normal
2023-01-01T04:15:00,VB_030,-10.847,0.943,105.892,228.076,333.968,1,to_from,normal,normal
2023-01-01T04:15:00,VB_031,11.595,0.892,120.99,353.309,232.319,1,from_to,normal,normal
2023-01-01T04:15:00,VB_032,-11.57,0.798,126.78,232.319,359.099,1,to_from,normal,normal
2023-01-01T04:15:00,VB_033,-11.448,1.145,117.952,245.619,363.571,1,to_from,normal,normal
2023-01-01T04:15:00,VB_034,10.405,0.905,97.444,336.968,239.524,1,from_to,normal,normal
2023-01-01T04:15:00,VB_035,-5.676,0.437,28.993,309.176,338.169,1,to_from,normal,normal
2023-01-01T04:15:00,VB_036,-12.607,0.869,148.278,352.878,501.156,1,to_from,normal,normal
2023-01-01T04:15:00,VB_037,-5.783,0.578,35.678,358.535,394.213,1,to_from,normal,normal
2023-01-01T04:15:00,VB_038,-5.929,0.516,31.64,377.501,409.141,1,to_from,normal,normal
2023-01-01T04:15:00,VB_039,6.565,0.505,45.984,411.056,365.072,1,from_to,normal,normal
2023-01-01T04:15:00,VB_040,12.357,0.852,142.467,501.003,358.536,1,from_to,normal,normal
2023-01-01T04:15:00,VB_041,-6.703,0.67,47.934,354.773,402.707,1,to_from,normal,normal
2023-01-01T04:15:00,VB_042,-10.622,0.924,113.606,368.265,481.871,1,to_from,normal,normal
2023-01-01T04:15:00,VB_043,-12.251,0.942,135.08,383.266,518.346,1,to_from,normal,normal
2023-01-01T04:15:00,VB_044,-9.425,0.65,79.939,384.879,464.818,1,to_from,normal,normal
2023-01-01T04:15:00,VB_045,10.338,1.034,96.196,497.593,401.397,1,from_to,normal,normal
2023-01-01T04:15:00,VB_046,9.593,0.834,92.665,474.931,382.266,1,from_to,normal,normal
2023-01-01T04:15:00,VB_047,7.444,0.573,59.129,424.526,365.397,1,from_to,normal,normal
2023-01-01T04:15:00,VB_048,8.215,0.567,60.735,440.606,379.871,1,from_to,normal,normal
2023-01-01T04:15:00,VB_049,-7.461,0.746,52.721,379.871,432.592,1,to_from,normal,normal
2023-01-01T04:15:00,VB_050,-6.633,0.577,39.602,397.033,436.635,1,to_from,normal,normal
2023-01-01T04:15:00,VB_051,-7.77,0.598,54.34,358.535,412.875,1,to_from,normal,normal
2023-01-01T04:15:00,VB_052,-5.89,0.406,31.22,365.072,396.292,1,to_from,normal,normal
2023-01-01T04:15:00,VB_053,-13.499,1.35,164.004,0,164.004,1,to_from,normal,normal
2023-01-01T04:15:00,VB_054,-12.085,1.051,131.432,11.822,143.254,1,to_from,normal,normal
2023-01-01T04:15:00,VB_055,6.943,0.534,43.381,55.203,11.822,1,from_to,normal,normal
2023-01-01T04:15:00,VB_056,-11.879,0.819,131.371,532.463,663.834,1,to_from,normal,normal
2023-01-01T04:15:00,VB_057,-8.876,0.888,70.904,574.037,644.941,1,to_from,normal,normal
2023-01-01T04:15:00,VB_058,15.111,1.314,205.506,792.663,587.157,1,from_to,normal,normal
2023-01-01T04:15:00,VB_059,14.033,1.079,177.235,751.549,574.314,1,from_to,normal,normal
2023-01-01T04:15:00,VB_060,11.747,0.81,124.196,675.438,551.242,1,from_to,normal,normal
2023-01-01T04:15:00,VB_061,6.39,0.639,36.752,568.391,531.639,1,from_to,normal,normal
2023-01-01T04:15:00,VB_062,6.936,0.603,43.301,579.067,535.766,1,from_to,normal,normal
2023-01-01T04:15:00,VB_063,8.195,0.63,60.45,621.901,561.451,1,from_to,normal,normal
2023-01-01T04:15:00,VB_064,-7.063,0.487,44.893,216.638,261.531,1,to_from,normal,normal
2023-01-01T04:15:00,VB_065,-6.507,0.651,38.105,220.628,258.733,1,to_from,normal,normal
2023-01-01T04:15:00,VB_066,6.036,0.525,38.879,299.987,261.108,1,from_to,normal,normal
2023-01-01T04:15:00,VB_067,-12.619,0.971,148.582,216.638,365.22,1,to_from,normal,normal
2023-01-01T04:15:00,VB_068,16.039,1.106,259.037,529.08,270.043,1,from_to,normal,normal
2023-01-01T04:15:00,VB_069,-7.76,0.776,56.181,225.293,281.474,1,to_from,normal,normal
2023-01-01T04:15:00,VB_070,6.439,0.56,44.244,309.322,265.078,1,from_to,normal,normal
2023-01-01T04:15:00,VB_071,-11.822,0.909,130.386,220.628,351.014,1,to_from,normal,normal
2023-01-01T04:15:00,VB_072,13.858,0.956,193.379,473.922,280.543,1,from_to,normal,normal
2023-01-01T04:15:00,VB_073,-6.076,0.608,34.444,235.638,270.082,1,to_from,normal,normal
2023-01-01T04:15:00,VB_074,9.895,0.86,104.478,341.586,237.108,1,from_to,normal,normal
2023-01-01T04:15:00,VB_075,12.506,0.962,166.892,412.935,246.043,1,from_to,normal,normal
2023-01-01T04:15:00,VB_076,10.826,0.747,125.049,366.127,241.078,1,from_to,normal,normal
2023-01-01T04:15:00,VB_077,11,1.1,129.102,385.645,256.543,1,from_to,normal,normal
2023-01-01T04:15:00,VB_078,-6.434,0.559,37.254,261.108,298.362,1,to_from,normal,normal
2023-01-01T04:15:00,VB_079,-6.136,0.472,33.884,265.078,298.962,1,to_from,normal,normal
2023-01-01T04:15:00,VB_080,-6.111,0.421,33.607,237.108,270.715,1,to_from,normal,normal
2023-01-01T04:15:00,VB_081,-5.506,0.551,27.28,241.078,268.358,1,to_from,normal,normal
2023-01-01T04:20:00,VB_001,-10.351,1.035,96.427,27.796,124.223,1,to_from,normal,normal
2023-01-01T04:20:00,VB_002,-6.256,0.544,35.226,39.993,75.219,1,to_from,normal,normal
2023-01-01T04:20:00,VB_003,-12.567,0.967,189.507,90.727,280.234,1,to_from,normal,normal
2023-01-01T04:20:00,VB_004,8.657,0.597,67.45,291.356,223.906,1,from_to,normal,normal
2023-01-01T04:20:00,VB_005,-15.497,1.55,249.779,223.906,473.685,1,to_from,normal,normal
2023-01-01T04:20:00,VB_006,-10.16,0.883,103.215,309.176,412.391,1,to_from,normal,normal
2023-01-01T04:20:00,VB_007,-8.126,0.625,59.435,377.501,436.936,1,to_from,normal,normal
2023-01-01T04:20:00,VB_008,-14.25,0.983,235.565,389.8,625.365,1,to_from,normal,normal
2023-01-01T04:20:00,VB_009,-10.441,1.044,130.81,153.365,284.175,1,to_from,normal,normal
2023-01-01T04:20:00,VB_010,9.273,0.806,77.398,316.922,239.524,1,from_to,normal,normal
2023-01-01T04:20:00,VB_011,-10.557,0.812,111.46,239.524,350.984,1,to_from,normal,normal
2023-01-01T04:20:00,VB_012,-13.134,0.906,172.505,310.873,483.378,1,to_from,normal,normal
2023-01-01T04:20:00,VB_013,-16.936,1.694,258.149,382.222,640.371,1,to_from,normal,normal
2023-01-01T04:20:00,VB_014,-20.715,1.801,480.595,407.908,888.503,1,to_from,normal,normal
2023-01-01T04:20:00,VB_015,-10.786,0.83,104.706,535.766,640.472,1,to_from,normal,normal
2023-01-01T04:20:00,VB_016,9.622,0.664,130.269,189.036,58.767,1,from_to,normal,normal
2023-01-01T04:20:00,VB_017,11.21,1.121,113.1,167.23,54.13,1,from_to,normal,normal
2023-01-01T04:20:00,VB_018,8.453,0.735,64.312,104.305,39.993,1,from_to,normal,normal
2023-01-01T04:20:00,VB_019,6.058,0.466,33.029,68.494,35.465,1,from_to,normal,normal
2023-01-01T04:20:00,VB_020,-13.496,0.931,163.936,35.465,199.401,1,to_from,normal,normal
2023-01-01T04:20:00,VB_021,-11.102,1.11,110.935,42.601,153.536,1,to_from,normal,normal
2023-01-01T04:20:00,VB_022,-10.941,0.951,168.415,58.132,226.547,1,to_from,normal,normal
2023-01-01T04:20:00,VB_023,-8.254,0.635,61.315,58.767,120.082,1,to_from,normal,normal
2023-01-01T04:20:00,VB_024,-9.162,0.632,79.485,68.529,148.014,1,to_from,normal,normal
2023-01-01T04:20:00,VB_025,5.132,0.513,23.705,81.837,58.132,1,from_to,normal,normal
2023-01-01T04:20:00,VB_026,-12.885,1.12,199.223,186.315,385.538,1,to_from,normal,normal
2023-01-01T04:20:00,VB_027,-13.219,1.017,209.7,188.989,398.689,1,to_from,normal,normal
2023-01-01T04:20:00,VB_028,-18.728,1.292,315.672,280.234,595.906,1,to_from,normal,normal
2023-01-01T04:20:00,VB_029,-9.267,0.927,77.281,223.906,301.187,1,to_from,normal,normal
2023-01-01T04:20:00,VB_030,-10.943,0.952,107.771,228.076,335.847,1,to_from,normal,normal
2023-01-01T04:20:00,VB_031,11.638,0.895,121.894,354.213,232.319,1,from_to,normal,normal
2023-01-01T04:20:00,VB_032,-11.585,0.799,127.09,232.319,359.409,1,to_from,normal,normal
2023-01-01T04:20:00,VB_033,-11.482,1.148,118.643,245.619,364.262,1,to_from,normal,normal
2023-01-01T04:20:00,VB_034,10.302,0.896,95.51,335.034,239.524,1,from_to,normal,normal
2023-01-01T04:20:00,VB_035,-5.596,0.43,28.188,309.176,337.364,1,to_from,normal,normal
2023-01-01T04:20:00,VB_036,-12.633,0.871,148.908,352.878,501.786,1,to_from,normal,normal
2023-01-01T04:20:00,VB_037,-5.79,0.579,35.768,358.535,394.303,1,to_from,normal,normal
2023-01-01T04:20:00,VB_038,-5.947,0.517,31.831,377.501,409.332,1,to_from,normal,normal
2023-01-01T04:20:00,VB_039,6.562,0.505,45.941,411.013,365.072,1,from_to,normal,normal
2023-01-01T04:20:00,VB_040,12.456,0.859,144.747,503.283,358.536,1,from_to,normal,normal
2023-01-01T04:20:00,VB_041,-6.594,0.659,46.398,354.773,401.171,1,to_from,normal,normal
2023-01-01T04:20:00,VB_042,-10.553,0.918,112.143,368.265,480.408,1,to_from,normal,normal
2023-01-01T04:20:00,VB_043,-12.162,0.936,133.118,383.266,516.384,1,to_from,normal,normal
2023-01-01T04:20:00,VB_044,-9.474,0.653,80.788,384.879,465.667,1,to_from,normal,normal
2023-01-01T04:20:00,VB_045,10.4,1.04,97.353,498.75,401.397,1,from_to,normal,normal
2023-01-01T04:20:00,VB_046,9.707,0.844,94.877,477.143,382.266,1,from_to,normal,normal
2023-01-01T04:20:00,VB_047,7.436,0.572,59.006,424.403,365.397,1,from_to,normal,normal
2023-01-01T04:20:00,VB_048,8.205,0.566,60.587,440.458,379.871,1,from_to,normal,normal
2023-01-01T04:20:00,VB_049,-7.479,0.748,52.971,379.871,432.842,1,to_from,normal,normal
2023-01-01T04:20:00,VB_050,-6.623,0.576,39.476,397.033,436.509,1,to_from,normal,normal
2023-01-01T04:20:00,VB_051,-7.767,0.597,54.293,358.535,412.828,1,to_from,normal,normal
2023-01-01T04:20:00,VB_052,-5.808,0.401,30.363,365.072,395.435,1,to_from,normal,normal
2023-01-01T04:20:00,VB_053,-13.364,1.336,160.739,0,160.739,1,to_from,normal,normal
2023-01-01T04:20:00,VB_054,-12.14,1.056,132.648,11.822,144.47,1,to_from,normal,normal
2023-01-01T04:20:00,VB_055,7.017,0.54,44.314,56.136,11.822,1,from_to,normal,normal
2023-01-01T04:20:00,VB_056,-11.906,0.821,131.97,532.463,664.433,1,to_from,normal,normal
2023-01-01T04:20:00,VB_057,-8.954,0.895,72.154,574.037,646.191,1,to_from,normal,normal
2023-01-01T04:20:00,VB_058,15.128,1.315,205.967,793.124,587.157,1,from_to,normal,normal
2023-01-01T04:20:00,VB_059,13.943,1.073,174.978,749.292,574.314,1,from_to,normal,normal
2023-01-01T04:20:00,VB_060,11.679,0.805,122.766,674.008,551.242,1,from_to,normal,normal
2023-01-01T04:20:00,VB_061,6.415,0.642,37.041,568.68,531.639,1,from_to,normal,normal
2023-01-01T04:20:00,VB_062,6.953,0.605,43.513,579.279,535.766,1,from_to,normal,normal
2023-01-01T04:20:00,VB_063,8.102,0.623,59.08,620.531,561.451,1,from_to,normal,normal
2023-01-01T04:20:00,VB_064,-7.051,0.486,44.742,216.638,261.38,1,to_from,normal,normal
2023-01-01T04:20:00,VB_065,-6.577,0.658,38.936,220.628,259.564,1,to_from,normal,normal
2023-01-01T04:20:00,VB_066,6.041,0.525,38.935,300.043,261.108,1,from_to,normal,normal
2023-01-01T04:20:00,VB_067,-12.713,0.978,150.781,216.638,367.419,1,to_from,normal,normal
2023-01-01T04:20:00,VB_068,16.078,1.109,260.312,530.355,270.043,1,from_to,normal,normal
2023-01-01T04:20:00,VB_069,-7.799,0.78,56.745,225.293,282.038,1,to_from,normal,normal
2023-01-01T04:20:00,VB_070,6.456,0.561,44.472,309.55,265.078,1,from_to,normal,normal
2023-01-01T04:20:00,VB_071,-11.903,0.916,132.187,220.628,352.815,1,to_from,normal,normal
2023-01-01T04:20:00,VB_072,13.781,0.95,191.248,471.791,280.543,1,from_to,normal,normal
2023-01-01T04:20:00,VB_073,-6.11,0.611,34.829,235.638,270.467,1,to_from,normal,normal
2023-01-01T04:20:00,VB_074,9.843,0.856,103.371,340.479,237.108,1,from_to,normal,normal
2023-01-01T04:20:00,VB_075,12.645,0.973,170.606,416.649,246.043,1,from_to,normal,normal
2023-01-01T04:20:00,VB_076,10.802,0.745,124.506,365.584,241.078,1,from_to,normal,normal
2023-01-01T04:20:00,VB_077,10.906,1.091,126.918,383.461,256.543,1,from_to,normal,normal
2023-01-01T04:20:00,VB_078,-6.485,0.564,37.855,261.108,298.963,1,to_from,normal,normal
2023-01-01T04:20:00,VB_079,-6.161,0.474,34.158,265.078,299.236,1,to_from,normal,normal
2023-01-01T04:20:00,VB_080,-6.05,0.417,32.939,237.108,270.047,1,to_from,normal,normal
2023-01-01T04:20:00,VB_081,-5.548,0.555,27.704,241.078,268.782,1,to_from,normal,normal
2023-01-01T04:25:00,VB_001,-10.46,1.046,98.477,27.796,126.273,1,to_from,normal,normal
2023-01-01T04:25:00,VB_002,-6.258,0.544,35.245,39.993,75.238,1,to_from,normal,normal
2023-01-01T04:25:00,VB_003,-12.622,0.971,191.171,89.063,280.234,1,to_from,normal,normal
2023-01-01T04:25:00,VB_004,8.72,0.601,68.431,292.337,223.906,1,from_to,normal,normal
2023-01-01T04:25:00,VB_005,-15.415,1.542,247.136,223.906,471.042,1,to_from,normal,normal
2023-01-01T04:25:00,VB_006,-10.138,0.882,102.785,309.176,411.961,1,to_from,normal,normal
2023-01-01T04:25:00,VB_007,-8.044,0.619,58.234,377.501,435.735,1,to_from,normal,normal
2023-01-01T04:25:00,VB_008,-14.186,0.978,233.458,389.8,623.258,1,to_from,normal,normal
2023-01-01T04:25:00,VB_009,-10.552,1.055,133.622,150.553,284.175,1,to_from,normal,normal
2023-01-01T04:25:00,VB_010,9.342,0.812,78.554,318.078,239.524,1,from_to,normal,normal
2023-01-01T04:25:00,VB_011,-10.727,0.825,115.063,239.524,354.587,1,to_from,normal,normal
2023-01-01T04:25:00,VB_012,-13.152,0.907,172.971,310.873,483.844,1,to_from,normal,normal
2023-01-01T04:25:00,VB_013,-17.008,1.701,260.335,382.222,642.557,1,to_from,normal,normal
2023-01-01T04:25:00,VB_014,-20.505,1.783,470.918,407.908,878.826,1,to_from,normal,normal
2023-01-01T04:25:00,VB_015,-10.75,0.827,103.997,535.766,639.763,1,to_from,normal,normal
2023-01-01T04:25:00,VB_016,9.66,0.666,131.307,190.074,58.767,1,from_to,normal,normal
2023-01-01T04:25:00,VB_017,11.193,1.119,112.762,166.892,54.13,1,from_to,normal,normal
2023-01-01T04:25:00,VB_018,8.465,0.736,64.491,104.484,39.993,1,from_to,normal,normal
2023-01-01T04:25:00,VB_019,6.065,0.467,33.102,68.567,35.465,1,from_to,normal,normal
2023-01-01T04:25:00,VB_020,-13.618,0.939,166.904,35.465,202.369,1,to_from,normal,normal
2023-01-01T04:25:00,VB_021,-11.198,1.12,112.859,42.601,155.46,1,to_from,normal,normal
2023-01-01T04:25:00,VB_022,-10.879,0.946,166.511,58.132,224.643,1,to_from,normal,normal
2023-01-01T04:25:00,VB_023,-8.236,0.634,61.055,58.767,119.822,1,to_from,normal,normal
2023-01-01T04:25:00,VB_024,-9.118,0.629,78.732,68.529,147.261,1,to_from,normal,normal
2023-01-01T04:25:00,VB_025,5.082,0.508,23.242,81.374,58.132,1,from_to,normal,normal
2023-01-01T04:25:00,VB_026,-13,1.13,202.796,186.315,389.111,1,to_from,normal,normal
2023-01-01T04:25:00,VB_027,-13.17,1.013,208.124,188.989,397.113,1,to_from,normal,normal
2023-01-01T04:25:00,VB_028,-18.872,1.302,320.548,280.234,600.782,1,to_from,normal,normal
2023-01-01T04:25:00,VB_029,-9.274,0.927,77.401,223.906,301.307,1,to_from,normal,normal
2023-01-01T04:25:00,VB_030,-11.091,0.964,110.706,228.076,338.782,1,to_from,normal,normal
2023-01-01T04:25:00,VB_031,11.644,0.896,122.028,354.347,232.319,1,from_to,normal,normal
2023-01-01T04:25:00,VB_032,-11.568,0.798,126.719,232.319,359.038,1,to_from,normal,normal
2023-01-01T04:25:00,VB_033,-11.331,1.133,115.542,245.619,361.161,1,to_from,normal,normal
2023-01-01T04:25:00,VB_034,10.161,0.884,92.926,332.45,239.524,1,from_to,normal,normal
2023-01-01T04:25:00,VB_035,-5.621,0.432,28.44,309.176,337.616,1,to_from,normal,normal
2023-01-01T04:25:00,VB_036,-12.504,0.862,145.881,352.878,498.759,1,to_from,normal,normal
2023-01-01T04:25:00,VB_037,-5.755,0.576,35.339,358.535,393.874,1,to_from,normal,normal
2023-01-01T04:25:00,VB_038,-6.008,0.522,32.486,377.501,409.987,1,to_from,normal,normal
2023-01-01T04:25:00,VB_039,6.584,0.506,46.251,411.323,365.072,1,from_to,normal,normal
2023-01-01T04:25:00,VB_040,12.428,0.857,144.111,502.647,358.536,1,from_to,normal,normal
2023-01-01T04:25:00,VB_041,-6.606,0.661,46.567,354.773,401.34,1,to_from,normal,normal
2023-01-01T04:25:00,VB_042,-10.479,0.911,110.574,368.265,478.839,1,to_from,normal,normal
2023-01-01T04:25:00,VB_043,-12.112,0.932,132.029,383.266,515.295,1,to_from,normal,normal
2023-01-01T04:25:00,VB_044,-9.464,0.653,80.615,384.879,465.494,1,to_from,normal,normal
2023-01-01T04:25:00,VB_045,10.414,1.041,97.605,499.002,401.397,1,from_to,normal,normal
2023-01-01T04:25:00,VB_046,9.777,0.85,96.264,478.53,382.266,1,from_to,normal,normal
2023-01-01T04:25:00,VB_047,7.454,0.573,59.281,424.678,365.397,1,from_to,normal,normal
2023-01-01T04:25:00,VB_048,8.232,0.568,60.99,440.861,379.871,1,from_to,normal,normal
2023-01-01T04:25:00,VB_049,-7.458,0.746,52.673,379.871,432.544,1,to_from,normal,normal
2023-01-01T04:25:00,VB_050,-6.658,0.579,39.895,397.033,436.928,1,to_from,normal,normal
2023-01-01T04:25:00,VB_051,-7.687,0.591,53.182,358.535,411.717,1,to_from,normal,normal
2023-01-01T04:25:00,VB_052,-5.837,0.403,30.659,365.072,395.731,1,to_from,normal,normal
2023-01-01T04:25:00,VB_053,-13.367,1.337,160.801,0,160.801,1,to_from,normal,normal
2023-01-01T04:25:00,VB_054,-12.158,1.057,133.027,11.822,144.849,1,to_from,normal,normal
2023-01-01T04:25:00,VB_055,6.995,0.538,44.037,55.859,11.822,1,from_to,normal,normal
2023-01-01T04:25:00,VB_056,-11.974,0.826,133.479,532.463,665.942,1,to_from,normal,normal
2023-01-01T04:25:00,VB_057,-8.983,0.898,72.629,574.037,646.666,1,to_from,normal,normal
2023-01-01T04:25:00,VB_058,15.131,1.316,206.065,793.222,587.157,1,from_to,normal,normal
2023-01-01T04:25:00,VB_059,13.928,1.071,174.595,748.909,574.314,1,from_to,normal,normal
2023-01-01T04:25:00,VB_060,11.609,0.801,121.285,672.527,551.242,1,from_to,normal,normal
2023-01-01T04:25:00,VB_061,6.382,0.638,36.651,568.29,531.639,1,from_to,normal,normal
2023-01-01T04:25:00,VB_062,6.943,0.604,43.383,579.149,535.766,1,from_to,normal,normal
2023-01-01T04:25:00,VB_063,8.153,0.627,59.821,621.272,561.451,1,from_to,normal,normal
2023-01-01T04:25:00,VB_064,-7.084,0.489,45.165,216.638,261.803,1,to_from,normal,normal
2023-01-01T04:25:00,VB_065,-6.541,0.654,38.512,220.628,259.14,1,to_from,normal,normal
2023-01-01T04:25:00,VB_066,6.089,0.529,39.563,300.671,261.108,1,from_to,normal,normal
2023-01-01T04:25:00,VB_067,-12.803,0.985,152.943,216.638,369.581,1,to_from,normal,normal
2023-01-01T04:25:00,VB_068,16.033,1.106,258.866,528.909,270.043,1,from_to,normal,normal
2023-01-01T04:25:00,VB_069,-7.722,0.772,55.64,225.293,280.933,1,to_from,normal,normal
2023-01-01T04:25:00,VB_070,6.402,0.557,43.736,308.814,265.078,1,from_to,normal,normal
2023-01-01T04:25:00,VB_071,-11.828,0.91,130.529,220.628,351.157,1,to_from,normal,normal
2023-01-01T04:25:00,VB_072,13.771,0.95,190.958,471.501,280.543,1,from_to,normal,normal
2023-01-01T04:25:00,VB_073,-6.127,0.613,35.026,235.638,270.664,1,to_from,normal,normal
2023-01-01T04:25:00,VB_074,9.956,0.866,105.756,342.864,237.108,1,from_to,normal,normal
2023-01-01T04:25:00,VB_075,12.77,0.982,174.009,420.052,246.043,1,from_to,normal,normal
2023-01-01T04:25:00,VB_076,10.804,0.745,124.548,365.626,241.078,1,from_to,normal,normal
2023-01-01T04:25:00,VB_077,10.891,1.089,126.554,383.097,256.543,1,from_to,normal,normal
2023-01-01T04:25:00,VB_078,-6.414,0.558,37.026,261.108,298.134,1,to_from,normal,normal
2023-01-01T04:25:00,VB_079,-6.139,0.472,33.918,265.078,298.996,1,to_from,normal,normal
2023-01-01T04:25:00,VB_080,-6.038,0.416,32.813,237.108,269.921,1,to_from,normal,normal
2023-01-01T04:25:00,VB_081,-5.498,0.55,27.208,241.078,268.286,1,to_from,normal,normal
2023-01-01T04:30:00,VB_001,-10.5,1.05,99.22,27.796,127.016,1,to_from,normal,normal
2023-01-01T04:30:00,VB_002,-6.317,0.549,35.912,39.993,75.905,1,to_from,normal,normal
2023-01-01T04:30:00,VB_003,-12.617,0.971,191.017,89.217,280.234,1,to_from,normal,normal
2023-01-01T04:30:00,VB_004,8.681,0.599,67.827,291.733,223.906,1,from_to,normal,normal
2023-01-01T04:30:00,VB_005,-15.242,1.524,241.607,223.906,465.513,1,to_from,normal,normal
2023-01-01T04:30:00,VB_006,-10.1,0.878,102.005,309.176,411.181,1,to_from,normal,normal
2023-01-01T04:30:00,VB_007,-8.01,0.616,57.747,377.501,435.248,1,to_from,normal,normal
2023-01-01T04:30:00,VB_008,-14.119,0.974,231.257,389.8,621.057,1,to_from,normal,normal
2023-01-01T04:30:00,VB_009,-10.473,1.047,131.632,152.543,284.175,1,to_from,normal,normal
2023-01-01T04:30:00,VB_010,9.34,0.812,78.52,318.044,239.524,1,from_to,normal,normal
2023-01-01T04:30:00,VB_011,-10.773,0.829,116.065,239.524,355.589,1,to_from,normal,normal
2023-01-01T04:30:00,VB_012,-13.297,0.917,176.813,310.873,487.686,1,to_from,normal,normal
2023-01-01T04:30:00,VB_013,-17.042,1.704,261.379,382.222,643.601,1,to_from,normal,normal
2023-01-01T04:30:00,VB_014,-20.37,1.771,464.74,407.908,872.648,1,to_from,normal,normal
2023-01-01T04:30:00,VB_015,-10.637,0.818,101.826,535.766,637.592,1,to_from,normal,normal
2023-01-01T04:30:00,VB_016,9.536,0.658,127.935,186.702,58.767,1,from_to,normal,normal
2023-01-01T04:30:00,VB_017,11.167,1.117,112.233,166.363,54.13,1,from_to,normal,normal
2023-01-01T04:30:00,VB_018,8.416,0.732,63.753,103.746,39.993,1,from_to,normal,normal
2023-01-01T04:30:00,VB_019,6.113,0.47,33.63,69.095,35.465,1,from_to,normal,normal
2023-01-01T04:30:00,VB_020,-13.715,0.946,169.282,35.465,204.747,1,to_from,normal,normal
2023-01-01T04:30:00,VB_021,-11.213,1.121,113.168,42.601,155.769,1,to_from,normal,normal
2023-01-01T04:30:00,VB_022,-10.845,0.943,165.483,58.132,223.615,1,to_from,normal,normal
2023-01-01T04:30:00,VB_023,-8.167,0.628,60.026,58.767,118.793,1,to_from,normal,normal
2023-01-01T04:30:00,VB_024,-9.165,0.632,79.545,68.529,148.074,1,to_from,normal,normal
2023-01-01T04:30:00,VB_025,5.068,0.507,23.12,81.252,58.132,1,from_to,normal,normal
2023-01-01T04:30:00,VB_026,-12.945,1.126,201.078,186.315,387.393,1,to_from,normal,normal
2023-01-01T04:30:00,VB_027,-13.258,1.02,210.926,188.989,399.915,1,to_from,normal,normal
2023-01-01T04:30:00,VB_028,-18.984,1.309,324.338,280.234,604.572,1,to_from,normal,normal
2023-01-01T04:30:00,VB_029,-9.286,0.929,77.602,223.906,301.508,1,to_from,normal,normal
2023-01-01T04:30:00,VB_030,-11.122,0.967,111.338,228.076,339.414,1,to_from,normal,normal
2023-01-01T04:30:00,VB_031,11.753,0.904,124.33,356.649,232.319,1,from_to,normal,normal
2023-01-01T04:30:00,VB_032,-11.52,0.794,125.676,232.319,357.995,1,to_from,normal,normal
2023-01-01T04:30:00,VB_033,-11.302,1.13,114.966,245.619,360.585,1,to_from,normal,normal
2023-01-01T04:30:00,VB_034,10.228,0.889,94.157,333.681,239.524,1,from_to,normal,normal
2023-01-01T04:30:00,VB_035,-5.602,0.431,28.244,309.176,337.42,1,to_from,normal,normal
2023-01-01T04:30:00,VB_036,-12.662,0.873,149.592,352.878,502.47,1,to_from,normal,normal
2023-01-01T04:30:00,VB_037,-5.85,0.585,36.519,358.535,395.054,1,to_from,normal,normal
2023-01-01T04:30:00,VB_038,-6.034,0.525,32.764,377.501,410.265,1,to_from,normal,normal
2023-01-01T04:30:00,VB_039,6.634,0.51,46.958,412.03,365.072,1,from_to,normal,normal
2023-01-01T04:30:00,VB_040,12.378,0.854,142.959,501.495,358.536,1,from_to,normal,normal
2023-01-01T04:30:00,VB_041,-6.607,0.661,46.577,354.773,401.35,1,to_from,normal,normal
2023-01-01T04:30:00,VB_042,-10.428,0.907,109.515,368.265,477.78,1,to_from,normal,normal
2023-01-01T04:30:00,VB_043,-12.128,0.933,132.389,383.266,515.655,1,to_from,normal,normal
2023-01-01T04:30:00,VB_044,-9.355,0.645,78.772,384.879,463.651,1,to_from,normal,normal
2023-01-01T04:30:00,VB_045,10.346,1.035,96.335,497.732,401.397,1,from_to,normal,normal
2023-01-01T04:30:00,VB_046,9.842,0.856,97.546,479.812,382.266,1,from_to,normal,normal
2023-01-01T04:30:00,VB_047,7.561,0.582,60.993,426.39,365.397,1,from_to,normal,normal
2023-01-01T04:30:00,VB_048,8.261,0.57,61.419,441.29,379.871,1,from_to,normal,normal
2023-01-01T04:30:00,VB_049,-7.446,0.745,52.508,379.871,432.379,1,to_from,normal,normal
2023-01-01T04:30:00,VB_050,-6.585,0.573,39.03,397.033,436.063,1,to_from,normal,normal
2023-01-01T04:30:00,VB_051,-7.631,0.587,52.414,358.535,410.949,1,to_from,normal,normal
2023-01-01T04:30:00,VB_052,-5.773,0.398,29.998,365.072,395.07,1,to_from,normal,normal
2023-01-01T04:30:00,VB_053,-13.492,1.349,163.821,0,163.821,1,to_from,normal,normal
2023-01-01T04:30:00,VB_054,-12.097,1.052,131.709,11.822,143.531,1,to_from,normal,normal
2023-01-01T04:30:00,VB_055,7.115,0.547,45.56,57.382,11.822,1,from_to,normal,normal
2023-01-01T04:30:00,VB_056,-12.171,0.839,137.904,532.463,670.367,1,to_from,normal,normal
2023-01-01T04:30:00,VB_057,-9.042,0.904,73.585,574.037,647.622,1,to_from,normal,normal
2023-01-01T04:30:00,VB_058,15.06,1.31,204.127,791.284,587.157,1,from_to,normal,normal
2023-01-01T04:30:00,VB_059,13.845,1.065,172.519,746.833,574.314,1,from_to,normal,normal
2023-01-01T04:30:00,VB_060,11.549,0.796,120.033,671.275,551.242,1,from_to,normal,normal
2023-01-01T04:30:00,VB_061,6.341,0.634,36.185,567.824,531.639,1,from_to,normal,normal
2023-01-01T04:30:00,VB_062,6.877,0.598,42.562,578.328,535.766,1,from_to,normal,normal
2023-01-01T04:30:00,VB_063,8.201,0.631,60.532,621.983,561.451,1,from_to,normal,normal
2023-01-01T04:30:00,VB_064,-7.162,0.494,46.165,216.638,262.803,1,to_from,normal,normal
2023-01-01T04:30:00,VB_065,-6.567,0.657,38.815,220.628,259.443,1,to_from,normal,normal
2023-01-01T04:30:00,VB_066,6.088,0.529,39.549,300.657,261.108,1,from_to,normal,normal
2023-01-01T04:30:00,VB_067,-12.737,0.98,151.351,216.638,367.989,1,to_from,normal,normal
2023-01-01T04:30:00,VB_068,15.958,1.101,256.453,526.496,270.043,1,from_to,normal,normal
2023-01-01T04:30:00,VB_069,-7.691,0.769,55.183,225.293,280.476,1,to_from,normal,normal
2023-01-01T04:30:00,VB_070,6.343,0.552,42.931,308.009,265.078,1,from_to,normal,normal
2023-01-01T04:30:00,VB_071,-11.682,0.899,127.328,220.628,347.956,1,to_from,normal,normal
2023-01-01T04:30:00,VB_072,13.726,0.947,189.733,470.276,280.543,1,from_to,normal,normal
2023-01-01T04:30:00,VB_073,-6.153,0.615,35.318,235.638,270.956,1,to_from,normal,normal
2023-01-01T04:30:00,VB_074,10.062,0.875,108.019,345.127,237.108,1,from_to,normal,normal
2023-01-01T04:30:00,VB_075,12.824,0.986,175.467,421.51,246.043,1,from_to,normal,normal
2023-01-01T04:30:00,VB_076,10.888,0.751,126.496,367.574,241.078,1,from_to,normal,normal
2023-01-01T04:30:00,VB_077,10.948,1.095,127.88,384.423,256.543,1,from_to,normal,normal
2023-01-01T04:30:00,VB_078,-6.36,0.553,36.406,261.108,297.514,1,to_from,normal,normal
2023-01-01T04:30:00,VB_079,-6.116,0.47,33.66,265.078,298.738,1,to_from,normal,normal
2023-01-01T04:30:00,VB_080,-6.018,0.415,32.596,237.108,269.704,1,to_from,normal,normal
2023-01-01T04:30:00,VB_081,-5.564,0.556,27.864,241.078,268.942,1,to_from,normal,normal
2023-01-01T04:35:00,VB_001,-10.534,1.053,99.875,27.796,127.671,1,to_from,normal,normal
2023-01-01T04:35:00,VB_002,-6.36,0.553,36.403,39.993,76.396,1,to_from,normal,normal
2023-01-01T04:35:00,VB_003,-12.679,0.975,192.894,87.34,280.234,1,to_from,normal,normal
2023-01-01T04:35:00,VB_004,8.676,0.598,67.742,291.648,223.906,1,from_to,normal,normal
2023-01-01T04:35:00,VB_005,-15.183,1.518,239.755,223.906,463.661,1,to_from,normal,normal
2023-01-01T04:35:00,VB_006,-10.045,0.873,100.898,309.176,410.074,1,to_from,normal,normal
2023-01-01T04:35:00,VB_007,-7.984,0.614,57.375,377.501,434.876,1,to_from,normal,normal
2023-01-01T04:35:00,VB_008,-14.212,0.98,234.289,389.8,624.089,1,to_from,normal,normal
2023-01-01T04:35:00,VB_009,-10.606,1.061,134.996,149.179,284.175,1,to_from,normal,normal
2023-01-01T04:35:00,VB_010,9.534,0.829,81.8,321.324,239.524,1,from_to,normal,normal
2023-01-01T04:35:00,VB_011,-10.868,0.836,118.118,239.524,357.642,1,to_from,normal,normal
2023-01-01T04:35:00,VB_012,-13.293,0.917,176.695,310.873,487.568,1,to_from,normal,normal
2023-01-01T04:35:00,VB_013,-17.1,1.71,263.178,382.222,645.4,1,to_from,normal,normal
2023-01-01T04:35:00,VB_014,-20.53,1.785,472.045,407.908,879.953,1,to_from,normal,normal
2023-01-01T04:35:00,VB_015,-10.645,0.819,101.978,535.766,637.744,1,to_from,normal,normal
2023-01-01T04:35:00,VB_016,9.436,0.651,125.267,186.315,61.048,1,from_to,normal,normal
2023-01-01T04:35:00,VB_017,11.231,1.123,113.513,167.643,54.13,1,from_to,normal,normal
2023-01-01T04:35:00,VB_018,8.483,0.738,64.767,104.76,39.993,1,from_to,normal,normal
2023-01-01T04:35:00,VB_019,6.182,0.476,34.392,69.857,35.465,1,from_to,normal,normal
2023-01-01T04:35:00,VB_020,-13.775,0.95,170.785,35.465,206.25,1,to_from,normal,normal
2023-01-01T04:35:00,VB_021,-11.211,1.121,113.112,42.601,155.713,1,to_from,normal,normal
2023-01-01T04:35:00,VB_022,-10.915,0.949,167.614,58.132,225.746,1,to_from,normal,normal
2023-01-01T04:35:00,VB_023,-8.156,0.627,59.862,58.767,118.629,1,to_from,normal,normal
2023-01-01T04:35:00,VB_024,-9.064,0.625,77.795,68.529,146.324,1,to_from,normal,normal
2023-01-01T04:35:00,VB_025,4.993,0.499,22.435,80.567,58.132,1,from_to,normal,normal
2023-01-01T04:35:00,VB_026,-12.851,1.117,198.175,186.315,384.49,1,to_from,normal,normal
2023-01-01T04:35:00,VB_027,-13.353,1.027,213.972,188.989,402.961,1,to_from,normal,normal
2023-01-01T04:35:00,VB_028,-19.208,1.325,332.046,280.234,612.28,1,to_from,normal,normal
2023-01-01T04:35:00,VB_029,-9.356,0.936,78.786,223.906,302.692,1,to_from,normal,normal
2023-01-01T04:35:00,VB_030,-11.063,0.962,110.154,228.076,338.23,1,to_from,normal,normal
2023-01-01T04:35:00,VB_031,11.647,0.896,122.084,354.403,232.319,1,from_to,normal,normal
2023-01-01T04:35:00,VB_032,-11.504,0.793,125.338,232.319,357.657,1,to_from,normal,normal
2023-01-01T04:35:00,VB_033,-11.308,1.131,115.08,245.619,360.699,1,to_from,normal,normal
2023-01-01T04:35:00,VB_034,10.09,0.877,91.627,331.151,239.524,1,from_to,normal,normal
2023-01-01T04:35:00,VB_035,-5.613,0.432,28.353,309.176,337.529,1,to_from,normal,normal
2023-01-01T04:35:00,VB_036,-12.554,0.866,147.042,352.878,499.92,1,to_from,normal,normal
2023-01-01T04:35:00,VB_037,-5.843,0.584,36.433,358.535,394.968,1,to_from,normal,normal
2023-01-01T04:35:00,VB_038,-6.081,0.529,33.281,377.501,410.782,1,to_from,normal,normal
2023-01-01T04:35:00,VB_039,6.662,0.512,47.352,412.424,365.072,1,from_to,normal,normal
2023-01-01T04:35:00,VB_040,12.403,0.855,143.519,502.055,358.536,1,from_to,normal,normal
2023-01-01T04:35:00,VB_041,-6.588,0.659,46.309,354.773,401.082,1,to_from,normal,normal
2023-01-01T04:35:00,VB_042,-10.305,0.896,106.931,368.265,475.196,1,to_from,normal,normal
2023-01-01T04:35:00,VB_043,-11.987,0.922,129.31,383.266,512.576,1,to_from,normal,normal
2023-01-01T04:35:00,VB_044,-9.325,0.643,78.258,384.879,463.137,1,to_from,normal,normal
2023-01-01T04:35:00,VB_045,10.462,1.046,98.516,499.913,401.397,1,from_to,normal,normal
2023-01-01T04:35:00,VB_046,9.85,0.857,97.703,479.969,382.266,1,from_to,normal,normal
2023-01-01T04:35:00,VB_047,7.637,0.587,62.227,427.624,365.397,1,from_to,normal,normal
2023-01-01T04:35:00,VB_048,8.311,0.573,62.158,442.029,379.871,1,from_to,normal,normal
2023-01-01T04:35:00,VB_049,-7.453,0.745,52.603,379.871,432.474,1,to_from,normal,normal
2023-01-01T04:35:00,VB_050,-6.585,0.573,39.028,397.033,436.061,1,to_from,normal,normal
2023-01-01T04:35:00,VB_051,-7.617,0.586,52.214,358.535,410.749,1,to_from,normal,normal
2023-01-01T04:35:00,VB_052,-5.724,0.395,29.485,365.072,394.557,1,to_from,normal,normal
2023-01-01T04:35:00,VB_053,-13.268,1.327,158.437,0,158.437,1,to_from,normal,normal
2023-01-01T04:35:00,VB_054,-12.268,1.067,135.464,11.822,147.286,1,to_from,normal,normal
2023-01-01T04:35:00,VB_055,7.088,0.545,45.219,57.041,11.822,1,from_to,normal,normal
2023-01-01T04:35:00,VB_056,-12.199,0.841,138.557,532.463,671.02,1,to_from,normal,normal
2023-01-01T04:35:00,VB_057,-9.056,0.906,73.814,574.037,647.851,1,to_from,normal,normal
2023-01-01T04:35:00,VB_058,15.165,1.319,206.992,794.149,587.157,1,from_to,normal,normal
2023-01-01T04:35:00,VB_059,13.931,1.072,174.661,748.975,574.314,1,from_to,normal,normal
2023-01-01T04:35:00,VB_060,11.385,0.785,116.648,667.89,551.242,1,from_to,normal,normal
2023-01-01T04:35:00,VB_061,6.254,0.625,35.2,566.839,531.639,1,from_to,normal,normal
2023-01-01T04:35:00,VB_062,6.87,0.597,42.472,578.238,535.766,1,from_to,normal,normal
2023-01-01T04:35:00,VB_063,8.185,0.63,60.292,621.743,561.451,1,from_to,normal,normal
2023-01-01T04:35:00,VB_064,-7.126,0.491,45.708,216.638,262.346,1,to_from,normal,normal
2023-01-01T04:35:00,VB_065,-6.669,0.667,40.033,220.628,260.661,1,to_from,normal,normal
2023-01-01T04:35:00,VB_066,6.151,0.535,40.366,301.474,261.108,1,from_to,normal,normal
2023-01-01T04:35:00,VB_067,-12.782,0.983,152.434,216.638,369.072,1,to_from,normal,normal
2023-01-01T04:35:00,VB_068,15.722,1.084,248.915,518.958,270.043,1,from_to,normal,normal
2023-01-01T04:35:00,VB_069,-7.572,0.757,53.489,225.293,278.782,1,to_from,normal,normal
2023-01-01T04:35:00,VB_070,6.381,0.555,43.451,308.529,265.078,1,from_to,normal,normal
2023-01-01T04:35:00,VB_071,-11.806,0.908,130.038,220.628,350.666,1,to_from,normal,normal
2023-01-01T04:35:00,VB_072,13.914,0.96,194.945,475.488,280.543,1,from_to,normal,normal
2023-01-01T04:35:00,VB_073,-6.18,0.618,35.628,235.638,271.266,1,to_from,normal,normal
2023-01-01T04:35:00,VB_074,10.111,0.879,109.085,346.193,237.108,1,from_to,normal,normal
2023-01-01T04:35:00,VB_075,12.867,0.99,176.639,422.682,246.043,1,from_to,normal,normal
2023-01-01T04:35:00,VB_076,10.82,0.746,124.905,365.983,241.078,1,from_to,normal,normal
2023-01-01T04:35:00,VB_077,10.878,1.088,126.264,382.807,256.543,1,from_to,normal,normal
2023-01-01T04:35:00,VB_078,-6.353,0.552,36.325,261.108,297.433,1,to_from,normal,normal
2023-01-01T04:35:00,VB_079,-6.022,0.463,32.643,265.078,297.721,1,to_from,normal,normal
2023-01-01T04:35:00,VB_080,-5.995,0.413,32.35,237.108,269.458,1,to_from,normal,normal
2023-01-01T04:35:00,VB_081,-5.532,0.553,27.541,241.078,268.619,1,to_from,normal,normal
2023-01-01T04:40:00,VB_001,-10.563,1.056,100.423,27.796,128.219,1,to_from,normal,normal
2023-01-01T04:40:00,VB_002,-6.398,0.556,36.839,39.993,76.832,1,to_from,normal,normal
2023-01-01T04:40:00,VB_003,-12.751,0.981,195.1,85.134,280.234,1,to_from,normal,normal
2023-01-01T04:40:00,VB_004,8.728,0.602,68.567,292.473,223.906,1,from_to,normal,normal
2023-01-01T04:40:00,VB_005,-15.167,1.517,239.255,223.906,463.161,1,to_from,normal,normal
2023-01-01T04:40:00,VB_006,-9.997,0.869,99.938,309.176,409.114,1,to_from,normal,normal
2023-01-01T04:40:00,VB_007,-7.909,0.608,56.299,377.501,433.8,1,to_from,normal,normal
2023-01-01T04:40:00,VB_008,-14.057,0.969,229.204,389.8,619.004,1,to_from,normal,normal
2023-01-01T04:40:00,VB_009,-10.598,1.06,134.772,149.403,284.175,1,to_from,normal,normal
2023-01-01T04:40:00,VB_010,9.484,0.825,80.956,320.48,239.524,1,from_to,normal,normal
2023-01-01T04:40:00,VB_011,-10.855,0.835,117.829,239.524,357.353,1,to_from,normal,normal
2023-01-01T04:40:00,VB_012,-13.429,0.926,180.336,310.873,491.209,1,to_from,normal,normal
2023-01-01T04:40:00,VB_013,-17.136,1.714,264.277,382.222,646.499,1,to_from,normal,normal
2023-01-01T04:40:00,VB_014,-20.352,1.77,463.895,407.908,871.803,1,to_from,normal,normal
2023-01-01T04:40:00,VB_015,-10.521,0.809,99.629,535.766,635.395,1,to_from,normal,normal
2023-01-01T04:40:00,VB_016,9.418,0.65,124.805,186.315,61.51,1,from_to,normal,normal
2023-01-01T04:40:00,VB_017,11.167,1.117,112.23,166.36,54.13,1,from_to,normal,normal
2023-01-01T04:40:00,VB_018,8.543,0.743,65.686,105.679,39.993,1,from_to,normal,normal
2023-01-01T04:40:00,VB_019,6.226,0.479,34.89,70.355,35.465,1,from_to,normal,normal
2023-01-01T04:40:00,VB_020,-13.821,0.953,171.928,35.465,207.393,1,to_from,normal,normal
2023-01-01T04:40:00,VB_021,-11.37,1.137,116.343,42.601,158.944,1,to_from,normal,normal
2023-01-01T04:40:00,VB_022,-10.978,0.955,169.562,58.132,227.694,1,to_from,normal,normal
2023-01-01T04:40:00,VB_023,-8.04,0.618,58.184,58.767,116.951,1,to_from,normal,normal
2023-01-01T04:40:00,VB_024,-8.94,0.617,75.692,68.529,144.221,1,to_from,normal,normal
2023-01-01T04:40:00,VB_025,5.021,0.502,22.692,80.824,58.132,1,from_to,normal,normal
2023-01-01T04:40:00,VB_026,-12.857,1.118,198.366,186.315,384.681,1,to_from,normal,normal
2023-01-01T04:40:00,VB_027,-13.223,1.017,209.807,188.989,398.796,1,to_from,normal,normal
2023-01-01T04:40:00,VB_028,-19.198,1.324,331.708,280.234,611.942,1,to_from,normal,normal
2023-01-01T04:40:00,VB_029,-9.483,0.948,80.933,223.906,304.839,1,to_from,normal,normal
2023-01-01T04:40:00,VB_030,-11.159,0.97,112.066,228.076,340.142,1,to_from,normal,normal
2023-01-01T04:40:00,VB_031,11.674,0.898,122.652,354.971,232.319,1,from_to,normal,normal
2023-01-01T04:40:00,VB_032,-11.393,0.786,122.914,232.319,355.233,1,to_from,normal,normal
2023-01-01T04:40:00,VB_033,-11.136,1.114,111.604,245.619,357.223,1,to_from,normal,normal
2023-01-01T04:40:00,VB_034,10.012,0.871,90.211,329.735,239.524,1,from_to,normal,normal
2023-01-01T04:40:00,VB_035,-5.537,0.426,27.593,309.176,336.769,1,to_from,normal,normal
2023-01-01T04:40:00,VB_036,-12.576,0.867,147.567,352.878,500.445,1,to_from,normal,normal
2023-01-01T04:40:00,VB_037,-5.871,0.587,36.78,358.535,395.315,1,to_from,normal,normal
2023-01-01T04:40:00,VB_038,-6.138,0.534,33.904,377.501,411.405,1,to_from,normal,normal
2023-01-01T04:40:00,VB_039,6.68,0.514,47.609,412.681,365.072,1,from_to,normal,normal
2023-01-01T04:40:00,VB_040,12.483,0.861,145.392,503.928,358.536,1,from_to,normal,normal
2023-01-01T04:40:00,VB_041,-6.588,0.659,46.312,354.773,401.085,1,to_from,normal,normal
2023-01-01T04:40:00,VB_042,-10.34,0.899,107.673,368.265,475.938,1,to_from,normal,normal
2023-01-01T04:40:00,VB_043,-11.993,0.923,129.439,383.266,512.705,1,to_from,normal,normal
2023-01-01T04:40:00,VB_044,-9.312,0.642,78.038,384.879,462.917,1,to_from,normal,normal
2023-01-01T04:40:00,VB_045,10.493,1.049,99.084,500.481,401.397,1,from_to,normal,normal
2023-01-01T04:40:00,VB_046,9.951,0.865,99.721,481.987,382.266,1,from_to,normal,normal
2023-01-01T04:40:00,VB_047,7.606,0.585,61.728,427.125,365.397,1,from_to,normal,normal
2023-01-01T04:40:00,VB_048,8.387,0.578,63.311,443.182,379.871,1,from_to,normal,normal
2023-01-01T04:40:00,VB_049,-7.425,0.743,52.212,379.871,432.083,1,to_from,normal,normal
2023-01-01T04:40:00,VB_050,-6.594,0.573,39.137,397.033,436.17,1,to_from,normal,normal
2023-01-01T04:40:00,VB_051,-7.591,0.584,51.855,358.535,410.39,1,to_from,normal,normal
2023-01-01T04:40:00,VB_052,-5.714,0.394,29.38,365.072,394.452,1,to_from,normal,normal
2023-01-01T04:40:00,VB_053,-13.381,1.338,161.135,0,161.135,1,to_from,normal,normal
2023-01-01T04:40:00,VB_054,-12.208,1.062,134.127,11.822,145.949,1,to_from,normal,normal
2023-01-01T04:40:00,VB_055,7.136,0.549,45.825,57.647,11.822,1,from_to,normal,normal
2023-01-01T04:40:00,VB_056,-12.202,0.842,138.626,532.463,671.089,1,to_from,normal,normal
2023-01-01T04:40:00,VB_057,-9.042,0.904,73.589,574.037,647.626,1,to_from,normal,normal
2023-01-01T04:40:00,VB_058,15.136,1.316,206.184,793.341,587.157,1,from_to,normal,normal
2023-01-01T04:40:00,VB_059,13.786,1.06,171.051,745.365,574.314,1,from_to,normal,normal
2023-01-01T04:40:00,VB_060,11.349,0.783,115.91,667.152,551.242,1,from_to,normal,normal
2023-01-01T04:40:00,VB_061,6.197,0.62,34.564,566.203,531.639,1,from_to,normal,normal
2023-01-01T04:40:00,VB_062,6.865,0.597,42.415,578.181,535.766,1,from_to,normal,normal
2023-01-01T04:40:00,VB_063,8.288,0.638,61.828,623.279,561.451,1,from_to,normal,normal
2023-01-01T04:40:00,VB_064,-7.182,0.495,46.428,216.638,263.066,1,to_from,normal,normal
2023-01-01T04:40:00,VB_065,-6.685,0.668,40.218,220.628,260.846,1,to_from,normal,normal
2023-01-01T04:40:00,VB_066,6.176,0.537,40.703,301.811,261.108,1,from_to,normal,normal
2023-01-01T04:40:00,VB_067,-12.718,0.978,150.912,216.638,367.55,1,to_from,normal,normal
2023-01-01T04:40:00,VB_068,15.744,1.086,249.595,519.638,270.043,1,from_to,normal,normal
2023-01-01T04:40:00,VB_069,-7.594,0.759,53.802,225.293,279.095,1,to_from,normal,normal
2023-01-01T04:40:00,VB_070,6.266,0.545,41.897,306.975,265.078,1,from_to,normal,normal
2023-01-01T04:40:00,VB_071,-11.718,0.901,128.108,220.628,348.736,1,to_from,normal,normal
2023-01-01T04:40:00,VB_072,13.816,0.953,192.224,472.767,280.543,1,from_to,normal,normal
2023-01-01T04:40:00,VB_073,-6.187,0.619,35.719,235.638,271.357,1,to_from,normal,normal
2023-01-01T04:40:00,VB_074,10.099,0.878,108.829,345.937,237.108,1,from_to,normal,normal
2023-01-01T04:40:00,VB_075,12.822,0.986,175.413,421.456,246.043,1,from_to,normal,normal
2023-01-01T04:40:00,VB_076,10.763,0.742,123.594,364.672,241.078,1,from_to,normal,normal
2023-01-01T04:40:00,VB_077,10.779,1.078,123.964,380.507,256.543,1,from_to,normal,normal
2023-01-01T04:40:00,VB_078,-6.304,0.548,35.765,261.108,296.873,1,to_from,normal,normal
2023-01-01T04:40:00,VB_079,-6.029,0.464,32.719,265.078,297.797,1,to_from,normal,normal
2023-01-01T04:40:00,VB_080,-5.986,0.413,32.25,237.108,269.358,1,to_from,normal,normal
2023-01-01T04:40:00,VB_081,-5.575,0.558,27.975,241.078,269.053,1,to_from,normal,normal
2023-01-01T04:45:00,VB_001,-10.563,1.056,100.419,27.796,128.215,1,to_from,normal,normal
2023-01-01T04:45:00,VB_002,-6.455,0.561,37.501,39.993,77.494,1,to_from,normal,normal
2023-01-01T04:45:00,VB_003,-12.771,0.982,195.709,84.525,280.234,1,to_from,normal,normal
2023-01-01T04:45:00,VB_004,8.719,0.601,68.417,292.323,223.906,1,from_to,normal,normal
2023-01-01T04:45:00,VB_005,-15.061,1.506,235.917,223.906,459.823,1,to_from,normal,normal
2023-01-01T04:45:00,VB_006,-9.958,0.866,99.168,309.176,408.344,1,to_from,normal,normal
2023-01-01T04:45:00,VB_007,-7.913,0.609,56.355,377.501,433.856,1,to_from,normal,normal
2023-01-01T04:45:00,VB_008,-14.142,0.975,231.979,389.8,621.779,1,to_from,normal,normal
2023-01-01T04:45:00,VB_009,-10.579,1.058,134.305,149.87,284.175,1,to_from,normal,normal
2023-01-01T04:45:00,VB_010,9.563,0.832,82.307,321.831,239.524,1,from_to,normal,normal
2023-01-01T04:45:00,VB_011,-10.989,0.845,120.754,239.524,360.278,1,to_from,normal,normal
2023-01-01T04:45:00,VB_012,-13.382,0.923,179.083,310.873,489.956,1,to_from,normal,normal
2023-01-01T04:45:00,VB_013,-17.033,1.703,261.106,382.222,643.328,1,to_from,normal,normal
2023-01-01T04:45:00,VB_014,-20.215,1.758,457.693,407.908,865.601,1,to_from,normal,normal
2023-01-01T04:45:00,VB_015,-10.491,0.807,99.054,535.766,634.82,1,to_from,normal,normal
2023-01-01T04:45:00,VB_016,9.361,0.646,123.283,186.315,63.032,1,from_to,normal,normal
2023-01-01T04:45:00,VB_017,11.134,1.113,111.566,165.696,54.13,1,from_to,normal,normal
2023-01-01T04:45:00,VB_018,8.476,0.737,64.663,104.656,39.993,1,from_to,normal,normal
2023-01-01T04:45:00,VB_019,6.205,0.477,34.652,70.117,35.465,1,from_to,normal,normal
2023-01-01T04:45:00,VB_020,-14.029,0.967,177.121,35.465,212.586,1,to_from,normal,normal
2023-01-01T04:45:00,VB_021,-11.258,1.126,114.063,42.601,156.664,1,to_from,normal,normal
2023-01-01T04:45:00,VB_022,-10.861,0.944,165.957,58.132,224.089,1,to_from,normal,normal
2023-01-01T04:45:00,VB_023,-8.026,0.617,57.979,58.767,116.746,1,to_from,normal,normal
2023-01-01T04:45:00,VB_024,-8.874,0.612,74.567,68.529,143.096,1,to_from,normal,normal
2023-01-01T04:45:00,VB_025,4.934,0.493,21.909,80.041,58.132,1,from_to,normal,normal
2023-01-01T04:45:00,VB_026,-12.805,1.113,196.762,186.315,383.077,1,to_from,normal,normal
2023-01-01T04:45:00,VB_027,-13.313,1.024,212.672,188.989,401.661,1,to_from,normal,normal
2023-01-01T04:45:00,VB_028,-19.315,1.332,335.755,280.234,615.989,1,to_from,normal,normal
2023-01-01T04:45:00,VB_029,-9.539,0.954,81.897,223.906,305.803,1,to_from,normal,normal
2023-01-01T04:45:00,VB_030,-11.239,0.977,113.69,228.076,341.766,1,to_from,normal,normal
2023-01-01T04:45:00,VB_031,11.744,0.903,124.135,356.454,232.319,1,from_to,normal,normal
2023-01-01T04:45:00,VB_032,-11.345,0.782,121.887,232.319,354.206,1,to_from,normal,normal
2023-01-01T04:45:00,VB_033,-11.147,1.115,111.821,245.619,357.44,1,to_from,normal,normal
2023-01-01T04:45:00,VB_034,9.957,0.866,89.227,328.751,239.524,1,from_to,normal,normal
2023-01-01T04:45:00,VB_035,-5.531,0.425,27.529,309.176,336.705,1,to_from,normal,normal
2023-01-01T04:45:00,VB_036,-12.68,0.874,150.002,352.878,502.88,1,to_from,normal,normal
2023-01-01T04:45:00,VB_037,-5.912,0.591,37.3,358.535,395.835,1,to_from,normal,normal
2023-01-01T04:45:00,VB_038,-6.156,0.535,34.107,377.501,411.608,1,to_from,normal,normal
2023-01-01T04:45:00,VB_039,6.667,0.513,47.433,412.505,365.072,1,from_to,normal,normal
2023-01-01T04:45:00,VB_040,12.515,0.863,146.137,504.673,358.536,1,from_to,normal,normal
2023-01-01T04:45:00,VB_041,-6.523,0.652,45.403,354.773,400.176,1,to_from,normal,normal
2023-01-01T04:45:00,VB_042,-10.205,0.887,104.879,368.265,473.144,1,to_from,normal,normal
2023-01-01T04:45:00,VB_043,-11.849,0.911,126.361,383.266,509.627,1,to_from,normal,normal
2023-01-01T04:45:00,VB_044,-9.427,0.65,79.974,384.879,464.853,1,to_from,normal,normal
2023-01-01T04:45:00,VB_045,10.494,1.049,99.107,500.504,401.397,1,from_to,normal,normal
2023-01-01T04:45:00,VB_046,9.967,0.867,100.044,482.31,382.266,1,from_to,normal,normal
2023-01-01T04:45:00,VB_047,7.717,0.594,63.534,428.931,365.397,1,from_to,normal,normal
2023-01-01T04:45:00,VB_048,8.424,0.581,63.863,443.734,379.871,1,from_to,normal,normal
2023-01-01T04:45:00,VB_049,-7.46,0.746,52.701,379.871,432.572,1,to_from,normal,normal
2023-01-01T04:45:00,VB_050,-6.534,0.568,38.424,397.033,435.457,1,to_from,normal,normal
2023-01-01T04:45:00,VB_051,-7.541,0.58,51.177,358.535,409.712,1,to_from,normal,normal
2023-01-01T04:45:00,VB_052,-5.696,0.393,29.204,365.072,394.276,1,to_from,normal,normal
2023-01-01T04:45:00,VB_053,-13.414,1.341,161.944,0,161.944,1,to_from,normal,normal
2023-01-01T04:45:00,VB_054,-12.359,1.075,137.467,11.822,149.289,1,to_from,normal,normal
2023-01-01T04:45:00,VB_055,7.224,0.556,46.966,58.788,11.822,1,from_to,normal,normal
2023-01-01T04:45:00,VB_056,-12.322,0.85,141.364,532.463,673.827,1,to_from,normal,normal
2023-01-01T04:45:00,VB_057,-9.077,0.908,74.153,574.037,648.19,1,to_from,normal,normal
2023-01-01T04:45:00,VB_058,15.018,1.306,202.978,790.135,587.157,1,from_to,normal,normal
2023-01-01T04:45:00,VB_059,13.707,1.054,169.106,743.42,574.314,1,from_to,normal,normal
2023-01-01T04:45:00,VB_060,11.282,0.778,114.548,665.79,551.242,1,from_to,normal,normal
2023-01-01T04:45:00,VB_061,6.181,0.618,34.381,566.02,531.639,1,from_to,normal,normal
2023-01-01T04:45:00,VB_062,6.902,0.6,42.871,578.637,535.766,1,from_to,normal,normal
2023-01-01T04:45:00,VB_063,8.245,0.634,61.185,622.636,561.451,1,from_to,normal,normal
2023-01-01T04:45:00,VB_064,-7.281,0.502,47.715,216.638,264.353,1,to_from,normal,normal
2023-01-01T04:45:00,VB_065,-6.757,0.676,41.087,220.628,261.715,1,to_from,normal,normal
2023-01-01T04:45:00,VB_066,6.161,0.536,40.501,301.609,261.108,1,from_to,normal,normal
2023-01-01T04:45:00,VB_067,-12.619,0.971,148.559,216.638,365.197,1,to_from,normal,normal
2023-01-01T04:45:00,VB_068,15.536,1.071,243.07,513.113,270.043,1,from_to,normal,normal
2023-01-01T04:45:00,VB_069,-7.547,0.755,53.141,225.293,278.434,1,to_from,normal,normal
2023-01-01T04:45:00,VB_070,6.299,0.548,42.334,307.412,265.078,1,from_to,normal,normal
2023-01-01T04:45:00,VB_071,-11.753,0.904,128.868,220.628,349.496,1,to_from,normal,normal
2023-01-01T04:45:00,VB_072,13.93,0.961,195.414,475.957,280.543,1,from_to,normal,normal
2023-01-01T04:45:00,VB_073,-6.23,0.623,36.211,235.638,271.849,1,to_from,normal,normal
2023-01-01T04:45:00,VB_074,10.252,0.891,112.137,349.245,237.108,1,from_to,normal,normal
2023-01-01T04:45:00,VB_075,12.805,0.985,174.958,421.001,246.043,1,from_to,normal,normal
2023-01-01T04:45:00,VB_076,10.844,0.748,125.472,366.55,241.078,1,from_to,normal,normal
2023-01-01T04:45:00,VB_077,10.81,1.081,124.693,381.236,256.543,1,from_to,normal,normal
2023-01-01T04:45:00,VB_078,-6.218,0.541,34.802,261.108,295.91,1,to_from,normal,normal
2023-01-01T04:45:00,VB_079,-5.95,0.458,31.864,265.078,296.942,1,to_from,normal,normal
2023-01-01T04:45:00,VB_080,-6.062,0.418,33.068,237.108,270.176,1,to_from,normal,normal
2023-01-01T04:45:00,VB_081,-5.573,0.557,27.948,241.078,269.026,1,to_from,normal,normal
2023-01-01T04:50:00,VB_001,-10.641,1.064,101.906,27.796,129.702,1,to_from,normal,normal
2023-01-01T04:50:00,VB_002,-6.475,0.563,37.731,39.993,77.724,1,to_from,normal,normal
2023-01-01T04:50:00,VB_003,-12.747,0.981,194.996,85.238,280.234,1,to_from,normal,normal
2023-01-01T04:50:00,VB_004,8.675,0.598,67.732,291.638,223.906,1,from_to,normal,normal
2023-01-01T04:50:00,VB_005,-14.99,1.499,233.681,223.906,457.587,1,to_from,normal,normal
2023-01-01T04:50:00,VB_006,-9.881,0.859,97.628,309.176,406.804,1,to_from,normal,normal
2023-01-01T04:50:00,VB_007,-7.899,0.608,56.148,377.501,433.649,1,to_from,normal,normal
2023-01-01T04:50:00,VB_008,-14.152,0.976,232.321,389.8,622.121,1,to_from,normal,normal
2023-01-01T04:50:00,VB_009,-10.588,1.059,134.538,149.637,284.175,1,to_from,normal,normal
2023-01-01T04:50:00,VB_010,9.604,0.835,83.018,322.542,239.524,1,from_to,normal,normal
2023-01-01T04:50:00,VB_011,-10.989,0.845,120.754,239.524,360.278,1,to_from,normal,normal
2023-01-01T04:50:00,VB_012,-13.481,0.93,181.736,310.873,492.609,1,to_from,normal,normal
2023-01-01T04:50:00,VB_013,-17.124,1.712,263.905,382.222,646.127,1,to_from,normal,normal
2023-01-01T04:50:00,VB_014,-20.239,1.76,458.757,407.908,866.665,1,to_from,normal,normal
2023-01-01T04:50:00,VB_015,-10.351,0.796,96.421,535.766,632.187,1,to_from,normal,normal
2023-01-01T04:50:00,VB_016,9.341,0.644,122.765,186.315,63.55,1,from_to,normal,normal
2023-01-01T04:50:00,VB_017,11.104,1.11,110.972,165.102,54.13,1,from_to,normal,normal
2023-01-01T04:50:00,VB_018,8.567,0.745,66.059,106.052,39.993,1,from_to,normal,normal
2023-01-01T04:50:00,VB_019,6.295,0.484,35.663,71.128,35.465,1,from_to,normal,normal
2023-01-01T04:50:00,VB_020,-13.99,0.965,176.147,35.465,211.612,1,to_from,normal,normal
2023-01-01T04:50:00,VB_021,-11.375,1.137,116.444,42.601,159.045,1,to_from,normal,normal
2023-01-01T04:50:00,VB_022,-10.824,0.941,164.839,58.132,222.971,1,to_from,normal,normal
2023-01-01T04:50:00,VB_023,-7.963,0.613,57.076,58.767,115.843,1,to_from,normal,normal
2023-01-01T04:50:00,VB_024,-8.918,0.615,75.32,68.529,143.849,1,to_from,normal,normal
2023-01-01T04:50:00,VB_025,4.911,0.491,21.708,79.84,58.132,1,from_to,normal,normal
2023-01-01T04:50:00,VB_026,-12.775,1.111,195.847,186.315,382.162,1,to_from,normal,normal
2023-01-01T04:50:00,VB_027,-13.418,1.032,216.066,188.989,405.055,1,to_from,normal,normal
2023-01-01T04:50:00,VB_028,-19.506,1.345,342.426,280.234,622.66,1,to_from,normal,normal
2023-01-01T04:50:00,VB_029,-9.496,0.95,81.156,223.906,305.062,1,to_from,normal,normal
2023-01-01T04:50:00,VB_030,-11.174,0.972,112.378,228.076,340.454,1,to_from,normal,normal
2023-01-01T04:50:00,VB_031,11.621,0.894,121.536,353.855,232.319,1,from_to,normal,normal
2023-01-01T04:50:00,VB_032,-11.285,0.778,120.604,232.319,352.923,1,to_from,normal,normal
2023-01-01T04:50:00,VB_033,-10.958,1.096,108.065,245.619,353.684,1,to_from,normal,normal
2023-01-01T04:50:00,VB_034,9.975,0.867,89.557,329.081,239.524,1,from_to,normal,normal
2023-01-01T04:50:00,VB_035,-5.544,0.426,27.664,309.176,336.84,1,to_from,normal,normal
2023-01-01T04:50:00,VB_036,-12.681,0.875,150.039,352.878,502.917,1,to_from,normal,normal
2023-01-01T04:50:00,VB_037,-5.957,0.596,37.869,358.535,396.404,1,to_from,normal,normal
2023-01-01T04:50:00,VB_038,-6.218,0.541,34.793,377.501,412.294,1,to_from,normal,normal
2023-01-01T04:50:00,VB_039,6.744,0.519,48.529,413.601,365.072,1,from_to,normal,normal
2023-01-01T04:50:00,VB_040,12.466,0.86,144.985,503.521,358.536,1,from_to,normal,normal
2023-01-01T04:50:00,VB_041,-6.519,0.652,45.351,354.773,400.124,1,to_from,normal,normal
2023-01-01T04:50:00,VB_042,-10.195,0.886,104.66,368.265,472.925,1,to_from,normal,normal
2023-01-01T04:50:00,VB_043,-11.865,0.913,126.691,383.266,509.957,1,to_from,normal,normal
2023-01-01T04:50:00,VB_044,-9.34,0.644,78.51,384.879,463.389,1,to_from,normal,normal
2023-01-01T04:50:00,VB_045,10.466,1.047,98.585,499.982,401.397,1,from_to,normal,normal
2023-01-01T04:50:00,VB_046,9.994,0.869,100.573,482.839,382.266,1,from_to,normal,normal
2023-01-01T04:50:00,VB_047,7.704,0.593,63.329,428.726,365.397,1,from_to,normal,normal
2023-01-01T04:50:00,VB_048,8.425,0.581,63.875,443.746,379.871,1,from_to,normal,normal
2023-01-01T04:50:00,VB_049,-7.385,0.738,51.643,379.871,431.514,1,to_from,normal,normal
2023-01-01T04:50:00,VB_050,-6.529,0.568,38.362,397.033,435.395,1,to_from,normal,normal
2023-01-01T04:50:00,VB_051,-7.471,0.575,50.237,358.535,408.772,1,to_from,normal,normal
2023-01-01T04:50:00,VB_052,-5.697,0.393,29.21,365.072,394.282,1,to_from,normal,normal
2023-01-01T04:50:00,VB_053,-13.249,1.325,157.972,0,157.972,1,to_from,normal,normal
2023-01-01T04:50:00,VB_054,-12.324,1.072,136.699,11.822,148.521,1,to_from,normal,normal
2023-01-01T04:50:00,VB_055,7.295,0.561,47.889,59.711,11.822,1,from_to,normal,normal
2023-01-01T04:50:00,VB_056,-12.48,0.861,145.01,532.463,677.473,1,to_from,normal,normal
2023-01-01T04:50:00,VB_057,-9.163,0.916,75.568,574.037,649.605,1,to_from,normal,normal
2023-01-01T04:50:00,VB_058,14.953,1.3,201.229,788.386,587.157,1,from_to,normal,normal
2023-01-01T04:50:00,VB_059,13.693,1.053,168.739,743.053,574.314,1,from_to,normal,normal
2023-01-01T04:50:00,VB_060,11.278,0.778,114.472,665.714,551.242,1,from_to,normal,normal
2023-01-01T04:50:00,VB_061,6.188,0.619,34.467,566.106,531.639,1,from_to,normal,normal
2023-01-01T04:50:00,VB_062,6.857,0.596,42.321,578.087,535.766,1,from_to,normal,normal
2023-01-01T04:50:00,VB_063,8.334,0.641,62.508,623.959,561.451,1,from_to,normal,normal
2023-01-01T04:50:00,VB_064,-7.312,0.504,48.125,216.638,264.763,1,to_from,normal,normal
2023-01-01T04:50:00,VB_065,-6.728,0.673,40.745,220.628,261.373,1,to_from,normal,normal
2023-01-01T04:50:00,VB_066,6.233,0.542,41.456,302.564,261.108,1,from_to,normal,normal
2023-01-01T04:50:00,VB_067,-12.6,0.969,148.127,216.638,364.765,1,to_from,normal,normal
2023-01-01T04:50:00,VB_068,15.525,1.071,242.728,512.771,270.043,1,from_to,normal,normal
2023-01-01T04:50:00,VB_069,-7.523,0.752,52.806,225.293,278.099,1,to_from,normal,normal
2023-01-01T04:50:00,VB_070,6.27,0.545,41.946,307.024,265.078,1,from_to,normal,normal
2023-01-01T04:50:00,VB_071,-11.625,0.894,126.079,220.628,346.707,1,to_from,normal,normal
2023-01-01T04:50:00,VB_072,13.94,0.961,195.674,476.217,280.543,1,from_to,normal,normal
2023-01-01T04:50:00,VB_073,-6.332,0.633,37.402,235.638,273.04,1,to_from,normal,normal
2023-01-01T04:50:00,VB_074,10.274,0.893,112.624,349.732,237.108,1,from_to,normal,normal
2023-01-01T04:50:00,VB_075,12.961,0.997,179.24,425.283,246.043,1,from_to,normal,normal
2023-01-01T04:50:00,VB_076,10.801,0.745,124.473,365.551,241.078,1,from_to,normal,normal
2023-01-01T04:50:00,VB_077,10.636,1.064,120.705,377.248,256.543,1,from_to,normal,normal
2023-01-01T04:50:00,VB_078,-6.186,0.538,34.434,261.108,295.542,1,to_from,normal,normal
2023-01-01T04:50:00,VB_079,-5.984,0.46,32.228,265.078,297.306,1,to_from,normal,normal
2023-01-01T04:50:00,VB_080,-6.042,0.417,32.858,237.108,269.966,1,to_from,normal,normal
2023-01-01T04:50:00,VB_081,-5.644,0.564,28.664,241.078,269.742,1,to_from,normal,normal
2023-01-01T04:55:00,VB_001,-10.763,1.076,104.252,27.796,132.048,1,to_from,normal,normal
2023-01-01T04:55:00,VB_002,-6.522,0.567,38.282,39.993,78.275,1,to_from,normal,normal
2023-01-01T04:55:00,VB_003,-12.925,0.994,200.471,79.763,280.234,1,to_from,normal,normal
2023-01-01T04:55:00,VB_004,8.721,0.601,68.443,292.349,223.906,1,from_to,normal,normal
2023-01-01T04:55:00,VB_005,-14.907,1.491,231.115,223.906,455.021,1,to_from,normal,normal
2023-01-01T04:55:00,VB_006,-9.788,0.851,95.795,309.176,404.971,1,to_from,normal,normal
2023-01-01T04:55:00,VB_007,-7.853,0.604,55.503,377.501,433.004,1,to_from,normal,normal
2023-01-01T04:55:00,VB_008,-14.078,0.971,229.907,389.8,619.707,1,to_from,normal,normal
2023-01-01T04:55:00,VB_009,-10.631,1.063,135.626,148.549,284.175,1,to_from,normal,normal
2023-01-01T04:55:00,VB_010,9.687,0.842,84.456,323.98,239.524,1,from_to,normal,normal
2023-01-01T04:55:00,VB_011,-11.031,0.849,121.685,239.524,361.209,1,to_from,normal,normal
2023-01-01T04:55:00,VB_012,-13.495,0.931,182.121,310.873,492.994,1,to_from,normal,normal
2023-01-01T04:55:00,VB_013,-17.102,1.71,263.217,382.222,645.439,1,to_from,normal,normal
2023-01-01T04:55:00,VB_014,-20.075,1.746,451.387,407.908,859.295,1,to_from,normal,normal
2023-01-01T04:55:00,VB_015,-10.354,0.796,96.485,535.766,632.251,1,to_from,normal,normal
2023-01-01T04:55:00,VB_016,9.308,0.642,121.889,186.315,64.426,1,from_to,normal,normal
2023-01-01T04:55:00,VB_017,11.23,1.123,113.498,167.628,54.13,1,from_to,normal,normal
2023-01-01T04:55:00,VB_018,8.583,0.746,66.308,106.301,39.993,1,from_to,normal,normal
2023-01-01T04:55:00,VB_019,6.33,0.487,36.065,71.53,35.465,1,from_to,normal,normal
2023-01-01T04:55:00,VB_020,-14.169,0.977,180.672,35.465,216.137,1,to_from,normal,normal
2023-01-01T04:55:00,VB_021,-11.35,1.135,115.947,42.601,158.548,1,to_from,normal,normal
2023-01-01T04:55:00,VB_022,-10.831,0.942,165.053,58.132,223.185,1,to_from,normal,normal
2023-01-01T04:55:00,VB_023,-7.98,0.614,57.314,58.767,116.081,1,to_from,normal,normal
2023-01-01T04:55:00,VB_024,-8.787,0.606,73.113,68.529,141.642,1,to_from,normal,normal
2023-01-01T04:55:00,VB_025,4.918,0.492,21.767,79.899,58.132,1,from_to,normal,normal
2023-01-01T04:55:00,VB_026,-12.861,1.118,198.489,186.315,384.804,1,to_from,normal,normal
2023-01-01T04:55:00,VB_027,-13.384,1.03,214.96,188.989,403.949,1,to_from,normal,normal
2023-01-01T04:55:00,VB_028,-19.604,1.352,345.889,280.234,626.123,1,to_from,normal,normal
2023-01-01T04:55:00,VB_029,-9.655,0.965,83.894,223.906,307.8,1,to_from,normal,normal
2023-01-01T04:55:00,VB_030,-11.274,0.98,114.386,228.076,342.462,1,to_from,normal,normal
2023-01-01T04:55:00,VB_031,11.558,0.889,120.234,352.553,232.319,1,from_to,normal,normal
2023-01-01T04:55:00,VB_032,-11.207,0.773,118.946,232.319,351.265,1,to_from,normal,normal
2023-01-01T04:55:00,VB_033,-10.89,1.089,106.731,245.619,352.35,1,to_from,normal,normal
2023-01-01T04:55:00,VB_034,9.857,0.857,87.445,326.969,239.524,1,from_to,normal,normal
2023-01-01T04:55:00,VB_035,-5.594,0.43,28.168,309.176,337.344,1,to_from,normal,normal
2023-01-01T04:55:00,VB_036,-12.843,0.886,153.89,352.878,506.768,1,to_from,normal,normal
2023-01-01T04:55:00,VB_037,-6.009,0.601,38.529,358.535,397.064,1,to_from,normal,normal
2023-01-01T04:55:00,VB_038,-6.216,0.541,34.774,377.501,412.275,1,to_from,normal,normal
2023-01-01T04:55:00,VB_039,6.752,0.519,48.637,413.709,365.072,1,from_to,normal,normal
2023-01-01T04:55:00,VB_040,12.441,0.858,144.411,502.947,358.536,1,from_to,normal,normal
2023-01-01T04:55:00,VB_041,-6.408,0.641,43.814,354.773,398.587,1,to_from,normal,normal
2023-01-01T04:55:00,VB_042,-10.067,0.875,102.052,368.265,470.317,1,to_from,normal,normal
2023-01-01T04:55:00,VB_043,-11.754,0.904,124.35,383.266,507.616,1,to_from,normal,normal
2023-01-01T04:55:00,VB_044,-9.415,0.649,79.781,384.879,464.66,1,to_from,normal,normal
2023-01-01T04:55:00,VB_045,10.626,1.063,101.622,503.019,401.397,1,from_to,normal,normal
2023-01-01T04:55:00,VB_046,10.114,0.879,103.009,485.275,382.266,1,from_to,normal,normal
2023-01-01T04:55:00,VB_047,7.743,0.596,63.963,429.36,365.397,1,from_to,normal,normal
2023-01-01T04:55:00,VB_048,8.402,0.579,63.528,443.399,379.871,1,from_to,normal,normal
2023-01-01T04:55:00,VB_049,-7.36,0.736,51.294,379.871,431.165,1,to_from,normal,normal
2023-01-01T04:55:00,VB_050,-6.433,0.559,37.242,397.033,434.275,1,to_from,normal,normal
2023-01-01T04:55:00,VB_051,-7.502,0.577,50.656,358.535,409.191,1,to_from,normal,normal
2023-01-01T04:55:00,VB_052,-5.668,0.391,28.914,365.072,393.986,1,to_from,normal,normal
2023-01-01T04:55:00,VB_053,-13.442,1.344,162.622,0,162.622,1,to_from,normal,normal
2023-01-01T04:55:00,VB_054,-12.31,1.07,136.389,11.822,148.211,1,to_from,normal,normal
2023-01-01T04:55:00,VB_055,7.266,0.559,47.512,59.334,11.822,1,from_to,normal,normal
2023-01-01T04:55:00,VB_056,-12.495,0.862,145.357,532.463,677.82,1,to_from,normal,normal
2023-01-01T04:55:00,VB_057,-9.103,0.91,74.586,574.037,648.623,1,to_from,normal,normal
2023-01-01T04:55:00,VB_058,15.026,1.307,203.216,790.373,587.157,1,from_to,normal,normal
2023-01-01T04:55:00,VB_059,13.633,1.049,167.283,741.597,574.314,1,from_to,normal,normal
2023-01-01T04:55:00,VB_060,11.16,0.77,112.089,663.331,551.242,1,from_to,normal,normal
2023-01-01T04:55:00,VB_061,6.155,0.616,34.098,565.737,531.639,1,from_to,normal,normal
2023-01-01T04:55:00,VB_062,6.901,0.6,42.867,578.633,535.766,1,from_to,normal,normal
2023-01-01T04:55:00,VB_063,8.378,0.644,63.178,624.629,561.451,1,from_to,normal,normal
2023-01-01T04:55:00,VB_064,-7.365,0.508,48.819,216.638,265.457,1,to_from,normal,normal
2023-01-01T04:55:00,VB_065,-6.75,0.675,41.008,220.628,261.636,1,to_from,normal,normal
2023-01-01T04:55:00,VB_066,6.235,0.542,41.483,302.591,261.108,1,from_to,normal,normal
2023-01-01T04:55:00,VB_067,-12.679,0.975,149.982,216.638,366.62,1,to_from,normal,normal
2023-01-01T04:55:00,VB_068,15.496,1.069,241.797,511.84,270.043,1,from_to,normal,normal
2023-01-01T04:55:00,VB_069,-7.412,0.741,51.261,225.293,276.554,1,to_from,normal,normal
2023-01-01T04:55:00,VB_070,6.263,0.545,41.851,306.929,265.078,1,from_to,normal,normal
2023-01-01T04:55:00,VB_071,-11.687,0.899,127.429,220.628,348.057,1,to_from,normal,normal
2023-01-01T04:55:00,VB_072,14.134,0.975,201.18,481.723,280.543,1,from_to,normal,normal
2023-01-01T04:55:00,VB_073,-6.346,0.635,37.576,235.638,273.214,1,to_from,normal,normal
2023-01-01T04:55:00,VB_074,10.27,0.893,112.541,349.649,237.108,1,from_to,normal,normal
2023-01-01T04:55:00,VB_075,12.838,0.988,175.847,421.89,246.043,1,from_to,normal,normal
2023-01-01T04:55:00,VB_076,10.659,0.735,121.219,362.297,241.078,1,from_to,normal,normal
2023-01-01T04:55:00,VB_077,10.63,1.063,120.558,377.101,256.543,1,from_to,normal,normal
2023-01-01T04:55:00,VB_078,-6.2,0.539,34.599,261.108,295.707,1,to_from,normal,normal
2023-01-01T04:55:00,VB_079,-5.9,0.454,31.332,265.078,296.41,1,to_from,normal,normal
2023-01-01T04:55:00,VB_080,-6.006,0.414,32.462,237.108,269.57,1,to_from,normal,normal
2023-01-01T04:55:00,VB_081,-5.615,0.561,28.373,241.078,269.451,1,to_from,normal,normal
