sensorID,value,time
Sensor_Edge_2_1,65.11,2023-01-01T08:00:00
Sensor_Edge_4_1,80.44,2023-01-01T08:00:00
Sensor_Edge_5_1,42.02,2023-01-01T08:00:00
Sensor_Edge_7_1,73.72,2023-01-01T08:00:00
Sensor_Edge_8_1,79.91,2023-01-01T08:00:00
Sensor_Edge_10_1,63.61,2023-01-01T08:00:00
Sensor_Edge_11_1,72.33,2023-01-01T08:00:00
Sensor_Edge_13_1,71.11,2023-01-01T08:00:00
Sensor_Edge_15_1,74.63,2023-01-01T08:00:00
Sensor_Edge_21_1,66.03,2023-01-01T08:00:00
Sensor_Edge_23_1,63.58,2023-01-01T08:00:00
Sensor_Edge_25_1,66.71,2023-01-01T08:00:00
Sensor_Edge_26_1,43.59,2023-01-01T08:00:00
Sensor_Edge_31_1,67.75,2023-01-01T08:00:00
Sensor_Edge_35_1,69.01,2023-01-01T08:00:00
Sensor_Edge_36_1,68.02,2023-01-01T08:00:00
Sensor_Edge_38_1,49.66,2023-01-01T08:00:00
Sensor_Edge_39_1,71.50,2023-01-01T08:00:00
Sensor_Edge_40_1,64.68,2023-01-01T08:00:00
Sensor_Edge_41_1,66.79,2023-01-01T08:00:00
Sensor_Edge_45_1,73.09,2023-01-01T08:00:00
Sensor_Edge_46_1,79.08,2023-01-01T08:00:00
Sensor_Edge_48_1,73.68,2023-01-01T08:00:00
Sensor_Edge_55_1,79.05,2023-01-01T08:00:00
Sensor_Edge_59_1,74.77,2023-01-01T08:00:00
Sensor_Edge_65_1,66.77,2023-01-01T08:00:00
Sensor_Edge_66_1,66.27,2023-01-01T08:00:00
Sensor_Edge_67_1,71.08,2023-01-01T08:00:00
Sensor_Edge_68_1,77.73,2023-01-01T08:00:00
Sensor_Edge_69_1,76.87,2023-01-01T08:00:00
Sensor_Edge_70_1,78.76,2023-01-01T08:00:00
Sensor_Edge_71_1,79.55,2023-01-01T08:00:00
Sensor_Edge_72_1,63.85,2023-01-01T08:00:00
Sensor_Edge_73_1,61.77,2023-01-01T08:00:00
Sensor_Edge_74_1,75.66,2023-01-01T08:00:00
Sensor_Edge_75_1,77.23,2023-01-01T08:00:00
Sensor_Edge_76_1,61.65,2023-01-01T08:00:00
Sensor_Edge_2_1,65.22,2023-01-01T08:05:00
Sensor_Edge_4_1,81.04,2023-01-01T08:05:00
Sensor_Edge_5_1,41.96,2023-01-01T08:05:00
Sensor_Edge_7_1,74.53,2023-01-01T08:05:00
Sensor_Edge_8_1,80.89,2023-01-01T08:05:00
Sensor_Edge_10_1,63.02,2023-01-01T08:05:00
Sensor_Edge_11_1,72.67,2023-01-01T08:05:00
Sensor_Edge_13_1,71.29,2023-01-01T08:05:00
Sensor_Edge_15_1,73.84,2023-01-01T08:05:00
Sensor_Edge_21_1,65.07,2023-01-01T08:05:00
Sensor_Edge_23_1,63.86,2023-01-01T08:05:00
Sensor_Edge_25_1,66.50,2023-01-01T08:05:00
Sensor_Edge_26_1,43.66,2023-01-01T08:05:00
Sensor_Edge_31_1,67.96,2023-01-01T08:05:00
Sensor_Edge_35_1,69.82,2023-01-01T08:05:00
Sensor_Edge_36_1,68.27,2023-01-01T08:05:00
Sensor_Edge_38_1,50.13,2023-01-01T08:05:00
Sensor_Edge_39_1,70.50,2023-01-01T08:05:00
Sensor_Edge_40_1,64.73,2023-01-01T08:05:00
Sensor_Edge_41_1,66.99,2023-01-01T08:05:00
Sensor_Edge_45_1,72.15,2023-01-01T08:05:00
Sensor_Edge_46_1,79.46,2023-01-01T08:05:00
Sensor_Edge_48_1,73.88,2023-01-01T08:05:00
Sensor_Edge_55_1,78.31,2023-01-01T08:05:00
Sensor_Edge_59_1,75.57,2023-01-01T08:05:00
Sensor_Edge_65_1,67.36,2023-01-01T08:05:00
Sensor_Edge_66_1,66.52,2023-01-01T08:05:00
Sensor_Edge_67_1,71.74,2023-01-01T08:05:00
Sensor_Edge_68_1,78.45,2023-01-01T08:05:00
Sensor_Edge_69_1,76.94,2023-01-01T08:05:00
Sensor_Edge_70_1,78.89,2023-01-01T08:05:00
Sensor_Edge_71_1,80.29,2023-01-01T08:05:00
Sensor_Edge_72_1,64.52,2023-01-01T08:05:00
Sensor_Edge_73_1,53.26,2023-01-01T08:05:00
Sensor_Edge_74_1,75.35,2023-01-01T08:05:00
Sensor_Edge_75_1,77.27,2023-01-01T08:05:00
Sensor_Edge_76_1,60.84,2023-01-01T08:05:00
Sensor_Edge_2_1,64.31,2023-01-01T08:10:00
Sensor_Edge_4_1,80.84,2023-01-01T08:10:00
Sensor_Edge_5_1,42.42,2023-01-01T08:10:00
Sensor_Edge_7_1,73.97,2023-01-01T08:10:00
Sensor_Edge_8_1,80.85,2023-01-01T08:10:00
Sensor_Edge_10_1,62.89,2023-01-01T08:10:00
Sensor_Edge_11_1,71.76,2023-01-01T08:10:00
Sensor_Edge_13_1,71.81,2023-01-01T08:10:00
Sensor_Edge_15_1,74.56,2023-01-01T08:10:00
Sensor_Edge_21_1,64.97,2023-01-01T08:10:00
Sensor_Edge_23_1,64.19,2023-01-01T08:10:00
Sensor_Edge_25_1,66.60,2023-01-01T08:10:00
Sensor_Edge_26_1,44.08,2023-01-01T08:10:00
Sensor_Edge_31_1,67.46,2023-01-01T08:10:00
Sensor_Edge_35_1,68.95,2023-01-01T08:10:00
Sensor_Edge_36_1,68.82,2023-01-01T08:10:00
Sensor_Edge_38_1,49.47,2023-01-01T08:10:00
Sensor_Edge_39_1,69.89,2023-01-01T08:10:00
Sensor_Edge_40_1,64.16,2023-01-01T08:10:00
Sensor_Edge_41_1,67.29,2023-01-01T08:10:00
Sensor_Edge_45_1,72.51,2023-01-01T08:10:00
Sensor_Edge_46_1,78.96,2023-01-01T08:10:00
Sensor_Edge_48_1,74.14,2023-01-01T08:10:00
Sensor_Edge_55_1,77.99,2023-01-01T08:10:00
Sensor_Edge_59_1,75.68,2023-01-01T08:10:00
Sensor_Edge_65_1,66.80,2023-01-01T08:10:00
Sensor_Edge_66_1,65.67,2023-01-01T08:10:00
Sensor_Edge_67_1,71.97,2023-01-01T08:10:00
Sensor_Edge_68_1,78.47,2023-01-01T08:10:00
Sensor_Edge_69_1,76.27,2023-01-01T08:10:00
Sensor_Edge_70_1,78.38,2023-01-01T08:10:00
Sensor_Edge_71_1,80.53,2023-01-01T08:10:00
Sensor_Edge_72_1,65.29,2023-01-01T08:10:00
Sensor_Edge_73_1,44.76,2023-01-01T08:10:00
Sensor_Edge_74_1,75.59,2023-01-01T08:10:00
Sensor_Edge_75_1,77.80,2023-01-01T08:10:00
Sensor_Edge_76_1,60.75,2023-01-01T08:10:00
Sensor_Edge_2_1,63.81,2023-01-01T08:15:00
Sensor_Edge_4_1,81.25,2023-01-01T08:15:00
Sensor_Edge_5_1,43.39,2023-01-01T08:15:00
Sensor_Edge_7_1,74.75,2023-01-01T08:15:00
Sensor_Edge_8_1,81.18,2023-01-01T08:15:00
Sensor_Edge_10_1,62.08,2023-01-01T08:15:00
Sensor_Edge_11_1,71.12,2023-01-01T08:15:00
Sensor_Edge_13_1,72.24,2023-01-01T08:15:00
Sensor_Edge_15_1,74.32,2023-01-01T08:15:00
Sensor_Edge_21_1,64.52,2023-01-01T08:15:00
Sensor_Edge_23_1,63.91,2023-01-01T08:15:00
Sensor_Edge_25_1,66.99,2023-01-01T08:15:00
Sensor_Edge_26_1,44.78,2023-01-01T08:15:00
Sensor_Edge_31_1,67.57,2023-01-01T08:15:00
Sensor_Edge_35_1,68.82,2023-01-01T08:15:00
Sensor_Edge_36_1,69.32,2023-01-01T08:15:00
Sensor_Edge_38_1,48.83,2023-01-01T08:15:00
Sensor_Edge_39_1,69.86,2023-01-01T08:15:00
Sensor_Edge_40_1,64.21,2023-01-01T08:15:00
Sensor_Edge_41_1,68.28,2023-01-01T08:15:00
Sensor_Edge_45_1,71.81,2023-01-01T08:15:00
Sensor_Edge_46_1,78.25,2023-01-01T08:15:00
Sensor_Edge_48_1,74.92,2023-01-01T08:15:00
Sensor_Edge_55_1,77.68,2023-01-01T08:15:00
Sensor_Edge_59_1,75.86,2023-01-01T08:15:00
Sensor_Edge_65_1,66.74,2023-01-01T08:15:00
Sensor_Edge_66_1,64.76,2023-01-01T08:15:00
Sensor_Edge_67_1,72.22,2023-01-01T08:15:00
Sensor_Edge_68_1,78.42,2023-01-01T08:15:00
Sensor_Edge_69_1,76.30,2023-01-01T08:15:00
Sensor_Edge_70_1,78.68,2023-01-01T08:15:00
Sensor_Edge_71_1,80.15,2023-01-01T08:15:00
Sensor_Edge_72_1,65.61,2023-01-01T08:15:00
Sensor_Edge_73_1,49.20,2023-01-01T08:15:00
Sensor_Edge_74_1,76.21,2023-01-01T08:15:00
Sensor_Edge_75_1,78.68,2023-01-01T08:15:00
Sensor_Edge_76_1,59.93,2023-01-01T08:15:00
Sensor_Edge_2_1,63.76,2023-01-01T08:20:00
Sensor_Edge_4_1,81.22,2023-01-01T08:20:00
Sensor_Edge_5_1,43.70,2023-01-01T08:20:00
Sensor_Edge_7_1,74.22,2023-01-01T08:20:00
Sensor_Edge_8_1,81.13,2023-01-01T08:20:00
Sensor_Edge_10_1,62.79,2023-01-01T08:20:00
Sensor_Edge_11_1,70.61,2023-01-01T08:20:00
Sensor_Edge_13_1,72.77,2023-01-01T08:20:00
Sensor_Edge_15_1,74.99,2023-01-01T08:20:00
Sensor_Edge_21_1,64.31,2023-01-01T08:20:00
Sensor_Edge_23_1,63.14,2023-01-01T08:20:00
Sensor_Edge_25_1,67.64,2023-01-01T08:20:00
Sensor_Edge_26_1,45.25,2023-01-01T08:20:00
Sensor_Edge_31_1,67.58,2023-01-01T08:20:00
Sensor_Edge_35_1,69.59,2023-01-01T08:20:00
Sensor_Edge_36_1,70.17,2023-01-01T08:20:00
Sensor_Edge_38_1,48.37,2023-01-01T08:20:00
Sensor_Edge_39_1,70.79,2023-01-01T08:20:00
Sensor_Edge_40_1,64.75,2023-01-01T08:20:00
Sensor_Edge_41_1,67.61,2023-01-01T08:20:00
Sensor_Edge_45_1,71.71,2023-01-01T08:20:00
Sensor_Edge_46_1,78.55,2023-01-01T08:20:00
Sensor_Edge_48_1,73.89,2023-01-01T08:20:00
Sensor_Edge_55_1,78.76,2023-01-01T08:20:00
Sensor_Edge_59_1,75.25,2023-01-01T08:20:00
Sensor_Edge_65_1,65.99,2023-01-01T08:20:00
Sensor_Edge_66_1,64.65,2023-01-01T08:20:00
Sensor_Edge_67_1,71.92,2023-01-01T08:20:00
Sensor_Edge_68_1,78.24,2023-01-01T08:20:00
Sensor_Edge_69_1,76.72,2023-01-01T08:20:00
Sensor_Edge_70_1,77.90,2023-01-01T08:20:00
Sensor_Edge_71_1,79.33,2023-01-01T08:20:00
Sensor_Edge_72_1,66.05,2023-01-01T08:20:00
Sensor_Edge_73_1,52.58,2023-01-01T08:20:00
Sensor_Edge_74_1,75.85,2023-01-01T08:20:00
Sensor_Edge_75_1,78.94,2023-01-01T08:20:00
Sensor_Edge_76_1,60.94,2023-01-01T08:20:00
Sensor_Edge_2_1,63.16,2023-01-01T08:25:00
Sensor_Edge_4_1,80.85,2023-01-01T08:25:00
Sensor_Edge_5_1,44.07,2023-01-01T08:25:00
Sensor_Edge_7_1,74.11,2023-01-01T08:25:00
Sensor_Edge_8_1,80.95,2023-01-01T08:25:00
Sensor_Edge_10_1,62.94,2023-01-01T08:25:00
Sensor_Edge_11_1,69.82,2023-01-01T08:25:00
Sensor_Edge_13_1,72.86,2023-01-01T08:25:00
Sensor_Edge_15_1,74.57,2023-01-01T08:25:00
Sensor_Edge_21_1,64.19,2023-01-01T08:25:00
Sensor_Edge_23_1,63.35,2023-01-01T08:25:00
Sensor_Edge_25_1,68.14,2023-01-01T08:25:00
Sensor_Edge_26_1,45.51,2023-01-01T08:25:00
Sensor_Edge_31_1,67.66,2023-01-01T08:25:00
Sensor_Edge_35_1,69.12,2023-01-01T08:25:00
Sensor_Edge_36_1,69.03,2023-01-01T08:25:00
Sensor_Edge_38_1,48.73,2023-01-01T08:25:00
Sensor_Edge_39_1,71.59,2023-01-01T08:25:00
Sensor_Edge_40_1,63.92,2023-01-01T08:25:00
Sensor_Edge_41_1,68.20,2023-01-01T08:25:00
Sensor_Edge_45_1,70.99,2023-01-01T08:25:00
Sensor_Edge_46_1,78.21,2023-01-01T08:25:00
Sensor_Edge_48_1,73.26,2023-01-01T08:25:00
Sensor_Edge_55_1,79.13,2023-01-01T08:25:00
Sensor_Edge_59_1,75.38,2023-01-01T08:25:00
Sensor_Edge_65_1,66.69,2023-01-01T08:25:00
Sensor_Edge_66_1,63.97,2023-01-01T08:25:00
Sensor_Edge_67_1,72.73,2023-01-01T08:25:00
Sensor_Edge_68_1,77.22,2023-01-01T08:25:00
Sensor_Edge_69_1,75.94,2023-01-01T08:25:00
Sensor_Edge_70_1,78.36,2023-01-01T08:25:00
Sensor_Edge_71_1,79.12,2023-01-01T08:25:00
Sensor_Edge_72_1,65.03,2023-01-01T08:25:00
Sensor_Edge_73_1,55.32,2023-01-01T08:25:00
Sensor_Edge_74_1,74.95,2023-01-01T08:25:00
Sensor_Edge_75_1,79.48,2023-01-01T08:25:00
Sensor_Edge_76_1,61.28,2023-01-01T08:25:00
Sensor_Edge_2_1,62.35,2023-01-01T08:30:00
Sensor_Edge_4_1,80.19,2023-01-01T08:30:00
Sensor_Edge_5_1,43.05,2023-01-01T08:30:00
Sensor_Edge_7_1,74.36,2023-01-01T08:30:00
Sensor_Edge_8_1,81.01,2023-01-01T08:30:00
Sensor_Edge_10_1,63.79,2023-01-01T08:30:00
Sensor_Edge_11_1,70.21,2023-01-01T08:30:00
Sensor_Edge_13_1,73.30,2023-01-01T08:30:00
Sensor_Edge_15_1,75.37,2023-01-01T08:30:00
Sensor_Edge_21_1,63.42,2023-01-01T08:30:00
Sensor_Edge_23_1,63.01,2023-01-01T08:30:00
Sensor_Edge_25_1,67.21,2023-01-01T08:30:00
Sensor_Edge_26_1,45.59,2023-01-01T08:30:00
Sensor_Edge_31_1,68.64,2023-01-01T08:30:00
Sensor_Edge_35_1,69.27,2023-01-01T08:30:00
Sensor_Edge_36_1,68.48,2023-01-01T08:30:00
Sensor_Edge_38_1,48.39,2023-01-01T08:30:00
Sensor_Edge_39_1,71.10,2023-01-01T08:30:00
Sensor_Edge_40_1,64.37,2023-01-01T08:30:00
Sensor_Edge_41_1,67.64,2023-01-01T08:30:00
Sensor_Edge_45_1,71.39,2023-01-01T08:30:00
Sensor_Edge_46_1,78.79,2023-01-01T08:30:00
Sensor_Edge_48_1,73.53,2023-01-01T08:30:00
Sensor_Edge_55_1,78.90,2023-01-01T08:30:00
Sensor_Edge_59_1,74.65,2023-01-01T08:30:00
Sensor_Edge_65_1,67.19,2023-01-01T08:30:00
Sensor_Edge_66_1,63.70,2023-01-01T08:30:00
Sensor_Edge_67_1,73.23,2023-01-01T08:30:00
Sensor_Edge_68_1,78.07,2023-01-01T08:30:00
Sensor_Edge_69_1,76.73,2023-01-01T08:30:00
Sensor_Edge_70_1,79.13,2023-01-01T08:30:00
Sensor_Edge_71_1,78.68,2023-01-01T08:30:00
Sensor_Edge_72_1,65.48,2023-01-01T08:30:00
Sensor_Edge_73_1,57.92,2023-01-01T08:30:00
Sensor_Edge_74_1,74.29,2023-01-01T08:30:00
Sensor_Edge_75_1,78.77,2023-01-01T08:30:00
Sensor_Edge_76_1,60.59,2023-01-01T08:30:00
Sensor_Edge_2_1,61.82,2023-01-01T08:35:00
Sensor_Edge_4_1,79.79,2023-01-01T08:35:00
Sensor_Edge_5_1,42.07,2023-01-01T08:35:00
Sensor_Edge_7_1,74.83,2023-01-01T08:35:00
Sensor_Edge_8_1,80.28,2023-01-01T08:35:00
Sensor_Edge_10_1,62.86,2023-01-01T08:35:00
Sensor_Edge_11_1,70.19,2023-01-01T08:35:00
Sensor_Edge_13_1,72.32,2023-01-01T08:35:00
Sensor_Edge_15_1,75.00,2023-01-01T08:35:00
Sensor_Edge_21_1,63.86,2023-01-01T08:35:00
Sensor_Edge_23_1,62.16,2023-01-01T08:35:00
Sensor_Edge_25_1,67.22,2023-01-01T08:35:00
Sensor_Edge_26_1,46.45,2023-01-01T08:35:00
Sensor_Edge_31_1,68.78,2023-01-01T08:35:00
Sensor_Edge_35_1,69.40,2023-01-01T08:35:00
Sensor_Edge_36_1,69.30,2023-01-01T08:35:00
Sensor_Edge_38_1,48.01,2023-01-01T08:35:00
Sensor_Edge_39_1,70.66,2023-01-01T08:35:00
Sensor_Edge_40_1,63.82,2023-01-01T08:35:00
Sensor_Edge_41_1,67.40,2023-01-01T08:35:00
Sensor_Edge_45_1,71.76,2023-01-01T08:35:00
Sensor_Edge_46_1,78.36,2023-01-01T08:35:00
Sensor_Edge_48_1,73.68,2023-01-01T08:35:00
Sensor_Edge_55_1,79.26,2023-01-01T08:35:00
Sensor_Edge_59_1,75.56,2023-01-01T08:35:00
Sensor_Edge_65_1,66.99,2023-01-01T08:35:00
Sensor_Edge_66_1,63.88,2023-01-01T08:35:00
Sensor_Edge_67_1,72.31,2023-01-01T08:35:00
Sensor_Edge_68_1,77.88,2023-01-01T08:35:00
Sensor_Edge_69_1,77.36,2023-01-01T08:35:00
Sensor_Edge_70_1,78.30,2023-01-01T08:35:00
Sensor_Edge_71_1,79.59,2023-01-01T08:35:00
Sensor_Edge_72_1,66.01,2023-01-01T08:35:00
Sensor_Edge_73_1,59.87,2023-01-01T08:35:00
Sensor_Edge_74_1,73.65,2023-01-01T08:35:00
Sensor_Edge_75_1,79.38,2023-01-01T08:35:00
Sensor_Edge_76_1,60.20,2023-01-01T08:35:00
Sensor_Edge_2_1,61.15,2023-01-01T08:40:00
Sensor_Edge_4_1,80.25,2023-01-01T08:40:00
Sensor_Edge_5_1,41.98,2023-01-01T08:40:00
Sensor_Edge_7_1,74.87,2023-01-01T08:40:00
Sensor_Edge_8_1,81.09,2023-01-01T08:40:00
Sensor_Edge_10_1,63.05,2023-01-01T08:40:00
Sensor_Edge_11_1,69.69,2023-01-01T08:40:00
Sensor_Edge_13_1,72.34,2023-01-01T08:40:00
Sensor_Edge_15_1,75.15,2023-01-01T08:40:00
Sensor_Edge_21_1,63.41,2023-01-01T08:40:00
Sensor_Edge_23_1,61.97,2023-01-01T08:40:00
Sensor_Edge_25_1,67.58,2023-01-01T08:40:00
Sensor_Edge_26_1,45.90,2023-01-01T08:40:00
Sensor_Edge_31_1,69.04,2023-01-01T08:40:00
Sensor_Edge_35_1,70.31,2023-01-01T08:40:00
Sensor_Edge_36_1,69.73,2023-01-01T08:40:00
Sensor_Edge_38_1,47.63,2023-01-01T08:40:00
Sensor_Edge_39_1,69.81,2023-01-01T08:40:00
Sensor_Edge_40_1,63.71,2023-01-01T08:40:00
Sensor_Edge_41_1,66.62,2023-01-01T08:40:00
Sensor_Edge_45_1,72.81,2023-01-01T08:40:00
Sensor_Edge_46_1,79.10,2023-01-01T08:40:00
Sensor_Edge_48_1,73.90,2023-01-01T08:40:00
Sensor_Edge_55_1,79.37,2023-01-01T08:40:00
Sensor_Edge_59_1,74.84,2023-01-01T08:40:00
Sensor_Edge_65_1,67.15,2023-01-01T08:40:00
Sensor_Edge_66_1,63.20,2023-01-01T08:40:00
Sensor_Edge_67_1,71.95,2023-01-01T08:40:00
Sensor_Edge_68_1,78.46,2023-01-01T08:40:00
Sensor_Edge_69_1,77.92,2023-01-01T08:40:00
Sensor_Edge_70_1,78.70,2023-01-01T08:40:00
Sensor_Edge_71_1,79.38,2023-01-01T08:40:00
Sensor_Edge_72_1,65.10,2023-01-01T08:40:00
Sensor_Edge_73_1,61.44,2023-01-01T08:40:00
Sensor_Edge_74_1,73.03,2023-01-01T08:40:00
Sensor_Edge_75_1,79.86,2023-01-01T08:40:00
Sensor_Edge_76_1,60.06,2023-01-01T08:40:00
Sensor_Edge_2_1,60.56,2023-01-01T08:45:00
Sensor_Edge_4_1,80.76,2023-01-01T08:45:00
Sensor_Edge_5_1,40.98,2023-01-01T08:45:00
Sensor_Edge_7_1,75.26,2023-01-01T08:45:00
Sensor_Edge_8_1,81.38,2023-01-01T08:45:00
Sensor_Edge_10_1,63.83,2023-01-01T08:45:00
Sensor_Edge_11_1,69.52,2023-01-01T08:45:00
Sensor_Edge_13_1,71.90,2023-01-01T08:45:00
Sensor_Edge_15_1,75.82,2023-01-01T08:45:00
Sensor_Edge_21_1,63.97,2023-01-01T08:45:00
Sensor_Edge_23_1,62.84,2023-01-01T08:45:00
Sensor_Edge_25_1,67.77,2023-01-01T08:45:00
Sensor_Edge_26_1,45.73,2023-01-01T08:45:00
Sensor_Edge_31_1,67.97,2023-01-01T08:45:00
Sensor_Edge_35_1,70.62,2023-01-01T08:45:00
Sensor_Edge_36_1,70.09,2023-01-01T08:45:00
Sensor_Edge_38_1,47.69,2023-01-01T08:45:00
Sensor_Edge_39_1,70.15,2023-01-01T08:45:00
Sensor_Edge_40_1,64.07,2023-01-01T08:45:00
Sensor_Edge_41_1,66.49,2023-01-01T08:45:00
Sensor_Edge_45_1,72.37,2023-01-01T08:45:00
Sensor_Edge_46_1,78.22,2023-01-01T08:45:00
Sensor_Edge_48_1,73.48,2023-01-01T08:45:00
Sensor_Edge_55_1,78.39,2023-01-01T08:45:00
Sensor_Edge_59_1,75.22,2023-01-01T08:45:00
Sensor_Edge_65_1,66.57,2023-01-01T08:45:00
Sensor_Edge_66_1,63.41,2023-01-01T08:45:00
Sensor_Edge_67_1,72.76,2023-01-01T08:45:00
Sensor_Edge_68_1,77.91,2023-01-01T08:45:00
Sensor_Edge_69_1,77.69,2023-01-01T08:45:00
Sensor_Edge_70_1,78.18,2023-01-01T08:45:00
Sensor_Edge_71_1,78.86,2023-01-01T08:45:00
Sensor_Edge_72_1,64.21,2023-01-01T08:45:00
Sensor_Edge_73_1,63.64,2023-01-01T08:45:00
Sensor_Edge_74_1,72.67,2023-01-01T08:45:00
Sensor_Edge_75_1,80.17,2023-01-01T08:45:00
Sensor_Edge_76_1,59.73,2023-01-01T08:45:00
Sensor_Edge_2_1,60.11,2023-01-01T08:50:00
Sensor_Edge_4_1,80.08,2023-01-01T08:50:00
Sensor_Edge_5_1,41.72,2023-01-01T08:50:00
Sensor_Edge_7_1,75.36,2023-01-01T08:50:00
Sensor_Edge_8_1,81.58,2023-01-01T08:50:00
Sensor_Edge_10_1,63.10,2023-01-01T08:50:00
Sensor_Edge_11_1,69.42,2023-01-01T08:50:00
Sensor_Edge_13_1,72.39,2023-01-01T08:50:00
Sensor_Edge_15_1,76.58,2023-01-01T08:50:00
Sensor_Edge_21_1,64.57,2023-01-01T08:50:00
Sensor_Edge_23_1,62.45,2023-01-01T08:50:00
Sensor_Edge_25_1,68.22,2023-01-01T08:50:00
Sensor_Edge_26_1,45.28,2023-01-01T08:50:00
Sensor_Edge_31_1,67.81,2023-01-01T08:50:00
Sensor_Edge_35_1,70.96,2023-01-01T08:50:00
Sensor_Edge_36_1,69.68,2023-01-01T08:50:00
Sensor_Edge_38_1,47.74,2023-01-01T08:50:00
Sensor_Edge_39_1,70.83,2023-01-01T08:50:00
Sensor_Edge_40_1,63.99,2023-01-01T08:50:00
Sensor_Edge_41_1,67.08,2023-01-01T08:50:00
Sensor_Edge_45_1,71.60,2023-01-01T08:50:00
Sensor_Edge_46_1,79.10,2023-01-01T08:50:00
Sensor_Edge_48_1,74.32,2023-01-01T08:50:00
Sensor_Edge_55_1,78.06,2023-01-01T08:50:00
Sensor_Edge_59_1,74.45,2023-01-01T08:50:00
Sensor_Edge_65_1,66.53,2023-01-01T08:50:00
Sensor_Edge_66_1,63.96,2023-01-01T08:50:00
Sensor_Edge_67_1,72.46,2023-01-01T08:50:00
Sensor_Edge_68_1,78.24,2023-01-01T08:50:00
Sensor_Edge_69_1,77.93,2023-01-01T08:50:00
Sensor_Edge_70_1,78.12,2023-01-01T08:50:00
Sensor_Edge_71_1,78.20,2023-01-01T08:50:00
Sensor_Edge_72_1,63.89,2023-01-01T08:50:00
Sensor_Edge_73_1,64.07,2023-01-01T08:50:00
Sensor_Edge_74_1,72.97,2023-01-01T08:50:00
Sensor_Edge_75_1,79.13,2023-01-01T08:50:00
Sensor_Edge_76_1,58.86,2023-01-01T08:50:00
Sensor_Edge_2_1,59.53,2023-01-01T08:55:00
Sensor_Edge_4_1,80.93,2023-01-01T08:55:00
Sensor_Edge_5_1,41.78,2023-01-01T08:55:00
Sensor_Edge_7_1,75.12,2023-01-01T08:55:00
Sensor_Edge_8_1,82.46,2023-01-01T08:55:00
Sensor_Edge_10_1,62.10,2023-01-01T08:55:00
Sensor_Edge_11_1,68.74,2023-01-01T08:55:00
Sensor_Edge_13_1,67.11,2023-01-01T08:55:00
Sensor_Edge_15_1,76.97,2023-01-01T08:55:00
Sensor_Edge_21_1,64.35,2023-01-01T08:55:00
Sensor_Edge_23_1,62.23,2023-01-01T08:55:00
Sensor_Edge_25_1,69.01,2023-01-01T08:55:00
Sensor_Edge_26_1,45.88,2023-01-01T08:55:00
Sensor_Edge_31_1,67.70,2023-01-01T08:55:00
Sensor_Edge_35_1,71.64,2023-01-01T08:55:00
Sensor_Edge_36_1,69.59,2023-01-01T08:55:00
Sensor_Edge_38_1,47.47,2023-01-01T08:55:00
Sensor_Edge_39_1,70.63,2023-01-01T08:55:00
Sensor_Edge_40_1,63.09,2023-01-01T08:55:00
Sensor_Edge_41_1,66.94,2023-01-01T08:55:00
Sensor_Edge_45_1,72.61,2023-01-01T08:55:00
Sensor_Edge_46_1,78.94,2023-01-01T08:55:00
Sensor_Edge_48_1,73.51,2023-01-01T08:55:00
Sensor_Edge_55_1,78.88,2023-01-01T08:55:00
Sensor_Edge_59_1,74.07,2023-01-01T08:55:00
Sensor_Edge_65_1,66.29,2023-01-01T08:55:00
Sensor_Edge_66_1,63.67,2023-01-01T08:55:00
Sensor_Edge_67_1,72.74,2023-01-01T08:55:00
Sensor_Edge_68_1,77.72,2023-01-01T08:55:00
Sensor_Edge_69_1,77.11,2023-01-01T08:55:00
Sensor_Edge_70_1,78.46,2023-01-01T08:55:00
Sensor_Edge_71_1,79.25,2023-01-01T08:55:00
Sensor_Edge_72_1,64.55,2023-01-01T08:55:00
Sensor_Edge_73_1,66.04,2023-01-01T08:55:00
Sensor_Edge_74_1,72.76,2023-01-01T08:55:00
Sensor_Edge_75_1,78.17,2023-01-01T08:55:00
Sensor_Edge_76_1,59.31,2023-01-01T08:55:00
Sensor_Edge_2_1,59.80,2023-01-01T09:00:00
Sensor_Edge_4_1,80.93,2023-01-01T09:00:00
Sensor_Edge_5_1,41.56,2023-01-01T09:00:00
Sensor_Edge_7_1,75.04,2023-01-01T09:00:00
Sensor_Edge_8_1,81.92,2023-01-01T09:00:00
Sensor_Edge_10_1,61.13,2023-01-01T09:00:00
Sensor_Edge_11_1,68.58,2023-01-01T09:00:00
Sensor_Edge_13_1,61.83,2023-01-01T09:00:00
Sensor_Edge_15_1,75.81,2023-01-01T09:00:00
Sensor_Edge_21_1,64.05,2023-01-01T09:00:00
Sensor_Edge_23_1,62.07,2023-01-01T09:00:00
Sensor_Edge_25_1,69.47,2023-01-01T09:00:00
Sensor_Edge_26_1,46.50,2023-01-01T09:00:00
Sensor_Edge_31_1,68.03,2023-01-01T09:00:00
Sensor_Edge_35_1,70.98,2023-01-01T09:00:00
Sensor_Edge_36_1,69.98,2023-01-01T09:00:00
Sensor_Edge_38_1,46.77,2023-01-01T09:00:00
Sensor_Edge_39_1,70.36,2023-01-01T09:00:00
Sensor_Edge_40_1,62.87,2023-01-01T09:00:00
Sensor_Edge_41_1,67.69,2023-01-01T09:00:00
Sensor_Edge_45_1,72.45,2023-01-01T09:00:00
Sensor_Edge_46_1,79.49,2023-01-01T09:00:00
Sensor_Edge_48_1,73.45,2023-01-01T09:00:00
Sensor_Edge_55_1,78.04,2023-01-01T09:00:00
Sensor_Edge_59_1,74.64,2023-01-01T09:00:00
Sensor_Edge_65_1,66.69,2023-01-01T09:00:00
Sensor_Edge_66_1,62.84,2023-01-01T09:00:00
Sensor_Edge_67_1,72.31,2023-01-01T09:00:00
Sensor_Edge_68_1,76.96,2023-01-01T09:00:00
Sensor_Edge_69_1,77.60,2023-01-01T09:00:00
Sensor_Edge_70_1,77.63,2023-01-01T09:00:00
Sensor_Edge_71_1,79.39,2023-01-01T09:00:00
Sensor_Edge_72_1,63.79,2023-01-01T09:00:00
Sensor_Edge_73_1,65.95,2023-01-01T09:00:00
Sensor_Edge_74_1,72.58,2023-01-01T09:00:00
Sensor_Edge_75_1,78.55,2023-01-01T09:00:00
Sensor_Edge_76_1,58.90,2023-01-01T09:00:00
Sensor_Edge_2_1,59.55,2023-01-01T09:05:00
Sensor_Edge_4_1,80.94,2023-01-01T09:05:00
Sensor_Edge_5_1,42.46,2023-01-01T09:05:00
Sensor_Edge_7_1,75.65,2023-01-01T09:05:00
Sensor_Edge_8_1,82.25,2023-01-01T09:05:00
Sensor_Edge_10_1,61.08,2023-01-01T09:05:00
Sensor_Edge_11_1,69.56,2023-01-01T09:05:00
Sensor_Edge_13_1,56.55,2023-01-01T09:05:00
Sensor_Edge_15_1,74.98,2023-01-01T09:05:00
Sensor_Edge_21_1,63.86,2023-01-01T09:05:00
Sensor_Edge_23_1,61.31,2023-01-01T09:05:00
Sensor_Edge_25_1,69.61,2023-01-01T09:05:00
Sensor_Edge_26_1,45.65,2023-01-01T09:05:00
Sensor_Edge_31_1,68.13,2023-01-01T09:05:00
Sensor_Edge_35_1,70.12,2023-01-01T09:05:00
Sensor_Edge_36_1,70.26,2023-01-01T09:05:00
Sensor_Edge_38_1,46.28,2023-01-01T09:05:00
Sensor_Edge_39_1,70.64,2023-01-01T09:05:00
Sensor_Edge_40_1,62.15,2023-01-01T09:05:00
Sensor_Edge_41_1,68.23,2023-01-01T09:05:00
Sensor_Edge_45_1,71.99,2023-01-01T09:05:00
Sensor_Edge_46_1,79.29,2023-01-01T09:05:00
Sensor_Edge_48_1,73.76,2023-01-01T09:05:00
Sensor_Edge_55_1,77.40,2023-01-01T09:05:00
Sensor_Edge_59_1,74.23,2023-01-01T09:05:00
Sensor_Edge_65_1,66.49,2023-01-01T09:05:00
Sensor_Edge_66_1,63.84,2023-01-01T09:05:00
Sensor_Edge_67_1,73.16,2023-01-01T09:05:00
Sensor_Edge_68_1,76.65,2023-01-01T09:05:00
Sensor_Edge_69_1,76.55,2023-01-01T09:05:00
Sensor_Edge_70_1,78.30,2023-01-01T09:05:00
Sensor_Edge_71_1,78.58,2023-01-01T09:05:00
Sensor_Edge_72_1,63.17,2023-01-01T09:05:00
Sensor_Edge_73_1,67.24,2023-01-01T09:05:00
Sensor_Edge_74_1,73.38,2023-01-01T09:05:00
Sensor_Edge_75_1,77.92,2023-01-01T09:05:00
Sensor_Edge_76_1,58.68,2023-01-01T09:05:00
Sensor_Edge_2_1,59.02,2023-01-01T09:10:00
Sensor_Edge_4_1,80.55,2023-01-01T09:10:00
Sensor_Edge_5_1,42.26,2023-01-01T09:10:00
Sensor_Edge_7_1,76.04,2023-01-01T09:10:00
Sensor_Edge_8_1,82.10,2023-01-01T09:10:00
Sensor_Edge_10_1,61.73,2023-01-01T09:10:00
Sensor_Edge_11_1,69.55,2023-01-01T09:10:00
Sensor_Edge_13_1,51.27,2023-01-01T09:10:00
Sensor_Edge_15_1,74.37,2023-01-01T09:10:00
Sensor_Edge_21_1,64.82,2023-01-01T09:10:00
Sensor_Edge_23_1,61.97,2023-01-01T09:10:00
Sensor_Edge_25_1,68.97,2023-01-01T09:10:00
Sensor_Edge_26_1,46.06,2023-01-01T09:10:00
Sensor_Edge_31_1,68.61,2023-01-01T09:10:00
Sensor_Edge_35_1,69.83,2023-01-01T09:10:00
Sensor_Edge_36_1,70.74,2023-01-01T09:10:00
Sensor_Edge_38_1,47.42,2023-01-01T09:10:00
Sensor_Edge_39_1,70.27,2023-01-01T09:10:00
Sensor_Edge_40_1,63.22,2023-01-01T09:10:00
Sensor_Edge_41_1,67.43,2023-01-01T09:10:00
Sensor_Edge_45_1,71.91,2023-01-01T09:10:00
Sensor_Edge_46_1,79.09,2023-01-01T09:10:00
Sensor_Edge_48_1,74.13,2023-01-01T09:10:00
Sensor_Edge_55_1,76.71,2023-01-01T09:10:00
Sensor_Edge_59_1,75.27,2023-01-01T09:10:00
Sensor_Edge_65_1,67.16,2023-01-01T09:10:00
Sensor_Edge_66_1,63.10,2023-01-01T09:10:00
Sensor_Edge_67_1,73.65,2023-01-01T09:10:00
Sensor_Edge_68_1,77.08,2023-01-01T09:10:00
Sensor_Edge_69_1,77.18,2023-01-01T09:10:00
Sensor_Edge_70_1,79.15,2023-01-01T09:10:00
Sensor_Edge_71_1,78.08,2023-01-01T09:10:00
Sensor_Edge_72_1,62.41,2023-01-01T09:10:00
Sensor_Edge_73_1,68.76,2023-01-01T09:10:00
Sensor_Edge_74_1,73.77,2023-01-01T09:10:00
Sensor_Edge_75_1,77.91,2023-01-01T09:10:00
Sensor_Edge_76_1,57.91,2023-01-01T09:10:00
Sensor_Edge_2_1,58.93,2023-01-01T09:15:00
Sensor_Edge_4_1,80.12,2023-01-01T09:15:00
Sensor_Edge_5_1,41.28,2023-01-01T09:15:00
Sensor_Edge_7_1,76.92,2023-01-01T09:15:00
Sensor_Edge_8_1,82.95,2023-01-01T09:15:00
Sensor_Edge_10_1,61.58,2023-01-01T09:15:00
Sensor_Edge_11_1,69.51,2023-01-01T09:15:00
Sensor_Edge_13_1,45.99,2023-01-01T09:15:00
Sensor_Edge_15_1,74.74,2023-01-01T09:15:00
Sensor_Edge_21_1,64.30,2023-01-01T09:15:00
Sensor_Edge_23_1,62.18,2023-01-01T09:15:00
Sensor_Edge_25_1,68.57,2023-01-01T09:15:00
Sensor_Edge_26_1,46.46,2023-01-01T09:15:00
Sensor_Edge_31_1,68.59,2023-01-01T09:15:00
Sensor_Edge_35_1,70.45,2023-01-01T09:15:00
Sensor_Edge_36_1,70.49,2023-01-01T09:15:00
Sensor_Edge_38_1,47.64,2023-01-01T09:15:00
Sensor_Edge_39_1,69.90,2023-01-01T09:15:00
Sensor_Edge_40_1,63.42,2023-01-01T09:15:00
Sensor_Edge_41_1,66.78,2023-01-01T09:15:00
Sensor_Edge_45_1,72.42,2023-01-01T09:15:00
Sensor_Edge_46_1,79.81,2023-01-01T09:15:00
Sensor_Edge_48_1,74.44,2023-01-01T09:15:00
Sensor_Edge_55_1,75.90,2023-01-01T09:15:00
Sensor_Edge_59_1,75.34,2023-01-01T09:15:00
Sensor_Edge_65_1,67.97,2023-01-01T09:15:00
Sensor_Edge_66_1,63.40,2023-01-01T09:15:00
Sensor_Edge_67_1,74.34,2023-01-01T09:15:00
Sensor_Edge_68_1,77.21,2023-01-01T09:15:00
Sensor_Edge_69_1,77.02,2023-01-01T09:15:00
Sensor_Edge_70_1,79.08,2023-01-01T09:15:00
Sensor_Edge_71_1,78.33,2023-01-01T09:15:00
Sensor_Edge_72_1,62.22,2023-01-01T09:15:00
Sensor_Edge_73_1,68.24,2023-01-01T09:15:00
Sensor_Edge_74_1,74.50,2023-01-01T09:15:00
Sensor_Edge_75_1,77.80,2023-01-01T09:15:00
Sensor_Edge_76_1,58.27,2023-01-01T09:15:00
Sensor_Edge_2_1,58.91,2023-01-01T09:20:00
Sensor_Edge_4_1,79.46,2023-01-01T09:20:00
Sensor_Edge_5_1,41.61,2023-01-01T09:20:00
Sensor_Edge_7_1,75.90,2023-01-01T09:20:00
Sensor_Edge_8_1,83.37,2023-01-01T09:20:00
Sensor_Edge_10_1,61.57,2023-01-01T09:20:00
Sensor_Edge_11_1,70.41,2023-01-01T09:20:00
Sensor_Edge_13_1,50.13,2023-01-01T09:20:00
Sensor_Edge_15_1,73.98,2023-01-01T09:20:00
Sensor_Edge_21_1,65.37,2023-01-01T09:20:00
Sensor_Edge_23_1,62.82,2023-01-01T09:20:00
Sensor_Edge_25_1,69.42,2023-01-01T09:20:00
Sensor_Edge_26_1,46.49,2023-01-01T09:20:00
Sensor_Edge_31_1,68.82,2023-01-01T09:20:00
Sensor_Edge_35_1,70.23,2023-01-01T09:20:00
Sensor_Edge_36_1,71.21,2023-01-01T09:20:00
Sensor_Edge_38_1,48.37,2023-01-01T09:20:00
Sensor_Edge_39_1,70.63,2023-01-01T09:20:00
Sensor_Edge_40_1,62.96,2023-01-01T09:20:00
Sensor_Edge_41_1,65.91,2023-01-01T09:20:00
Sensor_Edge_45_1,73.41,2023-01-01T09:20:00
Sensor_Edge_46_1,78.87,2023-01-01T09:20:00
Sensor_Edge_48_1,75.41,2023-01-01T09:20:00
Sensor_Edge_55_1,75.63,2023-01-01T09:20:00
Sensor_Edge_59_1,75.05,2023-01-01T09:20:00
Sensor_Edge_65_1,68.44,2023-01-01T09:20:00
Sensor_Edge_66_1,64.21,2023-01-01T09:20:00
Sensor_Edge_67_1,74.60,2023-01-01T09:20:00
Sensor_Edge_68_1,77.42,2023-01-01T09:20:00
Sensor_Edge_69_1,77.12,2023-01-01T09:20:00
Sensor_Edge_70_1,80.03,2023-01-01T09:20:00
Sensor_Edge_71_1,79.33,2023-01-01T09:20:00
Sensor_Edge_72_1,63.06,2023-01-01T09:20:00
Sensor_Edge_73_1,67.78,2023-01-01T09:20:00
Sensor_Edge_74_1,74.45,2023-01-01T09:20:00
Sensor_Edge_75_1,76.85,2023-01-01T09:20:00
Sensor_Edge_76_1,59.18,2023-01-01T09:20:00
Sensor_Edge_2_1,58.54,2023-01-01T09:25:00
Sensor_Edge_4_1,78.51,2023-01-01T09:25:00
Sensor_Edge_5_1,42.16,2023-01-01T09:25:00
Sensor_Edge_7_1,75.44,2023-01-01T09:25:00
Sensor_Edge_8_1,83.68,2023-01-01T09:25:00
Sensor_Edge_10_1,62.28,2023-01-01T09:25:00
Sensor_Edge_11_1,71.48,2023-01-01T09:25:00
Sensor_Edge_13_1,54.20,2023-01-01T09:25:00
Sensor_Edge_15_1,74.07,2023-01-01T09:25:00
Sensor_Edge_21_1,65.12,2023-01-01T09:25:00
Sensor_Edge_23_1,62.76,2023-01-01T09:25:00
Sensor_Edge_25_1,68.46,2023-01-01T09:25:00
Sensor_Edge_26_1,47.27,2023-01-01T09:25:00
Sensor_Edge_31_1,68.52,2023-01-01T09:25:00
Sensor_Edge_35_1,70.84,2023-01-01T09:25:00
Sensor_Edge_36_1,70.36,2023-01-01T09:25:00
Sensor_Edge_38_1,48.48,2023-01-01T09:25:00
Sensor_Edge_39_1,70.98,2023-01-01T09:25:00
Sensor_Edge_40_1,63.39,2023-01-01T09:25:00
Sensor_Edge_41_1,66.09,2023-01-01T09:25:00
Sensor_Edge_45_1,73.19,2023-01-01T09:25:00
Sensor_Edge_46_1,79.01,2023-01-01T09:25:00
Sensor_Edge_48_1,75.98,2023-01-01T09:25:00
Sensor_Edge_55_1,76.66,2023-01-01T09:25:00
Sensor_Edge_59_1,74.51,2023-01-01T09:25:00
Sensor_Edge_65_1,67.51,2023-01-01T09:25:00
Sensor_Edge_66_1,63.75,2023-01-01T09:25:00
Sensor_Edge_67_1,75.12,2023-01-01T09:25:00
Sensor_Edge_68_1,77.68,2023-01-01T09:25:00
Sensor_Edge_69_1,76.75,2023-01-01T09:25:00
Sensor_Edge_70_1,79.17,2023-01-01T09:25:00
Sensor_Edge_71_1,80.14,2023-01-01T09:25:00
Sensor_Edge_72_1,63.83,2023-01-01T09:25:00
Sensor_Edge_73_1,67.62,2023-01-01T09:25:00
Sensor_Edge_74_1,75.47,2023-01-01T09:25:00
Sensor_Edge_75_1,77.48,2023-01-01T09:25:00
Sensor_Edge_76_1,59.57,2023-01-01T09:25:00
Sensor_Edge_2_1,59.36,2023-01-01T09:30:00
Sensor_Edge_4_1,77.76,2023-01-01T09:30:00
Sensor_Edge_5_1,41.61,2023-01-01T09:30:00
Sensor_Edge_7_1,74.41,2023-01-01T09:30:00
Sensor_Edge_8_1,83.93,2023-01-01T09:30:00
Sensor_Edge_10_1,61.38,2023-01-01T09:30:00
Sensor_Edge_11_1,71.91,2023-01-01T09:30:00
Sensor_Edge_13_1,57.07,2023-01-01T09:30:00
Sensor_Edge_15_1,74.94,2023-01-01T09:30:00
Sensor_Edge_21_1,65.24,2023-01-01T09:30:00
Sensor_Edge_23_1,63.06,2023-01-01T09:30:00
Sensor_Edge_25_1,67.98,2023-01-01T09:30:00
Sensor_Edge_26_1,46.82,2023-01-01T09:30:00
Sensor_Edge_31_1,68.37,2023-01-01T09:30:00
Sensor_Edge_35_1,71.29,2023-01-01T09:30:00
Sensor_Edge_36_1,70.60,2023-01-01T09:30:00
Sensor_Edge_38_1,48.02,2023-01-01T09:30:00
Sensor_Edge_39_1,70.52,2023-01-01T09:30:00
Sensor_Edge_40_1,63.09,2023-01-01T09:30:00
Sensor_Edge_41_1,67.00,2023-01-01T09:30:00
Sensor_Edge_45_1,72.27,2023-01-01T09:30:00
Sensor_Edge_46_1,79.30,2023-01-01T09:30:00
Sensor_Edge_48_1,76.36,2023-01-01T09:30:00
Sensor_Edge_55_1,77.26,2023-01-01T09:30:00
Sensor_Edge_59_1,75.42,2023-01-01T09:30:00
Sensor_Edge_65_1,66.80,2023-01-01T09:30:00
Sensor_Edge_66_1,62.92,2023-01-01T09:30:00
Sensor_Edge_67_1,75.14,2023-01-01T09:30:00
Sensor_Edge_68_1,77.62,2023-01-01T09:30:00
Sensor_Edge_69_1,77.26,2023-01-01T09:30:00
Sensor_Edge_70_1,79.97,2023-01-01T09:30:00
Sensor_Edge_71_1,80.84,2023-01-01T09:30:00
Sensor_Edge_72_1,63.81,2023-01-01T09:30:00
Sensor_Edge_73_1,67.71,2023-01-01T09:30:00
Sensor_Edge_74_1,75.39,2023-01-01T09:30:00
Sensor_Edge_75_1,78.45,2023-01-01T09:30:00
Sensor_Edge_76_1,60.17,2023-01-01T09:30:00
Sensor_Edge_2_1,60.40,2023-01-01T09:35:00
Sensor_Edge_4_1,76.89,2023-01-01T09:35:00
Sensor_Edge_5_1,42.02,2023-01-01T09:35:00
Sensor_Edge_7_1,74.86,2023-01-01T09:35:00
Sensor_Edge_8_1,82.77,2023-01-01T09:35:00
Sensor_Edge_10_1,61.48,2023-01-01T09:35:00
Sensor_Edge_11_1,71.31,2023-01-01T09:35:00
Sensor_Edge_13_1,59.44,2023-01-01T09:35:00
Sensor_Edge_15_1,75.01,2023-01-01T09:35:00
Sensor_Edge_21_1,64.77,2023-01-01T09:35:00
Sensor_Edge_23_1,62.70,2023-01-01T09:35:00
Sensor_Edge_25_1,67.20,2023-01-01T09:35:00
Sensor_Edge_26_1,46.82,2023-01-01T09:35:00
Sensor_Edge_31_1,67.41,2023-01-01T09:35:00
Sensor_Edge_35_1,72.03,2023-01-01T09:35:00
Sensor_Edge_36_1,70.13,2023-01-01T09:35:00
Sensor_Edge_38_1,47.89,2023-01-01T09:35:00
Sensor_Edge_39_1,70.70,2023-01-01T09:35:00
Sensor_Edge_40_1,63.99,2023-01-01T09:35:00
Sensor_Edge_41_1,66.90,2023-01-01T09:35:00
Sensor_Edge_45_1,72.84,2023-01-01T09:35:00
Sensor_Edge_46_1,80.11,2023-01-01T09:35:00
Sensor_Edge_48_1,76.85,2023-01-01T09:35:00
Sensor_Edge_55_1,77.51,2023-01-01T09:35:00
Sensor_Edge_59_1,75.78,2023-01-01T09:35:00
Sensor_Edge_65_1,66.34,2023-01-01T09:35:00
Sensor_Edge_66_1,64.06,2023-01-01T09:35:00
Sensor_Edge_67_1,75.79,2023-01-01T09:35:00
Sensor_Edge_68_1,76.83,2023-01-01T09:35:00
Sensor_Edge_69_1,77.38,2023-01-01T09:35:00
Sensor_Edge_70_1,79.91,2023-01-01T09:35:00
Sensor_Edge_71_1,79.94,2023-01-01T09:35:00
Sensor_Edge_72_1,62.99,2023-01-01T09:35:00
Sensor_Edge_73_1,68.78,2023-01-01T09:35:00
Sensor_Edge_74_1,74.89,2023-01-01T09:35:00
Sensor_Edge_75_1,77.83,2023-01-01T09:35:00
Sensor_Edge_76_1,59.63,2023-01-01T09:35:00
Sensor_Edge_2_1,60.17,2023-01-01T09:40:00
Sensor_Edge_4_1,77.45,2023-01-01T09:40:00
Sensor_Edge_5_1,42.32,2023-01-01T09:40:00
Sensor_Edge_7_1,74.82,2023-01-01T09:40:00
Sensor_Edge_8_1,81.76,2023-01-01T09:40:00
Sensor_Edge_10_1,62.18,2023-01-01T09:40:00
Sensor_Edge_11_1,72.01,2023-01-01T09:40:00
Sensor_Edge_13_1,61.92,2023-01-01T09:40:00
Sensor_Edge_15_1,74.99,2023-01-01T09:40:00
Sensor_Edge_21_1,64.22,2023-01-01T09:40:00
Sensor_Edge_23_1,62.52,2023-01-01T09:40:00
Sensor_Edge_25_1,67.25,2023-01-01T09:40:00
Sensor_Edge_26_1,46.03,2023-01-01T09:40:00
Sensor_Edge_31_1,68.29,2023-01-01T09:40:00
Sensor_Edge_35_1,71.37,2023-01-01T09:40:00
Sensor_Edge_36_1,70.64,2023-01-01T09:40:00
Sensor_Edge_38_1,48.83,2023-01-01T09:40:00
Sensor_Edge_39_1,71.15,2023-01-01T09:40:00
Sensor_Edge_40_1,64.27,2023-01-01T09:40:00
Sensor_Edge_41_1,67.56,2023-01-01T09:40:00
Sensor_Edge_45_1,73.15,2023-01-01T09:40:00
Sensor_Edge_46_1,80.74,2023-01-01T09:40:00
Sensor_Edge_48_1,76.07,2023-01-01T09:40:00
Sensor_Edge_55_1,77.41,2023-01-01T09:40:00
Sensor_Edge_59_1,76.34,2023-01-01T09:40:00
Sensor_Edge_65_1,66.75,2023-01-01T09:40:00
Sensor_Edge_66_1,63.45,2023-01-01T09:40:00
Sensor_Edge_67_1,74.99,2023-01-01T09:40:00
Sensor_Edge_68_1,77.12,2023-01-01T09:40:00
Sensor_Edge_69_1,77.08,2023-01-01T09:40:00
Sensor_Edge_70_1,80.17,2023-01-01T09:40:00
Sensor_Edge_71_1,79.30,2023-01-01T09:40:00
Sensor_Edge_72_1,62.92,2023-01-01T09:40:00
Sensor_Edge_73_1,69.25,2023-01-01T09:40:00
Sensor_Edge_74_1,74.47,2023-01-01T09:40:00
Sensor_Edge_75_1,77.14,2023-01-01T09:40:00
Sensor_Edge_76_1,59.62,2023-01-01T09:40:00
Sensor_Edge_2_1,60.60,2023-01-01T09:45:00
Sensor_Edge_4_1,76.59,2023-01-01T09:45:00
Sensor_Edge_5_1,43.21,2023-01-01T09:45:00
Sensor_Edge_7_1,75.40,2023-01-01T09:45:00
Sensor_Edge_8_1,82.35,2023-01-01T09:45:00
Sensor_Edge_10_1,62.37,2023-01-01T09:45:00
Sensor_Edge_11_1,72.09,2023-01-01T09:45:00
Sensor_Edge_13_1,62.96,2023-01-01T09:45:00
Sensor_Edge_15_1,74.30,2023-01-01T09:45:00
Sensor_Edge_21_1,64.34,2023-01-01T09:45:00
Sensor_Edge_23_1,61.57,2023-01-01T09:45:00
Sensor_Edge_25_1,67.59,2023-01-01T09:45:00
Sensor_Edge_26_1,46.69,2023-01-01T09:45:00
Sensor_Edge_31_1,68.00,2023-01-01T09:45:00
Sensor_Edge_35_1,70.60,2023-01-01T09:45:00
Sensor_Edge_36_1,71.35,2023-01-01T09:45:00
Sensor_Edge_38_1,48.58,2023-01-01T09:45:00
Sensor_Edge_39_1,70.76,2023-01-01T09:45:00
Sensor_Edge_40_1,64.85,2023-01-01T09:45:00
Sensor_Edge_41_1,66.82,2023-01-01T09:45:00
Sensor_Edge_45_1,73.98,2023-01-01T09:45:00
Sensor_Edge_46_1,81.28,2023-01-01T09:45:00
Sensor_Edge_48_1,76.78,2023-01-01T09:45:00
Sensor_Edge_55_1,77.10,2023-01-01T09:45:00
Sensor_Edge_59_1,76.01,2023-01-01T09:45:00
Sensor_Edge_65_1,67.13,2023-01-01T09:45:00
Sensor_Edge_66_1,62.92,2023-01-01T09:45:00
Sensor_Edge_67_1,75.23,2023-01-01T09:45:00
Sensor_Edge_68_1,76.66,2023-01-01T09:45:00
Sensor_Edge_69_1,77.35,2023-01-01T09:45:00
Sensor_Edge_70_1,79.77,2023-01-01T09:45:00
Sensor_Edge_71_1,79.13,2023-01-01T09:45:00
Sensor_Edge_72_1,62.24,2023-01-01T09:45:00
Sensor_Edge_73_1,70.10,2023-01-01T09:45:00
Sensor_Edge_74_1,74.78,2023-01-01T09:45:00
Sensor_Edge_75_1,76.97,2023-01-01T09:45:00
Sensor_Edge_76_1,60.31,2023-01-01T09:45:00
Sensor_Edge_2_1,61.31,2023-01-01T09:50:00
Sensor_Edge_4_1,75.78,2023-01-01T09:50:00
Sensor_Edge_5_1,43.83,2023-01-01T09:50:00
Sensor_Edge_7_1,76.23,2023-01-01T09:50:00
Sensor_Edge_8_1,82.52,2023-01-01T09:50:00
Sensor_Edge_10_1,62.14,2023-01-01T09:50:00
Sensor_Edge_11_1,72.58,2023-01-01T09:50:00
Sensor_Edge_13_1,65.40,2023-01-01T09:50:00
Sensor_Edge_15_1,75.11,2023-01-01T09:50:00
Sensor_Edge_21_1,64.25,2023-01-01T09:50:00
Sensor_Edge_23_1,62.56,2023-01-01T09:50:00
Sensor_Edge_25_1,68.49,2023-01-01T09:50:00
Sensor_Edge_26_1,47.25,2023-01-01T09:50:00
Sensor_Edge_31_1,67.79,2023-01-01T09:50:00
Sensor_Edge_35_1,70.54,2023-01-01T09:50:00
Sensor_Edge_36_1,70.31,2023-01-01T09:50:00
Sensor_Edge_38_1,49.50,2023-01-01T09:50:00
Sensor_Edge_39_1,70.07,2023-01-01T09:50:00
Sensor_Edge_40_1,65.43,2023-01-01T09:50:00
Sensor_Edge_41_1,66.87,2023-01-01T09:50:00
Sensor_Edge_45_1,74.90,2023-01-01T09:50:00
Sensor_Edge_46_1,81.54,2023-01-01T09:50:00
Sensor_Edge_48_1,77.15,2023-01-01T09:50:00
Sensor_Edge_55_1,76.62,2023-01-01T09:50:00
Sensor_Edge_59_1,76.28,2023-01-01T09:50:00
Sensor_Edge_65_1,66.26,2023-01-01T09:50:00
Sensor_Edge_66_1,63.52,2023-01-01T09:50:00
Sensor_Edge_67_1,75.20,2023-01-01T09:50:00
Sensor_Edge_68_1,76.28,2023-01-01T09:50:00
Sensor_Edge_69_1,76.40,2023-01-01T09:50:00
Sensor_Edge_70_1,79.10,2023-01-01T09:50:00
Sensor_Edge_71_1,79.15,2023-01-01T09:50:00
Sensor_Edge_72_1,62.51,2023-01-01T09:50:00
Sensor_Edge_73_1,70.02,2023-01-01T09:50:00
Sensor_Edge_74_1,75.62,2023-01-01T09:50:00
Sensor_Edge_75_1,76.79,2023-01-01T09:50:00
Sensor_Edge_76_1,61.02,2023-01-01T09:50:00
Sensor_Edge_2_1,61.25,2023-01-01T09:55:00
Sensor_Edge_4_1,76.50,2023-01-01T09:55:00
Sensor_Edge_5_1,43.20,2023-01-01T09:55:00
Sensor_Edge_7_1,76.03,2023-01-01T09:55:00
Sensor_Edge_8_1,82.75,2023-01-01T09:55:00
Sensor_Edge_10_1,62.25,2023-01-01T09:55:00
Sensor_Edge_11_1,72.00,2023-01-01T09:55:00
Sensor_Edge_13_1,66.21,2023-01-01T09:55:00
Sensor_Edge_15_1,75.14,2023-01-01T09:55:00
Sensor_Edge_21_1,63.94,2023-01-01T09:55:00
Sensor_Edge_23_1,62.95,2023-01-01T09:55:00
Sensor_Edge_25_1,67.99,2023-01-01T09:55:00
Sensor_Edge_26_1,47.21,2023-01-01T09:55:00
Sensor_Edge_31_1,66.80,2023-01-01T09:55:00
Sensor_Edge_35_1,70.17,2023-01-01T09:55:00
Sensor_Edge_36_1,70.21,2023-01-01T09:55:00
Sensor_Edge_38_1,49.17,2023-01-01T09:55:00
Sensor_Edge_39_1,69.20,2023-01-01T09:55:00
Sensor_Edge_40_1,66.15,2023-01-01T09:55:00
Sensor_Edge_41_1,66.79,2023-01-01T09:55:00
Sensor_Edge_45_1,74.09,2023-01-01T09:55:00
Sensor_Edge_46_1,80.57,2023-01-01T09:55:00
Sensor_Edge_48_1,76.04,2023-01-01T09:55:00
Sensor_Edge_55_1,76.90,2023-01-01T09:55:00
Sensor_Edge_59_1,75.22,2023-01-01T09:55:00
Sensor_Edge_65_1,65.50,2023-01-01T09:55:00
Sensor_Edge_66_1,64.39,2023-01-01T09:55:00
Sensor_Edge_67_1,75.73,2023-01-01T09:55:00
Sensor_Edge_68_1,77.16,2023-01-01T09:55:00
Sensor_Edge_69_1,76.86,2023-01-01T09:55:00
Sensor_Edge_70_1,79.54,2023-01-01T09:55:00
Sensor_Edge_71_1,79.50,2023-01-01T09:55:00
Sensor_Edge_72_1,61.72,2023-01-01T09:55:00
Sensor_Edge_73_1,69.97,2023-01-01T09:55:00
Sensor_Edge_74_1,74.89,2023-01-01T09:55:00
Sensor_Edge_75_1,75.95,2023-01-01T09:55:00
Sensor_Edge_76_1,61.72,2023-01-01T09:55:00
Sensor_Edge_2_1,60.77,2023-01-01T10:00:00
Sensor_Edge_4_1,76.26,2023-01-01T10:00:00
Sensor_Edge_5_1,42.42,2023-01-01T10:00:00
Sensor_Edge_7_1,75.25,2023-01-01T10:00:00
Sensor_Edge_8_1,82.77,2023-01-01T10:00:00
Sensor_Edge_10_1,62.90,2023-01-01T10:00:00
Sensor_Edge_11_1,71.94,2023-01-01T10:00:00
Sensor_Edge_13_1,66.97,2023-01-01T10:00:00
Sensor_Edge_15_1,75.02,2023-01-01T10:00:00
Sensor_Edge_21_1,63.56,2023-01-01T10:00:00
Sensor_Edge_23_1,62.71,2023-01-01T10:00:00
Sensor_Edge_25_1,68.41,2023-01-01T10:00:00
Sensor_Edge_26_1,47.73,2023-01-01T10:00:00
Sensor_Edge_31_1,67.34,2023-01-01T10:00:00
Sensor_Edge_35_1,70.55,2023-01-01T10:00:00
Sensor_Edge_36_1,69.28,2023-01-01T10:00:00
Sensor_Edge_38_1,48.31,2023-01-01T10:00:00
Sensor_Edge_39_1,69.13,2023-01-01T10:00:00
Sensor_Edge_40_1,65.51,2023-01-01T10:00:00
Sensor_Edge_41_1,66.47,2023-01-01T10:00:00
Sensor_Edge_45_1,73.13,2023-01-01T10:00:00
Sensor_Edge_46_1,80.70,2023-01-01T10:00:00
Sensor_Edge_48_1,75.64,2023-01-01T10:00:00
Sensor_Edge_55_1,76.36,2023-01-01T10:00:00
Sensor_Edge_59_1,74.49,2023-01-01T10:00:00
Sensor_Edge_65_1,65.71,2023-01-01T10:00:00
Sensor_Edge_66_1,65.31,2023-01-01T10:00:00
Sensor_Edge_67_1,75.91,2023-01-01T10:00:00
Sensor_Edge_68_1,77.62,2023-01-01T10:00:00
Sensor_Edge_69_1,77.54,2023-01-01T10:00:00
Sensor_Edge_70_1,79.97,2023-01-01T10:00:00
Sensor_Edge_71_1,79.96,2023-01-01T10:00:00
Sensor_Edge_72_1,60.92,2023-01-01T10:00:00
Sensor_Edge_73_1,69.55,2023-01-01T10:00:00
Sensor_Edge_74_1,73.94,2023-01-01T10:00:00
Sensor_Edge_75_1,76.88,2023-01-01T10:00:00
Sensor_Edge_76_1,61.15,2023-01-01T10:00:00
Sensor_Edge_2_1,60.49,2023-01-01T10:05:00
Sensor_Edge_4_1,75.62,2023-01-01T10:05:00
Sensor_Edge_5_1,42.21,2023-01-01T10:05:00
Sensor_Edge_7_1,75.20,2023-01-01T10:05:00
Sensor_Edge_8_1,82.11,2023-01-01T10:05:00
Sensor_Edge_10_1,62.49,2023-01-01T10:05:00
Sensor_Edge_11_1,72.88,2023-01-01T10:05:00
Sensor_Edge_13_1,67.58,2023-01-01T10:05:00
Sensor_Edge_15_1,73.98,2023-01-01T10:05:00
Sensor_Edge_21_1,64.16,2023-01-01T10:05:00
Sensor_Edge_23_1,62.05,2023-01-01T10:05:00
Sensor_Edge_25_1,69.04,2023-01-01T10:05:00
Sensor_Edge_26_1,48.23,2023-01-01T10:05:00
Sensor_Edge_31_1,66.50,2023-01-01T10:05:00
Sensor_Edge_35_1,71.17,2023-01-01T10:05:00
Sensor_Edge_36_1,68.85,2023-01-01T10:05:00
Sensor_Edge_38_1,48.73,2023-01-01T10:05:00
Sensor_Edge_39_1,68.36,2023-01-01T10:05:00
Sensor_Edge_40_1,65.77,2023-01-01T10:05:00
Sensor_Edge_41_1,67.52,2023-01-01T10:05:00
Sensor_Edge_45_1,72.52,2023-01-01T10:05:00
Sensor_Edge_46_1,80.45,2023-01-01T10:05:00
Sensor_Edge_48_1,75.70,2023-01-01T10:05:00
Sensor_Edge_55_1,76.70,2023-01-01T10:05:00
Sensor_Edge_59_1,73.70,2023-01-01T10:05:00
Sensor_Edge_65_1,66.68,2023-01-01T10:05:00
Sensor_Edge_66_1,65.00,2023-01-01T10:05:00
Sensor_Edge_67_1,75.18,2023-01-01T10:05:00
Sensor_Edge_68_1,78.15,2023-01-01T10:05:00
Sensor_Edge_69_1,77.27,2023-01-01T10:05:00
Sensor_Edge_70_1,80.43,2023-01-01T10:05:00
Sensor_Edge_71_1,80.11,2023-01-01T10:05:00
Sensor_Edge_72_1,61.47,2023-01-01T10:05:00
Sensor_Edge_73_1,69.24,2023-01-01T10:05:00
Sensor_Edge_74_1,74.74,2023-01-01T10:05:00
Sensor_Edge_75_1,77.24,2023-01-01T10:05:00
Sensor_Edge_76_1,60.75,2023-01-01T10:05:00
Sensor_Edge_2_1,60.56,2023-01-01T10:10:00
Sensor_Edge_4_1,75.01,2023-01-01T10:10:00
Sensor_Edge_5_1,42.02,2023-01-01T10:10:00
Sensor_Edge_7_1,75.64,2023-01-01T10:10:00
Sensor_Edge_8_1,81.50,2023-01-01T10:10:00
Sensor_Edge_10_1,63.13,2023-01-01T10:10:00
Sensor_Edge_11_1,73.39,2023-01-01T10:10:00
Sensor_Edge_13_1,68.62,2023-01-01T10:10:00
Sensor_Edge_15_1,73.34,2023-01-01T10:10:00
Sensor_Edge_21_1,65.18,2023-01-01T10:10:00
Sensor_Edge_23_1,61.33,2023-01-01T10:10:00
Sensor_Edge_25_1,68.41,2023-01-01T10:10:00
Sensor_Edge_26_1,48.60,2023-01-01T10:10:00
Sensor_Edge_31_1,59.86,2023-01-01T10:10:00
Sensor_Edge_35_1,71.98,2023-01-01T10:10:00
Sensor_Edge_36_1,68.83,2023-01-01T10:10:00
Sensor_Edge_38_1,49.38,2023-01-01T10:10:00
Sensor_Edge_39_1,69.14,2023-01-01T10:10:00
Sensor_Edge_40_1,66.23,2023-01-01T10:10:00
Sensor_Edge_41_1,67.40,2023-01-01T10:10:00
Sensor_Edge_45_1,73.21,2023-01-01T10:10:00
Sensor_Edge_46_1,79.57,2023-01-01T10:10:00
Sensor_Edge_48_1,76.60,2023-01-01T10:10:00
Sensor_Edge_55_1,76.02,2023-01-01T10:10:00
Sensor_Edge_59_1,73.47,2023-01-01T10:10:00
Sensor_Edge_65_1,66.85,2023-01-01T10:10:00
Sensor_Edge_66_1,64.94,2023-01-01T10:10:00
Sensor_Edge_67_1,75.69,2023-01-01T10:10:00
Sensor_Edge_68_1,77.58,2023-01-01T10:10:00
Sensor_Edge_69_1,77.89,2023-01-01T10:10:00
Sensor_Edge_70_1,81.05,2023-01-01T10:10:00
Sensor_Edge_71_1,79.28,2023-01-01T10:10:00
Sensor_Edge_72_1,62.07,2023-01-01T10:10:00
Sensor_Edge_73_1,69.45,2023-01-01T10:10:00
Sensor_Edge_74_1,75.75,2023-01-01T10:10:00
Sensor_Edge_75_1,77.08,2023-01-01T10:10:00
Sensor_Edge_76_1,60.70,2023-01-01T10:10:00
Sensor_Edge_2_1,60.55,2023-01-01T10:15:00
Sensor_Edge_4_1,75.08,2023-01-01T10:15:00
Sensor_Edge_5_1,42.30,2023-01-01T10:15:00
Sensor_Edge_7_1,75.64,2023-01-01T10:15:00
Sensor_Edge_8_1,81.87,2023-01-01T10:15:00
Sensor_Edge_10_1,63.68,2023-01-01T10:15:00
Sensor_Edge_11_1,73.77,2023-01-01T10:15:00
Sensor_Edge_13_1,69.45,2023-01-01T10:15:00
Sensor_Edge_15_1,72.91,2023-01-01T10:15:00
Sensor_Edge_21_1,65.55,2023-01-01T10:15:00
Sensor_Edge_23_1,62.28,2023-01-01T10:15:00
Sensor_Edge_25_1,68.04,2023-01-01T10:15:00
Sensor_Edge_26_1,48.07,2023-01-01T10:15:00
Sensor_Edge_31_1,53.21,2023-01-01T10:15:00
Sensor_Edge_35_1,72.32,2023-01-01T10:15:00
Sensor_Edge_36_1,68.84,2023-01-01T10:15:00
Sensor_Edge_38_1,49.38,2023-01-01T10:15:00
Sensor_Edge_39_1,69.98,2023-01-01T10:15:00
Sensor_Edge_40_1,65.53,2023-01-01T10:15:00
Sensor_Edge_41_1,66.92,2023-01-01T10:15:00
Sensor_Edge_45_1,73.42,2023-01-01T10:15:00
Sensor_Edge_46_1,79.30,2023-01-01T10:15:00
Sensor_Edge_48_1,75.90,2023-01-01T10:15:00
Sensor_Edge_55_1,75.89,2023-01-01T10:15:00
Sensor_Edge_59_1,74.22,2023-01-01T10:15:00
Sensor_Edge_65_1,66.88,2023-01-01T10:15:00
Sensor_Edge_66_1,65.16,2023-01-01T10:15:00
Sensor_Edge_67_1,74.71,2023-01-01T10:15:00
Sensor_Edge_68_1,76.66,2023-01-01T10:15:00
Sensor_Edge_69_1,77.55,2023-01-01T10:15:00
Sensor_Edge_70_1,81.02,2023-01-01T10:15:00
Sensor_Edge_71_1,78.49,2023-01-01T10:15:00
Sensor_Edge_72_1,61.57,2023-01-01T10:15:00
Sensor_Edge_73_1,69.52,2023-01-01T10:15:00
Sensor_Edge_74_1,75.41,2023-01-01T10:15:00
Sensor_Edge_75_1,76.09,2023-01-01T10:15:00
Sensor_Edge_76_1,61.44,2023-01-01T10:15:00
Sensor_Edge_2_1,60.33,2023-01-01T10:20:00
Sensor_Edge_4_1,76.17,2023-01-01T10:20:00
Sensor_Edge_5_1,42.33,2023-01-01T10:20:00
Sensor_Edge_7_1,75.61,2023-01-01T10:20:00
Sensor_Edge_8_1,82.74,2023-01-01T10:20:00
Sensor_Edge_10_1,62.99,2023-01-01T10:20:00
Sensor_Edge_11_1,73.02,2023-01-01T10:20:00
Sensor_Edge_13_1,69.85,2023-01-01T10:20:00
Sensor_Edge_15_1,72.47,2023-01-01T10:20:00
Sensor_Edge_21_1,66.27,2023-01-01T10:20:00
Sensor_Edge_23_1,61.48,2023-01-01T10:20:00
Sensor_Edge_25_1,68.94,2023-01-01T10:20:00
Sensor_Edge_26_1,48.12,2023-01-01T10:20:00
Sensor_Edge_31_1,46.57,2023-01-01T10:20:00
Sensor_Edge_35_1,72.92,2023-01-01T10:20:00
Sensor_Edge_36_1,69.30,2023-01-01T10:20:00
Sensor_Edge_38_1,48.73,2023-01-01T10:20:00
Sensor_Edge_39_1,69.18,2023-01-01T10:20:00
Sensor_Edge_40_1,64.58,2023-01-01T10:20:00
Sensor_Edge_41_1,67.58,2023-01-01T10:20:00
Sensor_Edge_45_1,73.57,2023-01-01T10:20:00
Sensor_Edge_46_1,78.31,2023-01-01T10:20:00
Sensor_Edge_48_1,76.76,2023-01-01T10:20:00
Sensor_Edge_55_1,76.90,2023-01-01T10:20:00
Sensor_Edge_59_1,74.43,2023-01-01T10:20:00
Sensor_Edge_65_1,66.80,2023-01-01T10:20:00
Sensor_Edge_66_1,66.18,2023-01-01T10:20:00
Sensor_Edge_67_1,75.16,2023-01-01T10:20:00
Sensor_Edge_68_1,77.70,2023-01-01T10:20:00
Sensor_Edge_69_1,77.28,2023-01-01T10:20:00
Sensor_Edge_70_1,79.99,2023-01-01T10:20:00
Sensor_Edge_71_1,77.99,2023-01-01T10:20:00
Sensor_Edge_72_1,61.72,2023-01-01T10:20:00
Sensor_Edge_73_1,68.84,2023-01-01T10:20:00
Sensor_Edge_74_1,75.79,2023-01-01T10:20:00
Sensor_Edge_75_1,75.46,2023-01-01T10:20:00
Sensor_Edge_76_1,61.76,2023-01-01T10:20:00
Sensor_Edge_2_1,61.58,2023-01-01T10:25:00
Sensor_Edge_4_1,75.56,2023-01-01T10:25:00
Sensor_Edge_5_1,41.42,2023-01-01T10:25:00
Sensor_Edge_7_1,76.00,2023-01-01T10:25:00
Sensor_Edge_8_1,82.05,2023-01-01T10:25:00
Sensor_Edge_10_1,62.78,2023-01-01T10:25:00
Sensor_Edge_11_1,73.68,2023-01-01T10:25:00
Sensor_Edge_13_1,69.55,2023-01-01T10:25:00
Sensor_Edge_15_1,72.07,2023-01-01T10:25:00
Sensor_Edge_21_1,65.37,2023-01-01T10:25:00
Sensor_Edge_23_1,61.19,2023-01-01T10:25:00
Sensor_Edge_25_1,69.01,2023-01-01T10:25:00
Sensor_Edge_26_1,47.48,2023-01-01T10:25:00
Sensor_Edge_31_1,39.92,2023-01-01T10:25:00
Sensor_Edge_35_1,73.05,2023-01-01T10:25:00
Sensor_Edge_36_1,70.12,2023-01-01T10:25:00
Sensor_Edge_38_1,49.47,2023-01-01T10:25:00
Sensor_Edge_39_1,69.31,2023-01-01T10:25:00
Sensor_Edge_40_1,65.22,2023-01-01T10:25:00
Sensor_Edge_41_1,67.86,2023-01-01T10:25:00
Sensor_Edge_45_1,73.88,2023-01-01T10:25:00
Sensor_Edge_46_1,78.61,2023-01-01T10:25:00
Sensor_Edge_48_1,76.85,2023-01-01T10:25:00
Sensor_Edge_55_1,77.78,2023-01-01T10:25:00
Sensor_Edge_59_1,74.23,2023-01-01T10:25:00
Sensor_Edge_65_1,66.20,2023-01-01T10:25:00
Sensor_Edge_66_1,65.90,2023-01-01T10:25:00
Sensor_Edge_67_1,74.32,2023-01-01T10:25:00
Sensor_Edge_68_1,78.11,2023-01-01T10:25:00
Sensor_Edge_69_1,77.94,2023-01-01T10:25:00
Sensor_Edge_70_1,80.56,2023-01-01T10:25:00
Sensor_Edge_71_1,78.08,2023-01-01T10:25:00
Sensor_Edge_72_1,61.35,2023-01-01T10:25:00
Sensor_Edge_73_1,68.61,2023-01-01T10:25:00
Sensor_Edge_74_1,75.68,2023-01-01T10:25:00
Sensor_Edge_75_1,76.06,2023-01-01T10:25:00
Sensor_Edge_76_1,61.71,2023-01-01T10:25:00
Sensor_Edge_2_1,62.09,2023-01-01T10:30:00
Sensor_Edge_4_1,76.54,2023-01-01T10:30:00
Sensor_Edge_5_1,42.38,2023-01-01T10:30:00
Sensor_Edge_7_1,75.28,2023-01-01T10:30:00
Sensor_Edge_8_1,82.81,2023-01-01T10:30:00
Sensor_Edge_10_1,63.51,2023-01-01T10:30:00
Sensor_Edge_11_1,74.52,2023-01-01T10:30:00
Sensor_Edge_13_1,70.56,2023-01-01T10:30:00
Sensor_Edge_15_1,72.19,2023-01-01T10:30:00
Sensor_Edge_21_1,65.04,2023-01-01T10:30:00
Sensor_Edge_23_1,61.71,2023-01-01T10:30:00
Sensor_Edge_25_1,68.95,2023-01-01T10:30:00
Sensor_Edge_26_1,46.60,2023-01-01T10:30:00
Sensor_Edge_31_1,44.94,2023-01-01T10:30:00
Sensor_Edge_35_1,73.16,2023-01-01T10:30:00
Sensor_Edge_36_1,69.10,2023-01-01T10:30:00
Sensor_Edge_38_1,49.59,2023-01-01T10:30:00
Sensor_Edge_39_1,68.78,2023-01-01T10:30:00
Sensor_Edge_40_1,64.70,2023-01-01T10:30:00
Sensor_Edge_41_1,68.00,2023-01-01T10:30:00
Sensor_Edge_45_1,74.27,2023-01-01T10:30:00
Sensor_Edge_46_1,79.34,2023-01-01T10:30:00
Sensor_Edge_48_1,76.47,2023-01-01T10:30:00
Sensor_Edge_55_1,77.17,2023-01-01T10:30:00
Sensor_Edge_59_1,74.15,2023-01-01T10:30:00
Sensor_Edge_65_1,66.55,2023-01-01T10:30:00
Sensor_Edge_66_1,65.88,2023-01-01T10:30:00
Sensor_Edge_67_1,74.16,2023-01-01T10:30:00
Sensor_Edge_68_1,78.37,2023-01-01T10:30:00
Sensor_Edge_69_1,77.23,2023-01-01T10:30:00
Sensor_Edge_70_1,79.82,2023-01-01T10:30:00
Sensor_Edge_71_1,77.31,2023-01-01T10:30:00
Sensor_Edge_72_1,62.36,2023-01-01T10:30:00
Sensor_Edge_73_1,69.44,2023-01-01T10:30:00
Sensor_Edge_74_1,74.72,2023-01-01T10:30:00
Sensor_Edge_75_1,76.37,2023-01-01T10:30:00
Sensor_Edge_76_1,62.66,2023-01-01T10:30:00
Sensor_Edge_2_1,61.76,2023-01-01T10:35:00
Sensor_Edge_4_1,76.28,2023-01-01T10:35:00
Sensor_Edge_5_1,42.07,2023-01-01T10:35:00
Sensor_Edge_7_1,74.35,2023-01-01T10:35:00
Sensor_Edge_8_1,82.16,2023-01-01T10:35:00
Sensor_Edge_10_1,63.10,2023-01-01T10:35:00
Sensor_Edge_11_1,74.21,2023-01-01T10:35:00
Sensor_Edge_13_1,70.91,2023-01-01T10:35:00
Sensor_Edge_15_1,73.26,2023-01-01T10:35:00
Sensor_Edge_21_1,65.99,2023-01-01T10:35:00
Sensor_Edge_23_1,50.86,2023-01-01T10:35:00
Sensor_Edge_25_1,69.74,2023-01-01T10:35:00
Sensor_Edge_26_1,46.07,2023-01-01T10:35:00
Sensor_Edge_31_1,50.32,2023-01-01T10:35:00
Sensor_Edge_35_1,73.40,2023-01-01T10:35:00
Sensor_Edge_36_1,68.33,2023-01-01T10:35:00
Sensor_Edge_38_1,48.80,2023-01-01T10:35:00
Sensor_Edge_39_1,68.38,2023-01-01T10:35:00
Sensor_Edge_40_1,64.40,2023-01-01T10:35:00
Sensor_Edge_41_1,68.09,2023-01-01T10:35:00
Sensor_Edge_45_1,74.71,2023-01-01T10:35:00
Sensor_Edge_46_1,79.65,2023-01-01T10:35:00
Sensor_Edge_48_1,76.13,2023-01-01T10:35:00
Sensor_Edge_55_1,78.06,2023-01-01T10:35:00
Sensor_Edge_59_1,74.34,2023-01-01T10:35:00
Sensor_Edge_65_1,66.73,2023-01-01T10:35:00
Sensor_Edge_66_1,66.17,2023-01-01T10:35:00
Sensor_Edge_67_1,74.94,2023-01-01T10:35:00
Sensor_Edge_68_1,78.88,2023-01-01T10:35:00
Sensor_Edge_69_1,76.47,2023-01-01T10:35:00
Sensor_Edge_70_1,80.10,2023-01-01T10:35:00
Sensor_Edge_71_1,77.53,2023-01-01T10:35:00
Sensor_Edge_72_1,62.95,2023-01-01T10:35:00
Sensor_Edge_73_1,68.52,2023-01-01T10:35:00
Sensor_Edge_74_1,74.98,2023-01-01T10:35:00
Sensor_Edge_75_1,75.98,2023-01-01T10:35:00
Sensor_Edge_76_1,62.29,2023-01-01T10:35:00
Sensor_Edge_2_1,62.08,2023-01-01T10:40:00
Sensor_Edge_4_1,75.51,2023-01-01T10:40:00
Sensor_Edge_5_1,42.09,2023-01-01T10:40:00
Sensor_Edge_7_1,74.18,2023-01-01T10:40:00
Sensor_Edge_8_1,81.58,2023-01-01T10:40:00
Sensor_Edge_10_1,63.98,2023-01-01T10:40:00
Sensor_Edge_11_1,73.22,2023-01-01T10:40:00
Sensor_Edge_13_1,70.36,2023-01-01T10:40:00
Sensor_Edge_15_1,73.05,2023-01-01T10:40:00
Sensor_Edge_21_1,66.97,2023-01-01T10:40:00
Sensor_Edge_23_1,40.01,2023-01-01T10:40:00
Sensor_Edge_25_1,69.51,2023-01-01T10:40:00
Sensor_Edge_26_1,45.57,2023-01-01T10:40:00
Sensor_Edge_31_1,54.70,2023-01-01T10:40:00
Sensor_Edge_35_1,73.25,2023-01-01T10:40:00
Sensor_Edge_36_1,68.91,2023-01-01T10:40:00
Sensor_Edge_38_1,48.92,2023-01-01T10:40:00
Sensor_Edge_39_1,68.14,2023-01-01T10:40:00
Sensor_Edge_40_1,63.92,2023-01-01T10:40:00
Sensor_Edge_41_1,69.05,2023-01-01T10:40:00
Sensor_Edge_45_1,74.44,2023-01-01T10:40:00
Sensor_Edge_46_1,78.83,2023-01-01T10:40:00
Sensor_Edge_48_1,75.60,2023-01-01T10:40:00
Sensor_Edge_55_1,78.16,2023-01-01T10:40:00
Sensor_Edge_59_1,73.43,2023-01-01T10:40:00
Sensor_Edge_65_1,66.97,2023-01-01T10:40:00
Sensor_Edge_66_1,66.57,2023-01-01T10:40:00
Sensor_Edge_67_1,73.94,2023-01-01T10:40:00
Sensor_Edge_68_1,78.01,2023-01-01T10:40:00
Sensor_Edge_69_1,76.20,2023-01-01T10:40:00
Sensor_Edge_70_1,79.69,2023-01-01T10:40:00
Sensor_Edge_71_1,78.17,2023-01-01T10:40:00
Sensor_Edge_72_1,62.87,2023-01-01T10:40:00
Sensor_Edge_73_1,67.72,2023-01-01T10:40:00
Sensor_Edge_74_1,66.07,2023-01-01T10:40:00
Sensor_Edge_75_1,76.89,2023-01-01T10:40:00
Sensor_Edge_76_1,62.39,2023-01-01T10:40:00
Sensor_Edge_2_1,61.55,2023-01-01T10:45:00
Sensor_Edge_4_1,75.76,2023-01-01T10:45:00
Sensor_Edge_5_1,41.94,2023-01-01T10:45:00
Sensor_Edge_7_1,74.60,2023-01-01T10:45:00
Sensor_Edge_8_1,81.82,2023-01-01T10:45:00
Sensor_Edge_10_1,63.97,2023-01-01T10:45:00
Sensor_Edge_11_1,73.04,2023-01-01T10:45:00
Sensor_Edge_13_1,70.55,2023-01-01T10:45:00
Sensor_Edge_15_1,72.38,2023-01-01T10:45:00
Sensor_Edge_21_1,67.83,2023-01-01T10:45:00
Sensor_Edge_23_1,29.17,2023-01-01T10:45:00
Sensor_Edge_25_1,69.31,2023-01-01T10:45:00
Sensor_Edge_26_1,45.87,2023-01-01T10:45:00
Sensor_Edge_31_1,57.67,2023-01-01T10:45:00
Sensor_Edge_35_1,73.19,2023-01-01T10:45:00
Sensor_Edge_36_1,68.43,2023-01-01T10:45:00
Sensor_Edge_38_1,48.68,2023-01-01T10:45:00
Sensor_Edge_39_1,67.58,2023-01-01T10:45:00
Sensor_Edge_40_1,64.53,2023-01-01T10:45:00
Sensor_Edge_41_1,69.26,2023-01-01T10:45:00
Sensor_Edge_45_1,74.65,2023-01-01T10:45:00
Sensor_Edge_46_1,79.69,2023-01-01T10:45:00
Sensor_Edge_48_1,75.96,2023-01-01T10:45:00
Sensor_Edge_55_1,79.07,2023-01-01T10:45:00
Sensor_Edge_59_1,74.33,2023-01-01T10:45:00
Sensor_Edge_65_1,67.37,2023-01-01T10:45:00
Sensor_Edge_66_1,67.44,2023-01-01T10:45:00
Sensor_Edge_67_1,72.78,2023-01-01T10:45:00
Sensor_Edge_68_1,77.62,2023-01-01T10:45:00
Sensor_Edge_69_1,76.23,2023-01-01T10:45:00
Sensor_Edge_70_1,80.50,2023-01-01T10:45:00
Sensor_Edge_71_1,78.52,2023-01-01T10:45:00
Sensor_Edge_72_1,63.11,2023-01-01T10:45:00
Sensor_Edge_73_1,68.59,2023-01-01T10:45:00
Sensor_Edge_74_1,57.16,2023-01-01T10:45:00
Sensor_Edge_75_1,77.37,2023-01-01T10:45:00
Sensor_Edge_76_1,61.82,2023-01-01T10:45:00
Sensor_Edge_2_1,61.46,2023-01-01T10:50:00
Sensor_Edge_4_1,75.78,2023-01-01T10:50:00
Sensor_Edge_5_1,41.40,2023-01-01T10:50:00
Sensor_Edge_7_1,74.73,2023-01-01T10:50:00
Sensor_Edge_8_1,81.22,2023-01-01T10:50:00
Sensor_Edge_10_1,64.03,2023-01-01T10:50:00
Sensor_Edge_11_1,73.01,2023-01-01T10:50:00
Sensor_Edge_13_1,70.91,2023-01-01T10:50:00
Sensor_Edge_15_1,72.28,2023-01-01T10:50:00
Sensor_Edge_21_1,68.73,2023-01-01T10:50:00
Sensor_Edge_23_1,36.31,2023-01-01T10:50:00
Sensor_Edge_25_1,68.23,2023-01-01T10:50:00
Sensor_Edge_26_1,46.72,2023-01-01T10:50:00
Sensor_Edge_31_1,59.24,2023-01-01T10:50:00
Sensor_Edge_35_1,73.70,2023-01-01T10:50:00
Sensor_Edge_36_1,68.48,2023-01-01T10:50:00
Sensor_Edge_38_1,49.17,2023-01-01T10:50:00
Sensor_Edge_39_1,66.75,2023-01-01T10:50:00
Sensor_Edge_40_1,65.32,2023-01-01T10:50:00
Sensor_Edge_41_1,69.88,2023-01-01T10:50:00
Sensor_Edge_45_1,74.17,2023-01-01T10:50:00
Sensor_Edge_46_1,80.08,2023-01-01T10:50:00
Sensor_Edge_48_1,75.20,2023-01-01T10:50:00
Sensor_Edge_55_1,78.86,2023-01-01T10:50:00
Sensor_Edge_59_1,75.30,2023-01-01T10:50:00
Sensor_Edge_65_1,67.68,2023-01-01T10:50:00
Sensor_Edge_66_1,67.56,2023-01-01T10:50:00
Sensor_Edge_67_1,73.13,2023-01-01T10:50:00
Sensor_Edge_68_1,77.59,2023-01-01T10:50:00
Sensor_Edge_69_1,75.26,2023-01-01T10:50:00
Sensor_Edge_70_1,81.29,2023-01-01T10:50:00
Sensor_Edge_71_1,78.06,2023-01-01T10:50:00
Sensor_Edge_72_1,62.31,2023-01-01T10:50:00
Sensor_Edge_73_1,68.37,2023-01-01T10:50:00
Sensor_Edge_74_1,48.25,2023-01-01T10:50:00
Sensor_Edge_75_1,78.11,2023-01-01T10:50:00
Sensor_Edge_76_1,62.50,2023-01-01T10:50:00
Sensor_Edge_2_1,62.32,2023-01-01T10:55:00
Sensor_Edge_4_1,76.18,2023-01-01T10:55:00
Sensor_Edge_5_1,40.62,2023-01-01T10:55:00
Sensor_Edge_7_1,73.82,2023-01-01T10:55:00
Sensor_Edge_8_1,81.89,2023-01-01T10:55:00
Sensor_Edge_10_1,64.79,2023-01-01T10:55:00
Sensor_Edge_11_1,73.38,2023-01-01T10:55:00
Sensor_Edge_13_1,71.89,2023-01-01T10:55:00
Sensor_Edge_15_1,72.83,2023-01-01T10:55:00
Sensor_Edge_21_1,68.19,2023-01-01T10:55:00
Sensor_Edge_23_1,42.46,2023-01-01T10:55:00
Sensor_Edge_25_1,67.40,2023-01-01T10:55:00
Sensor_Edge_26_1,46.51,2023-01-01T10:55:00
Sensor_Edge_31_1,60.63,2023-01-01T10:55:00
Sensor_Edge_35_1,72.69,2023-01-01T10:55:00
Sensor_Edge_36_1,68.66,2023-01-01T10:55:00
Sensor_Edge_38_1,49.63,2023-01-01T10:55:00
Sensor_Edge_39_1,67.43,2023-01-01T10:55:00
Sensor_Edge_40_1,64.34,2023-01-01T10:55:00
Sensor_Edge_41_1,70.61,2023-01-01T10:55:00
Sensor_Edge_45_1,74.79,2023-01-01T10:55:00
Sensor_Edge_46_1,80.39,2023-01-01T10:55:00
Sensor_Edge_48_1,75.92,2023-01-01T10:55:00
Sensor_Edge_55_1,79.73,2023-01-01T10:55:00
Sensor_Edge_59_1,75.49,2023-01-01T10:55:00
Sensor_Edge_65_1,67.54,2023-01-01T10:55:00
Sensor_Edge_66_1,66.90,2023-01-01T10:55:00
Sensor_Edge_67_1,73.77,2023-01-01T10:55:00
Sensor_Edge_68_1,77.48,2023-01-01T10:55:00
Sensor_Edge_69_1,75.16,2023-01-01T10:55:00
Sensor_Edge_70_1,81.38,2023-01-01T10:55:00
Sensor_Edge_71_1,79.13,2023-01-01T10:55:00
Sensor_Edge_72_1,62.34,2023-01-01T10:55:00
Sensor_Edge_73_1,67.59,2023-01-01T10:55:00
Sensor_Edge_74_1,39.34,2023-01-01T10:55:00
Sensor_Edge_75_1,78.04,2023-01-01T10:55:00
Sensor_Edge_76_1,61.62,2023-01-01T10:55:00
Sensor_Edge_2_1,63.23,2023-01-01T11:00:00
Sensor_Edge_4_1,76.59,2023-01-01T11:00:00
Sensor_Edge_5_1,39.83,2023-01-01T11:00:00
Sensor_Edge_7_1,74.54,2023-01-01T11:00:00
Sensor_Edge_8_1,82.13,2023-01-01T11:00:00
Sensor_Edge_10_1,65.14,2023-01-01T11:00:00
Sensor_Edge_11_1,72.51,2023-01-01T11:00:00
Sensor_Edge_13_1,72.12,2023-01-01T11:00:00
Sensor_Edge_15_1,73.22,2023-01-01T11:00:00
Sensor_Edge_21_1,68.01,2023-01-01T11:00:00
Sensor_Edge_23_1,47.53,2023-01-01T11:00:00
Sensor_Edge_25_1,66.75,2023-01-01T11:00:00
Sensor_Edge_26_1,45.53,2023-01-01T11:00:00
Sensor_Edge_31_1,62.34,2023-01-01T11:00:00
Sensor_Edge_35_1,75.42,2023-01-01T11:00:00
Sensor_Edge_36_1,69.45,2023-01-01T11:00:00
Sensor_Edge_38_1,50.05,2023-01-01T11:00:00
Sensor_Edge_39_1,67.14,2023-01-01T11:00:00
Sensor_Edge_40_1,65.29,2023-01-01T11:00:00
Sensor_Edge_41_1,70.13,2023-01-01T11:00:00
Sensor_Edge_45_1,75.15,2023-01-01T11:00:00
Sensor_Edge_46_1,81.01,2023-01-01T11:00:00
Sensor_Edge_48_1,75.03,2023-01-01T11:00:00
Sensor_Edge_55_1,80.23,2023-01-01T11:00:00
Sensor_Edge_59_1,75.35,2023-01-01T11:00:00
Sensor_Edge_65_1,67.43,2023-01-01T11:00:00
Sensor_Edge_66_1,67.24,2023-01-01T11:00:00
Sensor_Edge_67_1,73.15,2023-01-01T11:00:00
Sensor_Edge_68_1,78.14,2023-01-01T11:00:00
Sensor_Edge_69_1,74.36,2023-01-01T11:00:00
Sensor_Edge_70_1,81.71,2023-01-01T11:00:00
Sensor_Edge_71_1,79.34,2023-01-01T11:00:00
Sensor_Edge_72_1,62.59,2023-01-01T11:00:00
Sensor_Edge_73_1,68.17,2023-01-01T11:00:00
Sensor_Edge_74_1,47.02,2023-01-01T11:00:00
Sensor_Edge_75_1,78.39,2023-01-01T11:00:00
Sensor_Edge_76_1,61.04,2023-01-01T11:00:00
Sensor_Edge_2_1,62.81,2023-01-01T11:05:00
Sensor_Edge_4_1,76.07,2023-01-01T11:05:00
Sensor_Edge_5_1,40.62,2023-01-01T11:05:00
Sensor_Edge_7_1,73.97,2023-01-01T11:05:00
Sensor_Edge_8_1,81.08,2023-01-01T11:05:00
Sensor_Edge_10_1,64.67,2023-01-01T11:05:00
Sensor_Edge_11_1,72.75,2023-01-01T11:05:00
Sensor_Edge_13_1,73.00,2023-01-01T11:05:00
Sensor_Edge_15_1,74.06,2023-01-01T11:05:00
Sensor_Edge_21_1,67.21,2023-01-01T11:05:00
Sensor_Edge_23_1,51.39,2023-01-01T11:05:00
Sensor_Edge_25_1,66.41,2023-01-01T11:05:00
Sensor_Edge_26_1,45.21,2023-01-01T11:05:00
Sensor_Edge_31_1,63.55,2023-01-01T11:05:00
Sensor_Edge_35_1,77.60,2023-01-01T11:05:00
Sensor_Edge_36_1,68.89,2023-01-01T11:05:00
Sensor_Edge_38_1,50.95,2023-01-01T11:05:00
Sensor_Edge_39_1,67.20,2023-01-01T11:05:00
Sensor_Edge_40_1,66.89,2023-01-01T11:05:00
Sensor_Edge_41_1,70.53,2023-01-01T11:05:00
Sensor_Edge_45_1,75.07,2023-01-01T11:05:00
Sensor_Edge_46_1,80.98,2023-01-01T11:05:00
Sensor_Edge_48_1,75.28,2023-01-01T11:05:00
Sensor_Edge_55_1,80.70,2023-01-01T11:05:00
Sensor_Edge_59_1,75.88,2023-01-01T11:05:00
Sensor_Edge_65_1,66.37,2023-01-01T11:05:00
Sensor_Edge_66_1,68.13,2023-01-01T11:05:00
Sensor_Edge_67_1,72.27,2023-01-01T11:05:00
Sensor_Edge_68_1,78.81,2023-01-01T11:05:00
Sensor_Edge_69_1,75.30,2023-01-01T11:05:00
Sensor_Edge_70_1,80.83,2023-01-01T11:05:00
Sensor_Edge_71_1,79.34,2023-01-01T11:05:00
Sensor_Edge_72_1,63.57,2023-01-01T11:05:00
Sensor_Edge_73_1,68.59,2023-01-01T11:05:00
Sensor_Edge_74_1,52.77,2023-01-01T11:05:00
Sensor_Edge_75_1,78.74,2023-01-01T11:05:00
Sensor_Edge_76_1,61.91,2023-01-01T11:05:00
Sensor_Edge_2_1,63.02,2023-01-01T11:10:00
Sensor_Edge_4_1,77.15,2023-01-01T11:10:00
Sensor_Edge_5_1,39.99,2023-01-01T11:10:00
Sensor_Edge_7_1,74.63,2023-01-01T11:10:00
Sensor_Edge_8_1,81.78,2023-01-01T11:10:00
Sensor_Edge_10_1,65.59,2023-01-01T11:10:00
Sensor_Edge_11_1,72.96,2023-01-01T11:10:00
Sensor_Edge_13_1,72.22,2023-01-01T11:10:00
Sensor_Edge_15_1,74.61,2023-01-01T11:10:00
Sensor_Edge_21_1,67.02,2023-01-01T11:10:00
Sensor_Edge_23_1,53.96,2023-01-01T11:10:00
Sensor_Edge_25_1,67.02,2023-01-01T11:10:00
Sensor_Edge_26_1,44.27,2023-01-01T11:10:00
Sensor_Edge_31_1,63.98,2023-01-01T11:10:00
Sensor_Edge_35_1,79.69,2023-01-01T11:10:00
Sensor_Edge_36_1,68.28,2023-01-01T11:10:00
Sensor_Edge_38_1,50.26,2023-01-01T11:10:00
Sensor_Edge_39_1,67.50,2023-01-01T11:10:00
Sensor_Edge_40_1,68.52,2023-01-01T11:10:00
Sensor_Edge_41_1,70.04,2023-01-01T11:10:00
Sensor_Edge_45_1,74.61,2023-01-01T11:10:00
Sensor_Edge_46_1,80.04,2023-01-01T11:10:00
Sensor_Edge_48_1,75.05,2023-01-01T11:10:00
Sensor_Edge_55_1,81.04,2023-01-01T11:10:00
Sensor_Edge_59_1,76.07,2023-01-01T11:10:00
Sensor_Edge_65_1,65.72,2023-01-01T11:10:00
Sensor_Edge_66_1,68.77,2023-01-01T11:10:00
Sensor_Edge_67_1,72.01,2023-01-01T11:10:00
Sensor_Edge_68_1,78.95,2023-01-01T11:10:00
Sensor_Edge_69_1,75.70,2023-01-01T11:10:00
Sensor_Edge_70_1,81.43,2023-01-01T11:10:00
Sensor_Edge_71_1,78.92,2023-01-01T11:10:00
Sensor_Edge_72_1,63.89,2023-01-01T11:10:00
Sensor_Edge_73_1,68.89,2023-01-01T11:10:00
Sensor_Edge_74_1,57.51,2023-01-01T11:10:00
Sensor_Edge_75_1,77.93,2023-01-01T11:10:00
Sensor_Edge_76_1,62.90,2023-01-01T11:10:00
Sensor_Edge_2_1,62.33,2023-01-01T11:15:00
Sensor_Edge_4_1,77.84,2023-01-01T11:15:00
Sensor_Edge_5_1,39.09,2023-01-01T11:15:00
Sensor_Edge_7_1,74.74,2023-01-01T11:15:00
Sensor_Edge_8_1,81.36,2023-01-01T11:15:00
Sensor_Edge_10_1,65.90,2023-01-01T11:15:00
Sensor_Edge_11_1,75.44,2023-01-01T11:15:00
Sensor_Edge_13_1,72.46,2023-01-01T11:15:00
Sensor_Edge_15_1,75.08,2023-01-01T11:15:00
Sensor_Edge_21_1,66.88,2023-01-01T11:15:00
Sensor_Edge_23_1,55.41,2023-01-01T11:15:00
Sensor_Edge_25_1,67.30,2023-01-01T11:15:00
Sensor_Edge_26_1,44.42,2023-01-01T11:15:00
Sensor_Edge_31_1,64.65,2023-01-01T11:15:00
Sensor_Edge_35_1,81.58,2023-01-01T11:15:00
Sensor_Edge_36_1,68.13,2023-01-01T11:15:00
Sensor_Edge_38_1,49.29,2023-01-01T11:15:00
Sensor_Edge_39_1,68.05,2023-01-01T11:15:00
Sensor_Edge_40_1,69.11,2023-01-01T11:15:00
Sensor_Edge_41_1,70.41,2023-01-01T11:15:00
Sensor_Edge_45_1,74.68,2023-01-01T11:15:00
Sensor_Edge_46_1,79.24,2023-01-01T11:15:00
Sensor_Edge_48_1,74.06,2023-01-01T11:15:00
Sensor_Edge_55_1,80.66,2023-01-01T11:15:00
Sensor_Edge_59_1,76.83,2023-01-01T11:15:00
Sensor_Edge_65_1,66.08,2023-01-01T11:15:00
Sensor_Edge_66_1,68.03,2023-01-01T11:15:00
Sensor_Edge_67_1,71.35,2023-01-01T11:15:00
Sensor_Edge_68_1,78.73,2023-01-01T11:15:00
Sensor_Edge_69_1,76.64,2023-01-01T11:15:00
Sensor_Edge_70_1,80.34,2023-01-01T11:15:00
Sensor_Edge_71_1,78.83,2023-01-01T11:15:00
Sensor_Edge_72_1,63.29,2023-01-01T11:15:00
Sensor_Edge_73_1,68.74,2023-01-01T11:15:00
Sensor_Edge_74_1,60.32,2023-01-01T11:15:00
Sensor_Edge_75_1,78.22,2023-01-01T11:15:00
Sensor_Edge_76_1,62.01,2023-01-01T11:15:00
Sensor_Edge_2_1,63.46,2023-01-01T11:20:00
Sensor_Edge_4_1,78.27,2023-01-01T11:20:00
Sensor_Edge_5_1,39.38,2023-01-01T11:20:00
Sensor_Edge_7_1,74.43,2023-01-01T11:20:00
Sensor_Edge_8_1,80.44,2023-01-01T11:20:00
Sensor_Edge_10_1,66.73,2023-01-01T11:20:00
Sensor_Edge_11_1,77.64,2023-01-01T11:20:00
Sensor_Edge_13_1,73.37,2023-01-01T11:20:00
Sensor_Edge_15_1,75.92,2023-01-01T11:20:00
Sensor_Edge_21_1,67.78,2023-01-01T11:20:00
Sensor_Edge_23_1,57.02,2023-01-01T11:20:00
Sensor_Edge_25_1,67.98,2023-01-01T11:20:00
Sensor_Edge_26_1,45.12,2023-01-01T11:20:00
Sensor_Edge_31_1,64.71,2023-01-01T11:20:00
Sensor_Edge_35_1,83.61,2023-01-01T11:20:00
Sensor_Edge_36_1,68.10,2023-01-01T11:20:00
Sensor_Edge_38_1,49.50,2023-01-01T11:20:00
Sensor_Edge_39_1,68.97,2023-01-01T11:20:00
Sensor_Edge_40_1,70.62,2023-01-01T11:20:00
Sensor_Edge_41_1,71.03,2023-01-01T11:20:00
Sensor_Edge_45_1,74.50,2023-01-01T11:20:00
Sensor_Edge_46_1,79.89,2023-01-01T11:20:00
Sensor_Edge_48_1,74.57,2023-01-01T11:20:00
Sensor_Edge_55_1,80.48,2023-01-01T11:20:00
Sensor_Edge_59_1,75.85,2023-01-01T11:20:00
Sensor_Edge_65_1,66.18,2023-01-01T11:20:00
Sensor_Edge_66_1,68.47,2023-01-01T11:20:00
Sensor_Edge_67_1,70.60,2023-01-01T11:20:00
Sensor_Edge_68_1,78.66,2023-01-01T11:20:00
Sensor_Edge_69_1,71.80,2023-01-01T11:20:00
Sensor_Edge_70_1,79.34,2023-01-01T11:20:00
Sensor_Edge_71_1,78.62,2023-01-01T11:20:00
Sensor_Edge_72_1,62.58,2023-01-01T11:20:00
Sensor_Edge_73_1,68.13,2023-01-01T11:20:00
Sensor_Edge_74_1,63.56,2023-01-01T11:20:00
Sensor_Edge_75_1,78.69,2023-01-01T11:20:00
Sensor_Edge_76_1,62.68,2023-01-01T11:20:00
Sensor_Edge_2_1,64.25,2023-01-01T11:25:00
Sensor_Edge_4_1,78.09,2023-01-01T11:25:00
Sensor_Edge_5_1,39.62,2023-01-01T11:25:00
Sensor_Edge_7_1,73.94,2023-01-01T11:25:00
Sensor_Edge_8_1,80.89,2023-01-01T11:25:00
Sensor_Edge_10_1,66.75,2023-01-01T11:25:00
Sensor_Edge_11_1,79.62,2023-01-01T11:25:00
Sensor_Edge_13_1,72.87,2023-01-01T11:25:00
Sensor_Edge_15_1,76.53,2023-01-01T11:25:00
Sensor_Edge_21_1,68.15,2023-01-01T11:25:00
Sensor_Edge_23_1,57.88,2023-01-01T11:25:00
Sensor_Edge_25_1,67.75,2023-01-01T11:25:00
Sensor_Edge_26_1,44.89,2023-01-01T11:25:00
Sensor_Edge_31_1,65.36,2023-01-01T11:25:00
Sensor_Edge_35_1,85.30,2023-01-01T11:25:00
Sensor_Edge_36_1,67.18,2023-01-01T11:25:00
Sensor_Edge_38_1,49.81,2023-01-01T11:25:00
Sensor_Edge_39_1,69.49,2023-01-01T11:25:00
Sensor_Edge_40_1,71.83,2023-01-01T11:25:00
Sensor_Edge_41_1,71.75,2023-01-01T11:25:00
Sensor_Edge_45_1,74.29,2023-01-01T11:25:00
Sensor_Edge_46_1,80.75,2023-01-01T11:25:00
Sensor_Edge_48_1,75.35,2023-01-01T11:25:00
Sensor_Edge_55_1,80.85,2023-01-01T11:25:00
Sensor_Edge_59_1,74.90,2023-01-01T11:25:00
Sensor_Edge_65_1,65.26,2023-01-01T11:25:00
Sensor_Edge_66_1,68.33,2023-01-01T11:25:00
Sensor_Edge_67_1,69.89,2023-01-01T11:25:00
Sensor_Edge_68_1,79.15,2023-01-01T11:25:00
Sensor_Edge_69_1,66.96,2023-01-01T11:25:00
Sensor_Edge_70_1,79.33,2023-01-01T11:25:00
Sensor_Edge_71_1,79.02,2023-01-01T11:25:00
Sensor_Edge_72_1,62.49,2023-01-01T11:25:00
Sensor_Edge_73_1,67.67,2023-01-01T11:25:00
Sensor_Edge_74_1,66.52,2023-01-01T11:25:00
Sensor_Edge_75_1,78.80,2023-01-01T11:25:00
Sensor_Edge_76_1,63.36,2023-01-01T11:25:00
Sensor_Edge_2_1,64.37,2023-01-01T11:30:00
Sensor_Edge_4_1,78.67,2023-01-01T11:30:00
Sensor_Edge_5_1,39.67,2023-01-01T11:30:00
Sensor_Edge_7_1,74.90,2023-01-01T11:30:00
Sensor_Edge_8_1,81.17,2023-01-01T11:30:00
Sensor_Edge_10_1,66.71,2023-01-01T11:30:00
Sensor_Edge_11_1,81.03,2023-01-01T11:30:00
Sensor_Edge_13_1,71.84,2023-01-01T11:30:00
Sensor_Edge_15_1,75.79,2023-01-01T11:30:00
Sensor_Edge_21_1,68.81,2023-01-01T11:30:00
Sensor_Edge_23_1,59.75,2023-01-01T11:30:00
Sensor_Edge_25_1,67.38,2023-01-01T11:30:00
Sensor_Edge_26_1,44.91,2023-01-01T11:30:00
Sensor_Edge_31_1,65.31,2023-01-01T11:30:00
Sensor_Edge_35_1,85.90,2023-01-01T11:30:00
Sensor_Edge_36_1,67.68,2023-01-01T11:30:00
Sensor_Edge_38_1,49.65,2023-01-01T11:30:00
Sensor_Edge_39_1,68.85,2023-01-01T11:30:00
Sensor_Edge_40_1,72.72,2023-01-01T11:30:00
Sensor_Edge_41_1,71.79,2023-01-01T11:30:00
Sensor_Edge_45_1,73.64,2023-01-01T11:30:00
Sensor_Edge_46_1,80.78,2023-01-01T11:30:00
Sensor_Edge_48_1,75.95,2023-01-01T11:30:00
Sensor_Edge_55_1,79.82,2023-01-01T11:30:00
Sensor_Edge_59_1,74.68,2023-01-01T11:30:00
Sensor_Edge_65_1,65.71,2023-01-01T11:30:00
Sensor_Edge_66_1,67.52,2023-01-01T11:30:00
Sensor_Edge_67_1,70.47,2023-01-01T11:30:00
Sensor_Edge_68_1,79.26,2023-01-01T11:30:00
Sensor_Edge_69_1,62.12,2023-01-01T11:30:00
Sensor_Edge_70_1,80.06,2023-01-01T11:30:00
Sensor_Edge_71_1,78.93,2023-01-01T11:30:00
Sensor_Edge_72_1,62.29,2023-01-01T11:30:00
Sensor_Edge_73_1,67.48,2023-01-01T11:30:00
Sensor_Edge_74_1,67.51,2023-01-01T11:30:00
Sensor_Edge_75_1,78.42,2023-01-01T11:30:00
Sensor_Edge_76_1,62.53,2023-01-01T11:30:00
Sensor_Edge_2_1,64.42,2023-01-01T11:35:00
Sensor_Edge_4_1,79.43,2023-01-01T11:35:00
Sensor_Edge_5_1,40.28,2023-01-01T11:35:00
Sensor_Edge_7_1,74.23,2023-01-01T11:35:00
Sensor_Edge_8_1,81.65,2023-01-01T11:35:00
Sensor_Edge_10_1,66.54,2023-01-01T11:35:00
Sensor_Edge_11_1,82.76,2023-01-01T11:35:00
Sensor_Edge_13_1,71.42,2023-01-01T11:35:00
Sensor_Edge_15_1,75.84,2023-01-01T11:35:00
Sensor_Edge_21_1,67.83,2023-01-01T11:35:00
Sensor_Edge_23_1,61.24,2023-01-01T11:35:00
Sensor_Edge_25_1,67.50,2023-01-01T11:35:00
Sensor_Edge_26_1,45.55,2023-01-01T11:35:00
Sensor_Edge_31_1,65.62,2023-01-01T11:35:00
Sensor_Edge_35_1,87.73,2023-01-01T11:35:00
Sensor_Edge_36_1,67.62,2023-01-01T11:35:00
Sensor_Edge_38_1,49.29,2023-01-01T11:35:00
Sensor_Edge_39_1,69.58,2023-01-01T11:35:00
Sensor_Edge_40_1,74.30,2023-01-01T11:35:00
Sensor_Edge_41_1,72.56,2023-01-01T11:35:00
Sensor_Edge_45_1,74.43,2023-01-01T11:35:00
Sensor_Edge_46_1,80.52,2023-01-01T11:35:00
Sensor_Edge_48_1,75.87,2023-01-01T11:35:00
Sensor_Edge_55_1,79.22,2023-01-01T11:35:00
Sensor_Edge_59_1,75.65,2023-01-01T11:35:00
Sensor_Edge_65_1,64.85,2023-01-01T11:35:00
Sensor_Edge_66_1,66.85,2023-01-01T11:35:00
Sensor_Edge_67_1,70.78,2023-01-01T11:35:00
Sensor_Edge_68_1,79.57,2023-01-01T11:35:00
Sensor_Edge_69_1,57.28,2023-01-01T11:35:00
Sensor_Edge_70_1,80.14,2023-01-01T11:35:00
Sensor_Edge_71_1,79.10,2023-01-01T11:35:00
Sensor_Edge_72_1,61.83,2023-01-01T11:35:00
Sensor_Edge_73_1,68.19,2023-01-01T11:35:00
Sensor_Edge_74_1,68.01,2023-01-01T11:35:00
Sensor_Edge_75_1,77.71,2023-01-01T11:35:00
Sensor_Edge_76_1,62.41,2023-01-01T11:35:00
Sensor_Edge_2_1,63.91,2023-01-01T11:40:00
Sensor_Edge_4_1,78.77,2023-01-01T11:40:00
Sensor_Edge_5_1,39.42,2023-01-01T11:40:00
Sensor_Edge_7_1,75.16,2023-01-01T11:40:00
Sensor_Edge_8_1,81.68,2023-01-01T11:40:00
Sensor_Edge_10_1,67.04,2023-01-01T11:40:00
Sensor_Edge_11_1,83.43,2023-01-01T11:40:00
Sensor_Edge_13_1,71.56,2023-01-01T11:40:00
Sensor_Edge_15_1,76.51,2023-01-01T11:40:00
Sensor_Edge_21_1,67.43,2023-01-01T11:40:00
Sensor_Edge_23_1,60.90,2023-01-01T11:40:00
Sensor_Edge_25_1,67.88,2023-01-01T11:40:00
Sensor_Edge_26_1,46.28,2023-01-01T11:40:00
Sensor_Edge_31_1,66.65,2023-01-01T11:40:00
Sensor_Edge_35_1,90.02,2023-01-01T11:40:00
Sensor_Edge_36_1,68.19,2023-01-01T11:40:00
Sensor_Edge_38_1,48.99,2023-01-01T11:40:00
Sensor_Edge_39_1,70.27,2023-01-01T11:40:00
Sensor_Edge_40_1,76.12,2023-01-01T11:40:00
Sensor_Edge_41_1,72.84,2023-01-01T11:40:00
Sensor_Edge_45_1,73.57,2023-01-01T11:40:00
Sensor_Edge_46_1,79.81,2023-01-01T11:40:00
Sensor_Edge_48_1,74.98,2023-01-01T11:40:00
Sensor_Edge_55_1,80.19,2023-01-01T11:40:00
Sensor_Edge_59_1,76.37,2023-01-01T11:40:00
Sensor_Edge_65_1,65.50,2023-01-01T11:40:00
Sensor_Edge_66_1,66.14,2023-01-01T11:40:00
Sensor_Edge_67_1,69.87,2023-01-01T11:40:00
Sensor_Edge_68_1,79.10,2023-01-01T11:40:00
Sensor_Edge_69_1,52.44,2023-01-01T11:40:00
Sensor_Edge_70_1,80.25,2023-01-01T11:40:00
Sensor_Edge_71_1,79.13,2023-01-01T11:40:00
Sensor_Edge_72_1,61.91,2023-01-01T11:40:00
Sensor_Edge_73_1,67.55,2023-01-01T11:40:00
Sensor_Edge_74_1,69.23,2023-01-01T11:40:00
Sensor_Edge_75_1,77.21,2023-01-01T11:40:00
Sensor_Edge_76_1,62.69,2023-01-01T11:40:00
Sensor_Edge_2_1,63.69,2023-01-01T11:45:00
Sensor_Edge_4_1,78.27,2023-01-01T11:45:00
Sensor_Edge_5_1,38.82,2023-01-01T11:45:00
Sensor_Edge_7_1,74.12,2023-01-01T11:45:00
Sensor_Edge_8_1,81.69,2023-01-01T11:45:00
Sensor_Edge_10_1,67.68,2023-01-01T11:45:00
Sensor_Edge_11_1,83.72,2023-01-01T11:45:00
Sensor_Edge_13_1,72.05,2023-01-01T11:45:00
Sensor_Edge_15_1,75.52,2023-01-01T11:45:00
Sensor_Edge_21_1,66.42,2023-01-01T11:45:00
Sensor_Edge_23_1,62.18,2023-01-01T11:45:00
Sensor_Edge_25_1,66.82,2023-01-01T11:45:00
Sensor_Edge_26_1,45.54,2023-01-01T11:45:00
Sensor_Edge_31_1,67.21,2023-01-01T11:45:00
Sensor_Edge_35_1,91.66,2023-01-01T11:45:00
Sensor_Edge_36_1,67.87,2023-01-01T11:45:00
Sensor_Edge_38_1,49.11,2023-01-01T11:45:00
Sensor_Edge_39_1,69.78,2023-01-01T11:45:00
Sensor_Edge_40_1,78.04,2023-01-01T11:45:00
Sensor_Edge_41_1,72.52,2023-01-01T11:45:00
Sensor_Edge_45_1,72.86,2023-01-01T11:45:00
Sensor_Edge_46_1,80.59,2023-01-01T11:45:00
Sensor_Edge_48_1,73.96,2023-01-01T11:45:00
Sensor_Edge_55_1,80.57,2023-01-01T11:45:00
Sensor_Edge_59_1,75.43,2023-01-01T11:45:00
Sensor_Edge_65_1,65.60,2023-01-01T11:45:00
Sensor_Edge_66_1,66.92,2023-01-01T11:45:00
Sensor_Edge_67_1,70.80,2023-01-01T11:45:00
Sensor_Edge_68_1,78.78,2023-01-01T11:45:00
Sensor_Edge_69_1,57.51,2023-01-01T11:45:00
Sensor_Edge_70_1,79.56,2023-01-01T11:45:00
Sensor_Edge_71_1,78.17,2023-01-01T11:45:00
Sensor_Edge_72_1,61.95,2023-01-01T11:45:00
Sensor_Edge_73_1,67.54,2023-01-01T11:45:00
Sensor_Edge_74_1,70.11,2023-01-01T11:45:00
Sensor_Edge_75_1,77.32,2023-01-01T11:45:00
Sensor_Edge_76_1,62.91,2023-01-01T11:45:00
Sensor_Edge_2_1,63.81,2023-01-01T11:50:00
Sensor_Edge_4_1,79.24,2023-01-01T11:50:00
Sensor_Edge_5_1,39.69,2023-01-01T11:50:00
Sensor_Edge_7_1,73.25,2023-01-01T11:50:00
Sensor_Edge_8_1,82.20,2023-01-01T11:50:00
Sensor_Edge_10_1,66.57,2023-01-01T11:50:00
Sensor_Edge_11_1,84.88,2023-01-01T11:50:00
Sensor_Edge_13_1,71.89,2023-01-01T11:50:00
Sensor_Edge_15_1,76.29,2023-01-01T11:50:00
Sensor_Edge_21_1,66.48,2023-01-01T11:50:00
Sensor_Edge_23_1,63.36,2023-01-01T11:50:00
Sensor_Edge_25_1,67.41,2023-01-01T11:50:00
Sensor_Edge_26_1,45.50,2023-01-01T11:50:00
Sensor_Edge_31_1,67.07,2023-01-01T11:50:00
Sensor_Edge_35_1,92.06,2023-01-01T11:50:00
Sensor_Edge_36_1,67.00,2023-01-01T11:50:00
Sensor_Edge_38_1,50.00,2023-01-01T11:50:00
Sensor_Edge_39_1,70.38,2023-01-01T11:50:00
Sensor_Edge_40_1,78.19,2023-01-01T11:50:00
Sensor_Edge_41_1,72.41,2023-01-01T11:50:00
Sensor_Edge_45_1,73.80,2023-01-01T11:50:00
Sensor_Edge_46_1,80.23,2023-01-01T11:50:00
Sensor_Edge_48_1,73.47,2023-01-01T11:50:00
Sensor_Edge_55_1,80.92,2023-01-01T11:50:00
Sensor_Edge_59_1,75.19,2023-01-01T11:50:00
Sensor_Edge_65_1,64.68,2023-01-01T11:50:00
Sensor_Edge_66_1,67.08,2023-01-01T11:50:00
Sensor_Edge_67_1,71.64,2023-01-01T11:50:00
Sensor_Edge_68_1,78.21,2023-01-01T11:50:00
Sensor_Edge_69_1,60.94,2023-01-01T11:50:00
Sensor_Edge_70_1,80.17,2023-01-01T11:50:00
Sensor_Edge_71_1,77.87,2023-01-01T11:50:00
Sensor_Edge_72_1,61.61,2023-01-01T11:50:00
Sensor_Edge_73_1,68.26,2023-01-01T11:50:00
Sensor_Edge_74_1,70.49,2023-01-01T11:50:00
Sensor_Edge_75_1,76.90,2023-01-01T11:50:00
Sensor_Edge_76_1,63.33,2023-01-01T11:50:00
Sensor_Edge_2_1,64.21,2023-01-01T11:55:00
Sensor_Edge_4_1,80.22,2023-01-01T11:55:00
Sensor_Edge_5_1,39.09,2023-01-01T11:55:00
Sensor_Edge_7_1,73.24,2023-01-01T11:55:00
Sensor_Edge_8_1,81.24,2023-01-01T11:55:00
Sensor_Edge_10_1,65.47,2023-01-01T11:55:00
Sensor_Edge_11_1,86.22,2023-01-01T11:55:00
Sensor_Edge_13_1,72.27,2023-01-01T11:55:00
Sensor_Edge_15_1,76.71,2023-01-01T11:55:00
Sensor_Edge_21_1,65.70,2023-01-01T11:55:00
Sensor_Edge_23_1,63.34,2023-01-01T11:55:00
Sensor_Edge_25_1,66.83,2023-01-01T11:55:00
Sensor_Edge_26_1,45.76,2023-01-01T11:55:00
Sensor_Edge_31_1,67.55,2023-01-01T11:55:00
Sensor_Edge_35_1,93.43,2023-01-01T11:55:00
Sensor_Edge_36_1,66.57,2023-01-01T11:55:00
Sensor_Edge_38_1,49.84,2023-01-01T11:55:00
Sensor_Edge_39_1,69.67,2023-01-01T11:55:00
Sensor_Edge_40_1,79.65,2023-01-01T11:55:00
Sensor_Edge_41_1,72.68,2023-01-01T11:55:00
Sensor_Edge_45_1,73.99,2023-01-01T11:55:00
Sensor_Edge_46_1,80.73,2023-01-01T11:55:00
Sensor_Edge_48_1,73.56,2023-01-01T11:55:00
Sensor_Edge_55_1,80.49,2023-01-01T11:55:00
Sensor_Edge_59_1,75.40,2023-01-01T11:55:00
Sensor_Edge_65_1,63.98,2023-01-01T11:55:00
Sensor_Edge_66_1,66.54,2023-01-01T11:55:00
Sensor_Edge_67_1,71.25,2023-01-01T11:55:00
Sensor_Edge_68_1,77.48,2023-01-01T11:55:00
Sensor_Edge_69_1,64.93,2023-01-01T11:55:00
Sensor_Edge_70_1,81.00,2023-01-01T11:55:00
Sensor_Edge_71_1,78.49,2023-01-01T11:55:00
Sensor_Edge_72_1,61.93,2023-01-01T11:55:00
Sensor_Edge_73_1,69.24,2023-01-01T11:55:00
Sensor_Edge_74_1,70.69,2023-01-01T11:55:00
Sensor_Edge_75_1,76.53,2023-01-01T11:55:00
Sensor_Edge_76_1,64.16,2023-01-01T11:55:00
Sensor_Edge_2_1,63.46,2023-01-01T12:00:00
Sensor_Edge_4_1,80.07,2023-01-01T12:00:00
Sensor_Edge_5_1,40.00,2023-01-01T12:00:00
Sensor_Edge_7_1,73.78,2023-01-01T12:00:00
Sensor_Edge_8_1,81.55,2023-01-01T12:00:00
Sensor_Edge_10_1,65.51,2023-01-01T12:00:00
Sensor_Edge_11_1,88.26,2023-01-01T12:00:00
Sensor_Edge_13_1,72.24,2023-01-01T12:00:00
Sensor_Edge_15_1,76.92,2023-01-01T12:00:00
Sensor_Edge_21_1,66.20,2023-01-01T12:00:00
Sensor_Edge_23_1,63.03,2023-01-01T12:00:00
Sensor_Edge_25_1,66.04,2023-01-01T12:00:00
Sensor_Edge_26_1,45.01,2023-01-01T12:00:00
Sensor_Edge_31_1,67.93,2023-01-01T12:00:00
Sensor_Edge_35_1,94.70,2023-01-01T12:00:00
Sensor_Edge_36_1,67.04,2023-01-01T12:00:00
Sensor_Edge_38_1,50.52,2023-01-01T12:00:00
Sensor_Edge_39_1,70.07,2023-01-01T12:00:00
Sensor_Edge_40_1,81.01,2023-01-01T12:00:00
Sensor_Edge_41_1,72.52,2023-01-01T12:00:00
Sensor_Edge_45_1,73.02,2023-01-01T12:00:00
Sensor_Edge_46_1,80.34,2023-01-01T12:00:00
Sensor_Edge_48_1,73.58,2023-01-01T12:00:00
Sensor_Edge_55_1,79.57,2023-01-01T12:00:00
Sensor_Edge_59_1,74.60,2023-01-01T12:00:00
Sensor_Edge_65_1,64.90,2023-01-01T12:00:00
Sensor_Edge_66_1,66.82,2023-01-01T12:00:00
Sensor_Edge_67_1,71.68,2023-01-01T12:00:00
Sensor_Edge_68_1,78.08,2023-01-01T12:00:00
Sensor_Edge_69_1,67.69,2023-01-01T12:00:00
Sensor_Edge_70_1,80.50,2023-01-01T12:00:00
Sensor_Edge_71_1,77.95,2023-01-01T12:00:00
Sensor_Edge_72_1,61.97,2023-01-01T12:00:00
Sensor_Edge_73_1,69.62,2023-01-01T12:00:00
Sensor_Edge_74_1,72.31,2023-01-01T12:00:00
Sensor_Edge_75_1,75.62,2023-01-01T12:00:00
Sensor_Edge_76_1,64.80,2023-01-01T12:00:00
Sensor_Edge_2_1,62.60,2023-01-01T12:05:00
Sensor_Edge_4_1,79.55,2023-01-01T12:05:00
Sensor_Edge_5_1,39.52,2023-01-01T12:05:00
Sensor_Edge_7_1,73.12,2023-01-01T12:05:00
Sensor_Edge_8_1,82.13,2023-01-01T12:05:00
Sensor_Edge_10_1,65.80,2023-01-01T12:05:00
Sensor_Edge_11_1,89.33,2023-01-01T12:05:00
Sensor_Edge_13_1,72.56,2023-01-01T12:05:00
Sensor_Edge_15_1,77.16,2023-01-01T12:05:00
Sensor_Edge_21_1,65.68,2023-01-01T12:05:00
Sensor_Edge_23_1,62.83,2023-01-01T12:05:00
Sensor_Edge_25_1,66.76,2023-01-01T12:05:00
Sensor_Edge_26_1,44.27,2023-01-01T12:05:00
Sensor_Edge_31_1,67.52,2023-01-01T12:05:00
Sensor_Edge_35_1,95.74,2023-01-01T12:05:00
Sensor_Edge_36_1,66.67,2023-01-01T12:05:00
Sensor_Edge_38_1,50.83,2023-01-01T12:05:00
Sensor_Edge_39_1,70.32,2023-01-01T12:05:00
Sensor_Edge_40_1,82.81,2023-01-01T12:05:00
Sensor_Edge_41_1,71.32,2023-01-01T12:05:00
Sensor_Edge_45_1,73.59,2023-01-01T12:05:00
Sensor_Edge_46_1,80.16,2023-01-01T12:05:00
Sensor_Edge_48_1,73.12,2023-01-01T12:05:00
Sensor_Edge_55_1,79.76,2023-01-01T12:05:00
Sensor_Edge_59_1,74.04,2023-01-01T12:05:00
Sensor_Edge_65_1,64.09,2023-01-01T12:05:00
Sensor_Edge_66_1,66.53,2023-01-01T12:05:00
Sensor_Edge_67_1,71.20,2023-01-01T12:05:00
Sensor_Edge_68_1,77.47,2023-01-01T12:05:00
Sensor_Edge_69_1,69.81,2023-01-01T12:05:00
Sensor_Edge_70_1,81.24,2023-01-01T12:05:00
Sensor_Edge_71_1,77.69,2023-01-01T12:05:00
Sensor_Edge_72_1,62.19,2023-01-01T12:05:00
Sensor_Edge_73_1,69.99,2023-01-01T12:05:00
Sensor_Edge_74_1,73.46,2023-01-01T12:05:00
Sensor_Edge_75_1,75.72,2023-01-01T12:05:00
Sensor_Edge_76_1,64.90,2023-01-01T12:05:00
Sensor_Edge_2_1,62.87,2023-01-01T12:10:00
Sensor_Edge_4_1,79.57,2023-01-01T12:10:00
Sensor_Edge_5_1,39.01,2023-01-01T12:10:00
Sensor_Edge_7_1,74.01,2023-01-01T12:10:00
Sensor_Edge_8_1,81.08,2023-01-01T12:10:00
Sensor_Edge_10_1,65.99,2023-01-01T12:10:00
Sensor_Edge_11_1,89.51,2023-01-01T12:10:00
Sensor_Edge_13_1,72.42,2023-01-01T12:10:00
Sensor_Edge_15_1,77.74,2023-01-01T12:10:00
Sensor_Edge_21_1,65.75,2023-01-01T12:10:00
Sensor_Edge_23_1,62.26,2023-01-01T12:10:00
Sensor_Edge_25_1,65.92,2023-01-01T12:10:00
Sensor_Edge_26_1,43.99,2023-01-01T12:10:00
Sensor_Edge_31_1,66.94,2023-01-01T12:10:00
Sensor_Edge_35_1,96.09,2023-01-01T12:10:00
Sensor_Edge_36_1,67.40,2023-01-01T12:10:00
Sensor_Edge_38_1,51.34,2023-01-01T12:10:00
Sensor_Edge_39_1,71.17,2023-01-01T12:10:00
Sensor_Edge_40_1,84.53,2023-01-01T12:10:00
Sensor_Edge_41_1,70.79,2023-01-01T12:10:00
Sensor_Edge_45_1,72.85,2023-01-01T12:10:00
Sensor_Edge_46_1,79.94,2023-01-01T12:10:00
Sensor_Edge_48_1,73.66,2023-01-01T12:10:00
Sensor_Edge_55_1,79.36,2023-01-01T12:10:00
Sensor_Edge_59_1,73.96,2023-01-01T12:10:00
Sensor_Edge_65_1,64.64,2023-01-01T12:10:00
Sensor_Edge_66_1,65.61,2023-01-01T12:10:00
Sensor_Edge_67_1,71.84,2023-01-01T12:10:00
Sensor_Edge_68_1,76.85,2023-01-01T12:10:00
Sensor_Edge_69_1,71.34,2023-01-01T12:10:00
Sensor_Edge_70_1,81.78,2023-01-01T12:10:00
Sensor_Edge_71_1,77.20,2023-01-01T12:10:00
Sensor_Edge_72_1,62.80,2023-01-01T12:10:00
Sensor_Edge_73_1,69.35,2023-01-01T12:10:00
Sensor_Edge_74_1,74.31,2023-01-01T12:10:00
Sensor_Edge_75_1,76.30,2023-01-01T12:10:00
Sensor_Edge_76_1,65.31,2023-01-01T12:10:00
Sensor_Edge_2_1,62.16,2023-01-01T12:15:00
Sensor_Edge_4_1,79.41,2023-01-01T12:15:00
Sensor_Edge_5_1,38.74,2023-01-01T12:15:00
Sensor_Edge_7_1,74.93,2023-01-01T12:15:00
Sensor_Edge_8_1,81.75,2023-01-01T12:15:00
Sensor_Edge_10_1,65.64,2023-01-01T12:15:00
Sensor_Edge_11_1,89.47,2023-01-01T12:15:00
Sensor_Edge_13_1,72.00,2023-01-01T12:15:00
Sensor_Edge_15_1,77.45,2023-01-01T12:15:00
Sensor_Edge_21_1,64.83,2023-01-01T12:15:00
Sensor_Edge_23_1,62.40,2023-01-01T12:15:00
Sensor_Edge_25_1,65.00,2023-01-01T12:15:00
Sensor_Edge_26_1,44.95,2023-01-01T12:15:00
Sensor_Edge_31_1,67.41,2023-01-01T12:15:00
Sensor_Edge_35_1,96.37,2023-01-01T12:15:00
Sensor_Edge_36_1,67.68,2023-01-01T12:15:00
Sensor_Edge_38_1,51.80,2023-01-01T12:15:00
Sensor_Edge_39_1,71.44,2023-01-01T12:15:00
Sensor_Edge_40_1,86.09,2023-01-01T12:15:00
Sensor_Edge_41_1,70.01,2023-01-01T12:15:00
Sensor_Edge_45_1,72.87,2023-01-01T12:15:00
Sensor_Edge_46_1,79.10,2023-01-01T12:15:00
Sensor_Edge_48_1,74.05,2023-01-01T12:15:00
Sensor_Edge_55_1,79.09,2023-01-01T12:15:00
Sensor_Edge_59_1,74.47,2023-01-01T12:15:00
Sensor_Edge_65_1,63.87,2023-01-01T12:15:00
Sensor_Edge_66_1,66.19,2023-01-01T12:15:00
Sensor_Edge_67_1,71.49,2023-01-01T12:15:00
Sensor_Edge_68_1,76.61,2023-01-01T12:15:00
Sensor_Edge_69_1,71.57,2023-01-01T12:15:00
Sensor_Edge_70_1,81.83,2023-01-01T12:15:00
Sensor_Edge_71_1,77.64,2023-01-01T12:15:00
Sensor_Edge_72_1,63.34,2023-01-01T12:15:00
Sensor_Edge_73_1,68.62,2023-01-01T12:15:00
Sensor_Edge_74_1,75.04,2023-01-01T12:15:00
Sensor_Edge_75_1,75.99,2023-01-01T12:15:00
Sensor_Edge_76_1,65.32,2023-01-01T12:15:00
Sensor_Edge_2_1,61.98,2023-01-01T12:20:00
Sensor_Edge_4_1,78.54,2023-01-01T12:20:00
Sensor_Edge_5_1,38.44,2023-01-01T12:20:00
Sensor_Edge_7_1,75.80,2023-01-01T12:20:00
Sensor_Edge_8_1,81.87,2023-01-01T12:20:00
Sensor_Edge_10_1,65.33,2023-01-01T12:20:00
Sensor_Edge_11_1,89.78,2023-01-01T12:20:00
Sensor_Edge_13_1,72.05,2023-01-01T12:20:00
Sensor_Edge_15_1,77.03,2023-01-01T12:20:00
Sensor_Edge_21_1,64.03,2023-01-01T12:20:00
Sensor_Edge_23_1,61.75,2023-01-01T12:20:00
Sensor_Edge_25_1,65.87,2023-01-01T12:20:00
Sensor_Edge_26_1,45.20,2023-01-01T12:20:00
Sensor_Edge_31_1,67.78,2023-01-01T12:20:00
Sensor_Edge_35_1,97.43,2023-01-01T12:20:00
Sensor_Edge_36_1,67.22,2023-01-01T12:20:00
Sensor_Edge_38_1,51.00,2023-01-01T12:20:00
Sensor_Edge_39_1,72.12,2023-01-01T12:20:00
Sensor_Edge_40_1,87.02,2023-01-01T12:20:00
Sensor_Edge_41_1,72.81,2023-01-01T12:20:00
Sensor_Edge_45_1,72.68,2023-01-01T12:20:00
Sensor_Edge_46_1,79.02,2023-01-01T12:20:00
Sensor_Edge_48_1,75.03,2023-01-01T12:20:00
Sensor_Edge_55_1,78.87,2023-01-01T12:20:00
Sensor_Edge_59_1,75.02,2023-01-01T12:20:00
Sensor_Edge_65_1,64.34,2023-01-01T12:20:00
Sensor_Edge_66_1,66.15,2023-01-01T12:20:00
Sensor_Edge_67_1,70.96,2023-01-01T12:20:00
Sensor_Edge_68_1,75.74,2023-01-01T12:20:00
Sensor_Edge_69_1,71.94,2023-01-01T12:20:00
Sensor_Edge_70_1,81.46,2023-01-01T12:20:00
Sensor_Edge_71_1,77.58,2023-01-01T12:20:00
Sensor_Edge_72_1,63.15,2023-01-01T12:20:00
Sensor_Edge_73_1,69.43,2023-01-01T12:20:00
Sensor_Edge_74_1,75.14,2023-01-01T12:20:00
Sensor_Edge_75_1,76.94,2023-01-01T12:20:00
Sensor_Edge_76_1,65.61,2023-01-01T12:20:00
Sensor_Edge_2_1,63.15,2023-01-01T12:25:00
Sensor_Edge_4_1,78.94,2023-01-01T12:25:00
Sensor_Edge_5_1,38.99,2023-01-01T12:25:00
Sensor_Edge_7_1,76.54,2023-01-01T12:25:00
Sensor_Edge_8_1,82.26,2023-01-01T12:25:00
Sensor_Edge_10_1,65.00,2023-01-01T12:25:00
Sensor_Edge_11_1,90.10,2023-01-01T12:25:00
Sensor_Edge_13_1,71.47,2023-01-01T12:25:00
Sensor_Edge_15_1,77.10,2023-01-01T12:25:00
Sensor_Edge_21_1,64.97,2023-01-01T12:25:00
Sensor_Edge_23_1,61.80,2023-01-01T12:25:00
Sensor_Edge_25_1,65.88,2023-01-01T12:25:00
Sensor_Edge_26_1,44.80,2023-01-01T12:25:00
Sensor_Edge_31_1,67.52,2023-01-01T12:25:00
Sensor_Edge_35_1,98.69,2023-01-01T12:25:00
Sensor_Edge_36_1,67.53,2023-01-01T12:25:00
Sensor_Edge_38_1,50.84,2023-01-01T12:25:00
Sensor_Edge_39_1,72.87,2023-01-01T12:25:00
Sensor_Edge_40_1,87.71,2023-01-01T12:25:00
Sensor_Edge_41_1,74.07,2023-01-01T12:25:00
Sensor_Edge_45_1,73.65,2023-01-01T12:25:00
Sensor_Edge_46_1,78.91,2023-01-01T12:25:00
Sensor_Edge_48_1,75.50,2023-01-01T12:25:00
Sensor_Edge_55_1,79.60,2023-01-01T12:25:00
Sensor_Edge_59_1,75.76,2023-01-01T12:25:00
Sensor_Edge_65_1,63.61,2023-01-01T12:25:00
Sensor_Edge_66_1,66.00,2023-01-01T12:25:00
Sensor_Edge_67_1,71.37,2023-01-01T12:25:00
Sensor_Edge_68_1,75.88,2023-01-01T12:25:00
Sensor_Edge_69_1,72.49,2023-01-01T12:25:00
Sensor_Edge_70_1,80.71,2023-01-01T12:25:00
Sensor_Edge_71_1,77.62,2023-01-01T12:25:00
Sensor_Edge_72_1,63.47,2023-01-01T12:25:00
Sensor_Edge_73_1,70.18,2023-01-01T12:25:00
Sensor_Edge_74_1,74.79,2023-01-01T12:25:00
Sensor_Edge_75_1,76.57,2023-01-01T12:25:00
Sensor_Edge_76_1,64.83,2023-01-01T12:25:00
Sensor_Edge_2_1,63.22,2023-01-01T12:30:00
Sensor_Edge_4_1,78.05,2023-01-01T12:30:00
Sensor_Edge_5_1,39.91,2023-01-01T12:30:00
Sensor_Edge_7_1,76.30,2023-01-01T12:30:00
Sensor_Edge_8_1,83.09,2023-01-01T12:30:00
Sensor_Edge_10_1,64.07,2023-01-01T12:30:00
Sensor_Edge_11_1,91.06,2023-01-01T12:30:00
Sensor_Edge_13_1,70.62,2023-01-01T12:30:00
Sensor_Edge_15_1,77.14,2023-01-01T12:30:00
Sensor_Edge_21_1,64.90,2023-01-01T12:30:00
Sensor_Edge_23_1,61.22,2023-01-01T12:30:00
Sensor_Edge_25_1,66.88,2023-01-01T12:30:00
Sensor_Edge_26_1,44.30,2023-01-01T12:30:00
Sensor_Edge_31_1,67.77,2023-01-01T12:30:00
Sensor_Edge_35_1,99.64,2023-01-01T12:30:00
Sensor_Edge_36_1,67.86,2023-01-01T12:30:00
Sensor_Edge_38_1,50.92,2023-01-01T12:30:00
Sensor_Edge_39_1,73.24,2023-01-01T12:30:00
Sensor_Edge_40_1,87.98,2023-01-01T12:30:00
Sensor_Edge_41_1,76.71,2023-01-01T12:30:00
Sensor_Edge_45_1,74.32,2023-01-01T12:30:00
Sensor_Edge_46_1,78.62,2023-01-01T12:30:00
Sensor_Edge_48_1,76.05,2023-01-01T12:30:00
Sensor_Edge_55_1,79.67,2023-01-01T12:30:00
Sensor_Edge_59_1,75.01,2023-01-01T12:30:00
Sensor_Edge_65_1,64.08,2023-01-01T12:30:00
Sensor_Edge_66_1,65.80,2023-01-01T12:30:00
Sensor_Edge_67_1,72.17,2023-01-01T12:30:00
Sensor_Edge_68_1,75.24,2023-01-01T12:30:00
Sensor_Edge_69_1,72.60,2023-01-01T12:30:00
Sensor_Edge_70_1,80.54,2023-01-01T12:30:00
Sensor_Edge_71_1,77.82,2023-01-01T12:30:00
Sensor_Edge_72_1,62.80,2023-01-01T12:30:00
Sensor_Edge_73_1,70.64,2023-01-01T12:30:00
Sensor_Edge_74_1,75.61,2023-01-01T12:30:00
Sensor_Edge_75_1,76.28,2023-01-01T12:30:00
Sensor_Edge_76_1,63.73,2023-01-01T12:30:00
Sensor_Edge_2_1,62.76,2023-01-01T12:35:00
Sensor_Edge_4_1,78.59,2023-01-01T12:35:00
Sensor_Edge_5_1,39.45,2023-01-01T12:35:00
Sensor_Edge_7_1,75.63,2023-01-01T12:35:00
Sensor_Edge_8_1,83.71,2023-01-01T12:35:00
Sensor_Edge_10_1,63.57,2023-01-01T12:35:00
Sensor_Edge_11_1,91.16,2023-01-01T12:35:00
Sensor_Edge_13_1,70.35,2023-01-01T12:35:00
Sensor_Edge_15_1,76.84,2023-01-01T12:35:00
Sensor_Edge_21_1,65.75,2023-01-01T12:35:00
Sensor_Edge_23_1,61.77,2023-01-01T12:35:00
Sensor_Edge_25_1,66.43,2023-01-01T12:35:00
Sensor_Edge_26_1,43.53,2023-01-01T12:35:00
Sensor_Edge_31_1,67.11,2023-01-01T12:35:00
Sensor_Edge_35_1,100.00,2023-01-01T12:35:00
Sensor_Edge_36_1,67.88,2023-01-01T12:35:00
Sensor_Edge_38_1,51.76,2023-01-01T12:35:00
Sensor_Edge_39_1,72.71,2023-01-01T12:35:00
Sensor_Edge_40_1,88.57,2023-01-01T12:35:00
Sensor_Edge_41_1,78.51,2023-01-01T12:35:00
Sensor_Edge_45_1,74.01,2023-01-01T12:35:00
Sensor_Edge_46_1,78.94,2023-01-01T12:35:00
Sensor_Edge_48_1,75.46,2023-01-01T12:35:00
Sensor_Edge_55_1,79.36,2023-01-01T12:35:00
Sensor_Edge_59_1,74.75,2023-01-01T12:35:00
Sensor_Edge_65_1,64.73,2023-01-01T12:35:00
Sensor_Edge_66_1,65.14,2023-01-01T12:35:00
Sensor_Edge_67_1,72.18,2023-01-01T12:35:00
Sensor_Edge_68_1,75.69,2023-01-01T12:35:00
Sensor_Edge_69_1,72.64,2023-01-01T12:35:00
Sensor_Edge_70_1,79.58,2023-01-01T12:35:00
Sensor_Edge_71_1,76.98,2023-01-01T12:35:00
Sensor_Edge_72_1,63.12,2023-01-01T12:35:00
Sensor_Edge_73_1,71.40,2023-01-01T12:35:00
Sensor_Edge_74_1,74.64,2023-01-01T12:35:00
Sensor_Edge_75_1,77.10,2023-01-01T12:35:00
Sensor_Edge_76_1,63.09,2023-01-01T12:35:00
Sensor_Edge_2_1,63.74,2023-01-01T12:40:00
Sensor_Edge_4_1,77.68,2023-01-01T12:40:00
Sensor_Edge_5_1,39.49,2023-01-01T12:40:00
Sensor_Edge_7_1,75.62,2023-01-01T12:40:00
Sensor_Edge_8_1,83.32,2023-01-01T12:40:00
Sensor_Edge_10_1,63.17,2023-01-01T12:40:00
Sensor_Edge_11_1,92.15,2023-01-01T12:40:00
Sensor_Edge_13_1,69.91,2023-01-01T12:40:00
Sensor_Edge_15_1,77.61,2023-01-01T12:40:00
Sensor_Edge_21_1,65.21,2023-01-01T12:40:00
Sensor_Edge_23_1,62.08,2023-01-01T12:40:00
Sensor_Edge_25_1,66.48,2023-01-01T12:40:00
Sensor_Edge_26_1,42.94,2023-01-01T12:40:00
Sensor_Edge_31_1,67.51,2023-01-01T12:40:00
Sensor_Edge_35_1,92.97,2023-01-01T12:40:00
Sensor_Edge_36_1,68.54,2023-01-01T12:40:00
Sensor_Edge_38_1,52.30,2023-01-01T12:40:00
Sensor_Edge_39_1,73.42,2023-01-01T12:40:00
Sensor_Edge_40_1,88.43,2023-01-01T12:40:00
Sensor_Edge_41_1,79.67,2023-01-01T12:40:00
Sensor_Edge_45_1,74.67,2023-01-01T12:40:00
Sensor_Edge_46_1,78.01,2023-01-01T12:40:00
Sensor_Edge_48_1,75.34,2023-01-01T12:40:00
Sensor_Edge_55_1,79.19,2023-01-01T12:40:00
Sensor_Edge_59_1,75.01,2023-01-01T12:40:00
Sensor_Edge_65_1,65.55,2023-01-01T12:40:00
Sensor_Edge_66_1,65.21,2023-01-01T12:40:00
Sensor_Edge_67_1,71.87,2023-01-01T12:40:00
Sensor_Edge_68_1,75.36,2023-01-01T12:40:00
Sensor_Edge_69_1,72.99,2023-01-01T12:40:00
Sensor_Edge_70_1,78.70,2023-01-01T12:40:00
Sensor_Edge_71_1,78.02,2023-01-01T12:40:00
Sensor_Edge_72_1,63.09,2023-01-01T12:40:00
Sensor_Edge_73_1,70.71,2023-01-01T12:40:00
Sensor_Edge_74_1,75.05,2023-01-01T12:40:00
Sensor_Edge_75_1,77.87,2023-01-01T12:40:00
Sensor_Edge_76_1,62.29,2023-01-01T12:40:00
Sensor_Edge_2_1,62.97,2023-01-01T12:45:00
Sensor_Edge_4_1,76.80,2023-01-01T12:45:00
Sensor_Edge_5_1,40.34,2023-01-01T12:45:00
Sensor_Edge_7_1,74.62,2023-01-01T12:45:00
Sensor_Edge_8_1,82.88,2023-01-01T12:45:00
Sensor_Edge_10_1,64.16,2023-01-01T12:45:00
Sensor_Edge_11_1,92.60,2023-01-01T12:45:00
Sensor_Edge_13_1,70.87,2023-01-01T12:45:00
Sensor_Edge_15_1,78.18,2023-01-01T12:45:00
Sensor_Edge_21_1,65.57,2023-01-01T12:45:00
Sensor_Edge_23_1,62.85,2023-01-01T12:45:00
Sensor_Edge_25_1,66.64,2023-01-01T12:45:00
Sensor_Edge_26_1,42.01,2023-01-01T12:45:00
Sensor_Edge_31_1,66.63,2023-01-01T12:45:00
Sensor_Edge_35_1,91.39,2023-01-01T12:45:00
Sensor_Edge_36_1,68.87,2023-01-01T12:45:00
Sensor_Edge_38_1,52.73,2023-01-01T12:45:00
Sensor_Edge_39_1,72.78,2023-01-01T12:45:00
Sensor_Edge_40_1,83.07,2023-01-01T12:45:00
Sensor_Edge_41_1,81.19,2023-01-01T12:45:00
Sensor_Edge_45_1,75.11,2023-01-01T12:45:00
Sensor_Edge_46_1,78.53,2023-01-01T12:45:00
Sensor_Edge_48_1,75.85,2023-01-01T12:45:00
Sensor_Edge_55_1,78.46,2023-01-01T12:45:00
Sensor_Edge_59_1,75.11,2023-01-01T12:45:00
Sensor_Edge_65_1,65.99,2023-01-01T12:45:00
Sensor_Edge_66_1,64.74,2023-01-01T12:45:00
Sensor_Edge_67_1,72.06,2023-01-01T12:45:00
Sensor_Edge_68_1,74.95,2023-01-01T12:45:00
Sensor_Edge_69_1,72.99,2023-01-01T12:45:00
Sensor_Edge_70_1,77.88,2023-01-01T12:45:00
Sensor_Edge_71_1,77.23,2023-01-01T12:45:00
Sensor_Edge_72_1,62.98,2023-01-01T12:45:00
Sensor_Edge_73_1,71.55,2023-01-01T12:45:00
Sensor_Edge_74_1,74.22,2023-01-01T12:45:00
Sensor_Edge_75_1,78.50,2023-01-01T12:45:00
Sensor_Edge_76_1,61.45,2023-01-01T12:45:00
Sensor_Edge_2_1,62.20,2023-01-01T12:50:00
Sensor_Edge_4_1,77.77,2023-01-01T12:50:00
Sensor_Edge_5_1,40.88,2023-01-01T12:50:00
Sensor_Edge_7_1,74.29,2023-01-01T12:50:00
Sensor_Edge_8_1,83.59,2023-01-01T12:50:00
Sensor_Edge_10_1,64.39,2023-01-01T12:50:00
Sensor_Edge_11_1,93.89,2023-01-01T12:50:00
Sensor_Edge_13_1,70.06,2023-01-01T12:50:00
Sensor_Edge_15_1,77.60,2023-01-01T12:50:00
Sensor_Edge_21_1,66.24,2023-01-01T12:50:00
Sensor_Edge_23_1,61.93,2023-01-01T12:50:00
Sensor_Edge_25_1,67.21,2023-01-01T12:50:00
Sensor_Edge_26_1,42.23,2023-01-01T12:50:00
Sensor_Edge_31_1,66.14,2023-01-01T12:50:00
Sensor_Edge_35_1,90.80,2023-01-01T12:50:00
Sensor_Edge_36_1,69.04,2023-01-01T12:50:00
Sensor_Edge_38_1,51.77,2023-01-01T12:50:00
Sensor_Edge_39_1,72.28,2023-01-01T12:50:00
Sensor_Edge_40_1,82.36,2023-01-01T12:50:00
Sensor_Edge_41_1,83.38,2023-01-01T12:50:00
Sensor_Edge_45_1,74.90,2023-01-01T12:50:00
Sensor_Edge_46_1,78.23,2023-01-01T12:50:00
Sensor_Edge_48_1,75.44,2023-01-01T12:50:00
Sensor_Edge_55_1,78.77,2023-01-01T12:50:00
Sensor_Edge_59_1,75.26,2023-01-01T12:50:00
Sensor_Edge_65_1,66.82,2023-01-01T12:50:00
Sensor_Edge_66_1,63.86,2023-01-01T12:50:00
Sensor_Edge_67_1,71.43,2023-01-01T12:50:00
Sensor_Edge_68_1,75.96,2023-01-01T12:50:00
Sensor_Edge_69_1,74.23,2023-01-01T12:50:00
Sensor_Edge_70_1,77.91,2023-01-01T12:50:00
Sensor_Edge_71_1,76.47,2023-01-01T12:50:00
Sensor_Edge_72_1,63.49,2023-01-01T12:50:00
Sensor_Edge_73_1,71.61,2023-01-01T12:50:00
Sensor_Edge_74_1,74.16,2023-01-01T12:50:00
Sensor_Edge_75_1,79.27,2023-01-01T12:50:00
Sensor_Edge_76_1,62.19,2023-01-01T12:50:00
Sensor_Edge_2_1,63.21,2023-01-01T12:55:00
Sensor_Edge_4_1,77.41,2023-01-01T12:55:00
Sensor_Edge_5_1,40.87,2023-01-01T12:55:00
Sensor_Edge_7_1,74.66,2023-01-01T12:55:00
Sensor_Edge_8_1,82.76,2023-01-01T12:55:00
Sensor_Edge_10_1,64.84,2023-01-01T12:55:00
Sensor_Edge_11_1,89.75,2023-01-01T12:55:00
Sensor_Edge_13_1,71.04,2023-01-01T12:55:00
Sensor_Edge_15_1,77.96,2023-01-01T12:55:00
Sensor_Edge_21_1,65.36,2023-01-01T12:55:00
Sensor_Edge_23_1,62.90,2023-01-01T12:55:00
Sensor_Edge_25_1,68.07,2023-01-01T12:55:00
Sensor_Edge_26_1,42.90,2023-01-01T12:55:00
Sensor_Edge_31_1,66.30,2023-01-01T12:55:00
Sensor_Edge_35_1,88.72,2023-01-01T12:55:00
Sensor_Edge_36_1,68.22,2023-01-01T12:55:00
Sensor_Edge_38_1,51.29,2023-01-01T12:55:00
Sensor_Edge_39_1,71.80,2023-01-01T12:55:00
Sensor_Edge_40_1,82.28,2023-01-01T12:55:00
Sensor_Edge_41_1,85.60,2023-01-01T12:55:00
Sensor_Edge_45_1,75.22,2023-01-01T12:55:00
Sensor_Edge_46_1,78.85,2023-01-01T12:55:00
Sensor_Edge_48_1,74.82,2023-01-01T12:55:00
Sensor_Edge_55_1,78.00,2023-01-01T12:55:00
Sensor_Edge_59_1,75.26,2023-01-01T12:55:00
Sensor_Edge_65_1,67.02,2023-01-01T12:55:00
Sensor_Edge_66_1,64.37,2023-01-01T12:55:00
Sensor_Edge_67_1,71.74,2023-01-01T12:55:00
Sensor_Edge_68_1,76.83,2023-01-01T12:55:00
Sensor_Edge_69_1,75.31,2023-01-01T12:55:00
Sensor_Edge_70_1,77.37,2023-01-01T12:55:00
Sensor_Edge_71_1,77.48,2023-01-01T12:55:00
Sensor_Edge_72_1,62.62,2023-01-01T12:55:00
Sensor_Edge_73_1,71.99,2023-01-01T12:55:00
Sensor_Edge_74_1,73.79,2023-01-01T12:55:00
Sensor_Edge_75_1,79.16,2023-01-01T12:55:00
Sensor_Edge_76_1,61.55,2023-01-01T12:55:00
Sensor_Edge_2_1,62.34,2023-01-01T13:00:00
Sensor_Edge_4_1,78.27,2023-01-01T13:00:00
Sensor_Edge_5_1,40.56,2023-01-01T13:00:00
Sensor_Edge_7_1,73.92,2023-01-01T13:00:00
Sensor_Edge_8_1,82.10,2023-01-01T13:00:00
Sensor_Edge_10_1,64.18,2023-01-01T13:00:00
Sensor_Edge_11_1,88.37,2023-01-01T13:00:00
Sensor_Edge_13_1,71.02,2023-01-01T13:00:00
Sensor_Edge_15_1,77.63,2023-01-01T13:00:00
Sensor_Edge_21_1,65.99,2023-01-01T13:00:00
Sensor_Edge_23_1,52.42,2023-01-01T13:00:00
Sensor_Edge_25_1,68.59,2023-01-01T13:00:00
Sensor_Edge_26_1,43.33,2023-01-01T13:00:00
Sensor_Edge_31_1,65.42,2023-01-01T13:00:00
Sensor_Edge_35_1,86.99,2023-01-01T13:00:00
Sensor_Edge_36_1,68.02,2023-01-01T13:00:00
Sensor_Edge_38_1,50.45,2023-01-01T13:00:00
Sensor_Edge_39_1,70.83,2023-01-01T13:00:00
Sensor_Edge_40_1,81.29,2023-01-01T13:00:00
Sensor_Edge_41_1,86.22,2023-01-01T13:00:00
Sensor_Edge_45_1,74.44,2023-01-01T13:00:00
Sensor_Edge_46_1,77.87,2023-01-01T13:00:00
Sensor_Edge_48_1,74.87,2023-01-01T13:00:00
Sensor_Edge_55_1,77.96,2023-01-01T13:00:00
Sensor_Edge_59_1,75.12,2023-01-01T13:00:00
Sensor_Edge_65_1,66.91,2023-01-01T13:00:00
Sensor_Edge_66_1,64.72,2023-01-01T13:00:00
Sensor_Edge_67_1,71.61,2023-01-01T13:00:00
Sensor_Edge_68_1,77.05,2023-01-01T13:00:00
Sensor_Edge_69_1,75.61,2023-01-01T13:00:00
Sensor_Edge_70_1,77.58,2023-01-01T13:00:00
Sensor_Edge_71_1,78.07,2023-01-01T13:00:00
Sensor_Edge_72_1,62.61,2023-01-01T13:00:00
Sensor_Edge_73_1,72.75,2023-01-01T13:00:00
Sensor_Edge_74_1,73.89,2023-01-01T13:00:00
Sensor_Edge_75_1,79.15,2023-01-01T13:00:00
Sensor_Edge_76_1,61.51,2023-01-01T13:00:00
Sensor_Edge_2_1,62.64,2023-01-01T13:05:00
Sensor_Edge_4_1,78.75,2023-01-01T13:05:00
Sensor_Edge_5_1,41.61,2023-01-01T13:05:00
Sensor_Edge_7_1,74.07,2023-01-01T13:05:00
Sensor_Edge_8_1,82.35,2023-01-01T13:05:00
Sensor_Edge_10_1,64.73,2023-01-01T13:05:00
Sensor_Edge_11_1,87.76,2023-01-01T13:05:00
Sensor_Edge_13_1,70.72,2023-01-01T13:05:00
Sensor_Edge_15_1,76.86,2023-01-01T13:05:00
Sensor_Edge_21_1,65.29,2023-01-01T13:05:00
Sensor_Edge_23_1,41.94,2023-01-01T13:05:00
Sensor_Edge_25_1,68.46,2023-01-01T13:05:00
Sensor_Edge_26_1,43.03,2023-01-01T13:05:00
Sensor_Edge_31_1,65.11,2023-01-01T13:05:00
Sensor_Edge_35_1,86.73,2023-01-01T13:05:00
Sensor_Edge_36_1,68.75,2023-01-01T13:05:00
Sensor_Edge_38_1,51.04,2023-01-01T13:05:00
Sensor_Edge_39_1,70.36,2023-01-01T13:05:00
Sensor_Edge_40_1,79.65,2023-01-01T13:05:00
Sensor_Edge_41_1,86.67,2023-01-01T13:05:00
Sensor_Edge_45_1,74.25,2023-01-01T13:05:00
Sensor_Edge_46_1,78.02,2023-01-01T13:05:00
Sensor_Edge_48_1,74.21,2023-01-01T13:05:00
Sensor_Edge_55_1,77.38,2023-01-01T13:05:00
Sensor_Edge_59_1,74.74,2023-01-01T13:05:00
Sensor_Edge_65_1,67.76,2023-01-01T13:05:00
Sensor_Edge_66_1,65.54,2023-01-01T13:05:00
Sensor_Edge_67_1,71.71,2023-01-01T13:05:00
Sensor_Edge_68_1,77.93,2023-01-01T13:05:00
Sensor_Edge_69_1,75.41,2023-01-01T13:05:00
Sensor_Edge_70_1,77.78,2023-01-01T13:05:00
Sensor_Edge_71_1,78.31,2023-01-01T13:05:00
Sensor_Edge_72_1,61.96,2023-01-01T13:05:00
Sensor_Edge_73_1,73.43,2023-01-01T13:05:00
Sensor_Edge_74_1,73.00,2023-01-01T13:05:00
Sensor_Edge_75_1,79.35,2023-01-01T13:05:00
Sensor_Edge_76_1,61.21,2023-01-01T13:05:00
Sensor_Edge_2_1,62.73,2023-01-01T13:10:00
Sensor_Edge_4_1,78.46,2023-01-01T13:10:00
Sensor_Edge_5_1,41.57,2023-01-01T13:10:00
Sensor_Edge_7_1,73.44,2023-01-01T13:10:00
Sensor_Edge_8_1,82.03,2023-01-01T13:10:00
Sensor_Edge_10_1,64.25,2023-01-01T13:10:00
Sensor_Edge_11_1,87.27,2023-01-01T13:10:00
Sensor_Edge_13_1,70.78,2023-01-01T13:10:00
Sensor_Edge_15_1,77.29,2023-01-01T13:10:00
Sensor_Edge_21_1,64.48,2023-01-01T13:10:00
Sensor_Edge_23_1,31.45,2023-01-01T13:10:00
Sensor_Edge_25_1,67.92,2023-01-01T13:10:00
Sensor_Edge_26_1,42.32,2023-01-01T13:10:00
Sensor_Edge_31_1,64.36,2023-01-01T13:10:00
Sensor_Edge_35_1,86.04,2023-01-01T13:10:00
Sensor_Edge_36_1,69.22,2023-01-01T13:10:00
Sensor_Edge_38_1,50.03,2023-01-01T13:10:00
Sensor_Edge_39_1,71.25,2023-01-01T13:10:00
Sensor_Edge_40_1,78.65,2023-01-01T13:10:00
Sensor_Edge_41_1,87.23,2023-01-01T13:10:00
Sensor_Edge_45_1,74.31,2023-01-01T13:10:00
Sensor_Edge_46_1,68.85,2023-01-01T13:10:00
Sensor_Edge_48_1,73.33,2023-01-01T13:10:00
Sensor_Edge_55_1,77.45,2023-01-01T13:10:00
Sensor_Edge_59_1,74.23,2023-01-01T13:10:00
Sensor_Edge_65_1,66.83,2023-01-01T13:10:00
Sensor_Edge_66_1,64.63,2023-01-01T13:10:00
Sensor_Edge_67_1,71.32,2023-01-01T13:10:00
Sensor_Edge_68_1,78.58,2023-01-01T13:10:00
Sensor_Edge_69_1,75.65,2023-01-01T13:10:00
Sensor_Edge_70_1,67.78,2023-01-01T13:10:00
Sensor_Edge_71_1,78.61,2023-01-01T13:10:00
Sensor_Edge_72_1,61.39,2023-01-01T13:10:00
Sensor_Edge_73_1,74.06,2023-01-01T13:10:00
Sensor_Edge_74_1,73.18,2023-01-01T13:10:00
Sensor_Edge_75_1,79.28,2023-01-01T13:10:00
Sensor_Edge_76_1,61.01,2023-01-01T13:10:00
Sensor_Edge_2_1,63.50,2023-01-01T13:15:00
Sensor_Edge_4_1,79.30,2023-01-01T13:15:00
Sensor_Edge_5_1,41.35,2023-01-01T13:15:00
Sensor_Edge_7_1,73.38,2023-01-01T13:15:00
Sensor_Edge_8_1,81.18,2023-01-01T13:15:00
Sensor_Edge_10_1,63.25,2023-01-01T13:15:00
Sensor_Edge_11_1,86.65,2023-01-01T13:15:00
Sensor_Edge_13_1,70.09,2023-01-01T13:15:00
Sensor_Edge_15_1,77.47,2023-01-01T13:15:00
Sensor_Edge_21_1,65.12,2023-01-01T13:15:00
Sensor_Edge_23_1,38.82,2023-01-01T13:15:00
Sensor_Edge_25_1,66.95,2023-01-01T13:15:00
Sensor_Edge_26_1,41.59,2023-01-01T13:15:00
Sensor_Edge_31_1,64.75,2023-01-01T13:15:00
Sensor_Edge_35_1,85.51,2023-01-01T13:15:00
Sensor_Edge_36_1,69.27,2023-01-01T13:15:00
Sensor_Edge_38_1,50.01,2023-01-01T13:15:00
Sensor_Edge_39_1,70.62,2023-01-01T13:15:00
Sensor_Edge_40_1,78.16,2023-01-01T13:15:00
Sensor_Edge_41_1,88.10,2023-01-01T13:15:00
Sensor_Edge_45_1,74.47,2023-01-01T13:15:00
Sensor_Edge_46_1,59.67,2023-01-01T13:15:00
Sensor_Edge_48_1,73.57,2023-01-01T13:15:00
Sensor_Edge_55_1,77.54,2023-01-01T13:15:00
Sensor_Edge_59_1,75.26,2023-01-01T13:15:00
Sensor_Edge_65_1,66.10,2023-01-01T13:15:00
Sensor_Edge_66_1,64.73,2023-01-01T13:15:00
Sensor_Edge_67_1,71.54,2023-01-01T13:15:00
Sensor_Edge_68_1,78.45,2023-01-01T13:15:00
Sensor_Edge_69_1,75.09,2023-01-01T13:15:00
Sensor_Edge_70_1,57.78,2023-01-01T13:15:00
Sensor_Edge_71_1,79.03,2023-01-01T13:15:00
Sensor_Edge_72_1,61.16,2023-01-01T13:15:00
Sensor_Edge_73_1,74.85,2023-01-01T13:15:00
Sensor_Edge_74_1,73.55,2023-01-01T13:15:00
Sensor_Edge_75_1,79.35,2023-01-01T13:15:00
Sensor_Edge_76_1,61.24,2023-01-01T13:15:00
Sensor_Edge_2_1,63.93,2023-01-01T13:20:00
Sensor_Edge_4_1,80.09,2023-01-01T13:20:00
Sensor_Edge_5_1,41.76,2023-01-01T13:20:00
Sensor_Edge_7_1,73.64,2023-01-01T13:20:00
Sensor_Edge_8_1,80.87,2023-01-01T13:20:00
Sensor_Edge_10_1,63.35,2023-01-01T13:20:00
Sensor_Edge_11_1,86.26,2023-01-01T13:20:00
Sensor_Edge_13_1,70.55,2023-01-01T13:20:00
Sensor_Edge_15_1,76.41,2023-01-01T13:20:00
Sensor_Edge_21_1,65.10,2023-01-01T13:20:00
Sensor_Edge_23_1,42.96,2023-01-01T13:20:00
Sensor_Edge_25_1,66.84,2023-01-01T13:20:00
Sensor_Edge_26_1,41.07,2023-01-01T13:20:00
Sensor_Edge_31_1,64.17,2023-01-01T13:20:00
Sensor_Edge_35_1,85.29,2023-01-01T13:20:00
Sensor_Edge_36_1,69.97,2023-01-01T13:20:00
Sensor_Edge_38_1,50.98,2023-01-01T13:20:00
Sensor_Edge_39_1,69.80,2023-01-01T13:20:00
Sensor_Edge_40_1,77.44,2023-01-01T13:20:00
Sensor_Edge_41_1,88.86,2023-01-01T13:20:00
Sensor_Edge_45_1,73.81,2023-01-01T13:20:00
Sensor_Edge_46_1,50.50,2023-01-01T13:20:00
Sensor_Edge_48_1,72.88,2023-01-01T13:20:00
Sensor_Edge_55_1,77.71,2023-01-01T13:20:00
Sensor_Edge_59_1,76.13,2023-01-01T13:20:00
Sensor_Edge_65_1,65.89,2023-01-01T13:20:00
Sensor_Edge_66_1,65.16,2023-01-01T13:20:00
Sensor_Edge_67_1,71.62,2023-01-01T13:20:00
Sensor_Edge_68_1,78.25,2023-01-01T13:20:00
Sensor_Edge_69_1,74.67,2023-01-01T13:20:00
Sensor_Edge_70_1,47.78,2023-01-01T13:20:00
Sensor_Edge_71_1,79.88,2023-01-01T13:20:00
Sensor_Edge_72_1,62.10,2023-01-01T13:20:00
Sensor_Edge_73_1,73.81,2023-01-01T13:20:00
Sensor_Edge_74_1,73.35,2023-01-01T13:20:00
Sensor_Edge_75_1,80.20,2023-01-01T13:20:00
Sensor_Edge_76_1,61.10,2023-01-01T13:20:00
Sensor_Edge_2_1,63.75,2023-01-01T13:25:00
Sensor_Edge_4_1,79.30,2023-01-01T13:25:00
Sensor_Edge_5_1,41.32,2023-01-01T13:25:00
Sensor_Edge_7_1,74.52,2023-01-01T13:25:00
Sensor_Edge_8_1,80.57,2023-01-01T13:25:00
Sensor_Edge_10_1,63.28,2023-01-01T13:25:00
Sensor_Edge_11_1,85.36,2023-01-01T13:25:00
Sensor_Edge_13_1,70.14,2023-01-01T13:25:00
Sensor_Edge_15_1,75.97,2023-01-01T13:25:00
Sensor_Edge_21_1,64.92,2023-01-01T13:25:00
Sensor_Edge_23_1,47.01,2023-01-01T13:25:00
Sensor_Edge_25_1,66.01,2023-01-01T13:25:00
Sensor_Edge_26_1,41.16,2023-01-01T13:25:00
Sensor_Edge_31_1,63.75,2023-01-01T13:25:00
Sensor_Edge_35_1,84.21,2023-01-01T13:25:00
Sensor_Edge_36_1,69.01,2023-01-01T13:25:00
Sensor_Edge_38_1,50.09,2023-01-01T13:25:00
Sensor_Edge_39_1,69.90,2023-01-01T13:25:00
Sensor_Edge_40_1,75.87,2023-01-01T13:25:00
Sensor_Edge_41_1,90.07,2023-01-01T13:25:00
Sensor_Edge_45_1,73.56,2023-01-01T13:25:00
Sensor_Edge_46_1,56.16,2023-01-01T13:25:00
Sensor_Edge_48_1,72.37,2023-01-01T13:25:00
Sensor_Edge_55_1,77.80,2023-01-01T13:25:00
Sensor_Edge_59_1,76.42,2023-01-01T13:25:00
Sensor_Edge_65_1,64.90,2023-01-01T13:25:00
Sensor_Edge_66_1,65.34,2023-01-01T13:25:00
Sensor_Edge_67_1,71.53,2023-01-01T13:25:00
Sensor_Edge_68_1,78.51,2023-01-01T13:25:00
Sensor_Edge_69_1,74.94,2023-01-01T13:25:00
Sensor_Edge_70_1,54.05,2023-01-01T13:25:00
Sensor_Edge_71_1,79.78,2023-01-01T13:25:00
Sensor_Edge_72_1,62.56,2023-01-01T13:25:00
Sensor_Edge_73_1,74.46,2023-01-01T13:25:00
Sensor_Edge_74_1,73.43,2023-01-01T13:25:00
Sensor_Edge_75_1,79.61,2023-01-01T13:25:00
Sensor_Edge_76_1,61.38,2023-01-01T13:25:00
Sensor_Edge_2_1,64.13,2023-01-01T13:30:00
Sensor_Edge_4_1,78.36,2023-01-01T13:30:00
Sensor_Edge_5_1,41.02,2023-01-01T13:30:00
Sensor_Edge_7_1,73.92,2023-01-01T13:30:00
Sensor_Edge_8_1,80.05,2023-01-01T13:30:00
Sensor_Edge_10_1,64.22,2023-01-01T13:30:00
Sensor_Edge_11_1,84.19,2023-01-01T13:30:00
Sensor_Edge_13_1,69.56,2023-01-01T13:30:00
Sensor_Edge_15_1,75.64,2023-01-01T13:30:00
Sensor_Edge_21_1,65.61,2023-01-01T13:30:00
Sensor_Edge_23_1,49.98,2023-01-01T13:30:00
Sensor_Edge_25_1,66.38,2023-01-01T13:30:00
Sensor_Edge_26_1,42.07,2023-01-01T13:30:00
Sensor_Edge_31_1,64.79,2023-01-01T13:30:00
Sensor_Edge_35_1,83.93,2023-01-01T13:30:00
Sensor_Edge_36_1,69.39,2023-01-01T13:30:00
Sensor_Edge_38_1,49.86,2023-01-01T13:30:00
Sensor_Edge_39_1,69.38,2023-01-01T13:30:00
Sensor_Edge_40_1,75.13,2023-01-01T13:30:00
Sensor_Edge_41_1,91.11,2023-01-01T13:30:00
Sensor_Edge_45_1,73.81,2023-01-01T13:30:00
Sensor_Edge_46_1,59.87,2023-01-01T13:30:00
Sensor_Edge_48_1,73.15,2023-01-01T13:30:00
Sensor_Edge_55_1,78.53,2023-01-01T13:30:00
Sensor_Edge_59_1,76.85,2023-01-01T13:30:00
Sensor_Edge_65_1,64.42,2023-01-01T13:30:00
Sensor_Edge_66_1,66.24,2023-01-01T13:30:00
Sensor_Edge_67_1,71.90,2023-01-01T13:30:00
Sensor_Edge_68_1,78.86,2023-01-01T13:30:00
Sensor_Edge_69_1,74.33,2023-01-01T13:30:00
Sensor_Edge_70_1,60.06,2023-01-01T13:30:00
Sensor_Edge_71_1,80.66,2023-01-01T13:30:00
Sensor_Edge_72_1,62.28,2023-01-01T13:30:00
Sensor_Edge_73_1,73.98,2023-01-01T13:30:00
Sensor_Edge_74_1,72.76,2023-01-01T13:30:00
Sensor_Edge_75_1,80.20,2023-01-01T13:30:00
Sensor_Edge_76_1,60.77,2023-01-01T13:30:00
Sensor_Edge_2_1,63.41,2023-01-01T13:35:00
Sensor_Edge_4_1,78.49,2023-01-01T13:35:00
Sensor_Edge_5_1,41.34,2023-01-01T13:35:00
Sensor_Edge_7_1,74.57,2023-01-01T13:35:00
Sensor_Edge_8_1,80.10,2023-01-01T13:35:00
Sensor_Edge_10_1,63.21,2023-01-01T13:35:00
Sensor_Edge_11_1,84.13,2023-01-01T13:35:00
Sensor_Edge_13_1,70.35,2023-01-01T13:35:00
Sensor_Edge_15_1,75.71,2023-01-01T13:35:00
Sensor_Edge_21_1,65.52,2023-01-01T13:35:00
Sensor_Edge_23_1,51.83,2023-01-01T13:35:00
Sensor_Edge_25_1,65.79,2023-01-01T13:35:00
Sensor_Edge_26_1,43.11,2023-01-01T13:35:00
Sensor_Edge_31_1,65.38,2023-01-01T13:35:00
Sensor_Edge_35_1,83.59,2023-01-01T13:35:00
Sensor_Edge_36_1,69.01,2023-01-01T13:35:00
Sensor_Edge_38_1,48.89,2023-01-01T13:35:00
Sensor_Edge_39_1,68.53,2023-01-01T13:35:00
Sensor_Edge_40_1,74.64,2023-01-01T13:35:00
Sensor_Edge_41_1,93.18,2023-01-01T13:35:00
Sensor_Edge_45_1,73.00,2023-01-01T13:35:00
Sensor_Edge_46_1,63.27,2023-01-01T13:35:00
Sensor_Edge_48_1,73.00,2023-01-01T13:35:00
Sensor_Edge_55_1,78.87,2023-01-01T13:35:00
Sensor_Edge_59_1,77.64,2023-01-01T13:35:00
Sensor_Edge_65_1,65.13,2023-01-01T13:35:00
Sensor_Edge_66_1,66.17,2023-01-01T13:35:00
Sensor_Edge_67_1,72.54,2023-01-01T13:35:00
Sensor_Edge_68_1,79.50,2023-01-01T13:35:00
Sensor_Edge_69_1,74.42,2023-01-01T13:35:00
Sensor_Edge_70_1,63.85,2023-01-01T13:35:00
Sensor_Edge_71_1,80.62,2023-01-01T13:35:00
Sensor_Edge_72_1,61.95,2023-01-01T13:35:00
Sensor_Edge_73_1,74.66,2023-01-01T13:35:00
Sensor_Edge_74_1,73.06,2023-01-01T13:35:00
Sensor_Edge_75_1,79.46,2023-01-01T13:35:00
Sensor_Edge_76_1,61.78,2023-01-01T13:35:00
Sensor_Edge_2_1,64.12,2023-01-01T13:40:00
Sensor_Edge_4_1,79.18,2023-01-01T13:40:00
Sensor_Edge_5_1,40.52,2023-01-01T13:40:00
Sensor_Edge_7_1,74.96,2023-01-01T13:40:00
Sensor_Edge_8_1,80.27,2023-01-01T13:40:00
Sensor_Edge_10_1,64.06,2023-01-01T13:40:00
Sensor_Edge_11_1,83.55,2023-01-01T13:40:00
Sensor_Edge_13_1,71.31,2023-01-01T13:40:00
Sensor_Edge_15_1,76.13,2023-01-01T13:40:00
Sensor_Edge_21_1,65.79,2023-01-01T13:40:00
Sensor_Edge_23_1,54.59,2023-01-01T13:40:00
Sensor_Edge_25_1,66.74,2023-01-01T13:40:00
Sensor_Edge_26_1,43.74,2023-01-01T13:40:00
Sensor_Edge_31_1,65.61,2023-01-01T13:40:00
Sensor_Edge_35_1,82.18,2023-01-01T13:40:00
Sensor_Edge_36_1,69.21,2023-01-01T13:40:00
Sensor_Edge_38_1,49.35,2023-01-01T13:40:00
Sensor_Edge_39_1,69.01,2023-01-01T13:40:00
Sensor_Edge_40_1,73.84,2023-01-01T13:40:00
Sensor_Edge_41_1,94.32,2023-01-01T13:40:00
Sensor_Edge_45_1,72.86,2023-01-01T13:40:00
Sensor_Edge_46_1,66.85,2023-01-01T13:40:00
Sensor_Edge_48_1,73.82,2023-01-01T13:40:00
Sensor_Edge_55_1,78.09,2023-01-01T13:40:00
Sensor_Edge_59_1,77.11,2023-01-01T13:40:00
Sensor_Edge_65_1,65.56,2023-01-01T13:40:00
Sensor_Edge_66_1,67.16,2023-01-01T13:40:00
Sensor_Edge_67_1,72.59,2023-01-01T13:40:00
Sensor_Edge_68_1,78.61,2023-01-01T13:40:00
Sensor_Edge_69_1,75.01,2023-01-01T13:40:00
Sensor_Edge_70_1,66.09,2023-01-01T13:40:00
Sensor_Edge_71_1,81.37,2023-01-01T13:40:00
Sensor_Edge_72_1,61.10,2023-01-01T13:40:00
Sensor_Edge_73_1,74.98,2023-01-01T13:40:00
Sensor_Edge_74_1,73.76,2023-01-01T13:40:00
Sensor_Edge_75_1,79.13,2023-01-01T13:40:00
Sensor_Edge_76_1,60.92,2023-01-01T13:40:00
Sensor_Edge_2_1,64.54,2023-01-01T13:45:00
Sensor_Edge_4_1,79.51,2023-01-01T13:45:00
Sensor_Edge_5_1,40.92,2023-01-01T13:45:00
Sensor_Edge_7_1,75.65,2023-01-01T13:45:00
Sensor_Edge_8_1,79.32,2023-01-01T13:45:00
Sensor_Edge_10_1,63.76,2023-01-01T13:45:00
Sensor_Edge_11_1,82.23,2023-01-01T13:45:00
Sensor_Edge_13_1,72.14,2023-01-01T13:45:00
Sensor_Edge_15_1,78.20,2023-01-01T13:45:00
Sensor_Edge_21_1,66.10,2023-01-01T13:45:00
Sensor_Edge_23_1,56.26,2023-01-01T13:45:00
Sensor_Edge_25_1,67.40,2023-01-01T13:45:00
Sensor_Edge_26_1,44.13,2023-01-01T13:45:00
Sensor_Edge_31_1,65.44,2023-01-01T13:45:00
Sensor_Edge_35_1,80.83,2023-01-01T13:45:00
Sensor_Edge_36_1,69.35,2023-01-01T13:45:00
Sensor_Edge_38_1,48.70,2023-01-01T13:45:00
Sensor_Edge_39_1,70.01,2023-01-01T13:45:00
Sensor_Edge_40_1,73.79,2023-01-01T13:45:00
Sensor_Edge_41_1,96.11,2023-01-01T13:45:00
Sensor_Edge_45_1,71.91,2023-01-01T13:45:00
Sensor_Edge_46_1,68.71,2023-01-01T13:45:00
Sensor_Edge_48_1,74.44,2023-01-01T13:45:00
Sensor_Edge_55_1,78.42,2023-01-01T13:45:00
Sensor_Edge_59_1,77.93,2023-01-01T13:45:00
Sensor_Edge_65_1,64.75,2023-01-01T13:45:00
Sensor_Edge_66_1,66.71,2023-01-01T13:45:00
Sensor_Edge_67_1,72.14,2023-01-01T13:45:00
Sensor_Edge_68_1,78.57,2023-01-01T13:45:00
Sensor_Edge_69_1,74.15,2023-01-01T13:45:00
Sensor_Edge_70_1,69.32,2023-01-01T13:45:00
Sensor_Edge_71_1,81.45,2023-01-01T13:45:00
Sensor_Edge_72_1,62.06,2023-01-01T13:45:00
Sensor_Edge_73_1,74.84,2023-01-01T13:45:00
Sensor_Edge_74_1,74.52,2023-01-01T13:45:00
Sensor_Edge_75_1,78.08,2023-01-01T13:45:00
Sensor_Edge_76_1,60.74,2023-01-01T13:45:00
Sensor_Edge_2_1,65.05,2023-01-01T13:50:00
Sensor_Edge_4_1,79.07,2023-01-01T13:50:00
Sensor_Edge_5_1,41.52,2023-01-01T13:50:00
Sensor_Edge_7_1,75.58,2023-01-01T13:50:00
Sensor_Edge_8_1,68.49,2023-01-01T13:50:00
Sensor_Edge_10_1,63.98,2023-01-01T13:50:00
Sensor_Edge_11_1,81.27,2023-01-01T13:50:00
Sensor_Edge_13_1,72.50,2023-01-01T13:50:00
Sensor_Edge_15_1,80.16,2023-01-01T13:50:00
Sensor_Edge_21_1,65.60,2023-01-01T13:50:00
Sensor_Edge_23_1,57.89,2023-01-01T13:50:00
Sensor_Edge_25_1,67.52,2023-01-01T13:50:00
Sensor_Edge_26_1,43.83,2023-01-01T13:50:00
Sensor_Edge_31_1,65.41,2023-01-01T13:50:00
Sensor_Edge_35_1,79.94,2023-01-01T13:50:00
Sensor_Edge_36_1,68.78,2023-01-01T13:50:00
Sensor_Edge_38_1,47.84,2023-01-01T13:50:00
Sensor_Edge_39_1,70.76,2023-01-01T13:50:00
Sensor_Edge_40_1,73.72,2023-01-01T13:50:00
Sensor_Edge_41_1,97.79,2023-01-01T13:50:00
Sensor_Edge_45_1,72.75,2023-01-01T13:50:00
Sensor_Edge_46_1,71.14,2023-01-01T13:50:00
Sensor_Edge_48_1,74.26,2023-01-01T13:50:00
Sensor_Edge_55_1,79.15,2023-01-01T13:50:00
Sensor_Edge_59_1,78.50,2023-01-01T13:50:00
Sensor_Edge_65_1,65.51,2023-01-01T13:50:00
Sensor_Edge_66_1,67.36,2023-01-01T13:50:00
Sensor_Edge_67_1,72.06,2023-01-01T13:50:00
Sensor_Edge_68_1,79.01,2023-01-01T13:50:00
Sensor_Edge_69_1,73.39,2023-01-01T13:50:00
Sensor_Edge_70_1,71.87,2023-01-01T13:50:00
Sensor_Edge_71_1,81.60,2023-01-01T13:50:00
Sensor_Edge_72_1,61.78,2023-01-01T13:50:00
Sensor_Edge_73_1,74.77,2023-01-01T13:50:00
Sensor_Edge_74_1,75.34,2023-01-01T13:50:00
Sensor_Edge_75_1,77.20,2023-01-01T13:50:00
Sensor_Edge_76_1,60.79,2023-01-01T13:50:00
Sensor_Edge_2_1,65.49,2023-01-01T13:55:00
Sensor_Edge_4_1,78.56,2023-01-01T13:55:00
Sensor_Edge_5_1,41.19,2023-01-01T13:55:00
Sensor_Edge_7_1,76.07,2023-01-01T13:55:00
Sensor_Edge_8_1,57.66,2023-01-01T13:55:00
Sensor_Edge_10_1,64.26,2023-01-01T13:55:00
Sensor_Edge_11_1,80.99,2023-01-01T13:55:00
Sensor_Edge_13_1,71.49,2023-01-01T13:55:00
Sensor_Edge_15_1,82.06,2023-01-01T13:55:00
Sensor_Edge_21_1,66.19,2023-01-01T13:55:00
Sensor_Edge_23_1,59.93,2023-01-01T13:55:00
Sensor_Edge_25_1,68.22,2023-01-01T13:55:00
Sensor_Edge_26_1,44.18,2023-01-01T13:55:00
Sensor_Edge_31_1,66.20,2023-01-01T13:55:00
Sensor_Edge_35_1,80.06,2023-01-01T13:55:00
Sensor_Edge_36_1,68.39,2023-01-01T13:55:00
Sensor_Edge_38_1,47.55,2023-01-01T13:55:00
Sensor_Edge_39_1,71.49,2023-01-01T13:55:00
Sensor_Edge_40_1,73.35,2023-01-01T13:55:00
Sensor_Edge_41_1,98.19,2023-01-01T13:55:00
Sensor_Edge_45_1,72.62,2023-01-01T13:55:00
Sensor_Edge_46_1,72.75,2023-01-01T13:55:00
Sensor_Edge_48_1,74.01,2023-01-01T13:55:00
Sensor_Edge_55_1,78.17,2023-01-01T13:55:00
Sensor_Edge_59_1,77.54,2023-01-01T13:55:00
Sensor_Edge_65_1,65.13,2023-01-01T13:55:00
Sensor_Edge_66_1,67.17,2023-01-01T13:55:00
Sensor_Edge_67_1,72.15,2023-01-01T13:55:00
Sensor_Edge_68_1,78.11,2023-01-01T13:55:00
Sensor_Edge_69_1,74.05,2023-01-01T13:55:00
Sensor_Edge_70_1,74.01,2023-01-01T13:55:00
Sensor_Edge_71_1,81.95,2023-01-01T13:55:00
Sensor_Edge_72_1,62.16,2023-01-01T13:55:00
Sensor_Edge_73_1,75.01,2023-01-01T13:55:00
Sensor_Edge_74_1,76.18,2023-01-01T13:55:00
Sensor_Edge_75_1,77.02,2023-01-01T13:55:00
Sensor_Edge_76_1,61.28,2023-01-01T13:55:00
Sensor_Edge_2_1,64.62,2023-01-01T14:00:00
Sensor_Edge_4_1,79.47,2023-01-01T14:00:00
Sensor_Edge_5_1,40.30,2023-01-01T14:00:00
Sensor_Edge_7_1,76.20,2023-01-01T14:00:00
Sensor_Edge_8_1,46.83,2023-01-01T14:00:00
Sensor_Edge_10_1,63.41,2023-01-01T14:00:00
Sensor_Edge_11_1,81.09,2023-01-01T14:00:00
Sensor_Edge_13_1,72.12,2023-01-01T14:00:00
Sensor_Edge_15_1,83.35,2023-01-01T14:00:00
Sensor_Edge_21_1,65.55,2023-01-01T14:00:00
Sensor_Edge_23_1,60.62,2023-01-01T14:00:00
Sensor_Edge_25_1,68.61,2023-01-01T14:00:00
Sensor_Edge_26_1,43.67,2023-01-01T14:00:00
Sensor_Edge_31_1,65.32,2023-01-01T14:00:00
Sensor_Edge_35_1,78.60,2023-01-01T14:00:00
Sensor_Edge_36_1,67.68,2023-01-01T14:00:00
Sensor_Edge_38_1,47.40,2023-01-01T14:00:00
Sensor_Edge_39_1,70.56,2023-01-01T14:00:00
Sensor_Edge_40_1,71.98,2023-01-01T14:00:00
Sensor_Edge_41_1,92.79,2023-01-01T14:00:00
Sensor_Edge_45_1,72.57,2023-01-01T14:00:00
Sensor_Edge_46_1,73.53,2023-01-01T14:00:00
Sensor_Edge_48_1,74.23,2023-01-01T14:00:00
Sensor_Edge_55_1,78.21,2023-01-01T14:00:00
Sensor_Edge_59_1,78.39,2023-01-01T14:00:00
Sensor_Edge_65_1,64.34,2023-01-01T14:00:00
Sensor_Edge_66_1,66.25,2023-01-01T14:00:00
Sensor_Edge_67_1,71.19,2023-01-01T14:00:00
Sensor_Edge_68_1,77.55,2023-01-01T14:00:00
Sensor_Edge_69_1,74.76,2023-01-01T14:00:00
Sensor_Edge_70_1,74.38,2023-01-01T14:00:00
Sensor_Edge_71_1,81.59,2023-01-01T14:00:00
Sensor_Edge_72_1,62.04,2023-01-01T14:00:00
Sensor_Edge_73_1,75.14,2023-01-01T14:00:00
Sensor_Edge_74_1,75.64,2023-01-01T14:00:00
Sensor_Edge_75_1,76.95,2023-01-01T14:00:00
Sensor_Edge_76_1,61.91,2023-01-01T14:00:00
Sensor_Edge_2_1,63.70,2023-01-01T14:05:00
Sensor_Edge_4_1,80.17,2023-01-01T14:05:00
Sensor_Edge_5_1,40.07,2023-01-01T14:05:00
Sensor_Edge_7_1,75.12,2023-01-01T14:05:00
Sensor_Edge_8_1,52.66,2023-01-01T14:05:00
Sensor_Edge_10_1,63.63,2023-01-01T14:05:00
Sensor_Edge_11_1,79.83,2023-01-01T14:05:00
Sensor_Edge_13_1,72.63,2023-01-01T14:05:00
Sensor_Edge_15_1,85.32,2023-01-01T14:05:00
Sensor_Edge_21_1,65.85,2023-01-01T14:05:00
Sensor_Edge_23_1,60.21,2023-01-01T14:05:00
Sensor_Edge_25_1,68.00,2023-01-01T14:05:00
Sensor_Edge_26_1,42.89,2023-01-01T14:05:00
Sensor_Edge_31_1,64.49,2023-01-01T14:05:00
Sensor_Edge_35_1,78.02,2023-01-01T14:05:00
Sensor_Edge_36_1,68.37,2023-01-01T14:05:00
Sensor_Edge_38_1,46.67,2023-01-01T14:05:00
Sensor_Edge_39_1,69.81,2023-01-01T14:05:00
Sensor_Edge_40_1,72.48,2023-01-01T14:05:00
Sensor_Edge_41_1,91.10,2023-01-01T14:05:00
Sensor_Edge_45_1,71.75,2023-01-01T14:05:00
Sensor_Edge_46_1,75.28,2023-01-01T14:05:00
Sensor_Edge_48_1,73.34,2023-01-01T14:05:00
Sensor_Edge_55_1,78.56,2023-01-01T14:05:00
Sensor_Edge_59_1,77.48,2023-01-01T14:05:00
Sensor_Edge_65_1,64.74,2023-01-01T14:05:00
Sensor_Edge_66_1,65.43,2023-01-01T14:05:00
Sensor_Edge_67_1,71.80,2023-01-01T14:05:00
Sensor_Edge_68_1,77.26,2023-01-01T14:05:00
Sensor_Edge_69_1,75.67,2023-01-01T14:05:00
Sensor_Edge_70_1,76.00,2023-01-01T14:05:00
Sensor_Edge_71_1,82.37,2023-01-01T14:05:00
Sensor_Edge_72_1,62.97,2023-01-01T14:05:00
Sensor_Edge_73_1,75.60,2023-01-01T14:05:00
Sensor_Edge_74_1,75.97,2023-01-01T14:05:00
Sensor_Edge_75_1,76.95,2023-01-01T14:05:00
Sensor_Edge_76_1,61.95,2023-01-01T14:05:00
Sensor_Edge_2_1,63.79,2023-01-01T14:10:00
Sensor_Edge_4_1,79.16,2023-01-01T14:10:00
Sensor_Edge_5_1,39.44,2023-01-01T14:10:00
Sensor_Edge_7_1,66.62,2023-01-01T14:10:00
Sensor_Edge_8_1,57.94,2023-01-01T14:10:00
Sensor_Edge_10_1,64.12,2023-01-01T14:10:00
Sensor_Edge_11_1,80.06,2023-01-01T14:10:00
Sensor_Edge_13_1,72.03,2023-01-01T14:10:00
Sensor_Edge_15_1,87.07,2023-01-01T14:10:00
Sensor_Edge_21_1,66.41,2023-01-01T14:10:00
Sensor_Edge_23_1,60.30,2023-01-01T14:10:00
Sensor_Edge_25_1,68.40,2023-01-01T14:10:00
Sensor_Edge_26_1,42.27,2023-01-01T14:10:00
Sensor_Edge_31_1,65.05,2023-01-01T14:10:00
Sensor_Edge_35_1,77.30,2023-01-01T14:10:00
Sensor_Edge_36_1,67.43,2023-01-01T14:10:00
Sensor_Edge_38_1,47.56,2023-01-01T14:10:00
Sensor_Edge_39_1,70.40,2023-01-01T14:10:00
Sensor_Edge_40_1,71.81,2023-01-01T14:10:00
Sensor_Edge_41_1,90.37,2023-01-01T14:10:00
Sensor_Edge_45_1,72.62,2023-01-01T14:10:00
Sensor_Edge_46_1,75.95,2023-01-01T14:10:00
Sensor_Edge_48_1,72.84,2023-01-01T14:10:00
Sensor_Edge_55_1,78.49,2023-01-01T14:10:00
Sensor_Edge_59_1,77.62,2023-01-01T14:10:00
Sensor_Edge_65_1,65.66,2023-01-01T14:10:00
Sensor_Edge_66_1,66.10,2023-01-01T14:10:00
Sensor_Edge_67_1,72.64,2023-01-01T14:10:00
Sensor_Edge_68_1,77.94,2023-01-01T14:10:00
Sensor_Edge_69_1,74.77,2023-01-01T14:10:00
Sensor_Edge_70_1,77.50,2023-01-01T14:10:00
Sensor_Edge_71_1,83.00,2023-01-01T14:10:00
Sensor_Edge_72_1,62.28,2023-01-01T14:10:00
Sensor_Edge_73_1,76.00,2023-01-01T14:10:00
Sensor_Edge_74_1,75.85,2023-01-01T14:10:00
Sensor_Edge_75_1,76.06,2023-01-01T14:10:00
Sensor_Edge_76_1,61.61,2023-01-01T14:10:00
Sensor_Edge_2_1,63.35,2023-01-01T14:15:00
Sensor_Edge_4_1,79.77,2023-01-01T14:15:00
Sensor_Edge_5_1,38.93,2023-01-01T14:15:00
Sensor_Edge_7_1,58.12,2023-01-01T14:15:00
Sensor_Edge_8_1,62.18,2023-01-01T14:15:00
Sensor_Edge_10_1,64.96,2023-01-01T14:15:00
Sensor_Edge_11_1,79.32,2023-01-01T14:15:00
Sensor_Edge_13_1,71.35,2023-01-01T14:15:00
Sensor_Edge_15_1,89.61,2023-01-01T14:15:00
Sensor_Edge_21_1,65.96,2023-01-01T14:15:00
Sensor_Edge_23_1,60.85,2023-01-01T14:15:00
Sensor_Edge_25_1,68.30,2023-01-01T14:15:00
Sensor_Edge_26_1,41.68,2023-01-01T14:15:00
Sensor_Edge_31_1,65.36,2023-01-01T14:15:00
Sensor_Edge_35_1,77.81,2023-01-01T14:15:00
Sensor_Edge_36_1,67.47,2023-01-01T14:15:00
Sensor_Edge_38_1,48.69,2023-01-01T14:15:00
Sensor_Edge_39_1,69.60,2023-01-01T14:15:00
Sensor_Edge_40_1,71.12,2023-01-01T14:15:00
Sensor_Edge_41_1,89.24,2023-01-01T14:15:00
Sensor_Edge_45_1,72.30,2023-01-01T14:15:00
Sensor_Edge_46_1,75.68,2023-01-01T14:15:00
Sensor_Edge_48_1,73.26,2023-01-01T14:15:00
Sensor_Edge_55_1,78.91,2023-01-01T14:15:00
Sensor_Edge_59_1,77.35,2023-01-01T14:15:00
Sensor_Edge_65_1,66.18,2023-01-01T14:15:00
Sensor_Edge_66_1,65.17,2023-01-01T14:15:00
Sensor_Edge_67_1,71.80,2023-01-01T14:15:00
Sensor_Edge_68_1,77.27,2023-01-01T14:15:00
Sensor_Edge_69_1,75.37,2023-01-01T14:15:00
Sensor_Edge_70_1,78.61,2023-01-01T14:15:00
Sensor_Edge_71_1,82.39,2023-01-01T14:15:00
Sensor_Edge_72_1,61.46,2023-01-01T14:15:00
Sensor_Edge_73_1,76.28,2023-01-01T14:15:00
Sensor_Edge_74_1,75.62,2023-01-01T14:15:00
Sensor_Edge_75_1,75.51,2023-01-01T14:15:00
Sensor_Edge_76_1,62.34,2023-01-01T14:15:00
Sensor_Edge_2_1,64.26,2023-01-01T14:20:00
Sensor_Edge_4_1,80.72,2023-01-01T14:20:00
Sensor_Edge_5_1,39.61,2023-01-01T14:20:00
Sensor_Edge_7_1,49.63,2023-01-01T14:20:00
Sensor_Edge_8_1,66.05,2023-01-01T14:20:00
Sensor_Edge_10_1,65.33,2023-01-01T14:20:00
Sensor_Edge_11_1,79.59,2023-01-01T14:20:00
Sensor_Edge_13_1,71.74,2023-01-01T14:20:00
Sensor_Edge_15_1,92.04,2023-01-01T14:20:00
Sensor_Edge_21_1,65.46,2023-01-01T14:20:00
Sensor_Edge_23_1,61.41,2023-01-01T14:20:00
Sensor_Edge_25_1,68.26,2023-01-01T14:20:00
Sensor_Edge_26_1,41.57,2023-01-01T14:20:00
Sensor_Edge_31_1,65.16,2023-01-01T14:20:00
Sensor_Edge_35_1,76.71,2023-01-01T14:20:00
Sensor_Edge_36_1,60.27,2023-01-01T14:20:00
Sensor_Edge_38_1,48.39,2023-01-01T14:20:00
Sensor_Edge_39_1,69.81,2023-01-01T14:20:00
Sensor_Edge_40_1,71.15,2023-01-01T14:20:00
Sensor_Edge_41_1,87.45,2023-01-01T14:20:00
Sensor_Edge_45_1,72.89,2023-01-01T14:20:00
Sensor_Edge_46_1,75.89,2023-01-01T14:20:00
Sensor_Edge_48_1,73.00,2023-01-01T14:20:00
Sensor_Edge_55_1,78.80,2023-01-01T14:20:00
Sensor_Edge_59_1,77.16,2023-01-01T14:20:00
Sensor_Edge_65_1,66.08,2023-01-01T14:20:00
Sensor_Edge_66_1,65.19,2023-01-01T14:20:00
Sensor_Edge_67_1,71.33,2023-01-01T14:20:00
Sensor_Edge_68_1,76.43,2023-01-01T14:20:00
Sensor_Edge_69_1,75.61,2023-01-01T14:20:00
Sensor_Edge_70_1,78.75,2023-01-01T14:20:00
Sensor_Edge_71_1,82.30,2023-01-01T14:20:00
Sensor_Edge_72_1,60.84,2023-01-01T14:20:00
Sensor_Edge_73_1,76.79,2023-01-01T14:20:00
Sensor_Edge_74_1,75.23,2023-01-01T14:20:00
Sensor_Edge_75_1,75.05,2023-01-01T14:20:00
Sensor_Edge_76_1,61.76,2023-01-01T14:20:00
Sensor_Edge_2_1,64.50,2023-01-01T14:25:00
Sensor_Edge_4_1,81.43,2023-01-01T14:25:00
Sensor_Edge_5_1,40.38,2023-01-01T14:25:00
Sensor_Edge_7_1,41.13,2023-01-01T14:25:00
Sensor_Edge_8_1,69.20,2023-01-01T14:25:00
Sensor_Edge_10_1,65.92,2023-01-01T14:25:00
Sensor_Edge_11_1,79.38,2023-01-01T14:25:00
Sensor_Edge_13_1,72.52,2023-01-01T14:25:00
Sensor_Edge_15_1,93.59,2023-01-01T14:25:00
Sensor_Edge_21_1,65.87,2023-01-01T14:25:00
Sensor_Edge_23_1,60.69,2023-01-01T14:25:00
Sensor_Edge_25_1,68.40,2023-01-01T14:25:00
Sensor_Edge_26_1,41.13,2023-01-01T14:25:00
Sensor_Edge_31_1,66.49,2023-01-01T14:25:00
Sensor_Edge_35_1,75.79,2023-01-01T14:25:00
Sensor_Edge_36_1,53.07,2023-01-01T14:25:00
Sensor_Edge_38_1,47.71,2023-01-01T14:25:00
Sensor_Edge_39_1,69.50,2023-01-01T14:25:00
Sensor_Edge_40_1,71.79,2023-01-01T14:25:00
Sensor_Edge_41_1,87.23,2023-01-01T14:25:00
Sensor_Edge_45_1,73.16,2023-01-01T14:25:00
Sensor_Edge_46_1,76.48,2023-01-01T14:25:00
Sensor_Edge_48_1,72.89,2023-01-01T14:25:00
Sensor_Edge_55_1,79.45,2023-01-01T14:25:00
Sensor_Edge_59_1,77.52,2023-01-01T14:25:00
Sensor_Edge_65_1,66.27,2023-01-01T14:25:00
Sensor_Edge_66_1,64.72,2023-01-01T14:25:00
Sensor_Edge_67_1,71.53,2023-01-01T14:25:00
Sensor_Edge_68_1,77.34,2023-01-01T14:25:00
Sensor_Edge_69_1,75.94,2023-01-01T14:25:00
Sensor_Edge_70_1,78.85,2023-01-01T14:25:00
Sensor_Edge_71_1,82.60,2023-01-01T14:25:00
Sensor_Edge_72_1,60.44,2023-01-01T14:25:00
Sensor_Edge_73_1,75.95,2023-01-01T14:25:00
Sensor_Edge_74_1,75.95,2023-01-01T14:25:00
Sensor_Edge_75_1,75.05,2023-01-01T14:25:00
Sensor_Edge_76_1,61.16,2023-01-01T14:25:00
Sensor_Edge_2_1,65.12,2023-01-01T14:30:00
Sensor_Edge_4_1,81.81,2023-01-01T14:30:00
Sensor_Edge_5_1,39.94,2023-01-01T14:30:00
Sensor_Edge_7_1,47.32,2023-01-01T14:30:00
Sensor_Edge_8_1,70.73,2023-01-01T14:30:00
Sensor_Edge_10_1,66.27,2023-01-01T14:30:00
Sensor_Edge_11_1,79.36,2023-01-01T14:30:00
Sensor_Edge_13_1,73.26,2023-01-01T14:30:00
Sensor_Edge_15_1,95.87,2023-01-01T14:30:00
Sensor_Edge_21_1,65.86,2023-01-01T14:30:00
Sensor_Edge_23_1,60.09,2023-01-01T14:30:00
Sensor_Edge_25_1,67.91,2023-01-01T14:30:00
Sensor_Edge_26_1,40.34,2023-01-01T14:30:00
Sensor_Edge_31_1,67.27,2023-01-01T14:30:00
Sensor_Edge_35_1,74.48,2023-01-01T14:30:00
Sensor_Edge_36_1,45.86,2023-01-01T14:30:00
Sensor_Edge_38_1,47.50,2023-01-01T14:30:00
Sensor_Edge_39_1,68.91,2023-01-01T14:30:00
Sensor_Edge_40_1,71.17,2023-01-01T14:30:00
Sensor_Edge_41_1,87.22,2023-01-01T14:30:00
Sensor_Edge_45_1,73.08,2023-01-01T14:30:00
Sensor_Edge_46_1,77.46,2023-01-01T14:30:00
Sensor_Edge_48_1,72.82,2023-01-01T14:30:00
Sensor_Edge_55_1,79.87,2023-01-01T14:30:00
Sensor_Edge_59_1,77.41,2023-01-01T14:30:00
Sensor_Edge_65_1,65.53,2023-01-01T14:30:00
Sensor_Edge_66_1,64.71,2023-01-01T14:30:00
Sensor_Edge_67_1,72.01,2023-01-01T14:30:00
Sensor_Edge_68_1,77.55,2023-01-01T14:30:00
Sensor_Edge_69_1,75.55,2023-01-01T14:30:00
Sensor_Edge_70_1,78.27,2023-01-01T14:30:00
Sensor_Edge_71_1,83.33,2023-01-01T14:30:00
Sensor_Edge_72_1,61.03,2023-01-01T14:30:00
Sensor_Edge_73_1,76.10,2023-01-01T14:30:00
Sensor_Edge_74_1,75.33,2023-01-01T14:30:00
Sensor_Edge_75_1,75.42,2023-01-01T14:30:00
Sensor_Edge_76_1,61.43,2023-01-01T14:30:00
Sensor_Edge_2_1,66.01,2023-01-01T14:35:00
Sensor_Edge_4_1,81.29,2023-01-01T14:35:00
Sensor_Edge_5_1,40.58,2023-01-01T14:35:00
Sensor_Edge_7_1,52.51,2023-01-01T14:35:00
Sensor_Edge_8_1,73.42,2023-01-01T14:35:00
Sensor_Edge_10_1,66.08,2023-01-01T14:35:00
Sensor_Edge_11_1,78.47,2023-01-01T14:35:00
Sensor_Edge_13_1,72.97,2023-01-01T14:35:00
Sensor_Edge_15_1,97.71,2023-01-01T14:35:00
Sensor_Edge_21_1,66.17,2023-01-01T14:35:00
Sensor_Edge_23_1,60.77,2023-01-01T14:35:00
Sensor_Edge_25_1,68.11,2023-01-01T14:35:00
Sensor_Edge_26_1,32.84,2023-01-01T14:35:00
Sensor_Edge_31_1,68.49,2023-01-01T14:35:00
Sensor_Edge_35_1,74.03,2023-01-01T14:35:00
Sensor_Edge_36_1,38.66,2023-01-01T14:35:00
Sensor_Edge_38_1,48.17,2023-01-01T14:35:00
Sensor_Edge_39_1,69.60,2023-01-01T14:35:00
Sensor_Edge_40_1,70.98,2023-01-01T14:35:00
Sensor_Edge_41_1,86.68,2023-01-01T14:35:00
Sensor_Edge_45_1,73.36,2023-01-01T14:35:00
Sensor_Edge_46_1,77.01,2023-01-01T14:35:00
Sensor_Edge_48_1,72.74,2023-01-01T14:35:00
Sensor_Edge_55_1,80.65,2023-01-01T14:35:00
Sensor_Edge_59_1,77.51,2023-01-01T14:35:00
Sensor_Edge_65_1,66.30,2023-01-01T14:35:00
Sensor_Edge_66_1,67.60,2023-01-01T14:35:00
Sensor_Edge_67_1,72.05,2023-01-01T14:35:00
Sensor_Edge_68_1,77.34,2023-01-01T14:35:00
Sensor_Edge_69_1,76.23,2023-01-01T14:35:00
Sensor_Edge_70_1,78.92,2023-01-01T14:35:00
Sensor_Edge_71_1,83.86,2023-01-01T14:35:00
Sensor_Edge_72_1,60.92,2023-01-01T14:35:00
Sensor_Edge_73_1,75.94,2023-01-01T14:35:00
Sensor_Edge_74_1,75.72,2023-01-01T14:35:00
Sensor_Edge_75_1,75.89,2023-01-01T14:35:00
Sensor_Edge_76_1,61.08,2023-01-01T14:35:00
Sensor_Edge_2_1,65.20,2023-01-01T14:40:00
Sensor_Edge_4_1,81.27,2023-01-01T14:40:00
Sensor_Edge_5_1,39.95,2023-01-01T14:40:00
Sensor_Edge_7_1,56.99,2023-01-01T14:40:00
Sensor_Edge_8_1,75.40,2023-01-01T14:40:00
Sensor_Edge_10_1,66.40,2023-01-01T14:40:00
Sensor_Edge_11_1,78.35,2023-01-01T14:40:00
Sensor_Edge_13_1,71.94,2023-01-01T14:40:00
Sensor_Edge_15_1,98.86,2023-01-01T14:40:00
Sensor_Edge_21_1,65.99,2023-01-01T14:40:00
Sensor_Edge_23_1,61.30,2023-01-01T14:40:00
Sensor_Edge_25_1,67.58,2023-01-01T14:40:00
Sensor_Edge_26_1,25.34,2023-01-01T14:40:00
Sensor_Edge_31_1,68.68,2023-01-01T14:40:00
Sensor_Edge_35_1,74.57,2023-01-01T14:40:00
Sensor_Edge_36_1,45.37,2023-01-01T14:40:00
Sensor_Edge_38_1,48.38,2023-01-01T14:40:00
Sensor_Edge_39_1,70.46,2023-01-01T14:40:00
Sensor_Edge_40_1,71.14,2023-01-01T14:40:00
Sensor_Edge_41_1,86.62,2023-01-01T14:40:00
Sensor_Edge_45_1,72.75,2023-01-01T14:40:00
Sensor_Edge_46_1,77.89,2023-01-01T14:40:00
Sensor_Edge_48_1,72.43,2023-01-01T14:40:00
Sensor_Edge_55_1,80.88,2023-01-01T14:40:00
Sensor_Edge_59_1,77.50,2023-01-01T14:40:00
Sensor_Edge_65_1,65.75,2023-01-01T14:40:00
Sensor_Edge_66_1,68.95,2023-01-01T14:40:00
Sensor_Edge_67_1,72.61,2023-01-01T14:40:00
Sensor_Edge_68_1,78.21,2023-01-01T14:40:00
Sensor_Edge_69_1,76.02,2023-01-01T14:40:00
Sensor_Edge_70_1,78.95,2023-01-01T14:40:00
Sensor_Edge_71_1,84.18,2023-01-01T14:40:00
Sensor_Edge_72_1,60.38,2023-01-01T14:40:00
Sensor_Edge_73_1,76.58,2023-01-01T14:40:00
Sensor_Edge_74_1,75.64,2023-01-01T14:40:00
Sensor_Edge_75_1,75.40,2023-01-01T14:40:00
Sensor_Edge_76_1,60.83,2023-01-01T14:40:00
Sensor_Edge_2_1,65.46,2023-01-01T14:45:00
Sensor_Edge_4_1,82.07,2023-01-01T14:45:00
Sensor_Edge_5_1,39.32,2023-01-01T14:45:00
Sensor_Edge_7_1,60.56,2023-01-01T14:45:00
Sensor_Edge_8_1,75.90,2023-01-01T14:45:00
Sensor_Edge_10_1,66.51,2023-01-01T14:45:00
Sensor_Edge_11_1,78.81,2023-01-01T14:45:00
Sensor_Edge_13_1,71.70,2023-01-01T14:45:00
Sensor_Edge_15_1,99.63,2023-01-01T14:45:00
Sensor_Edge_21_1,66.37,2023-01-01T14:45:00
Sensor_Edge_23_1,60.85,2023-01-01T14:45:00
Sensor_Edge_25_1,68.38,2023-01-01T14:45:00
Sensor_Edge_26_1,17.85,2023-01-01T14:45:00
Sensor_Edge_31_1,70.72,2023-01-01T14:45:00
Sensor_Edge_35_1,74.83,2023-01-01T14:45:00
Sensor_Edge_36_1,50.25,2023-01-01T14:45:00
Sensor_Edge_38_1,48.38,2023-01-01T14:45:00
Sensor_Edge_39_1,71.26,2023-01-01T14:45:00
Sensor_Edge_40_1,71.35,2023-01-01T14:45:00
Sensor_Edge_41_1,85.75,2023-01-01T14:45:00
Sensor_Edge_45_1,72.35,2023-01-01T14:45:00
Sensor_Edge_46_1,77.82,2023-01-01T14:45:00
Sensor_Edge_48_1,73.25,2023-01-01T14:45:00
Sensor_Edge_55_1,81.50,2023-01-01T14:45:00
Sensor_Edge_59_1,77.17,2023-01-01T14:45:00
Sensor_Edge_65_1,66.47,2023-01-01T14:45:00
Sensor_Edge_66_1,71.75,2023-01-01T14:45:00
Sensor_Edge_67_1,73.39,2023-01-01T14:45:00
Sensor_Edge_68_1,78.29,2023-01-01T14:45:00
Sensor_Edge_69_1,75.20,2023-01-01T14:45:00
Sensor_Edge_70_1,78.70,2023-01-01T14:45:00
Sensor_Edge_71_1,83.19,2023-01-01T14:45:00
Sensor_Edge_72_1,60.06,2023-01-01T14:45:00
Sensor_Edge_73_1,76.59,2023-01-01T14:45:00
Sensor_Edge_74_1,75.57,2023-01-01T14:45:00
Sensor_Edge_75_1,75.64,2023-01-01T14:45:00
Sensor_Edge_76_1,60.23,2023-01-01T14:45:00
Sensor_Edge_2_1,66.41,2023-01-01T14:50:00
Sensor_Edge_4_1,80.99,2023-01-01T14:50:00
Sensor_Edge_5_1,39.49,2023-01-01T14:50:00
Sensor_Edge_7_1,63.37,2023-01-01T14:50:00
Sensor_Edge_8_1,77.44,2023-01-01T14:50:00
Sensor_Edge_10_1,66.34,2023-01-01T14:50:00
Sensor_Edge_11_1,78.61,2023-01-01T14:50:00
Sensor_Edge_13_1,72.50,2023-01-01T14:50:00
Sensor_Edge_15_1,100.00,2023-01-01T14:50:00
Sensor_Edge_21_1,66.91,2023-01-01T14:50:00
Sensor_Edge_23_1,60.94,2023-01-01T14:50:00
Sensor_Edge_25_1,68.88,2023-01-01T14:50:00
Sensor_Edge_26_1,10.35,2023-01-01T14:50:00
Sensor_Edge_31_1,70.85,2023-01-01T14:50:00
Sensor_Edge_35_1,75.47,2023-01-01T14:50:00
Sensor_Edge_36_1,54.26,2023-01-01T14:50:00
Sensor_Edge_38_1,48.50,2023-01-01T14:50:00
Sensor_Edge_39_1,70.53,2023-01-01T14:50:00
Sensor_Edge_40_1,70.79,2023-01-01T14:50:00
Sensor_Edge_41_1,84.55,2023-01-01T14:50:00
Sensor_Edge_45_1,73.17,2023-01-01T14:50:00
Sensor_Edge_46_1,76.96,2023-01-01T14:50:00
Sensor_Edge_48_1,74.13,2023-01-01T14:50:00
Sensor_Edge_55_1,81.46,2023-01-01T14:50:00
Sensor_Edge_59_1,76.90,2023-01-01T14:50:00
Sensor_Edge_65_1,66.12,2023-01-01T14:50:00
Sensor_Edge_66_1,72.88,2023-01-01T14:50:00
Sensor_Edge_67_1,75.11,2023-01-01T14:50:00
Sensor_Edge_68_1,79.05,2023-01-01T14:50:00
Sensor_Edge_69_1,75.41,2023-01-01T14:50:00
Sensor_Edge_70_1,77.96,2023-01-01T14:50:00
Sensor_Edge_71_1,83.49,2023-01-01T14:50:00
Sensor_Edge_72_1,60.51,2023-01-01T14:50:00
Sensor_Edge_73_1,76.78,2023-01-01T14:50:00
Sensor_Edge_74_1,76.27,2023-01-01T14:50:00
Sensor_Edge_75_1,75.89,2023-01-01T14:50:00
Sensor_Edge_76_1,60.24,2023-01-01T14:50:00
Sensor_Edge_2_1,67.29,2023-01-01T14:55:00
Sensor_Edge_4_1,81.63,2023-01-01T14:55:00
Sensor_Edge_5_1,39.30,2023-01-01T14:55:00
Sensor_Edge_7_1,66.01,2023-01-01T14:55:00
Sensor_Edge_8_1,77.49,2023-01-01T14:55:00
Sensor_Edge_10_1,66.67,2023-01-01T14:55:00
Sensor_Edge_11_1,79.15,2023-01-01T14:55:00
Sensor_Edge_13_1,72.11,2023-01-01T14:55:00
Sensor_Edge_15_1,100.00,2023-01-01T14:55:00
Sensor_Edge_21_1,67.38,2023-01-01T14:55:00
Sensor_Edge_23_1,61.25,2023-01-01T14:55:00
Sensor_Edge_25_1,68.10,2023-01-01T14:55:00
Sensor_Edge_26_1,17.06,2023-01-01T14:55:00
Sensor_Edge_31_1,71.68,2023-01-01T14:55:00
Sensor_Edge_35_1,74.43,2023-01-01T14:55:00
Sensor_Edge_36_1,55.96,2023-01-01T14:55:00
Sensor_Edge_38_1,48.45,2023-01-01T14:55:00
Sensor_Edge_39_1,70.62,2023-01-01T14:55:00
Sensor_Edge_40_1,70.04,2023-01-01T14:55:00
Sensor_Edge_41_1,83.75,2023-01-01T14:55:00
Sensor_Edge_45_1,73.22,2023-01-01T14:55:00
Sensor_Edge_46_1,77.71,2023-01-01T14:55:00
Sensor_Edge_48_1,75.00,2023-01-01T14:55:00
Sensor_Edge_55_1,82.07,2023-01-01T14:55:00
Sensor_Edge_59_1,77.33,2023-01-01T14:55:00
Sensor_Edge_65_1,67.06,2023-01-01T14:55:00
Sensor_Edge_66_1,75.43,2023-01-01T14:55:00
Sensor_Edge_67_1,76.31,2023-01-01T14:55:00
Sensor_Edge_68_1,79.52,2023-01-01T14:55:00
Sensor_Edge_69_1,75.77,2023-01-01T14:55:00
Sensor_Edge_70_1,77.82,2023-01-01T14:55:00
Sensor_Edge_71_1,83.88,2023-01-01T14:55:00
Sensor_Edge_72_1,60.57,2023-01-01T14:55:00
Sensor_Edge_73_1,75.88,2023-01-01T14:55:00
Sensor_Edge_74_1,76.44,2023-01-01T14:55:00
Sensor_Edge_75_1,75.36,2023-01-01T14:55:00
Sensor_Edge_76_1,60.22,2023-01-01T14:55:00
Sensor_Edge_2_1,67.15,2023-01-01T15:00:00
Sensor_Edge_4_1,82.26,2023-01-01T15:00:00
Sensor_Edge_5_1,40.01,2023-01-01T15:00:00
Sensor_Edge_7_1,67.28,2023-01-01T15:00:00
Sensor_Edge_8_1,78.02,2023-01-01T15:00:00
Sensor_Edge_10_1,67.15,2023-01-01T15:00:00
Sensor_Edge_11_1,78.22,2023-01-01T15:00:00
Sensor_Edge_13_1,72.62,2023-01-01T15:00:00
Sensor_Edge_15_1,100.00,2023-01-01T15:00:00
Sensor_Edge_21_1,67.05,2023-01-01T15:00:00
Sensor_Edge_23_1,61.07,2023-01-01T15:00:00
Sensor_Edge_25_1,67.47,2023-01-01T15:00:00
Sensor_Edge_26_1,21.53,2023-01-01T15:00:00
Sensor_Edge_31_1,71.79,2023-01-01T15:00:00
Sensor_Edge_35_1,73.78,2023-01-01T15:00:00
Sensor_Edge_36_1,58.81,2023-01-01T15:00:00
Sensor_Edge_38_1,48.42,2023-01-01T15:00:00
Sensor_Edge_39_1,70.37,2023-01-01T15:00:00
Sensor_Edge_40_1,69.94,2023-01-01T15:00:00
Sensor_Edge_41_1,82.14,2023-01-01T15:00:00
Sensor_Edge_45_1,73.30,2023-01-01T15:00:00
Sensor_Edge_46_1,78.06,2023-01-01T15:00:00
Sensor_Edge_48_1,75.08,2023-01-01T15:00:00
Sensor_Edge_55_1,82.76,2023-01-01T15:00:00
Sensor_Edge_59_1,76.58,2023-01-01T15:00:00
Sensor_Edge_65_1,66.79,2023-01-01T15:00:00
Sensor_Edge_66_1,77.49,2023-01-01T15:00:00
Sensor_Edge_67_1,77.86,2023-01-01T15:00:00
Sensor_Edge_68_1,80.26,2023-01-01T15:00:00
Sensor_Edge_69_1,75.41,2023-01-01T15:00:00
Sensor_Edge_70_1,77.49,2023-01-01T15:00:00
Sensor_Edge_71_1,84.14,2023-01-01T15:00:00
Sensor_Edge_72_1,59.98,2023-01-01T15:00:00
Sensor_Edge_73_1,76.21,2023-01-01T15:00:00
Sensor_Edge_74_1,75.98,2023-01-01T15:00:00
Sensor_Edge_75_1,75.48,2023-01-01T15:00:00
Sensor_Edge_76_1,60.43,2023-01-01T15:00:00
Sensor_Edge_2_1,67.89,2023-01-01T15:05:00
Sensor_Edge_4_1,83.12,2023-01-01T15:05:00
Sensor_Edge_5_1,41.07,2023-01-01T15:05:00
Sensor_Edge_7_1,67.87,2023-01-01T15:05:00
Sensor_Edge_8_1,77.59,2023-01-01T15:05:00
Sensor_Edge_10_1,67.80,2023-01-01T15:05:00
Sensor_Edge_11_1,77.95,2023-01-01T15:05:00
Sensor_Edge_13_1,71.74,2023-01-01T15:05:00
Sensor_Edge_15_1,100.00,2023-01-01T15:05:00
Sensor_Edge_21_1,67.60,2023-01-01T15:05:00
Sensor_Edge_23_1,62.08,2023-01-01T15:05:00
Sensor_Edge_25_1,66.76,2023-01-01T15:05:00
Sensor_Edge_26_1,26.46,2023-01-01T15:05:00
Sensor_Edge_31_1,73.61,2023-01-01T15:05:00
Sensor_Edge_35_1,73.43,2023-01-01T15:05:00
Sensor_Edge_36_1,61.16,2023-01-01T15:05:00
Sensor_Edge_38_1,48.28,2023-01-01T15:05:00
Sensor_Edge_39_1,71.31,2023-01-01T15:05:00
Sensor_Edge_40_1,69.10,2023-01-01T15:05:00
Sensor_Edge_41_1,82.23,2023-01-01T15:05:00
Sensor_Edge_45_1,72.40,2023-01-01T15:05:00
Sensor_Edge_46_1,77.44,2023-01-01T15:05:00
Sensor_Edge_48_1,74.14,2023-01-01T15:05:00
Sensor_Edge_55_1,82.20,2023-01-01T15:05:00
Sensor_Edge_59_1,75.76,2023-01-01T15:05:00
Sensor_Edge_65_1,66.78,2023-01-01T15:05:00
Sensor_Edge_66_1,78.89,2023-01-01T15:05:00
Sensor_Edge_67_1,78.36,2023-01-01T15:05:00
Sensor_Edge_68_1,79.98,2023-01-01T15:05:00
Sensor_Edge_69_1,74.96,2023-01-01T15:05:00
Sensor_Edge_70_1,77.36,2023-01-01T15:05:00
Sensor_Edge_71_1,83.17,2023-01-01T15:05:00
Sensor_Edge_72_1,60.49,2023-01-01T15:05:00
Sensor_Edge_73_1,75.22,2023-01-01T15:05:00
Sensor_Edge_74_1,75.12,2023-01-01T15:05:00
Sensor_Edge_75_1,76.18,2023-01-01T15:05:00
Sensor_Edge_76_1,60.65,2023-01-01T15:05:00
Sensor_Edge_2_1,68.16,2023-01-01T15:10:00
Sensor_Edge_4_1,83.82,2023-01-01T15:10:00
Sensor_Edge_5_1,40.84,2023-01-01T15:10:00
Sensor_Edge_7_1,69.21,2023-01-01T15:10:00
Sensor_Edge_8_1,77.48,2023-01-01T15:10:00
Sensor_Edge_10_1,68.41,2023-01-01T15:10:00
Sensor_Edge_11_1,78.35,2023-01-01T15:10:00
Sensor_Edge_13_1,71.14,2023-01-01T15:10:00
Sensor_Edge_15_1,100.00,2023-01-01T15:10:00
Sensor_Edge_21_1,67.44,2023-01-01T15:10:00
Sensor_Edge_23_1,61.58,2023-01-01T15:10:00
Sensor_Edge_25_1,66.61,2023-01-01T15:10:00
Sensor_Edge_26_1,29.97,2023-01-01T15:10:00
Sensor_Edge_31_1,75.44,2023-01-01T15:10:00
Sensor_Edge_35_1,72.90,2023-01-01T15:10:00
Sensor_Edge_36_1,62.03,2023-01-01T15:10:00
Sensor_Edge_38_1,47.69,2023-01-01T15:10:00
Sensor_Edge_39_1,71.76,2023-01-01T15:10:00
Sensor_Edge_40_1,69.61,2023-01-01T15:10:00
Sensor_Edge_41_1,81.16,2023-01-01T15:10:00
Sensor_Edge_45_1,71.97,2023-01-01T15:10:00
Sensor_Edge_46_1,77.73,2023-01-01T15:10:00
Sensor_Edge_48_1,73.36,2023-01-01T15:10:00
Sensor_Edge_55_1,81.33,2023-01-01T15:10:00
Sensor_Edge_59_1,76.36,2023-01-01T15:10:00
Sensor_Edge_65_1,67.68,2023-01-01T15:10:00
Sensor_Edge_66_1,80.11,2023-01-01T15:10:00
Sensor_Edge_67_1,78.89,2023-01-01T15:10:00
Sensor_Edge_68_1,78.99,2023-01-01T15:10:00
Sensor_Edge_69_1,74.55,2023-01-01T15:10:00
Sensor_Edge_70_1,77.56,2023-01-01T15:10:00
Sensor_Edge_71_1,83.44,2023-01-01T15:10:00
Sensor_Edge_72_1,60.61,2023-01-01T15:10:00
Sensor_Edge_73_1,75.86,2023-01-01T15:10:00
Sensor_Edge_74_1,75.05,2023-01-01T15:10:00
Sensor_Edge_75_1,75.65,2023-01-01T15:10:00
Sensor_Edge_76_1,61.58,2023-01-01T15:10:00
Sensor_Edge_2_1,67.15,2023-01-01T15:15:00
Sensor_Edge_4_1,83.86,2023-01-01T15:15:00
Sensor_Edge_5_1,41.27,2023-01-01T15:15:00
Sensor_Edge_7_1,70.32,2023-01-01T15:15:00
Sensor_Edge_8_1,78.45,2023-01-01T15:15:00
Sensor_Edge_10_1,68.11,2023-01-01T15:15:00
Sensor_Edge_11_1,77.21,2023-01-01T15:15:00
Sensor_Edge_13_1,70.95,2023-01-01T15:15:00
Sensor_Edge_15_1,100.00,2023-01-01T15:15:00
Sensor_Edge_21_1,66.56,2023-01-01T15:15:00
Sensor_Edge_23_1,61.96,2023-01-01T15:15:00
Sensor_Edge_25_1,66.81,2023-01-01T15:15:00
Sensor_Edge_26_1,33.24,2023-01-01T15:15:00
Sensor_Edge_31_1,76.76,2023-01-01T15:15:00
Sensor_Edge_35_1,72.96,2023-01-01T15:15:00
Sensor_Edge_36_1,62.67,2023-01-01T15:15:00
Sensor_Edge_38_1,48.20,2023-01-01T15:15:00
Sensor_Edge_39_1,72.01,2023-01-01T15:15:00
Sensor_Edge_40_1,68.77,2023-01-01T15:15:00
Sensor_Edge_41_1,79.54,2023-01-01T15:15:00
Sensor_Edge_45_1,71.11,2023-01-01T15:15:00
Sensor_Edge_46_1,78.50,2023-01-01T15:15:00
Sensor_Edge_48_1,73.34,2023-01-01T15:15:00
Sensor_Edge_55_1,82.09,2023-01-01T15:15:00
Sensor_Edge_59_1,75.91,2023-01-01T15:15:00
Sensor_Edge_65_1,67.38,2023-01-01T15:15:00
Sensor_Edge_66_1,81.18,2023-01-01T15:15:00
Sensor_Edge_67_1,80.25,2023-01-01T15:15:00
Sensor_Edge_68_1,79.90,2023-01-01T15:15:00
Sensor_Edge_69_1,75.59,2023-01-01T15:15:00
Sensor_Edge_70_1,77.14,2023-01-01T15:15:00
Sensor_Edge_71_1,84.02,2023-01-01T15:15:00
Sensor_Edge_72_1,60.23,2023-01-01T15:15:00
Sensor_Edge_73_1,74.96,2023-01-01T15:15:00
Sensor_Edge_74_1,75.04,2023-01-01T15:15:00
Sensor_Edge_75_1,76.31,2023-01-01T15:15:00
Sensor_Edge_76_1,60.65,2023-01-01T15:15:00
Sensor_Edge_2_1,66.41,2023-01-01T15:20:00
Sensor_Edge_4_1,83.83,2023-01-01T15:20:00
Sensor_Edge_5_1,41.37,2023-01-01T15:20:00
Sensor_Edge_7_1,71.88,2023-01-01T15:20:00
Sensor_Edge_8_1,79.16,2023-01-01T15:20:00
Sensor_Edge_10_1,67.52,2023-01-01T15:20:00
Sensor_Edge_11_1,76.23,2023-01-01T15:20:00
Sensor_Edge_13_1,71.75,2023-01-01T15:20:00
Sensor_Edge_15_1,100.00,2023-01-01T15:20:00
Sensor_Edge_21_1,65.91,2023-01-01T15:20:00
Sensor_Edge_23_1,62.91,2023-01-01T15:20:00
Sensor_Edge_25_1,67.01,2023-01-01T15:20:00
Sensor_Edge_26_1,36.34,2023-01-01T15:20:00
Sensor_Edge_31_1,77.44,2023-01-01T15:20:00
Sensor_Edge_35_1,73.72,2023-01-01T15:20:00
Sensor_Edge_36_1,64.32,2023-01-01T15:20:00
Sensor_Edge_38_1,48.91,2023-01-01T15:20:00
Sensor_Edge_39_1,71.77,2023-01-01T15:20:00
Sensor_Edge_40_1,68.08,2023-01-01T15:20:00
Sensor_Edge_41_1,78.25,2023-01-01T15:20:00
Sensor_Edge_45_1,71.12,2023-01-01T15:20:00
Sensor_Edge_46_1,78.58,2023-01-01T15:20:00
Sensor_Edge_48_1,72.81,2023-01-01T15:20:00
Sensor_Edge_55_1,82.02,2023-01-01T15:20:00
Sensor_Edge_59_1,75.21,2023-01-01T15:20:00
Sensor_Edge_65_1,67.73,2023-01-01T15:20:00
Sensor_Edge_66_1,82.08,2023-01-01T15:20:00
Sensor_Edge_67_1,82.11,2023-01-01T15:20:00
Sensor_Edge_68_1,80.53,2023-01-01T15:20:00
Sensor_Edge_69_1,75.14,2023-01-01T15:20:00
Sensor_Edge_70_1,78.11,2023-01-01T15:20:00
Sensor_Edge_71_1,83.24,2023-01-01T15:20:00
Sensor_Edge_72_1,60.90,2023-01-01T15:20:00
Sensor_Edge_73_1,74.42,2023-01-01T15:20:00
Sensor_Edge_74_1,75.18,2023-01-01T15:20:00
Sensor_Edge_75_1,75.79,2023-01-01T15:20:00
Sensor_Edge_76_1,60.47,2023-01-01T15:20:00
Sensor_Edge_2_1,67.07,2023-01-01T15:25:00
Sensor_Edge_4_1,84.60,2023-01-01T15:25:00
Sensor_Edge_5_1,41.51,2023-01-01T15:25:00
Sensor_Edge_7_1,71.64,2023-01-01T15:25:00
Sensor_Edge_8_1,78.22,2023-01-01T15:25:00
Sensor_Edge_10_1,67.60,2023-01-01T15:25:00
Sensor_Edge_11_1,76.15,2023-01-01T15:25:00
Sensor_Edge_13_1,70.84,2023-01-01T15:25:00
Sensor_Edge_15_1,93.99,2023-01-01T15:25:00
Sensor_Edge_21_1,65.75,2023-01-01T15:25:00
Sensor_Edge_23_1,62.96,2023-01-01T15:25:00
Sensor_Edge_25_1,67.27,2023-01-01T15:25:00
Sensor_Edge_26_1,38.28,2023-01-01T15:25:00
Sensor_Edge_31_1,78.40,2023-01-01T15:25:00
Sensor_Edge_35_1,72.62,2023-01-01T15:25:00
Sensor_Edge_36_1,63.96,2023-01-01T15:25:00
Sensor_Edge_38_1,48.68,2023-01-01T15:25:00
Sensor_Edge_39_1,71.41,2023-01-01T15:25:00
Sensor_Edge_40_1,68.17,2023-01-01T15:25:00
Sensor_Edge_41_1,77.61,2023-01-01T15:25:00
Sensor_Edge_45_1,70.42,2023-01-01T15:25:00
Sensor_Edge_46_1,78.31,2023-01-01T15:25:00
Sensor_Edge_48_1,72.60,2023-01-01T15:25:00
Sensor_Edge_55_1,82.39,2023-01-01T15:25:00
Sensor_Edge_59_1,75.21,2023-01-01T15:25:00
Sensor_Edge_65_1,66.96,2023-01-01T15:25:00
Sensor_Edge_66_1,84.17,2023-01-01T15:25:00
Sensor_Edge_67_1,83.26,2023-01-01T15:25:00
Sensor_Edge_68_1,80.53,2023-01-01T15:25:00
Sensor_Edge_69_1,75.77,2023-01-01T15:25:00
Sensor_Edge_70_1,78.16,2023-01-01T15:25:00
Sensor_Edge_71_1,83.28,2023-01-01T15:25:00
Sensor_Edge_72_1,61.77,2023-01-01T15:25:00
Sensor_Edge_73_1,74.86,2023-01-01T15:25:00
Sensor_Edge_74_1,75.46,2023-01-01T15:25:00
Sensor_Edge_75_1,75.09,2023-01-01T15:25:00
Sensor_Edge_76_1,59.57,2023-01-01T15:25:00
Sensor_Edge_2_1,67.16,2023-01-01T15:30:00
Sensor_Edge_4_1,83.92,2023-01-01T15:30:00
Sensor_Edge_5_1,41.16,2023-01-01T15:30:00
Sensor_Edge_7_1,71.30,2023-01-01T15:30:00
Sensor_Edge_8_1,78.28,2023-01-01T15:30:00
Sensor_Edge_10_1,67.30,2023-01-01T15:30:00
Sensor_Edge_11_1,75.03,2023-01-01T15:30:00
Sensor_Edge_13_1,71.68,2023-01-01T15:30:00
Sensor_Edge_15_1,93.73,2023-01-01T15:30:00
Sensor_Edge_21_1,66.68,2023-01-01T15:30:00
Sensor_Edge_23_1,63.78,2023-01-01T15:30:00
Sensor_Edge_25_1,66.23,2023-01-01T15:30:00
Sensor_Edge_26_1,38.89,2023-01-01T15:30:00
Sensor_Edge_31_1,79.16,2023-01-01T15:30:00
Sensor_Edge_35_1,71.65,2023-01-01T15:30:00
Sensor_Edge_36_1,64.73,2023-01-01T15:30:00
Sensor_Edge_38_1,47.77,2023-01-01T15:30:00
Sensor_Edge_39_1,71.83,2023-01-01T15:30:00
Sensor_Edge_40_1,68.09,2023-01-01T15:30:00
Sensor_Edge_41_1,76.35,2023-01-01T15:30:00
Sensor_Edge_45_1,70.57,2023-01-01T15:30:00
Sensor_Edge_46_1,78.79,2023-01-01T15:30:00
Sensor_Edge_48_1,72.37,2023-01-01T15:30:00
Sensor_Edge_55_1,82.77,2023-01-01T15:30:00
Sensor_Edge_59_1,75.90,2023-01-01T15:30:00
Sensor_Edge_65_1,66.75,2023-01-01T15:30:00
Sensor_Edge_66_1,86.24,2023-01-01T15:30:00
Sensor_Edge_67_1,85.27,2023-01-01T15:30:00
Sensor_Edge_68_1,79.43,2023-01-01T15:30:00
Sensor_Edge_69_1,75.99,2023-01-01T15:30:00
Sensor_Edge_70_1,78.69,2023-01-01T15:30:00
Sensor_Edge_71_1,82.27,2023-01-01T15:30:00
Sensor_Edge_72_1,61.79,2023-01-01T15:30:00
Sensor_Edge_73_1,75.63,2023-01-01T15:30:00
Sensor_Edge_74_1,75.07,2023-01-01T15:30:00
Sensor_Edge_75_1,76.00,2023-01-01T15:30:00
Sensor_Edge_76_1,59.99,2023-01-01T15:30:00
Sensor_Edge_2_1,67.17,2023-01-01T15:35:00
Sensor_Edge_4_1,82.87,2023-01-01T15:35:00
Sensor_Edge_5_1,40.61,2023-01-01T15:35:00
Sensor_Edge_7_1,72.15,2023-01-01T15:35:00
Sensor_Edge_8_1,78.16,2023-01-01T15:35:00
Sensor_Edge_10_1,68.08,2023-01-01T15:35:00
Sensor_Edge_11_1,74.58,2023-01-01T15:35:00
Sensor_Edge_13_1,71.96,2023-01-01T15:35:00
Sensor_Edge_15_1,92.98,2023-01-01T15:35:00
Sensor_Edge_21_1,67.08,2023-01-01T15:35:00
Sensor_Edge_23_1,64.54,2023-01-01T15:35:00
Sensor_Edge_25_1,65.40,2023-01-01T15:35:00
Sensor_Edge_26_1,39.13,2023-01-01T15:35:00
Sensor_Edge_31_1,80.04,2023-01-01T15:35:00
Sensor_Edge_35_1,71.23,2023-01-01T15:35:00
Sensor_Edge_36_1,65.49,2023-01-01T15:35:00
Sensor_Edge_38_1,47.63,2023-01-01T15:35:00
Sensor_Edge_39_1,72.22,2023-01-01T15:35:00
Sensor_Edge_40_1,67.21,2023-01-01T15:35:00
Sensor_Edge_41_1,75.85,2023-01-01T15:35:00
Sensor_Edge_45_1,70.97,2023-01-01T15:35:00
Sensor_Edge_46_1,78.85,2023-01-01T15:35:00
Sensor_Edge_48_1,72.71,2023-01-01T15:35:00
Sensor_Edge_55_1,81.74,2023-01-01T15:35:00
Sensor_Edge_59_1,75.43,2023-01-01T15:35:00
Sensor_Edge_65_1,67.04,2023-01-01T15:35:00
Sensor_Edge_66_1,87.97,2023-01-01T15:35:00
Sensor_Edge_67_1,85.91,2023-01-01T15:35:00
Sensor_Edge_68_1,79.80,2023-01-01T15:35:00
Sensor_Edge_69_1,75.95,2023-01-01T15:35:00
Sensor_Edge_70_1,79.05,2023-01-01T15:35:00
Sensor_Edge_71_1,82.53,2023-01-01T15:35:00
Sensor_Edge_72_1,62.04,2023-01-01T15:35:00
Sensor_Edge_73_1,76.21,2023-01-01T15:35:00
Sensor_Edge_74_1,75.98,2023-01-01T15:35:00
Sensor_Edge_75_1,76.50,2023-01-01T15:35:00
Sensor_Edge_76_1,59.96,2023-01-01T15:35:00
Sensor_Edge_2_1,66.92,2023-01-01T15:40:00
Sensor_Edge_4_1,83.37,2023-01-01T15:40:00
Sensor_Edge_5_1,41.22,2023-01-01T15:40:00
Sensor_Edge_7_1,72.01,2023-01-01T15:40:00
Sensor_Edge_8_1,78.72,2023-01-01T15:40:00
Sensor_Edge_10_1,67.34,2023-01-01T15:40:00
Sensor_Edge_11_1,74.53,2023-01-01T15:40:00
Sensor_Edge_13_1,71.43,2023-01-01T15:40:00
Sensor_Edge_15_1,92.64,2023-01-01T15:40:00
Sensor_Edge_21_1,66.68,2023-01-01T15:40:00
Sensor_Edge_23_1,64.46,2023-01-01T15:40:00
Sensor_Edge_25_1,64.92,2023-01-01T15:40:00
Sensor_Edge_26_1,40.45,2023-01-01T15:40:00
Sensor_Edge_31_1,80.45,2023-01-01T15:40:00
Sensor_Edge_35_1,70.44,2023-01-01T15:40:00
Sensor_Edge_36_1,65.99,2023-01-01T15:40:00
Sensor_Edge_38_1,46.86,2023-01-01T15:40:00
Sensor_Edge_39_1,71.22,2023-01-01T15:40:00
Sensor_Edge_40_1,66.91,2023-01-01T15:40:00
Sensor_Edge_41_1,76.20,2023-01-01T15:40:00
Sensor_Edge_45_1,70.70,2023-01-01T15:40:00
Sensor_Edge_46_1,78.43,2023-01-01T15:40:00
Sensor_Edge_48_1,72.64,2023-01-01T15:40:00
Sensor_Edge_55_1,81.46,2023-01-01T15:40:00
Sensor_Edge_59_1,76.01,2023-01-01T15:40:00
Sensor_Edge_65_1,66.17,2023-01-01T15:40:00
Sensor_Edge_66_1,88.63,2023-01-01T15:40:00
Sensor_Edge_67_1,85.99,2023-01-01T15:40:00
Sensor_Edge_68_1,80.39,2023-01-01T15:40:00
Sensor_Edge_69_1,75.02,2023-01-01T15:40:00
Sensor_Edge_70_1,79.67,2023-01-01T15:40:00
Sensor_Edge_71_1,83.16,2023-01-01T15:40:00
Sensor_Edge_72_1,62.60,2023-01-01T15:40:00
Sensor_Edge_73_1,76.71,2023-01-01T15:40:00
Sensor_Edge_74_1,76.82,2023-01-01T15:40:00
Sensor_Edge_75_1,76.41,2023-01-01T15:40:00
Sensor_Edge_76_1,59.47,2023-01-01T15:40:00
Sensor_Edge_2_1,67.22,2023-01-01T15:45:00
Sensor_Edge_4_1,82.50,2023-01-01T15:45:00
Sensor_Edge_5_1,42.11,2023-01-01T15:45:00
Sensor_Edge_7_1,72.80,2023-01-01T15:45:00
Sensor_Edge_8_1,79.19,2023-01-01T15:45:00
Sensor_Edge_10_1,68.07,2023-01-01T15:45:00
Sensor_Edge_11_1,74.32,2023-01-01T15:45:00
Sensor_Edge_13_1,72.02,2023-01-01T15:45:00
Sensor_Edge_15_1,91.06,2023-01-01T15:45:00
Sensor_Edge_21_1,67.53,2023-01-01T15:45:00
Sensor_Edge_23_1,64.23,2023-01-01T15:45:00
Sensor_Edge_25_1,64.84,2023-01-01T15:45:00
Sensor_Edge_26_1,40.53,2023-01-01T15:45:00
Sensor_Edge_31_1,80.98,2023-01-01T15:45:00
Sensor_Edge_35_1,71.03,2023-01-01T15:45:00
Sensor_Edge_36_1,66.17,2023-01-01T15:45:00
Sensor_Edge_38_1,47.23,2023-01-01T15:45:00
Sensor_Edge_39_1,71.00,2023-01-01T15:45:00
Sensor_Edge_40_1,67.32,2023-01-01T15:45:00
Sensor_Edge_41_1,76.20,2023-01-01T15:45:00
Sensor_Edge_45_1,70.01,2023-01-01T15:45:00
Sensor_Edge_46_1,77.65,2023-01-01T15:45:00
Sensor_Edge_48_1,72.57,2023-01-01T15:45:00
Sensor_Edge_55_1,81.14,2023-01-01T15:45:00
Sensor_Edge_59_1,76.41,2023-01-01T15:45:00
Sensor_Edge_65_1,65.50,2023-01-01T15:45:00
Sensor_Edge_66_1,90.55,2023-01-01T15:45:00
Sensor_Edge_67_1,86.06,2023-01-01T15:45:00
Sensor_Edge_68_1,81.07,2023-01-01T15:45:00
Sensor_Edge_69_1,74.22,2023-01-01T15:45:00
Sensor_Edge_70_1,80.54,2023-01-01T15:45:00
Sensor_Edge_71_1,82.08,2023-01-01T15:45:00
Sensor_Edge_72_1,63.16,2023-01-01T15:45:00
Sensor_Edge_73_1,75.52,2023-01-01T15:45:00
Sensor_Edge_74_1,76.32,2023-01-01T15:45:00
Sensor_Edge_75_1,76.15,2023-01-01T15:45:00
Sensor_Edge_76_1,60.56,2023-01-01T15:45:00
Sensor_Edge_2_1,66.48,2023-01-01T15:50:00
Sensor_Edge_4_1,81.71,2023-01-01T15:50:00
Sensor_Edge_5_1,41.59,2023-01-01T15:50:00
Sensor_Edge_7_1,72.44,2023-01-01T15:50:00
Sensor_Edge_8_1,80.13,2023-01-01T15:50:00
Sensor_Edge_10_1,68.10,2023-01-01T15:50:00
Sensor_Edge_11_1,74.62,2023-01-01T15:50:00
Sensor_Edge_13_1,72.66,2023-01-01T15:50:00
Sensor_Edge_15_1,89.27,2023-01-01T15:50:00
Sensor_Edge_21_1,67.80,2023-01-01T15:50:00
Sensor_Edge_23_1,64.14,2023-01-01T15:50:00
Sensor_Edge_25_1,64.83,2023-01-01T15:50:00
Sensor_Edge_26_1,40.84,2023-01-01T15:50:00
Sensor_Edge_31_1,80.96,2023-01-01T15:50:00
Sensor_Edge_35_1,70.77,2023-01-01T15:50:00
Sensor_Edge_36_1,65.34,2023-01-01T15:50:00
Sensor_Edge_38_1,47.88,2023-01-01T15:50:00
Sensor_Edge_39_1,70.73,2023-01-01T15:50:00
Sensor_Edge_40_1,66.54,2023-01-01T15:50:00
Sensor_Edge_41_1,75.31,2023-01-01T15:50:00
Sensor_Edge_45_1,70.23,2023-01-01T15:50:00
Sensor_Edge_46_1,78.42,2023-01-01T15:50:00
Sensor_Edge_48_1,71.98,2023-01-01T15:50:00
Sensor_Edge_55_1,80.56,2023-01-01T15:50:00
Sensor_Edge_59_1,75.69,2023-01-01T15:50:00
Sensor_Edge_65_1,65.17,2023-01-01T15:50:00
Sensor_Edge_66_1,90.64,2023-01-01T15:50:00
Sensor_Edge_67_1,86.18,2023-01-01T15:50:00
Sensor_Edge_68_1,80.22,2023-01-01T15:50:00
Sensor_Edge_69_1,75.10,2023-01-01T15:50:00
Sensor_Edge_70_1,81.38,2023-01-01T15:50:00
Sensor_Edge_71_1,81.21,2023-01-01T15:50:00
Sensor_Edge_72_1,63.65,2023-01-01T15:50:00
Sensor_Edge_73_1,75.56,2023-01-01T15:50:00
Sensor_Edge_74_1,75.77,2023-01-01T15:50:00
Sensor_Edge_75_1,75.79,2023-01-01T15:50:00
Sensor_Edge_76_1,60.82,2023-01-01T15:50:00
Sensor_Edge_2_1,67.05,2023-01-01T15:55:00
Sensor_Edge_4_1,81.69,2023-01-01T15:55:00
Sensor_Edge_5_1,41.19,2023-01-01T15:55:00
Sensor_Edge_7_1,72.00,2023-01-01T15:55:00
Sensor_Edge_8_1,80.60,2023-01-01T15:55:00
Sensor_Edge_10_1,67.32,2023-01-01T15:55:00
Sensor_Edge_11_1,74.73,2023-01-01T15:55:00
Sensor_Edge_13_1,73.15,2023-01-01T15:55:00
Sensor_Edge_15_1,88.80,2023-01-01T15:55:00
Sensor_Edge_21_1,68.66,2023-01-01T15:55:00
Sensor_Edge_23_1,64.39,2023-01-01T15:55:00
Sensor_Edge_25_1,64.18,2023-01-01T15:55:00
Sensor_Edge_26_1,41.60,2023-01-01T15:55:00
Sensor_Edge_31_1,81.55,2023-01-01T15:55:00
Sensor_Edge_35_1,71.00,2023-01-01T15:55:00
Sensor_Edge_36_1,66.07,2023-01-01T15:55:00
Sensor_Edge_38_1,47.48,2023-01-01T15:55:00
Sensor_Edge_39_1,70.84,2023-01-01T15:55:00
Sensor_Edge_40_1,66.78,2023-01-01T15:55:00
Sensor_Edge_41_1,74.32,2023-01-01T15:55:00
Sensor_Edge_45_1,70.76,2023-01-01T15:55:00
Sensor_Edge_46_1,77.50,2023-01-01T15:55:00
Sensor_Edge_48_1,72.26,2023-01-01T15:55:00
Sensor_Edge_55_1,80.83,2023-01-01T15:55:00
Sensor_Edge_59_1,75.94,2023-01-01T15:55:00
Sensor_Edge_65_1,64.58,2023-01-01T15:55:00
Sensor_Edge_66_1,92.18,2023-01-01T15:55:00
Sensor_Edge_67_1,87.76,2023-01-01T15:55:00
Sensor_Edge_68_1,81.06,2023-01-01T15:55:00
Sensor_Edge_69_1,74.43,2023-01-01T15:55:00
Sensor_Edge_70_1,81.64,2023-01-01T15:55:00
Sensor_Edge_71_1,80.94,2023-01-01T15:55:00
Sensor_Edge_72_1,63.21,2023-01-01T15:55:00
Sensor_Edge_73_1,74.55,2023-01-01T15:55:00
Sensor_Edge_74_1,76.20,2023-01-01T15:55:00
Sensor_Edge_75_1,75.42,2023-01-01T15:55:00
Sensor_Edge_76_1,60.52,2023-01-01T15:55:00
Sensor_Edge_2_1,67.73,2023-01-01T16:00:00
Sensor_Edge_4_1,82.49,2023-01-01T16:00:00
Sensor_Edge_5_1,40.96,2023-01-01T16:00:00
Sensor_Edge_7_1,71.14,2023-01-01T16:00:00
Sensor_Edge_8_1,80.82,2023-01-01T16:00:00
Sensor_Edge_10_1,66.79,2023-01-01T16:00:00
Sensor_Edge_11_1,74.67,2023-01-01T16:00:00
Sensor_Edge_13_1,73.47,2023-01-01T16:00:00
Sensor_Edge_15_1,87.14,2023-01-01T16:00:00
Sensor_Edge_21_1,68.02,2023-01-01T16:00:00
Sensor_Edge_23_1,63.75,2023-01-01T16:00:00
Sensor_Edge_25_1,63.28,2023-01-01T16:00:00
Sensor_Edge_26_1,42.34,2023-01-01T16:00:00
Sensor_Edge_31_1,81.24,2023-01-01T16:00:00
Sensor_Edge_35_1,70.16,2023-01-01T16:00:00
Sensor_Edge_36_1,66.63,2023-01-01T16:00:00
Sensor_Edge_38_1,48.37,2023-01-01T16:00:00
Sensor_Edge_39_1,71.09,2023-01-01T16:00:00
Sensor_Edge_40_1,66.83,2023-01-01T16:00:00
Sensor_Edge_41_1,73.57,2023-01-01T16:00:00
Sensor_Edge_45_1,70.77,2023-01-01T16:00:00
Sensor_Edge_46_1,76.61,2023-01-01T16:00:00
Sensor_Edge_48_1,73.34,2023-01-01T16:00:00
Sensor_Edge_55_1,80.77,2023-01-01T16:00:00
Sensor_Edge_59_1,75.62,2023-01-01T16:00:00
Sensor_Edge_65_1,64.59,2023-01-01T16:00:00
Sensor_Edge_66_1,93.12,2023-01-01T16:00:00
Sensor_Edge_67_1,88.99,2023-01-01T16:00:00
Sensor_Edge_68_1,79.94,2023-01-01T16:00:00
Sensor_Edge_69_1,75.22,2023-01-01T16:00:00
Sensor_Edge_70_1,82.13,2023-01-01T16:00:00
Sensor_Edge_71_1,80.67,2023-01-01T16:00:00
Sensor_Edge_72_1,63.91,2023-01-01T16:00:00
Sensor_Edge_73_1,74.31,2023-01-01T16:00:00
Sensor_Edge_74_1,76.56,2023-01-01T16:00:00
Sensor_Edge_75_1,76.07,2023-01-01T16:00:00
Sensor_Edge_76_1,60.71,2023-01-01T16:00:00
Sensor_Edge_2_1,67.76,2023-01-01T16:05:00
Sensor_Edge_4_1,82.11,2023-01-01T16:05:00
Sensor_Edge_5_1,40.86,2023-01-01T16:05:00
Sensor_Edge_7_1,71.30,2023-01-01T16:05:00
Sensor_Edge_8_1,80.19,2023-01-01T16:05:00
Sensor_Edge_10_1,66.51,2023-01-01T16:05:00
Sensor_Edge_11_1,73.78,2023-01-01T16:05:00
Sensor_Edge_13_1,73.11,2023-01-01T16:05:00
Sensor_Edge_15_1,87.08,2023-01-01T16:05:00
Sensor_Edge_21_1,67.01,2023-01-01T16:05:00
Sensor_Edge_23_1,63.04,2023-01-01T16:05:00
Sensor_Edge_25_1,63.94,2023-01-01T16:05:00
Sensor_Edge_26_1,42.71,2023-01-01T16:05:00
Sensor_Edge_31_1,77.71,2023-01-01T16:05:00
Sensor_Edge_35_1,69.24,2023-01-01T16:05:00
Sensor_Edge_36_1,66.53,2023-01-01T16:05:00
Sensor_Edge_38_1,48.18,2023-01-01T16:05:00
Sensor_Edge_39_1,70.53,2023-01-01T16:05:00
Sensor_Edge_40_1,67.70,2023-01-01T16:05:00
Sensor_Edge_41_1,73.42,2023-01-01T16:05:00
Sensor_Edge_45_1,70.88,2023-01-01T16:05:00
Sensor_Edge_46_1,76.87,2023-01-01T16:05:00
Sensor_Edge_48_1,73.91,2023-01-01T16:05:00
Sensor_Edge_55_1,80.00,2023-01-01T16:05:00
Sensor_Edge_59_1,74.68,2023-01-01T16:05:00
Sensor_Edge_65_1,64.31,2023-01-01T16:05:00
Sensor_Edge_66_1,93.78,2023-01-01T16:05:00
Sensor_Edge_67_1,90.41,2023-01-01T16:05:00
Sensor_Edge_68_1,80.07,2023-01-01T16:05:00
Sensor_Edge_69_1,76.21,2023-01-01T16:05:00
Sensor_Edge_70_1,81.00,2023-01-01T16:05:00
Sensor_Edge_71_1,81.10,2023-01-01T16:05:00
Sensor_Edge_72_1,64.81,2023-01-01T16:05:00
Sensor_Edge_73_1,74.91,2023-01-01T16:05:00
Sensor_Edge_74_1,76.56,2023-01-01T16:05:00
Sensor_Edge_75_1,75.40,2023-01-01T16:05:00
Sensor_Edge_76_1,60.86,2023-01-01T16:05:00
Sensor_Edge_2_1,68.08,2023-01-01T16:10:00
Sensor_Edge_4_1,81.98,2023-01-01T16:10:00
Sensor_Edge_5_1,40.38,2023-01-01T16:10:00
Sensor_Edge_7_1,72.40,2023-01-01T16:10:00
Sensor_Edge_8_1,80.68,2023-01-01T16:10:00
Sensor_Edge_10_1,67.04,2023-01-01T16:10:00
Sensor_Edge_11_1,73.18,2023-01-01T16:10:00
Sensor_Edge_13_1,72.17,2023-01-01T16:10:00
Sensor_Edge_15_1,85.83,2023-01-01T16:10:00
Sensor_Edge_21_1,67.94,2023-01-01T16:10:00
Sensor_Edge_23_1,62.77,2023-01-01T16:10:00
Sensor_Edge_25_1,64.12,2023-01-01T16:10:00
Sensor_Edge_26_1,42.68,2023-01-01T16:10:00
Sensor_Edge_31_1,76.67,2023-01-01T16:10:00
Sensor_Edge_35_1,69.31,2023-01-01T16:10:00
Sensor_Edge_36_1,66.61,2023-01-01T16:10:00
Sensor_Edge_38_1,48.84,2023-01-01T16:10:00
Sensor_Edge_39_1,69.73,2023-01-01T16:10:00
Sensor_Edge_40_1,68.26,2023-01-01T16:10:00
Sensor_Edge_41_1,73.40,2023-01-01T16:10:00
Sensor_Edge_45_1,70.05,2023-01-01T16:10:00
Sensor_Edge_46_1,77.84,2023-01-01T16:10:00
Sensor_Edge_48_1,73.98,2023-01-01T16:10:00
Sensor_Edge_55_1,80.64,2023-01-01T16:10:00
Sensor_Edge_59_1,74.64,2023-01-01T16:10:00
Sensor_Edge_65_1,65.10,2023-01-01T16:10:00
Sensor_Edge_66_1,94.24,2023-01-01T16:10:00
Sensor_Edge_67_1,91.26,2023-01-01T16:10:00
Sensor_Edge_68_1,80.76,2023-01-01T16:10:00
Sensor_Edge_69_1,76.23,2023-01-01T16:10:00
Sensor_Edge_70_1,81.67,2023-01-01T16:10:00
Sensor_Edge_71_1,80.13,2023-01-01T16:10:00
Sensor_Edge_72_1,65.42,2023-01-01T16:10:00
Sensor_Edge_73_1,75.31,2023-01-01T16:10:00
Sensor_Edge_74_1,76.20,2023-01-01T16:10:00
Sensor_Edge_75_1,76.41,2023-01-01T16:10:00
Sensor_Edge_76_1,59.97,2023-01-01T16:10:00
Sensor_Edge_2_1,67.91,2023-01-01T16:15:00
Sensor_Edge_4_1,81.84,2023-01-01T16:15:00
Sensor_Edge_5_1,39.66,2023-01-01T16:15:00
Sensor_Edge_7_1,73.29,2023-01-01T16:15:00
Sensor_Edge_8_1,79.87,2023-01-01T16:15:00
Sensor_Edge_10_1,67.06,2023-01-01T16:15:00
Sensor_Edge_11_1,73.94,2023-01-01T16:15:00
Sensor_Edge_13_1,72.36,2023-01-01T16:15:00
Sensor_Edge_15_1,84.88,2023-01-01T16:15:00
Sensor_Edge_21_1,68.61,2023-01-01T16:15:00
Sensor_Edge_23_1,62.21,2023-01-01T16:15:00
Sensor_Edge_25_1,64.91,2023-01-01T16:15:00
Sensor_Edge_26_1,43.73,2023-01-01T16:15:00
Sensor_Edge_31_1,76.71,2023-01-01T16:15:00
Sensor_Edge_35_1,69.72,2023-01-01T16:15:00
Sensor_Edge_36_1,66.91,2023-01-01T16:15:00
Sensor_Edge_38_1,49.62,2023-01-01T16:15:00
Sensor_Edge_39_1,70.08,2023-01-01T16:15:00
Sensor_Edge_40_1,67.96,2023-01-01T16:15:00
Sensor_Edge_41_1,73.17,2023-01-01T16:15:00
Sensor_Edge_45_1,70.34,2023-01-01T16:15:00
Sensor_Edge_46_1,77.35,2023-01-01T16:15:00
Sensor_Edge_48_1,67.10,2023-01-01T16:15:00
Sensor_Edge_55_1,80.82,2023-01-01T16:15:00
Sensor_Edge_59_1,74.02,2023-01-01T16:15:00
Sensor_Edge_65_1,64.99,2023-01-01T16:15:00
Sensor_Edge_66_1,88.11,2023-01-01T16:15:00
Sensor_Edge_67_1,92.98,2023-01-01T16:15:00
Sensor_Edge_68_1,81.41,2023-01-01T16:15:00
Sensor_Edge_69_1,76.86,2023-01-01T16:15:00
Sensor_Edge_70_1,81.18,2023-01-01T16:15:00
Sensor_Edge_71_1,80.34,2023-01-01T16:15:00
Sensor_Edge_72_1,65.14,2023-01-01T16:15:00
Sensor_Edge_73_1,75.61,2023-01-01T16:15:00
Sensor_Edge_74_1,76.42,2023-01-01T16:15:00
Sensor_Edge_75_1,75.56,2023-01-01T16:15:00
Sensor_Edge_76_1,61.04,2023-01-01T16:15:00
