sensorID,value,time
Sensor_Edge_2_1,20.45,2023-01-01T08:00:00
Sensor_Edge_4_1,21.91,2023-01-01T08:00:00
Sensor_Edge_5_1,23.62,2023-01-01T08:00:00
Sensor_Edge_7_1,29.70,2023-01-01T08:00:00
Sensor_Edge_8_1,24.03,2023-01-01T08:00:00
Sensor_Edge_10_1,22.25,2023-01-01T08:00:00
Sensor_Edge_11_1,26.37,2023-01-01T08:00:00
Sensor_Edge_13_1,25.82,2023-01-01T08:00:00
Sensor_Edge_15_1,23.01,2023-01-01T08:00:00
Sensor_Edge_21_1,18.16,2023-01-01T08:00:00
Sensor_Edge_25_1,20.65,2023-01-01T08:00:00
Sensor_Edge_26_1,38.44,2023-01-01T08:00:00
Sensor_Edge_27_1,21.78,2023-01-01T08:00:00
Sensor_Edge_28_1,23.76,2023-01-01T08:00:00
Sensor_Edge_31_1,21.51,2023-01-01T08:00:00
Sensor_Edge_35_1,27.71,2023-01-01T08:00:00
Sensor_Edge_36_1,24.37,2023-01-01T08:00:00
Sensor_Edge_38_1,25.70,2023-01-01T08:00:00
Sensor_Edge_39_1,25.37,2023-01-01T08:00:00
Sensor_Edge_40_1,41.94,2023-01-01T08:00:00
Sensor_Edge_41_1,26.38,2023-01-01T08:00:00
Sensor_Edge_45_1,24.89,2023-01-01T08:00:00
Sensor_Edge_46_1,26.86,2023-01-01T08:00:00
Sensor_Edge_48_1,24.99,2023-01-01T08:00:00
Sensor_Edge_50_1,27.59,2023-01-01T08:00:00
Sensor_Edge_63_1,21.51,2023-01-01T08:00:00
Sensor_Edge_64_1,23.36,2023-01-01T08:00:00
Sensor_Edge_65_1,35.30,2023-01-01T08:00:00
Sensor_Edge_66_1,20.76,2023-01-01T08:00:00
Sensor_Edge_67_1,25.59,2023-01-01T08:00:00
Sensor_Edge_68_1,24.66,2023-01-01T08:00:00
Sensor_Edge_69_1,23.97,2023-01-01T08:00:00
Sensor_Edge_70_1,24.60,2023-01-01T08:00:00
Sensor_Edge_71_1,23.76,2023-01-01T08:00:00
Sensor_Edge_72_1,24.93,2023-01-01T08:00:00
Sensor_Edge_73_1,22.54,2023-01-01T08:00:00
Sensor_Edge_74_1,23.47,2023-01-01T08:00:00
Sensor_Edge_75_1,22.50,2023-01-01T08:00:00
Sensor_Edge_76_1,23.09,2023-01-01T08:00:00
Sensor_Edge_80_1,22.83,2023-01-01T08:00:00
Sensor_Edge_2_1,20.47,2023-01-01T08:05:00
Sensor_Edge_4_1,21.78,2023-01-01T08:05:00
Sensor_Edge_5_1,23.80,2023-01-01T08:05:00
Sensor_Edge_7_1,29.82,2023-01-01T08:05:00
Sensor_Edge_8_1,24.03,2023-01-01T08:05:00
Sensor_Edge_10_1,22.06,2023-01-01T08:05:00
Sensor_Edge_11_1,26.17,2023-01-01T08:05:00
Sensor_Edge_13_1,25.57,2023-01-01T08:05:00
Sensor_Edge_15_1,23.08,2023-01-01T08:05:00
Sensor_Edge_21_1,18.08,2023-01-01T08:05:00
Sensor_Edge_25_1,20.53,2023-01-01T08:05:00
Sensor_Edge_26_1,38.42,2023-01-01T08:05:00
Sensor_Edge_27_1,21.82,2023-01-01T08:05:00
Sensor_Edge_28_1,23.96,2023-01-01T08:05:00
Sensor_Edge_31_1,21.46,2023-01-01T08:05:00
Sensor_Edge_35_1,27.85,2023-01-01T08:05:00
Sensor_Edge_36_1,24.37,2023-01-01T08:05:00
Sensor_Edge_38_1,25.79,2023-01-01T08:05:00
Sensor_Edge_39_1,25.23,2023-01-01T08:05:00
Sensor_Edge_40_1,41.93,2023-01-01T08:05:00
Sensor_Edge_41_1,26.39,2023-01-01T08:05:00
Sensor_Edge_45_1,25.15,2023-01-01T08:05:00
Sensor_Edge_46_1,27.10,2023-01-01T08:05:00
Sensor_Edge_48_1,24.78,2023-01-01T08:05:00
Sensor_Edge_50_1,27.84,2023-01-01T08:05:00
Sensor_Edge_63_1,21.59,2023-01-01T08:05:00
Sensor_Edge_64_1,23.51,2023-01-01T08:05:00
Sensor_Edge_65_1,35.07,2023-01-01T08:05:00
Sensor_Edge_66_1,20.57,2023-01-01T08:05:00
Sensor_Edge_67_1,25.72,2023-01-01T08:05:00
Sensor_Edge_68_1,24.74,2023-01-01T08:05:00
Sensor_Edge_69_1,24.05,2023-01-01T08:05:00
Sensor_Edge_70_1,24.67,2023-01-01T08:05:00
Sensor_Edge_71_1,23.68,2023-01-01T08:05:00
Sensor_Edge_72_1,25.02,2023-01-01T08:05:00
Sensor_Edge_73_1,22.69,2023-01-01T08:05:00
Sensor_Edge_74_1,23.25,2023-01-01T08:05:00
Sensor_Edge_75_1,22.52,2023-01-01T08:05:00
Sensor_Edge_76_1,23.23,2023-01-01T08:05:00
Sensor_Edge_80_1,22.78,2023-01-01T08:05:00
Sensor_Edge_2_1,20.61,2023-01-01T08:10:00
Sensor_Edge_4_1,21.59,2023-01-01T08:10:00
Sensor_Edge_5_1,23.97,2023-01-01T08:10:00
Sensor_Edge_7_1,29.98,2023-01-01T08:10:00
Sensor_Edge_8_1,23.92,2023-01-01T08:10:00
Sensor_Edge_10_1,22.23,2023-01-01T08:10:00
Sensor_Edge_11_1,26.31,2023-01-01T08:10:00
Sensor_Edge_13_1,25.43,2023-01-01T08:10:00
Sensor_Edge_15_1,22.93,2023-01-01T08:10:00
Sensor_Edge_21_1,18.35,2023-01-01T08:10:00
Sensor_Edge_25_1,20.73,2023-01-01T08:10:00
Sensor_Edge_26_1,38.61,2023-01-01T08:10:00
Sensor_Edge_27_1,21.62,2023-01-01T08:10:00
Sensor_Edge_28_1,24.14,2023-01-01T08:10:00
Sensor_Edge_31_1,21.55,2023-01-01T08:10:00
Sensor_Edge_35_1,27.65,2023-01-01T08:10:00
Sensor_Edge_36_1,24.20,2023-01-01T08:10:00
Sensor_Edge_38_1,25.63,2023-01-01T08:10:00
Sensor_Edge_39_1,25.43,2023-01-01T08:10:00
Sensor_Edge_40_1,41.97,2023-01-01T08:10:00
Sensor_Edge_41_1,26.23,2023-01-01T08:10:00
Sensor_Edge_45_1,25.32,2023-01-01T08:10:00
Sensor_Edge_46_1,26.88,2023-01-01T08:10:00
Sensor_Edge_48_1,24.90,2023-01-01T08:10:00
Sensor_Edge_50_1,27.63,2023-01-01T08:10:00
Sensor_Edge_63_1,21.38,2023-01-01T08:10:00
Sensor_Edge_64_1,23.29,2023-01-01T08:10:00
Sensor_Edge_65_1,35.32,2023-01-01T08:10:00
Sensor_Edge_66_1,20.42,2023-01-01T08:10:00
Sensor_Edge_67_1,25.92,2023-01-01T08:10:00
Sensor_Edge_68_1,24.66,2023-01-01T08:10:00
Sensor_Edge_69_1,24.18,2023-01-01T08:10:00
Sensor_Edge_70_1,24.75,2023-01-01T08:10:00
Sensor_Edge_71_1,23.74,2023-01-01T08:10:00
Sensor_Edge_72_1,25.18,2023-01-01T08:10:00
Sensor_Edge_73_1,22.80,2023-01-01T08:10:00
Sensor_Edge_74_1,23.26,2023-01-01T08:10:00
Sensor_Edge_75_1,22.52,2023-01-01T08:10:00
Sensor_Edge_76_1,23.04,2023-01-01T08:10:00
Sensor_Edge_80_1,22.55,2023-01-01T08:10:00
Sensor_Edge_2_1,20.44,2023-01-01T08:15:00
Sensor_Edge_4_1,21.58,2023-01-01T08:15:00
Sensor_Edge_5_1,23.96,2023-01-01T08:15:00
Sensor_Edge_7_1,30.10,2023-01-01T08:15:00
Sensor_Edge_8_1,23.75,2023-01-01T08:15:00
Sensor_Edge_10_1,22.01,2023-01-01T08:15:00
Sensor_Edge_11_1,26.15,2023-01-01T08:15:00
Sensor_Edge_13_1,25.27,2023-01-01T08:15:00
Sensor_Edge_15_1,23.12,2023-01-01T08:15:00
Sensor_Edge_21_1,18.25,2023-01-01T08:15:00
Sensor_Edge_25_1,20.47,2023-01-01T08:15:00
Sensor_Edge_26_1,38.41,2023-01-01T08:15:00
Sensor_Edge_27_1,21.46,2023-01-01T08:15:00
Sensor_Edge_28_1,24.29,2023-01-01T08:15:00
Sensor_Edge_31_1,21.48,2023-01-01T08:15:00
Sensor_Edge_35_1,27.63,2023-01-01T08:15:00
Sensor_Edge_36_1,24.06,2023-01-01T08:15:00
Sensor_Edge_38_1,25.68,2023-01-01T08:15:00
Sensor_Edge_39_1,25.10,2023-01-01T08:15:00
Sensor_Edge_40_1,42.12,2023-01-01T08:15:00
Sensor_Edge_41_1,26.11,2023-01-01T08:15:00
Sensor_Edge_45_1,25.52,2023-01-01T08:15:00
Sensor_Edge_46_1,27.05,2023-01-01T08:15:00
Sensor_Edge_48_1,25.05,2023-01-01T08:15:00
Sensor_Edge_50_1,27.57,2023-01-01T08:15:00
Sensor_Edge_63_1,21.21,2023-01-01T08:15:00
Sensor_Edge_64_1,23.30,2023-01-01T08:15:00
Sensor_Edge_65_1,35.46,2023-01-01T08:15:00
Sensor_Edge_66_1,20.56,2023-01-01T08:15:00
Sensor_Edge_67_1,26.14,2023-01-01T08:15:00
Sensor_Edge_68_1,24.76,2023-01-01T08:15:00
Sensor_Edge_69_1,24.06,2023-01-01T08:15:00
Sensor_Edge_70_1,24.65,2023-01-01T08:15:00
Sensor_Edge_71_1,23.83,2023-01-01T08:15:00
Sensor_Edge_72_1,24.96,2023-01-01T08:15:00
Sensor_Edge_73_1,22.96,2023-01-01T08:15:00
Sensor_Edge_74_1,23.52,2023-01-01T08:15:00
Sensor_Edge_75_1,22.54,2023-01-01T08:15:00
Sensor_Edge_76_1,23.05,2023-01-01T08:15:00
Sensor_Edge_80_1,22.65,2023-01-01T08:15:00
Sensor_Edge_2_1,20.26,2023-01-01T08:20:00
Sensor_Edge_4_1,21.77,2023-01-01T08:20:00
Sensor_Edge_5_1,24.11,2023-01-01T08:20:00
Sensor_Edge_7_1,30.08,2023-01-01T08:20:00
Sensor_Edge_8_1,23.54,2023-01-01T08:20:00
Sensor_Edge_10_1,22.02,2023-01-01T08:20:00
Sensor_Edge_11_1,26.18,2023-01-01T08:20:00
Sensor_Edge_13_1,25.50,2023-01-01T08:20:00
Sensor_Edge_15_1,23.14,2023-01-01T08:20:00
Sensor_Edge_21_1,18.05,2023-01-01T08:20:00
Sensor_Edge_25_1,20.65,2023-01-01T08:20:00
Sensor_Edge_26_1,38.52,2023-01-01T08:20:00
Sensor_Edge_27_1,21.53,2023-01-01T08:20:00
Sensor_Edge_28_1,24.29,2023-01-01T08:20:00
Sensor_Edge_31_1,21.48,2023-01-01T08:20:00
Sensor_Edge_35_1,27.69,2023-01-01T08:20:00
Sensor_Edge_36_1,24.13,2023-01-01T08:20:00
Sensor_Edge_38_1,25.67,2023-01-01T08:20:00
Sensor_Edge_39_1,24.46,2023-01-01T08:20:00
Sensor_Edge_40_1,42.27,2023-01-01T08:20:00
Sensor_Edge_41_1,26.16,2023-01-01T08:20:00
Sensor_Edge_45_1,25.47,2023-01-01T08:20:00
Sensor_Edge_46_1,27.24,2023-01-01T08:20:00
Sensor_Edge_48_1,24.94,2023-01-01T08:20:00
Sensor_Edge_50_1,27.78,2023-01-01T08:20:00
Sensor_Edge_63_1,21.22,2023-01-01T08:20:00
Sensor_Edge_64_1,23.39,2023-01-01T08:20:00
Sensor_Edge_65_1,35.35,2023-01-01T08:20:00
Sensor_Edge_66_1,20.52,2023-01-01T08:20:00
Sensor_Edge_67_1,26.17,2023-01-01T08:20:00
Sensor_Edge_68_1,24.85,2023-01-01T08:20:00
Sensor_Edge_69_1,23.90,2023-01-01T08:20:00
Sensor_Edge_70_1,24.52,2023-01-01T08:20:00
Sensor_Edge_71_1,23.87,2023-01-01T08:20:00
Sensor_Edge_72_1,24.87,2023-01-01T08:20:00
Sensor_Edge_73_1,23.04,2023-01-01T08:20:00
Sensor_Edge_74_1,23.57,2023-01-01T08:20:00
Sensor_Edge_75_1,22.44,2023-01-01T08:20:00
Sensor_Edge_76_1,23.25,2023-01-01T08:20:00
Sensor_Edge_80_1,22.41,2023-01-01T08:20:00
Sensor_Edge_2_1,20.18,2023-01-01T08:25:00
Sensor_Edge_4_1,21.74,2023-01-01T08:25:00
Sensor_Edge_5_1,23.97,2023-01-01T08:25:00
Sensor_Edge_7_1,30.25,2023-01-01T08:25:00
Sensor_Edge_8_1,23.52,2023-01-01T08:25:00
Sensor_Edge_10_1,21.90,2023-01-01T08:25:00
Sensor_Edge_11_1,26.27,2023-01-01T08:25:00
Sensor_Edge_13_1,25.52,2023-01-01T08:25:00
Sensor_Edge_15_1,23.25,2023-01-01T08:25:00
Sensor_Edge_21_1,18.31,2023-01-01T08:25:00
Sensor_Edge_25_1,20.83,2023-01-01T08:25:00
Sensor_Edge_26_1,38.28,2023-01-01T08:25:00
Sensor_Edge_27_1,21.31,2023-01-01T08:25:00
Sensor_Edge_28_1,24.35,2023-01-01T08:25:00
Sensor_Edge_31_1,21.37,2023-01-01T08:25:00
Sensor_Edge_35_1,27.85,2023-01-01T08:25:00
Sensor_Edge_36_1,23.95,2023-01-01T08:25:00
Sensor_Edge_38_1,25.61,2023-01-01T08:25:00
Sensor_Edge_39_1,23.90,2023-01-01T08:25:00
Sensor_Edge_40_1,42.17,2023-01-01T08:25:00
Sensor_Edge_41_1,26.11,2023-01-01T08:25:00
Sensor_Edge_45_1,25.56,2023-01-01T08:25:00
Sensor_Edge_46_1,27.15,2023-01-01T08:25:00
Sensor_Edge_48_1,24.88,2023-01-01T08:25:00
Sensor_Edge_50_1,27.77,2023-01-01T08:25:00
Sensor_Edge_63_1,21.23,2023-01-01T08:25:00
Sensor_Edge_64_1,23.41,2023-01-01T08:25:00
Sensor_Edge_65_1,35.43,2023-01-01T08:25:00
Sensor_Edge_66_1,20.62,2023-01-01T08:25:00
Sensor_Edge_67_1,25.92,2023-01-01T08:25:00
Sensor_Edge_68_1,24.72,2023-01-01T08:25:00
Sensor_Edge_69_1,23.80,2023-01-01T08:25:00
Sensor_Edge_70_1,24.41,2023-01-01T08:25:00
Sensor_Edge_71_1,23.72,2023-01-01T08:25:00
Sensor_Edge_72_1,24.72,2023-01-01T08:25:00
Sensor_Edge_73_1,22.91,2023-01-01T08:25:00
Sensor_Edge_74_1,23.49,2023-01-01T08:25:00
Sensor_Edge_75_1,22.47,2023-01-01T08:25:00
Sensor_Edge_76_1,22.99,2023-01-01T08:25:00
Sensor_Edge_80_1,22.43,2023-01-01T08:25:00
Sensor_Edge_2_1,20.00,2023-01-01T08:30:00
Sensor_Edge_4_1,21.54,2023-01-01T08:30:00
Sensor_Edge_5_1,23.98,2023-01-01T08:30:00
Sensor_Edge_7_1,30.19,2023-01-01T08:30:00
Sensor_Edge_8_1,23.64,2023-01-01T08:30:00
Sensor_Edge_10_1,21.91,2023-01-01T08:30:00
Sensor_Edge_11_1,26.31,2023-01-01T08:30:00
Sensor_Edge_13_1,25.54,2023-01-01T08:30:00
Sensor_Edge_15_1,23.23,2023-01-01T08:30:00
Sensor_Edge_21_1,18.56,2023-01-01T08:30:00
Sensor_Edge_25_1,20.57,2023-01-01T08:30:00
Sensor_Edge_26_1,38.04,2023-01-01T08:30:00
Sensor_Edge_27_1,21.50,2023-01-01T08:30:00
Sensor_Edge_28_1,24.22,2023-01-01T08:30:00
Sensor_Edge_31_1,21.56,2023-01-01T08:30:00
Sensor_Edge_35_1,27.65,2023-01-01T08:30:00
Sensor_Edge_36_1,27.96,2023-01-01T08:30:00
Sensor_Edge_38_1,25.66,2023-01-01T08:30:00
Sensor_Edge_39_1,23.54,2023-01-01T08:30:00
Sensor_Edge_40_1,42.19,2023-01-01T08:30:00
Sensor_Edge_41_1,26.13,2023-01-01T08:30:00
Sensor_Edge_45_1,25.77,2023-01-01T08:30:00
Sensor_Edge_46_1,27.38,2023-01-01T08:30:00
Sensor_Edge_48_1,25.06,2023-01-01T08:30:00
Sensor_Edge_50_1,27.94,2023-01-01T08:30:00
Sensor_Edge_63_1,21.01,2023-01-01T08:30:00
Sensor_Edge_64_1,23.24,2023-01-01T08:30:00
Sensor_Edge_65_1,35.50,2023-01-01T08:30:00
Sensor_Edge_66_1,20.46,2023-01-01T08:30:00
Sensor_Edge_67_1,25.85,2023-01-01T08:30:00
Sensor_Edge_68_1,24.56,2023-01-01T08:30:00
Sensor_Edge_69_1,23.67,2023-01-01T08:30:00
Sensor_Edge_70_1,24.33,2023-01-01T08:30:00
Sensor_Edge_71_1,23.68,2023-01-01T08:30:00
Sensor_Edge_72_1,24.51,2023-01-01T08:30:00
Sensor_Edge_73_1,23.06,2023-01-01T08:30:00
Sensor_Edge_74_1,23.34,2023-01-01T08:30:00
Sensor_Edge_75_1,22.43,2023-01-01T08:30:00
Sensor_Edge_76_1,22.98,2023-01-01T08:30:00
Sensor_Edge_80_1,22.31,2023-01-01T08:30:00
Sensor_Edge_2_1,20.15,2023-01-01T08:35:00
Sensor_Edge_4_1,21.34,2023-01-01T08:35:00
Sensor_Edge_5_1,24.14,2023-01-01T08:35:00
Sensor_Edge_7_1,29.93,2023-01-01T08:35:00
Sensor_Edge_8_1,23.19,2023-01-01T08:35:00
Sensor_Edge_10_1,21.77,2023-01-01T08:35:00
Sensor_Edge_11_1,26.55,2023-01-01T08:35:00
Sensor_Edge_13_1,25.62,2023-01-01T08:35:00
Sensor_Edge_15_1,23.42,2023-01-01T08:35:00
Sensor_Edge_21_1,18.49,2023-01-01T08:35:00
Sensor_Edge_25_1,20.74,2023-01-01T08:35:00
Sensor_Edge_26_1,38.10,2023-01-01T08:35:00
Sensor_Edge_27_1,21.54,2023-01-01T08:35:00
Sensor_Edge_28_1,24.03,2023-01-01T08:35:00
Sensor_Edge_31_1,21.71,2023-01-01T08:35:00
Sensor_Edge_35_1,27.74,2023-01-01T08:35:00
Sensor_Edge_36_1,31.98,2023-01-01T08:35:00
Sensor_Edge_38_1,25.91,2023-01-01T08:35:00
Sensor_Edge_39_1,23.23,2023-01-01T08:35:00
Sensor_Edge_40_1,42.06,2023-01-01T08:35:00
Sensor_Edge_41_1,26.08,2023-01-01T08:35:00
Sensor_Edge_45_1,25.95,2023-01-01T08:35:00
Sensor_Edge_46_1,27.12,2023-01-01T08:35:00
Sensor_Edge_48_1,25.25,2023-01-01T08:35:00
Sensor_Edge_50_1,28.09,2023-01-01T08:35:00
Sensor_Edge_63_1,21.23,2023-01-01T08:35:00
Sensor_Edge_64_1,23.24,2023-01-01T08:35:00
Sensor_Edge_65_1,35.26,2023-01-01T08:35:00
Sensor_Edge_66_1,20.70,2023-01-01T08:35:00
Sensor_Edge_67_1,25.90,2023-01-01T08:35:00
Sensor_Edge_68_1,24.58,2023-01-01T08:35:00
Sensor_Edge_69_1,23.46,2023-01-01T08:35:00
Sensor_Edge_70_1,24.35,2023-01-01T08:35:00
Sensor_Edge_71_1,23.93,2023-01-01T08:35:00
Sensor_Edge_72_1,24.46,2023-01-01T08:35:00
Sensor_Edge_73_1,22.82,2023-01-01T08:35:00
Sensor_Edge_74_1,23.34,2023-01-01T08:35:00
Sensor_Edge_75_1,22.39,2023-01-01T08:35:00
Sensor_Edge_76_1,22.94,2023-01-01T08:35:00
Sensor_Edge_80_1,22.28,2023-01-01T08:35:00
Sensor_Edge_2_1,20.17,2023-01-01T08:40:00
Sensor_Edge_4_1,21.36,2023-01-01T08:40:00
Sensor_Edge_5_1,24.29,2023-01-01T08:40:00
Sensor_Edge_7_1,29.92,2023-01-01T08:40:00
Sensor_Edge_8_1,22.85,2023-01-01T08:40:00
Sensor_Edge_10_1,21.77,2023-01-01T08:40:00
Sensor_Edge_11_1,26.70,2023-01-01T08:40:00
Sensor_Edge_13_1,25.86,2023-01-01T08:40:00
Sensor_Edge_15_1,23.45,2023-01-01T08:40:00
Sensor_Edge_21_1,18.28,2023-01-01T08:40:00
Sensor_Edge_25_1,20.61,2023-01-01T08:40:00
Sensor_Edge_26_1,38.33,2023-01-01T08:40:00
Sensor_Edge_27_1,21.38,2023-01-01T08:40:00
Sensor_Edge_28_1,24.03,2023-01-01T08:40:00
Sensor_Edge_31_1,21.45,2023-01-01T08:40:00
Sensor_Edge_35_1,27.87,2023-01-01T08:40:00
Sensor_Edge_36_1,35.99,2023-01-01T08:40:00
Sensor_Edge_38_1,25.95,2023-01-01T08:40:00
Sensor_Edge_39_1,22.79,2023-01-01T08:40:00
Sensor_Edge_40_1,42.04,2023-01-01T08:40:00
Sensor_Edge_41_1,25.90,2023-01-01T08:40:00
Sensor_Edge_45_1,26.09,2023-01-01T08:40:00
Sensor_Edge_46_1,26.93,2023-01-01T08:40:00
Sensor_Edge_48_1,25.40,2023-01-01T08:40:00
Sensor_Edge_50_1,27.95,2023-01-01T08:40:00
Sensor_Edge_63_1,21.72,2023-01-01T08:40:00
Sensor_Edge_64_1,23.40,2023-01-01T08:40:00
Sensor_Edge_65_1,35.41,2023-01-01T08:40:00
Sensor_Edge_66_1,20.60,2023-01-01T08:40:00
Sensor_Edge_67_1,25.66,2023-01-01T08:40:00
Sensor_Edge_68_1,24.36,2023-01-01T08:40:00
Sensor_Edge_69_1,23.41,2023-01-01T08:40:00
Sensor_Edge_70_1,24.29,2023-01-01T08:40:00
Sensor_Edge_71_1,23.76,2023-01-01T08:40:00
Sensor_Edge_72_1,24.44,2023-01-01T08:40:00
Sensor_Edge_73_1,22.99,2023-01-01T08:40:00
Sensor_Edge_74_1,23.43,2023-01-01T08:40:00
Sensor_Edge_75_1,22.59,2023-01-01T08:40:00
Sensor_Edge_76_1,22.83,2023-01-01T08:40:00
Sensor_Edge_80_1,22.12,2023-01-01T08:40:00
Sensor_Edge_2_1,20.33,2023-01-01T08:45:00
Sensor_Edge_4_1,21.22,2023-01-01T08:45:00
Sensor_Edge_5_1,24.30,2023-01-01T08:45:00
Sensor_Edge_7_1,30.13,2023-01-01T08:45:00
Sensor_Edge_8_1,22.26,2023-01-01T08:45:00
Sensor_Edge_10_1,21.94,2023-01-01T08:45:00
Sensor_Edge_11_1,26.66,2023-01-01T08:45:00
Sensor_Edge_13_1,25.67,2023-01-01T08:45:00
Sensor_Edge_15_1,23.39,2023-01-01T08:45:00
Sensor_Edge_21_1,18.44,2023-01-01T08:45:00
Sensor_Edge_25_1,20.84,2023-01-01T08:45:00
Sensor_Edge_26_1,38.33,2023-01-01T08:45:00
Sensor_Edge_27_1,21.47,2023-01-01T08:45:00
Sensor_Edge_28_1,24.07,2023-01-01T08:45:00
Sensor_Edge_31_1,21.26,2023-01-01T08:45:00
Sensor_Edge_35_1,27.86,2023-01-01T08:45:00
Sensor_Edge_36_1,40.00,2023-01-01T08:45:00
Sensor_Edge_38_1,25.87,2023-01-01T08:45:00
Sensor_Edge_39_1,22.26,2023-01-01T08:45:00
Sensor_Edge_40_1,42.20,2023-01-01T08:45:00
Sensor_Edge_41_1,25.91,2023-01-01T08:45:00
Sensor_Edge_45_1,26.00,2023-01-01T08:45:00
Sensor_Edge_46_1,27.12,2023-01-01T08:45:00
Sensor_Edge_48_1,25.15,2023-01-01T08:45:00
Sensor_Edge_50_1,27.71,2023-01-01T08:45:00
Sensor_Edge_63_1,22.33,2023-01-01T08:45:00
Sensor_Edge_64_1,23.49,2023-01-01T08:45:00
Sensor_Edge_65_1,35.32,2023-01-01T08:45:00
Sensor_Edge_66_1,20.48,2023-01-01T08:45:00
Sensor_Edge_67_1,25.48,2023-01-01T08:45:00
Sensor_Edge_68_1,24.56,2023-01-01T08:45:00
Sensor_Edge_69_1,23.62,2023-01-01T08:45:00
Sensor_Edge_70_1,24.50,2023-01-01T08:45:00
Sensor_Edge_71_1,23.98,2023-01-01T08:45:00
Sensor_Edge_72_1,24.49,2023-01-01T08:45:00
Sensor_Edge_73_1,23.13,2023-01-01T08:45:00
Sensor_Edge_74_1,23.37,2023-01-01T08:45:00
Sensor_Edge_75_1,22.53,2023-01-01T08:45:00
Sensor_Edge_76_1,23.06,2023-01-01T08:45:00
Sensor_Edge_80_1,22.19,2023-01-01T08:45:00
Sensor_Edge_2_1,20.38,2023-01-01T08:50:00
Sensor_Edge_4_1,21.02,2023-01-01T08:50:00
Sensor_Edge_5_1,24.49,2023-01-01T08:50:00
Sensor_Edge_7_1,30.30,2023-01-01T08:50:00
Sensor_Edge_8_1,22.08,2023-01-01T08:50:00
Sensor_Edge_10_1,22.01,2023-01-01T08:50:00
Sensor_Edge_11_1,26.65,2023-01-01T08:50:00
Sensor_Edge_13_1,25.49,2023-01-01T08:50:00
Sensor_Edge_15_1,23.59,2023-01-01T08:50:00
Sensor_Edge_21_1,18.30,2023-01-01T08:50:00
Sensor_Edge_25_1,21.00,2023-01-01T08:50:00
Sensor_Edge_26_1,38.17,2023-01-01T08:50:00
Sensor_Edge_27_1,21.48,2023-01-01T08:50:00
Sensor_Edge_28_1,24.28,2023-01-01T08:50:00
Sensor_Edge_31_1,21.42,2023-01-01T08:50:00
Sensor_Edge_35_1,27.99,2023-01-01T08:50:00
Sensor_Edge_36_1,37.00,2023-01-01T08:50:00
Sensor_Edge_38_1,25.98,2023-01-01T08:50:00
Sensor_Edge_39_1,21.91,2023-01-01T08:50:00
Sensor_Edge_40_1,41.96,2023-01-01T08:50:00
Sensor_Edge_41_1,25.88,2023-01-01T08:50:00
Sensor_Edge_45_1,26.01,2023-01-01T08:50:00
Sensor_Edge_46_1,27.07,2023-01-01T08:50:00
Sensor_Edge_48_1,25.11,2023-01-01T08:50:00
Sensor_Edge_50_1,27.65,2023-01-01T08:50:00
Sensor_Edge_63_1,22.91,2023-01-01T08:50:00
Sensor_Edge_64_1,23.33,2023-01-01T08:50:00
Sensor_Edge_65_1,35.11,2023-01-01T08:50:00
Sensor_Edge_66_1,20.40,2023-01-01T08:50:00
Sensor_Edge_67_1,25.38,2023-01-01T08:50:00
Sensor_Edge_68_1,24.66,2023-01-01T08:50:00
Sensor_Edge_69_1,23.79,2023-01-01T08:50:00
Sensor_Edge_70_1,24.39,2023-01-01T08:50:00
Sensor_Edge_71_1,23.93,2023-01-01T08:50:00
Sensor_Edge_72_1,24.60,2023-01-01T08:50:00
Sensor_Edge_73_1,22.88,2023-01-01T08:50:00
Sensor_Edge_74_1,23.19,2023-01-01T08:50:00
Sensor_Edge_75_1,22.43,2023-01-01T08:50:00
Sensor_Edge_76_1,23.07,2023-01-01T08:50:00
Sensor_Edge_80_1,22.14,2023-01-01T08:50:00
Sensor_Edge_2_1,20.17,2023-01-01T08:55:00
Sensor_Edge_4_1,21.29,2023-01-01T08:55:00
Sensor_Edge_5_1,24.53,2023-01-01T08:55:00
Sensor_Edge_7_1,30.51,2023-01-01T08:55:00
Sensor_Edge_8_1,21.63,2023-01-01T08:55:00
Sensor_Edge_10_1,22.09,2023-01-01T08:55:00
Sensor_Edge_11_1,26.44,2023-01-01T08:55:00
Sensor_Edge_13_1,25.61,2023-01-01T08:55:00
Sensor_Edge_15_1,23.53,2023-01-01T08:55:00
Sensor_Edge_21_1,18.28,2023-01-01T08:55:00
Sensor_Edge_25_1,21.20,2023-01-01T08:55:00
Sensor_Edge_26_1,37.97,2023-01-01T08:55:00
Sensor_Edge_27_1,21.57,2023-01-01T08:55:00
Sensor_Edge_28_1,24.37,2023-01-01T08:55:00
Sensor_Edge_31_1,21.21,2023-01-01T08:55:00
Sensor_Edge_35_1,28.18,2023-01-01T08:55:00
Sensor_Edge_36_1,34.45,2023-01-01T08:55:00
Sensor_Edge_38_1,25.92,2023-01-01T08:55:00
Sensor_Edge_39_1,21.76,2023-01-01T08:55:00
Sensor_Edge_40_1,42.07,2023-01-01T08:55:00
Sensor_Edge_41_1,26.06,2023-01-01T08:55:00
Sensor_Edge_45_1,26.02,2023-01-01T08:55:00
Sensor_Edge_46_1,27.17,2023-01-01T08:55:00
Sensor_Edge_48_1,25.08,2023-01-01T08:55:00
Sensor_Edge_50_1,27.73,2023-01-01T08:55:00
Sensor_Edge_63_1,23.49,2023-01-01T08:55:00
Sensor_Edge_64_1,23.35,2023-01-01T08:55:00
Sensor_Edge_65_1,34.97,2023-01-01T08:55:00
Sensor_Edge_66_1,20.58,2023-01-01T08:55:00
Sensor_Edge_67_1,25.50,2023-01-01T08:55:00
Sensor_Edge_68_1,24.83,2023-01-01T08:55:00
Sensor_Edge_69_1,23.66,2023-01-01T08:55:00
Sensor_Edge_70_1,24.40,2023-01-01T08:55:00
Sensor_Edge_71_1,23.84,2023-01-01T08:55:00
Sensor_Edge_72_1,24.47,2023-01-01T08:55:00
Sensor_Edge_73_1,23.09,2023-01-01T08:55:00
Sensor_Edge_74_1,23.29,2023-01-01T08:55:00
Sensor_Edge_75_1,22.49,2023-01-01T08:55:00
Sensor_Edge_76_1,23.28,2023-01-01T08:55:00
Sensor_Edge_80_1,22.26,2023-01-01T08:55:00
Sensor_Edge_2_1,20.28,2023-01-01T09:00:00
Sensor_Edge_4_1,21.29,2023-01-01T09:00:00
Sensor_Edge_5_1,24.53,2023-01-01T09:00:00
Sensor_Edge_7_1,30.49,2023-01-01T09:00:00
Sensor_Edge_8_1,21.35,2023-01-01T09:00:00
Sensor_Edge_10_1,22.14,2023-01-01T09:00:00
Sensor_Edge_11_1,26.30,2023-01-01T09:00:00
Sensor_Edge_13_1,25.65,2023-01-01T09:00:00
Sensor_Edge_15_1,23.43,2023-01-01T09:00:00
Sensor_Edge_21_1,18.12,2023-01-01T09:00:00
Sensor_Edge_25_1,21.36,2023-01-01T09:00:00
Sensor_Edge_26_1,38.18,2023-01-01T09:00:00
Sensor_Edge_27_1,21.46,2023-01-01T09:00:00
Sensor_Edge_28_1,24.58,2023-01-01T09:00:00
Sensor_Edge_31_1,21.33,2023-01-01T09:00:00
Sensor_Edge_35_1,28.04,2023-01-01T09:00:00
Sensor_Edge_36_1,32.73,2023-01-01T09:00:00
Sensor_Edge_38_1,25.83,2023-01-01T09:00:00
Sensor_Edge_39_1,21.59,2023-01-01T09:00:00
Sensor_Edge_40_1,42.08,2023-01-01T09:00:00
Sensor_Edge_41_1,26.34,2023-01-01T09:00:00
Sensor_Edge_45_1,25.73,2023-01-01T09:00:00
Sensor_Edge_46_1,27.23,2023-01-01T09:00:00
Sensor_Edge_48_1,24.86,2023-01-01T09:00:00
Sensor_Edge_50_1,27.50,2023-01-01T09:00:00
Sensor_Edge_63_1,23.94,2023-01-01T09:00:00
Sensor_Edge_64_1,23.11,2023-01-01T09:00:00
Sensor_Edge_65_1,34.98,2023-01-01T09:00:00
Sensor_Edge_66_1,20.45,2023-01-01T09:00:00
Sensor_Edge_67_1,25.53,2023-01-01T09:00:00
Sensor_Edge_68_1,24.80,2023-01-01T09:00:00
Sensor_Edge_69_1,23.51,2023-01-01T09:00:00
Sensor_Edge_70_1,24.39,2023-01-01T09:00:00
Sensor_Edge_71_1,23.93,2023-01-01T09:00:00
Sensor_Edge_72_1,24.48,2023-01-01T09:00:00
Sensor_Edge_73_1,23.11,2023-01-01T09:00:00
Sensor_Edge_74_1,23.19,2023-01-01T09:00:00
Sensor_Edge_75_1,22.53,2023-01-01T09:00:00
Sensor_Edge_76_1,23.15,2023-01-01T09:00:00
Sensor_Edge_80_1,22.47,2023-01-01T09:00:00
Sensor_Edge_2_1,20.10,2023-01-01T09:05:00
Sensor_Edge_4_1,21.18,2023-01-01T09:05:00
Sensor_Edge_5_1,24.50,2023-01-01T09:05:00
Sensor_Edge_7_1,30.31,2023-01-01T09:05:00
Sensor_Edge_8_1,21.17,2023-01-01T09:05:00
Sensor_Edge_10_1,22.32,2023-01-01T09:05:00
Sensor_Edge_11_1,26.06,2023-01-01T09:05:00
Sensor_Edge_13_1,25.62,2023-01-01T09:05:00
Sensor_Edge_15_1,23.29,2023-01-01T09:05:00
Sensor_Edge_21_1,18.17,2023-01-01T09:05:00
Sensor_Edge_25_1,21.18,2023-01-01T09:05:00
Sensor_Edge_26_1,38.42,2023-01-01T09:05:00
Sensor_Edge_27_1,21.46,2023-01-01T09:05:00
Sensor_Edge_28_1,24.53,2023-01-01T09:05:00
Sensor_Edge_31_1,21.38,2023-01-01T09:05:00
Sensor_Edge_35_1,27.77,2023-01-01T09:05:00
Sensor_Edge_36_1,31.32,2023-01-01T09:05:00
Sensor_Edge_38_1,26.06,2023-01-01T09:05:00
Sensor_Edge_39_1,21.02,2023-01-01T09:05:00
Sensor_Edge_40_1,41.90,2023-01-01T09:05:00
Sensor_Edge_41_1,26.60,2023-01-01T09:05:00
Sensor_Edge_45_1,25.66,2023-01-01T09:05:00
Sensor_Edge_46_1,27.38,2023-01-01T09:05:00
Sensor_Edge_48_1,24.94,2023-01-01T09:05:00
Sensor_Edge_50_1,27.58,2023-01-01T09:05:00
Sensor_Edge_63_1,24.30,2023-01-01T09:05:00
Sensor_Edge_64_1,23.06,2023-01-01T09:05:00
Sensor_Edge_65_1,34.89,2023-01-01T09:05:00
Sensor_Edge_66_1,20.29,2023-01-01T09:05:00
Sensor_Edge_67_1,25.76,2023-01-01T09:05:00
Sensor_Edge_68_1,24.97,2023-01-01T09:05:00
Sensor_Edge_69_1,23.66,2023-01-01T09:05:00
Sensor_Edge_70_1,24.41,2023-01-01T09:05:00
Sensor_Edge_71_1,24.08,2023-01-01T09:05:00
Sensor_Edge_72_1,24.28,2023-01-01T09:05:00
Sensor_Edge_73_1,23.04,2023-01-01T09:05:00
Sensor_Edge_74_1,23.17,2023-01-01T09:05:00
Sensor_Edge_75_1,22.70,2023-01-01T09:05:00
Sensor_Edge_76_1,23.30,2023-01-01T09:05:00
Sensor_Edge_80_1,22.39,2023-01-01T09:05:00
Sensor_Edge_2_1,20.08,2023-01-01T09:10:00
Sensor_Edge_4_1,21.18,2023-01-01T09:10:00
Sensor_Edge_5_1,24.51,2023-01-01T09:10:00
Sensor_Edge_7_1,30.50,2023-01-01T09:10:00
Sensor_Edge_8_1,20.88,2023-01-01T09:10:00
Sensor_Edge_10_1,22.32,2023-01-01T09:10:00
Sensor_Edge_11_1,26.31,2023-01-01T09:10:00
Sensor_Edge_13_1,25.57,2023-01-01T09:10:00
Sensor_Edge_15_1,23.47,2023-01-01T09:10:00
Sensor_Edge_21_1,17.98,2023-01-01T09:10:00
Sensor_Edge_25_1,21.23,2023-01-01T09:10:00
Sensor_Edge_26_1,38.34,2023-01-01T09:10:00
Sensor_Edge_27_1,21.24,2023-01-01T09:10:00
Sensor_Edge_28_1,24.29,2023-01-01T09:10:00
Sensor_Edge_31_1,21.38,2023-01-01T09:10:00
Sensor_Edge_35_1,27.67,2023-01-01T09:10:00
Sensor_Edge_36_1,30.17,2023-01-01T09:10:00
Sensor_Edge_38_1,26.09,2023-01-01T09:10:00
Sensor_Edge_39_1,20.69,2023-01-01T09:10:00
Sensor_Edge_40_1,41.85,2023-01-01T09:10:00
Sensor_Edge_41_1,26.48,2023-01-01T09:10:00
Sensor_Edge_45_1,25.65,2023-01-01T09:10:00
Sensor_Edge_46_1,27.18,2023-01-01T09:10:00
Sensor_Edge_48_1,24.93,2023-01-01T09:10:00
Sensor_Edge_50_1,27.70,2023-01-01T09:10:00
Sensor_Edge_63_1,24.41,2023-01-01T09:10:00
Sensor_Edge_64_1,22.96,2023-01-01T09:10:00
Sensor_Edge_65_1,34.98,2023-01-01T09:10:00
Sensor_Edge_66_1,20.07,2023-01-01T09:10:00
Sensor_Edge_67_1,25.73,2023-01-01T09:10:00
Sensor_Edge_68_1,25.04,2023-01-01T09:10:00
Sensor_Edge_69_1,23.86,2023-01-01T09:10:00
Sensor_Edge_70_1,24.46,2023-01-01T09:10:00
Sensor_Edge_71_1,23.92,2023-01-01T09:10:00
Sensor_Edge_72_1,24.07,2023-01-01T09:10:00
Sensor_Edge_73_1,23.23,2023-01-01T09:10:00
Sensor_Edge_74_1,23.36,2023-01-01T09:10:00
Sensor_Edge_75_1,22.86,2023-01-01T09:10:00
Sensor_Edge_76_1,23.48,2023-01-01T09:10:00
Sensor_Edge_80_1,22.48,2023-01-01T09:10:00
Sensor_Edge_2_1,19.88,2023-01-01T09:15:00
Sensor_Edge_4_1,21.14,2023-01-01T09:15:00
Sensor_Edge_5_1,24.67,2023-01-01T09:15:00
Sensor_Edge_7_1,30.70,2023-01-01T09:15:00
Sensor_Edge_8_1,20.81,2023-01-01T09:15:00
Sensor_Edge_10_1,22.56,2023-01-01T09:15:00
Sensor_Edge_11_1,26.09,2023-01-01T09:15:00
Sensor_Edge_13_1,25.70,2023-01-01T09:15:00
Sensor_Edge_15_1,23.28,2023-01-01T09:15:00
Sensor_Edge_21_1,18.17,2023-01-01T09:15:00
Sensor_Edge_25_1,21.02,2023-01-01T09:15:00
Sensor_Edge_26_1,38.51,2023-01-01T09:15:00
Sensor_Edge_27_1,21.27,2023-01-01T09:15:00
Sensor_Edge_28_1,24.43,2023-01-01T09:15:00
Sensor_Edge_31_1,21.60,2023-01-01T09:15:00
Sensor_Edge_35_1,27.72,2023-01-01T09:15:00
Sensor_Edge_36_1,28.87,2023-01-01T09:15:00
Sensor_Edge_38_1,25.91,2023-01-01T09:15:00
Sensor_Edge_39_1,20.16,2023-01-01T09:15:00
Sensor_Edge_40_1,41.61,2023-01-01T09:15:00
Sensor_Edge_41_1,26.65,2023-01-01T09:15:00
Sensor_Edge_45_1,25.46,2023-01-01T09:15:00
Sensor_Edge_46_1,27.26,2023-01-01T09:15:00
Sensor_Edge_48_1,24.82,2023-01-01T09:15:00
Sensor_Edge_50_1,27.82,2023-01-01T09:15:00
Sensor_Edge_63_1,24.78,2023-01-01T09:15:00
Sensor_Edge_64_1,22.80,2023-01-01T09:15:00
Sensor_Edge_65_1,34.90,2023-01-01T09:15:00
Sensor_Edge_66_1,19.96,2023-01-01T09:15:00
Sensor_Edge_67_1,25.75,2023-01-01T09:15:00
Sensor_Edge_68_1,25.18,2023-01-01T09:15:00
Sensor_Edge_69_1,23.80,2023-01-01T09:15:00
Sensor_Edge_70_1,24.64,2023-01-01T09:15:00
Sensor_Edge_71_1,24.01,2023-01-01T09:15:00
Sensor_Edge_72_1,24.32,2023-01-01T09:15:00
Sensor_Edge_73_1,23.40,2023-01-01T09:15:00
Sensor_Edge_74_1,27.08,2023-01-01T09:15:00
Sensor_Edge_75_1,23.03,2023-01-01T09:15:00
Sensor_Edge_76_1,23.52,2023-01-01T09:15:00
Sensor_Edge_80_1,22.63,2023-01-01T09:15:00
Sensor_Edge_2_1,19.69,2023-01-01T09:20:00
Sensor_Edge_4_1,21.05,2023-01-01T09:20:00
Sensor_Edge_5_1,24.75,2023-01-01T09:20:00
Sensor_Edge_7_1,30.46,2023-01-01T09:20:00
Sensor_Edge_8_1,20.39,2023-01-01T09:20:00
Sensor_Edge_10_1,22.66,2023-01-01T09:20:00
Sensor_Edge_11_1,25.93,2023-01-01T09:20:00
Sensor_Edge_13_1,25.46,2023-01-01T09:20:00
Sensor_Edge_15_1,23.12,2023-01-01T09:20:00
Sensor_Edge_21_1,18.11,2023-01-01T09:20:00
Sensor_Edge_25_1,20.77,2023-01-01T09:20:00
Sensor_Edge_26_1,38.73,2023-01-01T09:20:00
Sensor_Edge_27_1,21.08,2023-01-01T09:20:00
Sensor_Edge_28_1,24.48,2023-01-01T09:20:00
Sensor_Edge_31_1,21.36,2023-01-01T09:20:00
Sensor_Edge_35_1,27.73,2023-01-01T09:20:00
Sensor_Edge_36_1,28.24,2023-01-01T09:20:00
Sensor_Edge_38_1,25.81,2023-01-01T09:20:00
Sensor_Edge_39_1,19.80,2023-01-01T09:20:00
Sensor_Edge_40_1,41.80,2023-01-01T09:20:00
Sensor_Edge_41_1,26.49,2023-01-01T09:20:00
Sensor_Edge_45_1,25.51,2023-01-01T09:20:00
Sensor_Edge_46_1,27.22,2023-01-01T09:20:00
Sensor_Edge_48_1,24.93,2023-01-01T09:20:00
Sensor_Edge_50_1,27.97,2023-01-01T09:20:00
Sensor_Edge_63_1,25.32,2023-01-01T09:20:00
Sensor_Edge_64_1,22.86,2023-01-01T09:20:00
Sensor_Edge_65_1,34.83,2023-01-01T09:20:00
Sensor_Edge_66_1,19.95,2023-01-01T09:20:00
Sensor_Edge_67_1,25.70,2023-01-01T09:20:00
Sensor_Edge_68_1,25.32,2023-01-01T09:20:00
Sensor_Edge_69_1,23.92,2023-01-01T09:20:00
Sensor_Edge_70_1,24.62,2023-01-01T09:20:00
Sensor_Edge_71_1,23.95,2023-01-01T09:20:00
Sensor_Edge_72_1,24.18,2023-01-01T09:20:00
Sensor_Edge_73_1,23.19,2023-01-01T09:20:00
Sensor_Edge_74_1,30.80,2023-01-01T09:20:00
Sensor_Edge_75_1,23.01,2023-01-01T09:20:00
Sensor_Edge_76_1,23.46,2023-01-01T09:20:00
Sensor_Edge_80_1,22.80,2023-01-01T09:20:00
Sensor_Edge_2_1,19.54,2023-01-01T09:25:00
Sensor_Edge_4_1,20.97,2023-01-01T09:25:00
Sensor_Edge_5_1,24.66,2023-01-01T09:25:00
Sensor_Edge_7_1,30.56,2023-01-01T09:25:00
Sensor_Edge_8_1,20.28,2023-01-01T09:25:00
Sensor_Edge_10_1,22.85,2023-01-01T09:25:00
Sensor_Edge_11_1,26.16,2023-01-01T09:25:00
Sensor_Edge_13_1,25.38,2023-01-01T09:25:00
Sensor_Edge_15_1,23.06,2023-01-01T09:25:00
Sensor_Edge_21_1,18.08,2023-01-01T09:25:00
Sensor_Edge_25_1,20.92,2023-01-01T09:25:00
Sensor_Edge_26_1,38.84,2023-01-01T09:25:00
Sensor_Edge_27_1,21.00,2023-01-01T09:25:00
Sensor_Edge_28_1,24.21,2023-01-01T09:25:00
Sensor_Edge_31_1,21.12,2023-01-01T09:25:00
Sensor_Edge_35_1,27.55,2023-01-01T09:25:00
Sensor_Edge_36_1,27.50,2023-01-01T09:25:00
Sensor_Edge_38_1,25.59,2023-01-01T09:25:00
Sensor_Edge_39_1,19.75,2023-01-01T09:25:00
Sensor_Edge_40_1,42.03,2023-01-01T09:25:00
Sensor_Edge_41_1,26.69,2023-01-01T09:25:00
Sensor_Edge_45_1,25.68,2023-01-01T09:25:00
Sensor_Edge_46_1,27.40,2023-01-01T09:25:00
Sensor_Edge_48_1,25.04,2023-01-01T09:25:00
Sensor_Edge_50_1,28.15,2023-01-01T09:25:00
Sensor_Edge_63_1,25.86,2023-01-01T09:25:00
Sensor_Edge_64_1,22.83,2023-01-01T09:25:00
Sensor_Edge_65_1,34.89,2023-01-01T09:25:00
Sensor_Edge_66_1,19.89,2023-01-01T09:25:00
Sensor_Edge_67_1,25.81,2023-01-01T09:25:00
Sensor_Edge_68_1,25.41,2023-01-01T09:25:00
Sensor_Edge_69_1,23.83,2023-01-01T09:25:00
Sensor_Edge_70_1,24.78,2023-01-01T09:25:00
Sensor_Edge_71_1,24.00,2023-01-01T09:25:00
Sensor_Edge_72_1,24.10,2023-01-01T09:25:00
Sensor_Edge_73_1,23.05,2023-01-01T09:25:00
Sensor_Edge_74_1,34.52,2023-01-01T09:25:00
Sensor_Edge_75_1,22.75,2023-01-01T09:25:00
Sensor_Edge_76_1,23.60,2023-01-01T09:25:00
Sensor_Edge_80_1,23.26,2023-01-01T09:25:00
Sensor_Edge_2_1,19.49,2023-01-01T09:30:00
Sensor_Edge_4_1,20.87,2023-01-01T09:30:00
Sensor_Edge_5_1,24.39,2023-01-01T09:30:00
Sensor_Edge_7_1,30.58,2023-01-01T09:30:00
Sensor_Edge_8_1,19.78,2023-01-01T09:30:00
Sensor_Edge_10_1,22.72,2023-01-01T09:30:00
Sensor_Edge_11_1,26.38,2023-01-01T09:30:00
Sensor_Edge_13_1,25.49,2023-01-01T09:30:00
Sensor_Edge_15_1,23.07,2023-01-01T09:30:00
Sensor_Edge_21_1,18.23,2023-01-01T09:30:00
Sensor_Edge_25_1,20.65,2023-01-01T09:30:00
Sensor_Edge_26_1,38.93,2023-01-01T09:30:00
Sensor_Edge_27_1,21.18,2023-01-01T09:30:00
Sensor_Edge_28_1,24.43,2023-01-01T09:30:00
Sensor_Edge_31_1,21.07,2023-01-01T09:30:00
Sensor_Edge_35_1,27.64,2023-01-01T09:30:00
Sensor_Edge_36_1,26.91,2023-01-01T09:30:00
Sensor_Edge_38_1,25.56,2023-01-01T09:30:00
Sensor_Edge_39_1,19.73,2023-01-01T09:30:00
Sensor_Edge_40_1,41.78,2023-01-01T09:30:00
Sensor_Edge_41_1,26.84,2023-01-01T09:30:00
Sensor_Edge_45_1,25.61,2023-01-01T09:30:00
Sensor_Edge_46_1,27.33,2023-01-01T09:30:00
Sensor_Edge_48_1,25.07,2023-01-01T09:30:00
Sensor_Edge_50_1,27.99,2023-01-01T09:30:00
Sensor_Edge_63_1,25.97,2023-01-01T09:30:00
Sensor_Edge_64_1,22.99,2023-01-01T09:30:00
Sensor_Edge_65_1,34.93,2023-01-01T09:30:00
Sensor_Edge_66_1,19.73,2023-01-01T09:30:00
Sensor_Edge_67_1,26.00,2023-01-01T09:30:00
Sensor_Edge_68_1,25.32,2023-01-01T09:30:00
Sensor_Edge_69_1,23.62,2023-01-01T09:30:00
Sensor_Edge_70_1,24.66,2023-01-01T09:30:00
Sensor_Edge_71_1,23.76,2023-01-01T09:30:00
Sensor_Edge_72_1,24.15,2023-01-01T09:30:00
Sensor_Edge_73_1,23.26,2023-01-01T09:30:00
Sensor_Edge_74_1,38.24,2023-01-01T09:30:00
Sensor_Edge_75_1,22.50,2023-01-01T09:30:00
Sensor_Edge_76_1,23.42,2023-01-01T09:30:00
Sensor_Edge_80_1,23.46,2023-01-01T09:30:00
Sensor_Edge_2_1,19.37,2023-01-01T09:35:00
Sensor_Edge_4_1,20.78,2023-01-01T09:35:00
Sensor_Edge_5_1,24.57,2023-01-01T09:35:00
Sensor_Edge_7_1,30.51,2023-01-01T09:35:00
Sensor_Edge_8_1,19.47,2023-01-01T09:35:00
Sensor_Edge_10_1,22.45,2023-01-01T09:35:00
Sensor_Edge_11_1,26.17,2023-01-01T09:35:00
Sensor_Edge_13_1,25.43,2023-01-01T09:35:00
Sensor_Edge_15_1,22.98,2023-01-01T09:35:00
Sensor_Edge_21_1,18.10,2023-01-01T09:35:00
Sensor_Edge_25_1,20.41,2023-01-01T09:35:00
Sensor_Edge_26_1,38.96,2023-01-01T09:35:00
Sensor_Edge_27_1,21.03,2023-01-01T09:35:00
Sensor_Edge_28_1,24.36,2023-01-01T09:35:00
Sensor_Edge_31_1,20.97,2023-01-01T09:35:00
Sensor_Edge_35_1,27.76,2023-01-01T09:35:00
Sensor_Edge_36_1,26.54,2023-01-01T09:35:00
Sensor_Edge_38_1,25.56,2023-01-01T09:35:00
Sensor_Edge_39_1,19.34,2023-01-01T09:35:00
Sensor_Edge_40_1,41.90,2023-01-01T09:35:00
Sensor_Edge_41_1,26.88,2023-01-01T09:35:00
Sensor_Edge_45_1,25.43,2023-01-01T09:35:00
Sensor_Edge_46_1,27.21,2023-01-01T09:35:00
Sensor_Edge_48_1,25.05,2023-01-01T09:35:00
Sensor_Edge_50_1,28.19,2023-01-01T09:35:00
Sensor_Edge_63_1,26.33,2023-01-01T09:35:00
Sensor_Edge_64_1,23.19,2023-01-01T09:35:00
Sensor_Edge_65_1,34.81,2023-01-01T09:35:00
Sensor_Edge_66_1,19.79,2023-01-01T09:35:00
Sensor_Edge_67_1,25.85,2023-01-01T09:35:00
Sensor_Edge_68_1,25.44,2023-01-01T09:35:00
Sensor_Edge_69_1,23.87,2023-01-01T09:35:00
Sensor_Edge_70_1,24.44,2023-01-01T09:35:00
Sensor_Edge_71_1,23.65,2023-01-01T09:35:00
Sensor_Edge_72_1,24.04,2023-01-01T09:35:00
Sensor_Edge_73_1,23.10,2023-01-01T09:35:00
Sensor_Edge_74_1,35.08,2023-01-01T09:35:00
Sensor_Edge_75_1,22.50,2023-01-01T09:35:00
Sensor_Edge_76_1,23.59,2023-01-01T09:35:00
Sensor_Edge_80_1,23.71,2023-01-01T09:35:00
Sensor_Edge_2_1,19.38,2023-01-01T09:40:00
Sensor_Edge_4_1,20.82,2023-01-01T09:40:00
Sensor_Edge_5_1,24.67,2023-01-01T09:40:00
Sensor_Edge_7_1,30.37,2023-01-01T09:40:00
Sensor_Edge_8_1,19.45,2023-01-01T09:40:00
Sensor_Edge_10_1,22.54,2023-01-01T09:40:00
Sensor_Edge_11_1,26.03,2023-01-01T09:40:00
Sensor_Edge_13_1,25.27,2023-01-01T09:40:00
Sensor_Edge_15_1,22.75,2023-01-01T09:40:00
Sensor_Edge_21_1,18.23,2023-01-01T09:40:00
Sensor_Edge_25_1,20.44,2023-01-01T09:40:00
Sensor_Edge_26_1,39.15,2023-01-01T09:40:00
Sensor_Edge_27_1,21.20,2023-01-01T09:40:00
Sensor_Edge_28_1,24.21,2023-01-01T09:40:00
Sensor_Edge_31_1,20.95,2023-01-01T09:40:00
Sensor_Edge_35_1,27.51,2023-01-01T09:40:00
Sensor_Edge_36_1,26.20,2023-01-01T09:40:00
Sensor_Edge_38_1,25.55,2023-01-01T09:40:00
Sensor_Edge_39_1,19.26,2023-01-01T09:40:00
Sensor_Edge_40_1,42.05,2023-01-01T09:40:00
Sensor_Edge_41_1,26.76,2023-01-01T09:40:00
Sensor_Edge_45_1,25.52,2023-01-01T09:40:00
Sensor_Edge_46_1,27.36,2023-01-01T09:40:00
Sensor_Edge_48_1,25.13,2023-01-01T09:40:00
Sensor_Edge_50_1,27.95,2023-01-01T09:40:00
Sensor_Edge_63_1,26.61,2023-01-01T09:40:00
Sensor_Edge_64_1,23.04,2023-01-01T09:40:00
Sensor_Edge_65_1,35.08,2023-01-01T09:40:00
Sensor_Edge_66_1,19.62,2023-01-01T09:40:00
Sensor_Edge_67_1,26.02,2023-01-01T09:40:00
Sensor_Edge_68_1,25.44,2023-01-01T09:40:00
Sensor_Edge_69_1,23.65,2023-01-01T09:40:00
Sensor_Edge_70_1,24.25,2023-01-01T09:40:00
Sensor_Edge_71_1,23.92,2023-01-01T09:40:00
Sensor_Edge_72_1,23.98,2023-01-01T09:40:00
Sensor_Edge_73_1,23.02,2023-01-01T09:40:00
Sensor_Edge_74_1,32.63,2023-01-01T09:40:00
Sensor_Edge_75_1,22.62,2023-01-01T09:40:00
Sensor_Edge_76_1,23.60,2023-01-01T09:40:00
Sensor_Edge_80_1,24.27,2023-01-01T09:40:00
Sensor_Edge_2_1,19.55,2023-01-01T09:45:00
Sensor_Edge_4_1,20.68,2023-01-01T09:45:00
Sensor_Edge_5_1,24.39,2023-01-01T09:45:00
Sensor_Edge_7_1,30.46,2023-01-01T09:45:00
Sensor_Edge_8_1,18.97,2023-01-01T09:45:00
Sensor_Edge_10_1,22.47,2023-01-01T09:45:00
Sensor_Edge_11_1,25.90,2023-01-01T09:45:00
Sensor_Edge_13_1,25.51,2023-01-01T09:45:00
Sensor_Edge_15_1,22.52,2023-01-01T09:45:00
Sensor_Edge_21_1,18.16,2023-01-01T09:45:00
Sensor_Edge_25_1,20.23,2023-01-01T09:45:00
Sensor_Edge_26_1,39.13,2023-01-01T09:45:00
Sensor_Edge_27_1,21.29,2023-01-01T09:45:00
Sensor_Edge_28_1,24.18,2023-01-01T09:45:00
Sensor_Edge_31_1,20.90,2023-01-01T09:45:00
Sensor_Edge_35_1,27.66,2023-01-01T09:45:00
Sensor_Edge_36_1,26.09,2023-01-01T09:45:00
Sensor_Edge_38_1,25.72,2023-01-01T09:45:00
Sensor_Edge_39_1,19.13,2023-01-01T09:45:00
Sensor_Edge_40_1,41.84,2023-01-01T09:45:00
Sensor_Edge_41_1,26.81,2023-01-01T09:45:00
Sensor_Edge_45_1,25.28,2023-01-01T09:45:00
Sensor_Edge_46_1,27.18,2023-01-01T09:45:00
Sensor_Edge_48_1,24.93,2023-01-01T09:45:00
Sensor_Edge_50_1,27.69,2023-01-01T09:45:00
Sensor_Edge_63_1,26.98,2023-01-01T09:45:00
Sensor_Edge_64_1,23.17,2023-01-01T09:45:00
Sensor_Edge_65_1,35.29,2023-01-01T09:45:00
Sensor_Edge_66_1,19.75,2023-01-01T09:45:00
Sensor_Edge_67_1,26.16,2023-01-01T09:45:00
Sensor_Edge_68_1,25.25,2023-01-01T09:45:00
Sensor_Edge_69_1,23.68,2023-01-01T09:45:00
Sensor_Edge_70_1,24.36,2023-01-01T09:45:00
Sensor_Edge_71_1,24.08,2023-01-01T09:45:00
Sensor_Edge_72_1,24.12,2023-01-01T09:45:00
Sensor_Edge_73_1,22.97,2023-01-01T09:45:00
Sensor_Edge_74_1,30.87,2023-01-01T09:45:00
Sensor_Edge_75_1,22.63,2023-01-01T09:45:00
Sensor_Edge_76_1,23.79,2023-01-01T09:45:00
Sensor_Edge_80_1,24.72,2023-01-01T09:45:00
Sensor_Edge_2_1,19.58,2023-01-01T09:50:00
Sensor_Edge_4_1,20.95,2023-01-01T09:50:00
Sensor_Edge_5_1,24.19,2023-01-01T09:50:00
Sensor_Edge_7_1,30.36,2023-01-01T09:50:00
Sensor_Edge_8_1,18.74,2023-01-01T09:50:00
Sensor_Edge_10_1,22.64,2023-01-01T09:50:00
Sensor_Edge_11_1,25.95,2023-01-01T09:50:00
Sensor_Edge_13_1,25.53,2023-01-01T09:50:00
Sensor_Edge_15_1,22.61,2023-01-01T09:50:00
Sensor_Edge_21_1,17.95,2023-01-01T09:50:00
Sensor_Edge_25_1,20.11,2023-01-01T09:50:00
Sensor_Edge_26_1,38.95,2023-01-01T09:50:00
Sensor_Edge_27_1,21.16,2023-01-01T09:50:00
Sensor_Edge_28_1,24.24,2023-01-01T09:50:00
Sensor_Edge_31_1,20.96,2023-01-01T09:50:00
Sensor_Edge_35_1,27.73,2023-01-01T09:50:00
Sensor_Edge_36_1,25.82,2023-01-01T09:50:00
Sensor_Edge_38_1,25.67,2023-01-01T09:50:00
Sensor_Edge_39_1,19.04,2023-01-01T09:50:00
Sensor_Edge_40_1,41.98,2023-01-01T09:50:00
Sensor_Edge_41_1,27.05,2023-01-01T09:50:00
Sensor_Edge_45_1,25.34,2023-01-01T09:50:00
Sensor_Edge_46_1,27.01,2023-01-01T09:50:00
Sensor_Edge_48_1,25.09,2023-01-01T09:50:00
Sensor_Edge_50_1,27.67,2023-01-01T09:50:00
Sensor_Edge_63_1,27.27,2023-01-01T09:50:00
Sensor_Edge_64_1,22.96,2023-01-01T09:50:00
Sensor_Edge_65_1,35.29,2023-01-01T09:50:00
Sensor_Edge_66_1,19.78,2023-01-01T09:50:00
Sensor_Edge_67_1,26.26,2023-01-01T09:50:00
Sensor_Edge_68_1,25.02,2023-01-01T09:50:00
Sensor_Edge_69_1,23.67,2023-01-01T09:50:00
Sensor_Edge_70_1,24.21,2023-01-01T09:50:00
Sensor_Edge_71_1,24.09,2023-01-01T09:50:00
Sensor_Edge_72_1,24.27,2023-01-01T09:50:00
Sensor_Edge_73_1,23.04,2023-01-01T09:50:00
Sensor_Edge_74_1,29.21,2023-01-01T09:50:00
Sensor_Edge_75_1,22.43,2023-01-01T09:50:00
Sensor_Edge_76_1,23.64,2023-01-01T09:50:00
Sensor_Edge_80_1,25.15,2023-01-01T09:50:00
Sensor_Edge_2_1,19.40,2023-01-01T09:55:00
Sensor_Edge_4_1,21.03,2023-01-01T09:55:00
Sensor_Edge_5_1,24.26,2023-01-01T09:55:00
Sensor_Edge_7_1,30.12,2023-01-01T09:55:00
Sensor_Edge_8_1,18.77,2023-01-01T09:55:00
Sensor_Edge_10_1,22.53,2023-01-01T09:55:00
Sensor_Edge_11_1,25.80,2023-01-01T09:55:00
Sensor_Edge_13_1,25.42,2023-01-01T09:55:00
Sensor_Edge_15_1,22.37,2023-01-01T09:55:00
Sensor_Edge_21_1,18.00,2023-01-01T09:55:00
Sensor_Edge_25_1,20.19,2023-01-01T09:55:00
Sensor_Edge_26_1,38.84,2023-01-01T09:55:00
Sensor_Edge_27_1,21.34,2023-01-01T09:55:00
Sensor_Edge_28_1,24.20,2023-01-01T09:55:00
Sensor_Edge_31_1,20.75,2023-01-01T09:55:00
Sensor_Edge_35_1,27.91,2023-01-01T09:55:00
Sensor_Edge_36_1,25.42,2023-01-01T09:55:00
Sensor_Edge_38_1,25.43,2023-01-01T09:55:00
Sensor_Edge_39_1,20.28,2023-01-01T09:55:00
Sensor_Edge_40_1,41.88,2023-01-01T09:55:00
Sensor_Edge_41_1,27.03,2023-01-01T09:55:00
Sensor_Edge_45_1,25.17,2023-01-01T09:55:00
Sensor_Edge_46_1,27.07,2023-01-01T09:55:00
Sensor_Edge_48_1,25.18,2023-01-01T09:55:00
Sensor_Edge_50_1,27.58,2023-01-01T09:55:00
Sensor_Edge_63_1,27.24,2023-01-01T09:55:00
Sensor_Edge_64_1,22.98,2023-01-01T09:55:00
Sensor_Edge_65_1,35.39,2023-01-01T09:55:00
Sensor_Edge_66_1,19.74,2023-01-01T09:55:00
Sensor_Edge_67_1,26.44,2023-01-01T09:55:00
Sensor_Edge_68_1,25.11,2023-01-01T09:55:00
Sensor_Edge_69_1,23.70,2023-01-01T09:55:00
Sensor_Edge_70_1,24.37,2023-01-01T09:55:00
Sensor_Edge_71_1,23.98,2023-01-01T09:55:00
Sensor_Edge_72_1,24.41,2023-01-01T09:55:00
Sensor_Edge_73_1,23.22,2023-01-01T09:55:00
Sensor_Edge_74_1,27.83,2023-01-01T09:55:00
Sensor_Edge_75_1,22.21,2023-01-01T09:55:00
Sensor_Edge_76_1,23.62,2023-01-01T09:55:00
Sensor_Edge_80_1,25.54,2023-01-01T09:55:00
Sensor_Edge_2_1,19.48,2023-01-01T10:00:00
Sensor_Edge_4_1,20.90,2023-01-01T10:00:00
Sensor_Edge_5_1,24.08,2023-01-01T10:00:00
Sensor_Edge_7_1,30.29,2023-01-01T10:00:00
Sensor_Edge_8_1,18.52,2023-01-01T10:00:00
Sensor_Edge_10_1,22.45,2023-01-01T10:00:00
Sensor_Edge_11_1,25.93,2023-01-01T10:00:00
Sensor_Edge_13_1,25.47,2023-01-01T10:00:00
Sensor_Edge_15_1,22.23,2023-01-01T10:00:00
Sensor_Edge_21_1,17.94,2023-01-01T10:00:00
Sensor_Edge_25_1,20.38,2023-01-01T10:00:00
Sensor_Edge_26_1,38.92,2023-01-01T10:00:00
Sensor_Edge_27_1,21.36,2023-01-01T10:00:00
Sensor_Edge_28_1,24.30,2023-01-01T10:00:00
Sensor_Edge_31_1,20.72,2023-01-01T10:00:00
Sensor_Edge_35_1,27.95,2023-01-01T10:00:00
Sensor_Edge_36_1,25.16,2023-01-01T10:00:00
Sensor_Edge_38_1,25.54,2023-01-01T10:00:00
Sensor_Edge_39_1,20.39,2023-01-01T10:00:00
Sensor_Edge_40_1,42.03,2023-01-01T10:00:00
Sensor_Edge_41_1,26.77,2023-01-01T10:00:00
Sensor_Edge_45_1,24.97,2023-01-01T10:00:00
Sensor_Edge_46_1,26.81,2023-01-01T10:00:00
Sensor_Edge_48_1,24.97,2023-01-01T10:00:00
Sensor_Edge_50_1,27.60,2023-01-01T10:00:00
Sensor_Edge_63_1,27.55,2023-01-01T10:00:00
Sensor_Edge_64_1,22.86,2023-01-01T10:00:00
Sensor_Edge_65_1,35.53,2023-01-01T10:00:00
Sensor_Edge_66_1,19.91,2023-01-01T10:00:00
Sensor_Edge_67_1,26.35,2023-01-01T10:00:00
Sensor_Edge_68_1,24.88,2023-01-01T10:00:00
Sensor_Edge_69_1,23.90,2023-01-01T10:00:00
Sensor_Edge_70_1,24.32,2023-01-01T10:00:00
Sensor_Edge_71_1,23.95,2023-01-01T10:00:00
Sensor_Edge_72_1,24.33,2023-01-01T10:00:00
Sensor_Edge_73_1,23.04,2023-01-01T10:00:00
Sensor_Edge_74_1,27.05,2023-01-01T10:00:00
Sensor_Edge_75_1,22.28,2023-01-01T10:00:00
Sensor_Edge_76_1,29.18,2023-01-01T10:00:00
Sensor_Edge_80_1,25.95,2023-01-01T10:00:00
Sensor_Edge_2_1,19.76,2023-01-01T10:05:00
Sensor_Edge_4_1,21.14,2023-01-01T10:05:00
Sensor_Edge_5_1,23.94,2023-01-01T10:05:00
Sensor_Edge_7_1,30.05,2023-01-01T10:05:00
Sensor_Edge_8_1,18.11,2023-01-01T10:05:00
Sensor_Edge_10_1,22.35,2023-01-01T10:05:00
Sensor_Edge_11_1,25.71,2023-01-01T10:05:00
Sensor_Edge_13_1,25.60,2023-01-01T10:05:00
Sensor_Edge_15_1,22.32,2023-01-01T10:05:00
Sensor_Edge_21_1,18.04,2023-01-01T10:05:00
Sensor_Edge_25_1,20.39,2023-01-01T10:05:00
Sensor_Edge_26_1,38.83,2023-01-01T10:05:00
Sensor_Edge_27_1,21.14,2023-01-01T10:05:00
Sensor_Edge_28_1,24.27,2023-01-01T10:05:00
Sensor_Edge_31_1,20.53,2023-01-01T10:05:00
Sensor_Edge_35_1,27.86,2023-01-01T10:05:00
Sensor_Edge_36_1,25.24,2023-01-01T10:05:00
Sensor_Edge_38_1,25.67,2023-01-01T10:05:00
Sensor_Edge_39_1,20.82,2023-01-01T10:05:00
Sensor_Edge_40_1,42.14,2023-01-01T10:05:00
Sensor_Edge_41_1,26.75,2023-01-01T10:05:00
Sensor_Edge_45_1,24.99,2023-01-01T10:05:00
Sensor_Edge_46_1,26.87,2023-01-01T10:05:00
Sensor_Edge_48_1,25.19,2023-01-01T10:05:00
Sensor_Edge_50_1,27.44,2023-01-01T10:05:00
Sensor_Edge_63_1,27.73,2023-01-01T10:05:00
Sensor_Edge_64_1,23.08,2023-01-01T10:05:00
Sensor_Edge_65_1,35.34,2023-01-01T10:05:00
Sensor_Edge_66_1,19.72,2023-01-01T10:05:00
Sensor_Edge_67_1,26.16,2023-01-01T10:05:00
Sensor_Edge_68_1,24.92,2023-01-01T10:05:00
Sensor_Edge_69_1,24.11,2023-01-01T10:05:00
Sensor_Edge_70_1,24.34,2023-01-01T10:05:00
Sensor_Edge_71_1,24.00,2023-01-01T10:05:00
Sensor_Edge_72_1,24.32,2023-01-01T10:05:00
Sensor_Edge_73_1,22.92,2023-01-01T10:05:00
Sensor_Edge_74_1,26.52,2023-01-01T10:05:00
Sensor_Edge_75_1,22.23,2023-01-01T10:05:00
Sensor_Edge_76_1,34.73,2023-01-01T10:05:00
Sensor_Edge_80_1,25.94,2023-01-01T10:05:00
Sensor_Edge_2_1,19.81,2023-01-01T10:10:00
Sensor_Edge_4_1,21.00,2023-01-01T10:10:00
Sensor_Edge_5_1,23.95,2023-01-01T10:10:00
Sensor_Edge_7_1,29.91,2023-01-01T10:10:00
Sensor_Edge_8_1,17.90,2023-01-01T10:10:00
Sensor_Edge_10_1,22.33,2023-01-01T10:10:00
Sensor_Edge_11_1,25.96,2023-01-01T10:10:00
Sensor_Edge_13_1,25.64,2023-01-01T10:10:00
Sensor_Edge_15_1,22.15,2023-01-01T10:10:00
Sensor_Edge_21_1,18.09,2023-01-01T10:10:00
Sensor_Edge_25_1,20.17,2023-01-01T10:10:00
Sensor_Edge_26_1,39.05,2023-01-01T10:10:00
Sensor_Edge_27_1,20.93,2023-01-01T10:10:00
Sensor_Edge_28_1,24.42,2023-01-01T10:10:00
Sensor_Edge_31_1,20.59,2023-01-01T10:10:00
Sensor_Edge_35_1,28.03,2023-01-01T10:10:00
Sensor_Edge_36_1,24.98,2023-01-01T10:10:00
Sensor_Edge_38_1,25.82,2023-01-01T10:10:00
Sensor_Edge_39_1,21.11,2023-01-01T10:10:00
Sensor_Edge_40_1,42.33,2023-01-01T10:10:00
Sensor_Edge_41_1,26.83,2023-01-01T10:10:00
Sensor_Edge_45_1,25.12,2023-01-01T10:10:00
Sensor_Edge_46_1,26.78,2023-01-01T10:10:00
Sensor_Edge_48_1,25.08,2023-01-01T10:10:00
Sensor_Edge_50_1,27.39,2023-01-01T10:10:00
Sensor_Edge_63_1,27.91,2023-01-01T10:10:00
Sensor_Edge_64_1,23.34,2023-01-01T10:10:00
Sensor_Edge_65_1,35.36,2023-01-01T10:10:00
Sensor_Edge_66_1,19.97,2023-01-01T10:10:00
Sensor_Edge_67_1,25.97,2023-01-01T10:10:00
Sensor_Edge_68_1,28.74,2023-01-01T10:10:00
Sensor_Edge_69_1,24.15,2023-01-01T10:10:00
Sensor_Edge_70_1,24.38,2023-01-01T10:10:00
Sensor_Edge_71_1,24.13,2023-01-01T10:10:00
Sensor_Edge_72_1,24.12,2023-01-01T10:10:00
Sensor_Edge_73_1,22.81,2023-01-01T10:10:00
Sensor_Edge_74_1,25.99,2023-01-01T10:10:00
Sensor_Edge_75_1,22.41,2023-01-01T10:10:00
Sensor_Edge_76_1,40.29,2023-01-01T10:10:00
Sensor_Edge_80_1,25.96,2023-01-01T10:10:00
Sensor_Edge_2_1,19.85,2023-01-01T10:15:00
Sensor_Edge_4_1,21.25,2023-01-01T10:15:00
Sensor_Edge_5_1,24.04,2023-01-01T10:15:00
Sensor_Edge_7_1,29.68,2023-01-01T10:15:00
Sensor_Edge_8_1,19.36,2023-01-01T10:15:00
Sensor_Edge_10_1,22.27,2023-01-01T10:15:00
Sensor_Edge_11_1,26.17,2023-01-01T10:15:00
Sensor_Edge_13_1,25.84,2023-01-01T10:15:00
Sensor_Edge_15_1,22.28,2023-01-01T10:15:00
Sensor_Edge_21_1,17.86,2023-01-01T10:15:00
Sensor_Edge_25_1,20.30,2023-01-01T10:15:00
Sensor_Edge_26_1,38.96,2023-01-01T10:15:00
Sensor_Edge_27_1,20.80,2023-01-01T10:15:00
Sensor_Edge_28_1,24.17,2023-01-01T10:15:00
Sensor_Edge_31_1,20.52,2023-01-01T10:15:00
Sensor_Edge_35_1,28.20,2023-01-01T10:15:00
Sensor_Edge_36_1,24.71,2023-01-01T10:15:00
Sensor_Edge_38_1,25.92,2023-01-01T10:15:00
Sensor_Edge_39_1,21.27,2023-01-01T10:15:00
Sensor_Edge_40_1,42.48,2023-01-01T10:15:00
Sensor_Edge_41_1,26.72,2023-01-01T10:15:00
Sensor_Edge_45_1,25.20,2023-01-01T10:15:00
Sensor_Edge_46_1,26.93,2023-01-01T10:15:00
Sensor_Edge_48_1,25.00,2023-01-01T10:15:00
Sensor_Edge_50_1,27.21,2023-01-01T10:15:00
Sensor_Edge_63_1,28.06,2023-01-01T10:15:00
Sensor_Edge_64_1,23.22,2023-01-01T10:15:00
Sensor_Edge_65_1,35.51,2023-01-01T10:15:00
Sensor_Edge_66_1,20.09,2023-01-01T10:15:00
Sensor_Edge_67_1,25.90,2023-01-01T10:15:00
Sensor_Edge_68_1,32.57,2023-01-01T10:15:00
Sensor_Edge_69_1,24.28,2023-01-01T10:15:00
Sensor_Edge_70_1,24.21,2023-01-01T10:15:00
Sensor_Edge_71_1,24.24,2023-01-01T10:15:00
Sensor_Edge_72_1,23.96,2023-01-01T10:15:00
Sensor_Edge_73_1,22.57,2023-01-01T10:15:00
Sensor_Edge_74_1,25.30,2023-01-01T10:15:00
Sensor_Edge_75_1,22.46,2023-01-01T10:15:00
Sensor_Edge_76_1,36.65,2023-01-01T10:15:00
Sensor_Edge_80_1,26.30,2023-01-01T10:15:00
Sensor_Edge_2_1,20.08,2023-01-01T10:20:00
Sensor_Edge_4_1,21.27,2023-01-01T10:20:00
Sensor_Edge_5_1,24.12,2023-01-01T10:20:00
Sensor_Edge_7_1,29.91,2023-01-01T10:20:00
Sensor_Edge_8_1,19.73,2023-01-01T10:20:00
Sensor_Edge_10_1,22.41,2023-01-01T10:20:00
Sensor_Edge_11_1,26.25,2023-01-01T10:20:00
Sensor_Edge_13_1,26.03,2023-01-01T10:20:00
Sensor_Edge_15_1,22.39,2023-01-01T10:20:00
Sensor_Edge_21_1,17.75,2023-01-01T10:20:00
Sensor_Edge_25_1,20.19,2023-01-01T10:20:00
Sensor_Edge_26_1,38.93,2023-01-01T10:20:00
Sensor_Edge_27_1,20.94,2023-01-01T10:20:00
Sensor_Edge_28_1,24.01,2023-01-01T10:20:00
Sensor_Edge_31_1,20.62,2023-01-01T10:20:00
Sensor_Edge_35_1,27.94,2023-01-01T10:20:00
Sensor_Edge_36_1,24.65,2023-01-01T10:20:00
Sensor_Edge_38_1,25.74,2023-01-01T10:20:00
Sensor_Edge_39_1,21.50,2023-01-01T10:20:00
Sensor_Edge_40_1,42.24,2023-01-01T10:20:00
Sensor_Edge_41_1,26.73,2023-01-01T10:20:00
Sensor_Edge_45_1,25.31,2023-01-01T10:20:00
Sensor_Edge_46_1,26.96,2023-01-01T10:20:00
Sensor_Edge_48_1,25.16,2023-01-01T10:20:00
Sensor_Edge_50_1,27.19,2023-01-01T10:20:00
Sensor_Edge_63_1,26.93,2023-01-01T10:20:00
Sensor_Edge_64_1,23.14,2023-01-01T10:20:00
Sensor_Edge_65_1,35.39,2023-01-01T10:20:00
Sensor_Edge_66_1,19.91,2023-01-01T10:20:00
Sensor_Edge_67_1,26.01,2023-01-01T10:20:00
Sensor_Edge_68_1,36.39,2023-01-01T10:20:00
Sensor_Edge_69_1,24.10,2023-01-01T10:20:00
Sensor_Edge_70_1,24.14,2023-01-01T10:20:00
Sensor_Edge_71_1,24.19,2023-01-01T10:20:00
Sensor_Edge_72_1,23.97,2023-01-01T10:20:00
Sensor_Edge_73_1,22.50,2023-01-01T10:20:00
Sensor_Edge_74_1,25.07,2023-01-01T10:20:00
Sensor_Edge_75_1,22.52,2023-01-01T10:20:00
Sensor_Edge_76_1,34.09,2023-01-01T10:20:00
Sensor_Edge_80_1,26.30,2023-01-01T10:20:00
Sensor_Edge_2_1,20.26,2023-01-01T10:25:00
Sensor_Edge_4_1,21.32,2023-01-01T10:25:00
Sensor_Edge_5_1,23.92,2023-01-01T10:25:00
Sensor_Edge_7_1,29.85,2023-01-01T10:25:00
Sensor_Edge_8_1,20.17,2023-01-01T10:25:00
Sensor_Edge_10_1,22.63,2023-01-01T10:25:00
Sensor_Edge_11_1,26.05,2023-01-01T10:25:00
Sensor_Edge_13_1,25.90,2023-01-01T10:25:00
Sensor_Edge_15_1,22.55,2023-01-01T10:25:00
Sensor_Edge_21_1,17.89,2023-01-01T10:25:00
Sensor_Edge_25_1,20.27,2023-01-01T10:25:00
Sensor_Edge_26_1,38.77,2023-01-01T10:25:00
Sensor_Edge_27_1,20.77,2023-01-01T10:25:00
Sensor_Edge_28_1,23.86,2023-01-01T10:25:00
Sensor_Edge_31_1,20.41,2023-01-01T10:25:00
Sensor_Edge_35_1,28.01,2023-01-01T10:25:00
Sensor_Edge_36_1,24.71,2023-01-01T10:25:00
Sensor_Edge_38_1,25.74,2023-01-01T10:25:00
Sensor_Edge_39_1,21.81,2023-01-01T10:25:00
Sensor_Edge_40_1,42.11,2023-01-01T10:25:00
Sensor_Edge_41_1,26.81,2023-01-01T10:25:00
Sensor_Edge_45_1,25.48,2023-01-01T10:25:00
Sensor_Edge_46_1,26.84,2023-01-01T10:25:00
Sensor_Edge_48_1,25.05,2023-01-01T10:25:00
Sensor_Edge_50_1,27.15,2023-01-01T10:25:00
Sensor_Edge_63_1,26.71,2023-01-01T10:25:00
Sensor_Edge_64_1,22.94,2023-01-01T10:25:00
Sensor_Edge_65_1,35.48,2023-01-01T10:25:00
Sensor_Edge_66_1,20.05,2023-01-01T10:25:00
Sensor_Edge_67_1,25.99,2023-01-01T10:25:00
Sensor_Edge_68_1,40.21,2023-01-01T10:25:00
Sensor_Edge_69_1,24.13,2023-01-01T10:25:00
Sensor_Edge_70_1,24.14,2023-01-01T10:25:00
Sensor_Edge_71_1,24.11,2023-01-01T10:25:00
Sensor_Edge_72_1,23.84,2023-01-01T10:25:00
Sensor_Edge_73_1,22.40,2023-01-01T10:25:00
Sensor_Edge_74_1,24.74,2023-01-01T10:25:00
Sensor_Edge_75_1,22.59,2023-01-01T10:25:00
Sensor_Edge_76_1,31.80,2023-01-01T10:25:00
Sensor_Edge_80_1,26.65,2023-01-01T10:25:00
Sensor_Edge_2_1,20.35,2023-01-01T10:30:00
Sensor_Edge_4_1,21.52,2023-01-01T10:30:00
Sensor_Edge_5_1,24.05,2023-01-01T10:30:00
Sensor_Edge_7_1,29.88,2023-01-01T10:30:00
Sensor_Edge_8_1,20.20,2023-01-01T10:30:00
Sensor_Edge_10_1,22.60,2023-01-01T10:30:00
Sensor_Edge_11_1,26.25,2023-01-01T10:30:00
Sensor_Edge_13_1,25.73,2023-01-01T10:30:00
Sensor_Edge_15_1,22.34,2023-01-01T10:30:00
Sensor_Edge_21_1,17.95,2023-01-01T10:30:00
Sensor_Edge_25_1,20.21,2023-01-01T10:30:00
Sensor_Edge_26_1,38.74,2023-01-01T10:30:00
Sensor_Edge_27_1,20.84,2023-01-01T10:30:00
Sensor_Edge_28_1,23.95,2023-01-01T10:30:00
Sensor_Edge_31_1,20.65,2023-01-01T10:30:00
Sensor_Edge_35_1,28.00,2023-01-01T10:30:00
Sensor_Edge_36_1,24.54,2023-01-01T10:30:00
Sensor_Edge_38_1,25.83,2023-01-01T10:30:00
Sensor_Edge_39_1,21.77,2023-01-01T10:30:00
Sensor_Edge_40_1,42.11,2023-01-01T10:30:00
Sensor_Edge_41_1,26.89,2023-01-01T10:30:00
Sensor_Edge_45_1,25.47,2023-01-01T10:30:00
Sensor_Edge_46_1,26.74,2023-01-01T10:30:00
Sensor_Edge_48_1,25.10,2023-01-01T10:30:00
Sensor_Edge_50_1,27.10,2023-01-01T10:30:00
Sensor_Edge_63_1,26.49,2023-01-01T10:30:00
Sensor_Edge_64_1,22.85,2023-01-01T10:30:00
Sensor_Edge_65_1,35.38,2023-01-01T10:30:00
Sensor_Edge_66_1,20.07,2023-01-01T10:30:00
Sensor_Edge_67_1,26.22,2023-01-01T10:30:00
Sensor_Edge_68_1,37.19,2023-01-01T10:30:00
Sensor_Edge_69_1,24.22,2023-01-01T10:30:00
Sensor_Edge_70_1,24.30,2023-01-01T10:30:00
Sensor_Edge_71_1,24.11,2023-01-01T10:30:00
Sensor_Edge_72_1,24.08,2023-01-01T10:30:00
Sensor_Edge_73_1,22.19,2023-01-01T10:30:00
Sensor_Edge_74_1,24.68,2023-01-01T10:30:00
Sensor_Edge_75_1,22.59,2023-01-01T10:30:00
Sensor_Edge_76_1,30.15,2023-01-01T10:30:00
Sensor_Edge_80_1,26.73,2023-01-01T10:30:00
Sensor_Edge_2_1,20.56,2023-01-01T10:35:00
Sensor_Edge_4_1,21.36,2023-01-01T10:35:00
Sensor_Edge_5_1,23.98,2023-01-01T10:35:00
Sensor_Edge_7_1,29.75,2023-01-01T10:35:00
Sensor_Edge_8_1,20.53,2023-01-01T10:35:00
Sensor_Edge_10_1,22.60,2023-01-01T10:35:00
Sensor_Edge_11_1,26.37,2023-01-01T10:35:00
Sensor_Edge_13_1,25.97,2023-01-01T10:35:00
Sensor_Edge_15_1,22.41,2023-01-01T10:35:00
Sensor_Edge_21_1,18.01,2023-01-01T10:35:00
Sensor_Edge_25_1,20.40,2023-01-01T10:35:00
Sensor_Edge_26_1,38.55,2023-01-01T10:35:00
Sensor_Edge_27_1,20.77,2023-01-01T10:35:00
Sensor_Edge_28_1,24.12,2023-01-01T10:35:00
Sensor_Edge_31_1,20.68,2023-01-01T10:35:00
Sensor_Edge_35_1,27.81,2023-01-01T10:35:00
Sensor_Edge_36_1,24.78,2023-01-01T10:35:00
Sensor_Edge_38_1,25.69,2023-01-01T10:35:00
Sensor_Edge_39_1,21.89,2023-01-01T10:35:00
Sensor_Edge_40_1,42.00,2023-01-01T10:35:00
Sensor_Edge_41_1,27.00,2023-01-01T10:35:00
Sensor_Edge_45_1,25.39,2023-01-01T10:35:00
Sensor_Edge_46_1,26.93,2023-01-01T10:35:00
Sensor_Edge_48_1,25.32,2023-01-01T10:35:00
Sensor_Edge_50_1,26.93,2023-01-01T10:35:00
Sensor_Edge_63_1,26.08,2023-01-01T10:35:00
Sensor_Edge_64_1,22.97,2023-01-01T10:35:00
Sensor_Edge_65_1,35.23,2023-01-01T10:35:00
Sensor_Edge_66_1,20.32,2023-01-01T10:35:00
Sensor_Edge_67_1,25.94,2023-01-01T10:35:00
Sensor_Edge_68_1,34.52,2023-01-01T10:35:00
Sensor_Edge_69_1,24.12,2023-01-01T10:35:00
Sensor_Edge_70_1,24.39,2023-01-01T10:35:00
Sensor_Edge_71_1,24.24,2023-01-01T10:35:00
Sensor_Edge_72_1,23.95,2023-01-01T10:35:00
Sensor_Edge_73_1,22.34,2023-01-01T10:35:00
Sensor_Edge_74_1,24.76,2023-01-01T10:35:00
Sensor_Edge_75_1,22.34,2023-01-01T10:35:00
Sensor_Edge_76_1,28.47,2023-01-01T10:35:00
Sensor_Edge_80_1,26.71,2023-01-01T10:35:00
Sensor_Edge_2_1,20.43,2023-01-01T10:40:00
Sensor_Edge_4_1,21.34,2023-01-01T10:40:00
Sensor_Edge_5_1,23.95,2023-01-01T10:40:00
Sensor_Edge_7_1,29.78,2023-01-01T10:40:00
Sensor_Edge_8_1,20.51,2023-01-01T10:40:00
Sensor_Edge_10_1,22.75,2023-01-01T10:40:00
Sensor_Edge_11_1,26.34,2023-01-01T10:40:00
Sensor_Edge_13_1,26.14,2023-01-01T10:40:00
Sensor_Edge_15_1,22.47,2023-01-01T10:40:00
Sensor_Edge_21_1,17.81,2023-01-01T10:40:00
Sensor_Edge_25_1,20.29,2023-01-01T10:40:00
Sensor_Edge_26_1,38.67,2023-01-01T10:40:00
Sensor_Edge_27_1,20.74,2023-01-01T10:40:00
Sensor_Edge_28_1,24.11,2023-01-01T10:40:00
Sensor_Edge_31_1,20.56,2023-01-01T10:40:00
Sensor_Edge_35_1,27.69,2023-01-01T10:40:00
Sensor_Edge_36_1,24.54,2023-01-01T10:40:00
Sensor_Edge_38_1,25.72,2023-01-01T10:40:00
Sensor_Edge_39_1,21.88,2023-01-01T10:40:00
Sensor_Edge_40_1,41.86,2023-01-01T10:40:00
Sensor_Edge_41_1,26.80,2023-01-01T10:40:00
Sensor_Edge_45_1,25.40,2023-01-01T10:40:00
Sensor_Edge_46_1,27.06,2023-01-01T10:40:00
Sensor_Edge_48_1,25.22,2023-01-01T10:40:00
Sensor_Edge_50_1,27.16,2023-01-01T10:40:00
Sensor_Edge_63_1,25.94,2023-01-01T10:40:00
Sensor_Edge_64_1,22.99,2023-01-01T10:40:00
Sensor_Edge_65_1,35.15,2023-01-01T10:40:00
Sensor_Edge_66_1,20.29,2023-01-01T10:40:00
Sensor_Edge_67_1,25.98,2023-01-01T10:40:00
Sensor_Edge_68_1,32.58,2023-01-01T10:40:00
Sensor_Edge_69_1,23.94,2023-01-01T10:40:00
Sensor_Edge_70_1,24.52,2023-01-01T10:40:00
Sensor_Edge_71_1,23.99,2023-01-01T10:40:00
Sensor_Edge_72_1,23.84,2023-01-01T10:40:00
Sensor_Edge_73_1,22.48,2023-01-01T10:40:00
Sensor_Edge_74_1,24.51,2023-01-01T10:40:00
Sensor_Edge_75_1,22.26,2023-01-01T10:40:00
Sensor_Edge_76_1,27.54,2023-01-01T10:40:00
Sensor_Edge_80_1,27.04,2023-01-01T10:40:00
Sensor_Edge_2_1,20.46,2023-01-01T10:45:00
Sensor_Edge_4_1,21.19,2023-01-01T10:45:00
Sensor_Edge_5_1,23.74,2023-01-01T10:45:00
Sensor_Edge_7_1,29.62,2023-01-01T10:45:00
Sensor_Edge_8_1,20.87,2023-01-01T10:45:00
Sensor_Edge_10_1,22.74,2023-01-01T10:45:00
Sensor_Edge_11_1,26.44,2023-01-01T10:45:00
Sensor_Edge_13_1,26.16,2023-01-01T10:45:00
Sensor_Edge_15_1,22.25,2023-01-01T10:45:00
Sensor_Edge_21_1,17.82,2023-01-01T10:45:00
Sensor_Edge_25_1,20.35,2023-01-01T10:45:00
Sensor_Edge_26_1,38.89,2023-01-01T10:45:00
Sensor_Edge_27_1,20.97,2023-01-01T10:45:00
Sensor_Edge_28_1,24.18,2023-01-01T10:45:00
Sensor_Edge_31_1,20.38,2023-01-01T10:45:00
Sensor_Edge_35_1,27.71,2023-01-01T10:45:00
Sensor_Edge_36_1,24.67,2023-01-01T10:45:00
Sensor_Edge_38_1,25.54,2023-01-01T10:45:00
Sensor_Edge_39_1,21.81,2023-01-01T10:45:00
Sensor_Edge_40_1,41.80,2023-01-01T10:45:00
Sensor_Edge_41_1,26.99,2023-01-01T10:45:00
Sensor_Edge_45_1,25.32,2023-01-01T10:45:00
Sensor_Edge_46_1,27.14,2023-01-01T10:45:00
Sensor_Edge_48_1,25.12,2023-01-01T10:45:00
Sensor_Edge_50_1,27.38,2023-01-01T10:45:00
Sensor_Edge_63_1,25.86,2023-01-01T10:45:00
Sensor_Edge_64_1,23.12,2023-01-01T10:45:00
Sensor_Edge_65_1,35.04,2023-01-01T10:45:00
Sensor_Edge_66_1,20.32,2023-01-01T10:45:00
Sensor_Edge_67_1,25.79,2023-01-01T10:45:00
Sensor_Edge_68_1,30.96,2023-01-01T10:45:00
Sensor_Edge_69_1,23.78,2023-01-01T10:45:00
Sensor_Edge_70_1,24.36,2023-01-01T10:45:00
Sensor_Edge_71_1,24.17,2023-01-01T10:45:00
Sensor_Edge_72_1,24.14,2023-01-01T10:45:00
Sensor_Edge_73_1,22.49,2023-01-01T10:45:00
Sensor_Edge_74_1,24.65,2023-01-01T10:45:00
Sensor_Edge_75_1,22.11,2023-01-01T10:45:00
Sensor_Edge_76_1,26.41,2023-01-01T10:45:00
Sensor_Edge_80_1,27.24,2023-01-01T10:45:00
Sensor_Edge_2_1,20.23,2023-01-01T10:50:00
Sensor_Edge_4_1,21.29,2023-01-01T10:50:00
Sensor_Edge_5_1,23.61,2023-01-01T10:50:00
Sensor_Edge_7_1,29.85,2023-01-01T10:50:00
Sensor_Edge_8_1,20.90,2023-01-01T10:50:00
Sensor_Edge_10_1,22.89,2023-01-01T10:50:00
Sensor_Edge_11_1,26.68,2023-01-01T10:50:00
Sensor_Edge_13_1,26.15,2023-01-01T10:50:00
Sensor_Edge_15_1,22.03,2023-01-01T10:50:00
Sensor_Edge_21_1,17.62,2023-01-01T10:50:00
Sensor_Edge_25_1,20.25,2023-01-01T10:50:00
Sensor_Edge_26_1,38.75,2023-01-01T10:50:00
Sensor_Edge_27_1,21.23,2023-01-01T10:50:00
Sensor_Edge_28_1,24.28,2023-01-01T10:50:00
Sensor_Edge_31_1,20.46,2023-01-01T10:50:00
Sensor_Edge_35_1,27.50,2023-01-01T10:50:00
Sensor_Edge_36_1,24.89,2023-01-01T10:50:00
Sensor_Edge_38_1,25.66,2023-01-01T10:50:00
Sensor_Edge_39_1,21.89,2023-01-01T10:50:00
Sensor_Edge_40_1,42.04,2023-01-01T10:50:00
Sensor_Edge_41_1,26.88,2023-01-01T10:50:00
Sensor_Edge_45_1,25.17,2023-01-01T10:50:00
Sensor_Edge_46_1,27.16,2023-01-01T10:50:00
Sensor_Edge_48_1,25.31,2023-01-01T10:50:00
Sensor_Edge_50_1,27.34,2023-01-01T10:50:00
Sensor_Edge_63_1,25.40,2023-01-01T10:50:00
Sensor_Edge_64_1,22.90,2023-01-01T10:50:00
Sensor_Edge_65_1,35.31,2023-01-01T10:50:00
Sensor_Edge_66_1,20.34,2023-01-01T10:50:00
Sensor_Edge_67_1,25.63,2023-01-01T10:50:00
Sensor_Edge_68_1,29.83,2023-01-01T10:50:00
Sensor_Edge_69_1,23.74,2023-01-01T10:50:00
Sensor_Edge_70_1,24.23,2023-01-01T10:50:00
Sensor_Edge_71_1,24.07,2023-01-01T10:50:00
Sensor_Edge_72_1,24.07,2023-01-01T10:50:00
Sensor_Edge_73_1,22.42,2023-01-01T10:50:00
Sensor_Edge_74_1,24.41,2023-01-01T10:50:00
Sensor_Edge_75_1,22.28,2023-01-01T10:50:00
Sensor_Edge_76_1,25.46,2023-01-01T10:50:00
Sensor_Edge_80_1,27.52,2023-01-01T10:50:00
Sensor_Edge_2_1,20.10,2023-01-01T10:55:00
Sensor_Edge_4_1,21.39,2023-01-01T10:55:00
Sensor_Edge_5_1,23.68,2023-01-01T10:55:00
Sensor_Edge_7_1,30.02,2023-01-01T10:55:00
Sensor_Edge_8_1,20.85,2023-01-01T10:55:00
Sensor_Edge_10_1,22.95,2023-01-01T10:55:00
Sensor_Edge_11_1,26.72,2023-01-01T10:55:00
Sensor_Edge_13_1,26.34,2023-01-01T10:55:00
Sensor_Edge_15_1,22.13,2023-01-01T10:55:00
Sensor_Edge_21_1,17.53,2023-01-01T10:55:00
Sensor_Edge_25_1,20.36,2023-01-01T10:55:00
Sensor_Edge_26_1,38.71,2023-01-01T10:55:00
Sensor_Edge_27_1,21.37,2023-01-01T10:55:00
Sensor_Edge_28_1,24.09,2023-01-01T10:55:00
Sensor_Edge_31_1,20.38,2023-01-01T10:55:00
Sensor_Edge_35_1,27.71,2023-01-01T10:55:00
Sensor_Edge_36_1,24.66,2023-01-01T10:55:00
Sensor_Edge_38_1,25.88,2023-01-01T10:55:00
Sensor_Edge_39_1,22.10,2023-01-01T10:55:00
Sensor_Edge_40_1,42.04,2023-01-01T10:55:00
Sensor_Edge_41_1,26.95,2023-01-01T10:55:00
Sensor_Edge_45_1,25.36,2023-01-01T10:55:00
Sensor_Edge_46_1,27.39,2023-01-01T10:55:00
Sensor_Edge_48_1,25.47,2023-01-01T10:55:00
Sensor_Edge_50_1,27.28,2023-01-01T10:55:00
Sensor_Edge_63_1,25.04,2023-01-01T10:55:00
Sensor_Edge_64_1,22.94,2023-01-01T10:55:00
Sensor_Edge_65_1,35.35,2023-01-01T10:55:00
Sensor_Edge_66_1,20.31,2023-01-01T10:55:00
Sensor_Edge_67_1,25.75,2023-01-01T10:55:00
Sensor_Edge_68_1,28.88,2023-01-01T10:55:00
Sensor_Edge_69_1,23.77,2023-01-01T10:55:00
Sensor_Edge_70_1,24.07,2023-01-01T10:55:00
Sensor_Edge_71_1,23.99,2023-01-01T10:55:00
Sensor_Edge_72_1,24.09,2023-01-01T10:55:00
Sensor_Edge_73_1,22.43,2023-01-01T10:55:00
Sensor_Edge_74_1,24.39,2023-01-01T10:55:00
Sensor_Edge_75_1,22.30,2023-01-01T10:55:00
Sensor_Edge_76_1,25.13,2023-01-01T10:55:00
Sensor_Edge_80_1,27.82,2023-01-01T10:55:00
Sensor_Edge_2_1,20.04,2023-01-01T11:00:00
Sensor_Edge_4_1,21.53,2023-01-01T11:00:00
Sensor_Edge_5_1,23.45,2023-01-01T11:00:00
Sensor_Edge_7_1,29.86,2023-01-01T11:00:00
Sensor_Edge_8_1,21.02,2023-01-01T11:00:00
Sensor_Edge_10_1,22.96,2023-01-01T11:00:00
Sensor_Edge_11_1,26.64,2023-01-01T11:00:00
Sensor_Edge_13_1,26.31,2023-01-01T11:00:00
Sensor_Edge_15_1,22.11,2023-01-01T11:00:00
Sensor_Edge_21_1,17.45,2023-01-01T11:00:00
Sensor_Edge_25_1,20.50,2023-01-01T11:00:00
Sensor_Edge_26_1,38.55,2023-01-01T11:00:00
Sensor_Edge_27_1,21.37,2023-01-01T11:00:00
Sensor_Edge_28_1,24.12,2023-01-01T11:00:00
Sensor_Edge_31_1,20.24,2023-01-01T11:00:00
Sensor_Edge_35_1,27.57,2023-01-01T11:00:00
Sensor_Edge_36_1,24.42,2023-01-01T11:00:00
Sensor_Edge_38_1,25.76,2023-01-01T11:00:00
Sensor_Edge_39_1,22.03,2023-01-01T11:00:00
Sensor_Edge_40_1,42.04,2023-01-01T11:00:00
Sensor_Edge_41_1,26.71,2023-01-01T11:00:00
Sensor_Edge_45_1,25.35,2023-01-01T11:00:00
Sensor_Edge_46_1,27.37,2023-01-01T11:00:00
Sensor_Edge_48_1,25.21,2023-01-01T11:00:00
Sensor_Edge_50_1,27.37,2023-01-01T11:00:00
Sensor_Edge_63_1,25.02,2023-01-01T11:00:00
Sensor_Edge_64_1,23.12,2023-01-01T11:00:00
Sensor_Edge_65_1,35.29,2023-01-01T11:00:00
Sensor_Edge_66_1,20.30,2023-01-01T11:00:00
Sensor_Edge_67_1,25.50,2023-01-01T11:00:00
Sensor_Edge_68_1,28.30,2023-01-01T11:00:00
Sensor_Edge_69_1,23.91,2023-01-01T11:00:00
Sensor_Edge_70_1,24.24,2023-01-01T11:00:00
Sensor_Edge_71_1,24.15,2023-01-01T11:00:00
Sensor_Edge_72_1,24.02,2023-01-01T11:00:00
Sensor_Edge_73_1,22.68,2023-01-01T11:00:00
Sensor_Edge_74_1,24.54,2023-01-01T11:00:00
Sensor_Edge_75_1,22.37,2023-01-01T11:00:00
Sensor_Edge_76_1,24.80,2023-01-01T11:00:00
Sensor_Edge_80_1,26.75,2023-01-01T11:00:00
Sensor_Edge_2_1,20.10,2023-01-01T11:05:00
Sensor_Edge_4_1,21.63,2023-01-01T11:05:00
Sensor_Edge_5_1,23.35,2023-01-01T11:05:00
Sensor_Edge_7_1,29.86,2023-01-01T11:05:00
Sensor_Edge_8_1,21.34,2023-01-01T11:05:00
Sensor_Edge_10_1,22.83,2023-01-01T11:05:00
Sensor_Edge_11_1,26.54,2023-01-01T11:05:00
Sensor_Edge_13_1,26.43,2023-01-01T11:05:00
Sensor_Edge_15_1,22.36,2023-01-01T11:05:00
Sensor_Edge_21_1,17.53,2023-01-01T11:05:00
Sensor_Edge_25_1,20.48,2023-01-01T11:05:00
Sensor_Edge_26_1,38.75,2023-01-01T11:05:00
Sensor_Edge_27_1,21.14,2023-01-01T11:05:00
Sensor_Edge_28_1,23.91,2023-01-01T11:05:00
Sensor_Edge_31_1,20.34,2023-01-01T11:05:00
Sensor_Edge_35_1,27.62,2023-01-01T11:05:00
Sensor_Edge_36_1,24.31,2023-01-01T11:05:00
Sensor_Edge_38_1,25.62,2023-01-01T11:05:00
Sensor_Edge_39_1,21.96,2023-01-01T11:05:00
Sensor_Edge_40_1,42.05,2023-01-01T11:05:00
Sensor_Edge_41_1,26.54,2023-01-01T11:05:00
Sensor_Edge_45_1,25.44,2023-01-01T11:05:00
Sensor_Edge_46_1,27.24,2023-01-01T11:05:00
Sensor_Edge_48_1,25.07,2023-01-01T11:05:00
Sensor_Edge_50_1,27.64,2023-01-01T11:05:00
Sensor_Edge_63_1,24.68,2023-01-01T11:05:00
Sensor_Edge_64_1,23.14,2023-01-01T11:05:00
Sensor_Edge_65_1,35.25,2023-01-01T11:05:00
Sensor_Edge_66_1,20.36,2023-01-01T11:05:00
Sensor_Edge_67_1,25.72,2023-01-01T11:05:00
Sensor_Edge_68_1,27.52,2023-01-01T11:05:00
Sensor_Edge_69_1,23.91,2023-01-01T11:05:00
Sensor_Edge_70_1,24.04,2023-01-01T11:05:00
Sensor_Edge_71_1,23.96,2023-01-01T11:05:00
Sensor_Edge_72_1,23.89,2023-01-01T11:05:00
Sensor_Edge_73_1,22.56,2023-01-01T11:05:00
Sensor_Edge_74_1,24.72,2023-01-01T11:05:00
Sensor_Edge_75_1,22.35,2023-01-01T11:05:00
Sensor_Edge_76_1,24.29,2023-01-01T11:05:00
Sensor_Edge_80_1,26.36,2023-01-01T11:05:00
Sensor_Edge_2_1,20.18,2023-01-01T11:10:00
Sensor_Edge_4_1,21.76,2023-01-01T11:10:00
Sensor_Edge_5_1,23.61,2023-01-01T11:10:00
Sensor_Edge_7_1,29.93,2023-01-01T11:10:00
Sensor_Edge_8_1,21.40,2023-01-01T11:10:00
Sensor_Edge_10_1,22.97,2023-01-01T11:10:00
Sensor_Edge_11_1,26.58,2023-01-01T11:10:00
Sensor_Edge_13_1,26.64,2023-01-01T11:10:00
Sensor_Edge_15_1,22.38,2023-01-01T11:10:00
Sensor_Edge_21_1,17.44,2023-01-01T11:10:00
Sensor_Edge_25_1,20.39,2023-01-01T11:10:00
Sensor_Edge_26_1,38.86,2023-01-01T11:10:00
Sensor_Edge_27_1,21.38,2023-01-01T11:10:00
Sensor_Edge_28_1,23.68,2023-01-01T11:10:00
Sensor_Edge_31_1,20.60,2023-01-01T11:10:00
Sensor_Edge_35_1,27.74,2023-01-01T11:10:00
Sensor_Edge_36_1,24.36,2023-01-01T11:10:00
Sensor_Edge_38_1,25.58,2023-01-01T11:10:00
Sensor_Edge_39_1,22.05,2023-01-01T11:10:00
Sensor_Edge_40_1,42.26,2023-01-01T11:10:00
Sensor_Edge_41_1,26.36,2023-01-01T11:10:00
Sensor_Edge_45_1,25.34,2023-01-01T11:10:00
Sensor_Edge_46_1,27.07,2023-01-01T11:10:00
Sensor_Edge_48_1,24.88,2023-01-01T11:10:00
Sensor_Edge_50_1,27.56,2023-01-01T11:10:00
Sensor_Edge_63_1,24.75,2023-01-01T11:10:00
Sensor_Edge_64_1,23.12,2023-01-01T11:10:00
Sensor_Edge_65_1,35.24,2023-01-01T11:10:00
Sensor_Edge_66_1,20.19,2023-01-01T11:10:00
Sensor_Edge_67_1,25.62,2023-01-01T11:10:00
Sensor_Edge_68_1,26.77,2023-01-01T11:10:00
Sensor_Edge_69_1,23.72,2023-01-01T11:10:00
Sensor_Edge_70_1,23.86,2023-01-01T11:10:00
Sensor_Edge_71_1,24.01,2023-01-01T11:10:00
Sensor_Edge_72_1,23.90,2023-01-01T11:10:00
Sensor_Edge_73_1,22.67,2023-01-01T11:10:00
Sensor_Edge_74_1,24.79,2023-01-01T11:10:00
Sensor_Edge_75_1,22.40,2023-01-01T11:10:00
Sensor_Edge_76_1,23.93,2023-01-01T11:10:00
Sensor_Edge_80_1,26.15,2023-01-01T11:10:00
Sensor_Edge_2_1,20.17,2023-01-01T11:15:00
Sensor_Edge_4_1,21.64,2023-01-01T11:15:00
Sensor_Edge_5_1,23.68,2023-01-01T11:15:00
Sensor_Edge_7_1,30.07,2023-01-01T11:15:00
Sensor_Edge_8_1,21.69,2023-01-01T11:15:00
Sensor_Edge_10_1,22.72,2023-01-01T11:15:00
Sensor_Edge_11_1,26.77,2023-01-01T11:15:00
Sensor_Edge_13_1,26.36,2023-01-01T11:15:00
Sensor_Edge_15_1,22.64,2023-01-01T11:15:00
Sensor_Edge_21_1,17.48,2023-01-01T11:15:00
Sensor_Edge_25_1,20.45,2023-01-01T11:15:00
Sensor_Edge_26_1,38.99,2023-01-01T11:15:00
Sensor_Edge_27_1,21.53,2023-01-01T11:15:00
Sensor_Edge_28_1,23.55,2023-01-01T11:15:00
Sensor_Edge_31_1,20.86,2023-01-01T11:15:00
Sensor_Edge_35_1,27.77,2023-01-01T11:15:00
Sensor_Edge_36_1,24.57,2023-01-01T11:15:00
Sensor_Edge_38_1,25.39,2023-01-01T11:15:00
Sensor_Edge_39_1,22.35,2023-01-01T11:15:00
Sensor_Edge_40_1,42.14,2023-01-01T11:15:00
Sensor_Edge_41_1,26.61,2023-01-01T11:15:00
Sensor_Edge_45_1,25.51,2023-01-01T11:15:00
Sensor_Edge_46_1,27.07,2023-01-01T11:15:00
Sensor_Edge_48_1,24.72,2023-01-01T11:15:00
Sensor_Edge_50_1,27.37,2023-01-01T11:15:00
Sensor_Edge_63_1,24.37,2023-01-01T11:15:00
Sensor_Edge_64_1,23.11,2023-01-01T11:15:00
Sensor_Edge_65_1,35.33,2023-01-01T11:15:00
Sensor_Edge_66_1,20.22,2023-01-01T11:15:00
Sensor_Edge_67_1,25.49,2023-01-01T11:15:00
Sensor_Edge_68_1,26.32,2023-01-01T11:15:00
Sensor_Edge_69_1,23.60,2023-01-01T11:15:00
Sensor_Edge_70_1,23.86,2023-01-01T11:15:00
Sensor_Edge_71_1,23.84,2023-01-01T11:15:00
Sensor_Edge_72_1,24.17,2023-01-01T11:15:00
Sensor_Edge_73_1,22.64,2023-01-01T11:15:00
Sensor_Edge_74_1,24.69,2023-01-01T11:15:00
Sensor_Edge_75_1,22.58,2023-01-01T11:15:00
Sensor_Edge_76_1,23.65,2023-01-01T11:15:00
Sensor_Edge_80_1,25.75,2023-01-01T11:15:00
Sensor_Edge_2_1,19.96,2023-01-01T11:20:00
Sensor_Edge_4_1,21.89,2023-01-01T11:20:00
Sensor_Edge_5_1,23.69,2023-01-01T11:20:00
Sensor_Edge_7_1,30.04,2023-01-01T11:20:00
Sensor_Edge_8_1,21.97,2023-01-01T11:20:00
Sensor_Edge_10_1,22.51,2023-01-01T11:20:00
Sensor_Edge_11_1,26.97,2023-01-01T11:20:00
Sensor_Edge_13_1,26.46,2023-01-01T11:20:00
Sensor_Edge_15_1,22.53,2023-01-01T11:20:00
Sensor_Edge_21_1,17.37,2023-01-01T11:20:00
Sensor_Edge_25_1,20.35,2023-01-01T11:20:00
Sensor_Edge_26_1,38.84,2023-01-01T11:20:00
Sensor_Edge_27_1,21.43,2023-01-01T11:20:00
Sensor_Edge_28_1,23.65,2023-01-01T11:20:00
Sensor_Edge_31_1,21.13,2023-01-01T11:20:00
Sensor_Edge_35_1,27.53,2023-01-01T11:20:00
Sensor_Edge_36_1,24.45,2023-01-01T11:20:00
Sensor_Edge_38_1,25.34,2023-01-01T11:20:00
Sensor_Edge_39_1,22.72,2023-01-01T11:20:00
Sensor_Edge_40_1,42.12,2023-01-01T11:20:00
Sensor_Edge_41_1,26.60,2023-01-01T11:20:00
Sensor_Edge_45_1,25.31,2023-01-01T11:20:00
Sensor_Edge_46_1,26.98,2023-01-01T11:20:00
Sensor_Edge_48_1,24.65,2023-01-01T11:20:00
Sensor_Edge_50_1,27.39,2023-01-01T11:20:00
Sensor_Edge_63_1,24.04,2023-01-01T11:20:00
Sensor_Edge_64_1,22.94,2023-01-01T11:20:00
Sensor_Edge_65_1,35.48,2023-01-01T11:20:00
Sensor_Edge_66_1,20.20,2023-01-01T11:20:00
Sensor_Edge_67_1,25.50,2023-01-01T11:20:00
Sensor_Edge_68_1,25.85,2023-01-01T11:20:00
Sensor_Edge_69_1,23.69,2023-01-01T11:20:00
Sensor_Edge_70_1,23.67,2023-01-01T11:20:00
Sensor_Edge_71_1,23.64,2023-01-01T11:20:00
Sensor_Edge_72_1,24.35,2023-01-01T11:20:00
Sensor_Edge_73_1,22.53,2023-01-01T11:20:00
Sensor_Edge_74_1,24.66,2023-01-01T11:20:00
Sensor_Edge_75_1,22.80,2023-01-01T11:20:00
Sensor_Edge_76_1,23.71,2023-01-01T11:20:00
Sensor_Edge_80_1,25.84,2023-01-01T11:20:00
Sensor_Edge_2_1,20.07,2023-01-01T11:25:00
Sensor_Edge_4_1,22.13,2023-01-01T11:25:00
Sensor_Edge_5_1,23.53,2023-01-01T11:25:00
Sensor_Edge_7_1,29.77,2023-01-01T11:25:00
Sensor_Edge_8_1,22.25,2023-01-01T11:25:00
Sensor_Edge_10_1,22.63,2023-01-01T11:25:00
Sensor_Edge_11_1,26.83,2023-01-01T11:25:00
Sensor_Edge_13_1,26.51,2023-01-01T11:25:00
Sensor_Edge_15_1,22.77,2023-01-01T11:25:00
Sensor_Edge_21_1,17.59,2023-01-01T11:25:00
Sensor_Edge_25_1,20.29,2023-01-01T11:25:00
Sensor_Edge_26_1,38.77,2023-01-01T11:25:00
Sensor_Edge_27_1,21.43,2023-01-01T11:25:00
Sensor_Edge_28_1,23.55,2023-01-01T11:25:00
Sensor_Edge_31_1,21.38,2023-01-01T11:25:00
Sensor_Edge_35_1,27.70,2023-01-01T11:25:00
Sensor_Edge_36_1,24.41,2023-01-01T11:25:00
Sensor_Edge_38_1,25.31,2023-01-01T11:25:00
Sensor_Edge_39_1,23.01,2023-01-01T11:25:00
Sensor_Edge_40_1,41.88,2023-01-01T11:25:00
Sensor_Edge_41_1,26.80,2023-01-01T11:25:00
Sensor_Edge_45_1,25.52,2023-01-01T11:25:00
Sensor_Edge_46_1,27.01,2023-01-01T11:25:00
Sensor_Edge_48_1,24.92,2023-01-01T11:25:00
Sensor_Edge_50_1,27.31,2023-01-01T11:25:00
Sensor_Edge_63_1,23.83,2023-01-01T11:25:00
Sensor_Edge_64_1,23.15,2023-01-01T11:25:00
Sensor_Edge_65_1,35.60,2023-01-01T11:25:00
Sensor_Edge_66_1,20.31,2023-01-01T11:25:00
Sensor_Edge_67_1,25.52,2023-01-01T11:25:00
Sensor_Edge_68_1,25.40,2023-01-01T11:25:00
Sensor_Edge_69_1,23.94,2023-01-01T11:25:00
Sensor_Edge_70_1,23.47,2023-01-01T11:25:00
Sensor_Edge_71_1,23.45,2023-01-01T11:25:00
Sensor_Edge_72_1,24.81,2023-01-01T11:25:00
Sensor_Edge_73_1,22.51,2023-01-01T11:25:00
Sensor_Edge_74_1,24.57,2023-01-01T11:25:00
Sensor_Edge_75_1,22.79,2023-01-01T11:25:00
Sensor_Edge_76_1,23.77,2023-01-01T11:25:00
Sensor_Edge_80_1,25.67,2023-01-01T11:25:00
Sensor_Edge_2_1,20.15,2023-01-01T11:30:00
Sensor_Edge_4_1,22.25,2023-01-01T11:30:00
Sensor_Edge_5_1,23.50,2023-01-01T11:30:00
Sensor_Edge_7_1,29.71,2023-01-01T11:30:00
Sensor_Edge_8_1,22.57,2023-01-01T11:30:00
Sensor_Edge_10_1,22.84,2023-01-01T11:30:00
Sensor_Edge_11_1,26.89,2023-01-01T11:30:00
Sensor_Edge_13_1,26.41,2023-01-01T11:30:00
Sensor_Edge_15_1,22.53,2023-01-01T11:30:00
Sensor_Edge_21_1,17.73,2023-01-01T11:30:00
Sensor_Edge_25_1,20.21,2023-01-01T11:30:00
Sensor_Edge_26_1,38.58,2023-01-01T11:30:00
Sensor_Edge_27_1,21.27,2023-01-01T11:30:00
Sensor_Edge_28_1,23.50,2023-01-01T11:30:00
Sensor_Edge_31_1,21.41,2023-01-01T11:30:00
Sensor_Edge_35_1,27.81,2023-01-01T11:30:00
Sensor_Edge_36_1,24.58,2023-01-01T11:30:00
Sensor_Edge_38_1,25.34,2023-01-01T11:30:00
Sensor_Edge_39_1,23.18,2023-01-01T11:30:00
Sensor_Edge_40_1,42.09,2023-01-01T11:30:00
Sensor_Edge_41_1,26.65,2023-01-01T11:30:00
Sensor_Edge_45_1,25.71,2023-01-01T11:30:00
Sensor_Edge_46_1,26.86,2023-01-01T11:30:00
Sensor_Edge_48_1,25.03,2023-01-01T11:30:00
Sensor_Edge_50_1,27.30,2023-01-01T11:30:00
Sensor_Edge_63_1,23.84,2023-01-01T11:30:00
Sensor_Edge_64_1,23.30,2023-01-01T11:30:00
Sensor_Edge_65_1,35.60,2023-01-01T11:30:00
Sensor_Edge_66_1,20.14,2023-01-01T11:30:00
Sensor_Edge_67_1,25.73,2023-01-01T11:30:00
Sensor_Edge_68_1,25.37,2023-01-01T11:30:00
Sensor_Edge_69_1,23.96,2023-01-01T11:30:00
Sensor_Edge_70_1,23.73,2023-01-01T11:30:00
Sensor_Edge_71_1,23.60,2023-01-01T11:30:00
Sensor_Edge_72_1,24.95,2023-01-01T11:30:00
Sensor_Edge_73_1,22.69,2023-01-01T11:30:00
Sensor_Edge_74_1,24.71,2023-01-01T11:30:00
Sensor_Edge_75_1,22.55,2023-01-01T11:30:00
Sensor_Edge_76_1,23.54,2023-01-01T11:30:00
Sensor_Edge_80_1,25.46,2023-01-01T11:30:00
Sensor_Edge_2_1,20.29,2023-01-01T11:35:00
Sensor_Edge_4_1,22.44,2023-01-01T11:35:00
Sensor_Edge_5_1,23.41,2023-01-01T11:35:00
Sensor_Edge_7_1,29.58,2023-01-01T11:35:00
Sensor_Edge_8_1,22.65,2023-01-01T11:35:00
Sensor_Edge_10_1,22.81,2023-01-01T11:35:00
Sensor_Edge_11_1,26.94,2023-01-01T11:35:00
Sensor_Edge_13_1,26.34,2023-01-01T11:35:00
Sensor_Edge_15_1,22.30,2023-01-01T11:35:00
Sensor_Edge_21_1,17.74,2023-01-01T11:35:00
Sensor_Edge_25_1,20.41,2023-01-01T11:35:00
Sensor_Edge_26_1,38.60,2023-01-01T11:35:00
Sensor_Edge_27_1,21.21,2023-01-01T11:35:00
Sensor_Edge_28_1,23.30,2023-01-01T11:35:00
Sensor_Edge_31_1,21.35,2023-01-01T11:35:00
Sensor_Edge_35_1,27.57,2023-01-01T11:35:00
Sensor_Edge_36_1,24.80,2023-01-01T11:35:00
Sensor_Edge_38_1,25.14,2023-01-01T11:35:00
Sensor_Edge_39_1,23.13,2023-01-01T11:35:00
Sensor_Edge_40_1,41.87,2023-01-01T11:35:00
Sensor_Edge_41_1,26.70,2023-01-01T11:35:00
Sensor_Edge_45_1,25.64,2023-01-01T11:35:00
Sensor_Edge_46_1,30.37,2023-01-01T11:35:00
Sensor_Edge_48_1,24.88,2023-01-01T11:35:00
Sensor_Edge_50_1,27.13,2023-01-01T11:35:00
Sensor_Edge_63_1,23.54,2023-01-01T11:35:00
Sensor_Edge_64_1,23.19,2023-01-01T11:35:00
Sensor_Edge_65_1,35.76,2023-01-01T11:35:00
Sensor_Edge_66_1,20.25,2023-01-01T11:35:00
Sensor_Edge_67_1,25.84,2023-01-01T11:35:00
Sensor_Edge_68_1,25.24,2023-01-01T11:35:00
Sensor_Edge_69_1,24.06,2023-01-01T11:35:00
Sensor_Edge_70_1,23.74,2023-01-01T11:35:00
Sensor_Edge_71_1,23.76,2023-01-01T11:35:00
Sensor_Edge_72_1,25.45,2023-01-01T11:35:00
Sensor_Edge_73_1,22.62,2023-01-01T11:35:00
Sensor_Edge_74_1,24.71,2023-01-01T11:35:00
Sensor_Edge_75_1,22.31,2023-01-01T11:35:00
Sensor_Edge_76_1,23.54,2023-01-01T11:35:00
Sensor_Edge_80_1,25.15,2023-01-01T11:35:00
Sensor_Edge_2_1,20.14,2023-01-01T11:40:00
Sensor_Edge_4_1,22.53,2023-01-01T11:40:00
Sensor_Edge_5_1,23.54,2023-01-01T11:40:00
Sensor_Edge_7_1,29.65,2023-01-01T11:40:00
Sensor_Edge_8_1,22.58,2023-01-01T11:40:00
Sensor_Edge_10_1,22.57,2023-01-01T11:40:00
Sensor_Edge_11_1,26.72,2023-01-01T11:40:00
Sensor_Edge_13_1,26.16,2023-01-01T11:40:00
Sensor_Edge_15_1,22.35,2023-01-01T11:40:00
Sensor_Edge_21_1,17.54,2023-01-01T11:40:00
Sensor_Edge_25_1,20.58,2023-01-01T11:40:00
Sensor_Edge_26_1,38.36,2023-01-01T11:40:00
Sensor_Edge_27_1,21.29,2023-01-01T11:40:00
Sensor_Edge_28_1,23.10,2023-01-01T11:40:00
Sensor_Edge_31_1,21.21,2023-01-01T11:40:00
Sensor_Edge_35_1,27.70,2023-01-01T11:40:00
Sensor_Edge_36_1,24.57,2023-01-01T11:40:00
Sensor_Edge_38_1,25.41,2023-01-01T11:40:00
Sensor_Edge_39_1,23.24,2023-01-01T11:40:00
Sensor_Edge_40_1,42.12,2023-01-01T11:40:00
Sensor_Edge_41_1,26.62,2023-01-01T11:40:00
Sensor_Edge_45_1,25.63,2023-01-01T11:40:00
Sensor_Edge_46_1,33.89,2023-01-01T11:40:00
Sensor_Edge_48_1,25.02,2023-01-01T11:40:00
Sensor_Edge_50_1,26.98,2023-01-01T11:40:00
Sensor_Edge_63_1,23.54,2023-01-01T11:40:00
Sensor_Edge_64_1,22.97,2023-01-01T11:40:00
Sensor_Edge_65_1,35.74,2023-01-01T11:40:00
Sensor_Edge_66_1,20.13,2023-01-01T11:40:00
Sensor_Edge_67_1,25.76,2023-01-01T11:40:00
Sensor_Edge_68_1,25.34,2023-01-01T11:40:00
Sensor_Edge_69_1,24.15,2023-01-01T11:40:00
Sensor_Edge_70_1,23.95,2023-01-01T11:40:00
Sensor_Edge_71_1,24.01,2023-01-01T11:40:00
Sensor_Edge_72_1,25.62,2023-01-01T11:40:00
Sensor_Edge_73_1,22.42,2023-01-01T11:40:00
Sensor_Edge_74_1,24.82,2023-01-01T11:40:00
Sensor_Edge_75_1,22.49,2023-01-01T11:40:00
Sensor_Edge_76_1,23.30,2023-01-01T11:40:00
Sensor_Edge_80_1,24.92,2023-01-01T11:40:00
Sensor_Edge_2_1,20.22,2023-01-01T11:45:00
Sensor_Edge_4_1,22.74,2023-01-01T11:45:00
Sensor_Edge_5_1,23.74,2023-01-01T11:45:00
Sensor_Edge_7_1,29.57,2023-01-01T11:45:00
Sensor_Edge_8_1,22.56,2023-01-01T11:45:00
Sensor_Edge_10_1,22.54,2023-01-01T11:45:00
Sensor_Edge_11_1,26.62,2023-01-01T11:45:00
Sensor_Edge_13_1,26.38,2023-01-01T11:45:00
Sensor_Edge_15_1,22.16,2023-01-01T11:45:00
Sensor_Edge_21_1,17.77,2023-01-01T11:45:00
Sensor_Edge_25_1,20.76,2023-01-01T11:45:00
Sensor_Edge_26_1,38.16,2023-01-01T11:45:00
Sensor_Edge_27_1,21.49,2023-01-01T11:45:00
Sensor_Edge_28_1,23.10,2023-01-01T11:45:00
Sensor_Edge_31_1,21.27,2023-01-01T11:45:00
Sensor_Edge_35_1,27.73,2023-01-01T11:45:00
Sensor_Edge_36_1,24.52,2023-01-01T11:45:00
Sensor_Edge_38_1,25.50,2023-01-01T11:45:00
Sensor_Edge_39_1,23.36,2023-01-01T11:45:00
Sensor_Edge_40_1,41.97,2023-01-01T11:45:00
Sensor_Edge_41_1,26.49,2023-01-01T11:45:00
Sensor_Edge_45_1,25.35,2023-01-01T11:45:00
Sensor_Edge_46_1,37.41,2023-01-01T11:45:00
Sensor_Edge_48_1,25.09,2023-01-01T11:45:00
Sensor_Edge_50_1,27.27,2023-01-01T11:45:00
Sensor_Edge_63_1,23.32,2023-01-01T11:45:00
Sensor_Edge_64_1,23.14,2023-01-01T11:45:00
Sensor_Edge_65_1,35.52,2023-01-01T11:45:00
Sensor_Edge_66_1,20.16,2023-01-01T11:45:00
Sensor_Edge_67_1,25.73,2023-01-01T11:45:00
Sensor_Edge_68_1,25.21,2023-01-01T11:45:00
Sensor_Edge_69_1,24.15,2023-01-01T11:45:00
Sensor_Edge_70_1,23.94,2023-01-01T11:45:00
Sensor_Edge_71_1,24.03,2023-01-01T11:45:00
Sensor_Edge_72_1,26.11,2023-01-01T11:45:00
Sensor_Edge_73_1,22.34,2023-01-01T11:45:00
Sensor_Edge_74_1,24.82,2023-01-01T11:45:00
Sensor_Edge_75_1,22.57,2023-01-01T11:45:00
Sensor_Edge_76_1,23.06,2023-01-01T11:45:00
Sensor_Edge_80_1,24.75,2023-01-01T11:45:00
Sensor_Edge_2_1,20.47,2023-01-01T11:50:00
Sensor_Edge_4_1,22.70,2023-01-01T11:50:00
Sensor_Edge_5_1,23.65,2023-01-01T11:50:00
Sensor_Edge_7_1,29.41,2023-01-01T11:50:00
Sensor_Edge_8_1,22.84,2023-01-01T11:50:00
Sensor_Edge_10_1,22.65,2023-01-01T11:50:00
Sensor_Edge_11_1,26.52,2023-01-01T11:50:00
Sensor_Edge_13_1,26.18,2023-01-01T11:50:00
Sensor_Edge_15_1,22.16,2023-01-01T11:50:00
Sensor_Edge_21_1,17.63,2023-01-01T11:50:00
Sensor_Edge_25_1,20.60,2023-01-01T11:50:00
Sensor_Edge_26_1,38.39,2023-01-01T11:50:00
Sensor_Edge_27_1,21.34,2023-01-01T11:50:00
Sensor_Edge_28_1,23.22,2023-01-01T11:50:00
Sensor_Edge_31_1,21.13,2023-01-01T11:50:00
Sensor_Edge_35_1,27.93,2023-01-01T11:50:00
Sensor_Edge_36_1,24.59,2023-01-01T11:50:00
Sensor_Edge_38_1,25.43,2023-01-01T11:50:00
Sensor_Edge_39_1,23.53,2023-01-01T11:50:00
Sensor_Edge_40_1,42.20,2023-01-01T11:50:00
Sensor_Edge_41_1,26.60,2023-01-01T11:50:00
Sensor_Edge_45_1,25.19,2023-01-01T11:50:00
Sensor_Edge_46_1,40.92,2023-01-01T11:50:00
Sensor_Edge_48_1,24.99,2023-01-01T11:50:00
Sensor_Edge_50_1,27.05,2023-01-01T11:50:00
Sensor_Edge_63_1,23.00,2023-01-01T11:50:00
Sensor_Edge_64_1,23.30,2023-01-01T11:50:00
Sensor_Edge_65_1,35.69,2023-01-01T11:50:00
Sensor_Edge_66_1,20.30,2023-01-01T11:50:00
Sensor_Edge_67_1,25.86,2023-01-01T11:50:00
Sensor_Edge_68_1,25.23,2023-01-01T11:50:00
Sensor_Edge_69_1,24.11,2023-01-01T11:50:00
Sensor_Edge_70_1,23.91,2023-01-01T11:50:00
Sensor_Edge_71_1,23.97,2023-01-01T11:50:00
Sensor_Edge_72_1,26.39,2023-01-01T11:50:00
Sensor_Edge_73_1,22.24,2023-01-01T11:50:00
Sensor_Edge_74_1,24.79,2023-01-01T11:50:00
Sensor_Edge_75_1,22.77,2023-01-01T11:50:00
Sensor_Edge_76_1,23.10,2023-01-01T11:50:00
Sensor_Edge_80_1,24.60,2023-01-01T11:50:00
Sensor_Edge_2_1,20.60,2023-01-01T11:55:00
Sensor_Edge_4_1,22.59,2023-01-01T11:55:00
Sensor_Edge_5_1,23.42,2023-01-01T11:55:00
Sensor_Edge_7_1,29.43,2023-01-01T11:55:00
Sensor_Edge_8_1,22.86,2023-01-01T11:55:00
Sensor_Edge_10_1,22.67,2023-01-01T11:55:00
Sensor_Edge_11_1,26.63,2023-01-01T11:55:00
Sensor_Edge_13_1,26.08,2023-01-01T11:55:00
Sensor_Edge_15_1,22.06,2023-01-01T11:55:00
Sensor_Edge_21_1,17.44,2023-01-01T11:55:00
Sensor_Edge_25_1,20.70,2023-01-01T11:55:00
Sensor_Edge_26_1,38.61,2023-01-01T11:55:00
Sensor_Edge_27_1,21.27,2023-01-01T11:55:00
Sensor_Edge_28_1,23.04,2023-01-01T11:55:00
Sensor_Edge_31_1,21.15,2023-01-01T11:55:00
Sensor_Edge_35_1,28.12,2023-01-01T11:55:00
Sensor_Edge_36_1,24.74,2023-01-01T11:55:00
Sensor_Edge_38_1,25.55,2023-01-01T11:55:00
Sensor_Edge_39_1,23.45,2023-01-01T11:55:00
Sensor_Edge_40_1,42.10,2023-01-01T11:55:00
Sensor_Edge_41_1,26.43,2023-01-01T11:55:00
Sensor_Edge_45_1,25.31,2023-01-01T11:55:00
Sensor_Edge_46_1,44.44,2023-01-01T11:55:00
Sensor_Edge_48_1,25.02,2023-01-01T11:55:00
Sensor_Edge_50_1,27.23,2023-01-01T11:55:00
Sensor_Edge_63_1,22.72,2023-01-01T11:55:00
Sensor_Edge_64_1,23.09,2023-01-01T11:55:00
Sensor_Edge_65_1,35.63,2023-01-01T11:55:00
Sensor_Edge_66_1,20.09,2023-01-01T11:55:00
Sensor_Edge_67_1,25.80,2023-01-01T11:55:00
Sensor_Edge_68_1,25.38,2023-01-01T11:55:00
Sensor_Edge_69_1,23.94,2023-01-01T11:55:00
Sensor_Edge_70_1,23.86,2023-01-01T11:55:00
Sensor_Edge_71_1,24.19,2023-01-01T11:55:00
Sensor_Edge_72_1,26.45,2023-01-01T11:55:00
Sensor_Edge_73_1,22.28,2023-01-01T11:55:00
Sensor_Edge_74_1,24.66,2023-01-01T11:55:00
Sensor_Edge_75_1,22.90,2023-01-01T11:55:00
Sensor_Edge_76_1,23.29,2023-01-01T11:55:00
Sensor_Edge_80_1,24.64,2023-01-01T11:55:00
Sensor_Edge_2_1,20.37,2023-01-01T12:00:00
Sensor_Edge_4_1,22.43,2023-01-01T12:00:00
Sensor_Edge_5_1,23.54,2023-01-01T12:00:00
Sensor_Edge_7_1,29.67,2023-01-01T12:00:00
Sensor_Edge_8_1,22.94,2023-01-01T12:00:00
Sensor_Edge_10_1,22.79,2023-01-01T12:00:00
Sensor_Edge_11_1,26.71,2023-01-01T12:00:00
Sensor_Edge_13_1,26.02,2023-01-01T12:00:00
Sensor_Edge_15_1,22.25,2023-01-01T12:00:00
Sensor_Edge_21_1,17.45,2023-01-01T12:00:00
Sensor_Edge_25_1,20.92,2023-01-01T12:00:00
Sensor_Edge_26_1,38.84,2023-01-01T12:00:00
Sensor_Edge_27_1,21.04,2023-01-01T12:00:00
Sensor_Edge_28_1,22.94,2023-01-01T12:00:00
Sensor_Edge_31_1,20.98,2023-01-01T12:00:00
Sensor_Edge_35_1,27.96,2023-01-01T12:00:00
Sensor_Edge_36_1,24.98,2023-01-01T12:00:00
Sensor_Edge_38_1,25.75,2023-01-01T12:00:00
Sensor_Edge_39_1,23.42,2023-01-01T12:00:00
Sensor_Edge_40_1,42.09,2023-01-01T12:00:00
Sensor_Edge_41_1,26.36,2023-01-01T12:00:00
Sensor_Edge_45_1,25.29,2023-01-01T12:00:00
Sensor_Edge_46_1,40.70,2023-01-01T12:00:00
Sensor_Edge_48_1,25.18,2023-01-01T12:00:00
Sensor_Edge_50_1,27.10,2023-01-01T12:00:00
Sensor_Edge_63_1,22.73,2023-01-01T12:00:00
Sensor_Edge_64_1,23.27,2023-01-01T12:00:00
Sensor_Edge_65_1,35.69,2023-01-01T12:00:00
Sensor_Edge_66_1,20.03,2023-01-01T12:00:00
Sensor_Edge_67_1,26.03,2023-01-01T12:00:00
Sensor_Edge_68_1,25.58,2023-01-01T12:00:00
Sensor_Edge_69_1,23.97,2023-01-01T12:00:00
Sensor_Edge_70_1,23.66,2023-01-01T12:00:00
Sensor_Edge_71_1,24.36,2023-01-01T12:00:00
Sensor_Edge_72_1,26.77,2023-01-01T12:00:00
Sensor_Edge_73_1,22.39,2023-01-01T12:00:00
Sensor_Edge_74_1,24.55,2023-01-01T12:00:00
Sensor_Edge_75_1,23.00,2023-01-01T12:00:00
Sensor_Edge_76_1,23.02,2023-01-01T12:00:00
Sensor_Edge_80_1,24.32,2023-01-01T12:00:00
Sensor_Edge_2_1,20.32,2023-01-01T12:05:00
Sensor_Edge_4_1,22.37,2023-01-01T12:05:00
Sensor_Edge_5_1,23.48,2023-01-01T12:05:00
Sensor_Edge_7_1,29.64,2023-01-01T12:05:00
Sensor_Edge_8_1,22.87,2023-01-01T12:05:00
Sensor_Edge_10_1,22.84,2023-01-01T12:05:00
Sensor_Edge_11_1,26.93,2023-01-01T12:05:00
Sensor_Edge_13_1,26.01,2023-01-01T12:05:00
Sensor_Edge_15_1,22.13,2023-01-01T12:05:00
Sensor_Edge_21_1,17.49,2023-01-01T12:05:00
Sensor_Edge_25_1,21.13,2023-01-01T12:05:00
Sensor_Edge_26_1,38.84,2023-01-01T12:05:00
Sensor_Edge_27_1,20.95,2023-01-01T12:05:00
Sensor_Edge_28_1,22.80,2023-01-01T12:05:00
Sensor_Edge_31_1,20.81,2023-01-01T12:05:00
Sensor_Edge_35_1,27.94,2023-01-01T12:05:00
Sensor_Edge_36_1,24.96,2023-01-01T12:05:00
Sensor_Edge_38_1,25.98,2023-01-01T12:05:00
Sensor_Edge_39_1,23.38,2023-01-01T12:05:00
Sensor_Edge_40_1,42.23,2023-01-01T12:05:00
Sensor_Edge_41_1,26.15,2023-01-01T12:05:00
Sensor_Edge_45_1,25.19,2023-01-01T12:05:00
Sensor_Edge_46_1,38.07,2023-01-01T12:05:00
Sensor_Edge_48_1,25.32,2023-01-01T12:05:00
Sensor_Edge_50_1,27.26,2023-01-01T12:05:00
Sensor_Edge_63_1,22.86,2023-01-01T12:05:00
Sensor_Edge_64_1,23.38,2023-01-01T12:05:00
Sensor_Edge_65_1,35.64,2023-01-01T12:05:00
Sensor_Edge_66_1,20.10,2023-01-01T12:05:00
Sensor_Edge_67_1,25.86,2023-01-01T12:05:00
Sensor_Edge_68_1,25.76,2023-01-01T12:05:00
Sensor_Edge_69_1,24.06,2023-01-01T12:05:00
Sensor_Edge_70_1,23.58,2023-01-01T12:05:00
Sensor_Edge_71_1,24.49,2023-01-01T12:05:00
Sensor_Edge_72_1,26.83,2023-01-01T12:05:00
Sensor_Edge_73_1,22.47,2023-01-01T12:05:00
Sensor_Edge_74_1,24.71,2023-01-01T12:05:00
Sensor_Edge_75_1,22.81,2023-01-01T12:05:00
Sensor_Edge_76_1,22.86,2023-01-01T12:05:00
Sensor_Edge_80_1,24.00,2023-01-01T12:05:00
Sensor_Edge_2_1,20.57,2023-01-01T12:10:00
Sensor_Edge_4_1,22.16,2023-01-01T12:10:00
Sensor_Edge_5_1,23.26,2023-01-01T12:10:00
Sensor_Edge_7_1,29.40,2023-01-01T12:10:00
Sensor_Edge_8_1,23.00,2023-01-01T12:10:00
Sensor_Edge_10_1,22.76,2023-01-01T12:10:00
Sensor_Edge_11_1,27.16,2023-01-01T12:10:00
Sensor_Edge_13_1,25.90,2023-01-01T12:10:00
Sensor_Edge_15_1,21.94,2023-01-01T12:10:00
Sensor_Edge_21_1,17.37,2023-01-01T12:10:00
Sensor_Edge_25_1,21.01,2023-01-01T12:10:00
Sensor_Edge_26_1,39.02,2023-01-01T12:10:00
Sensor_Edge_27_1,20.82,2023-01-01T12:10:00
Sensor_Edge_28_1,22.69,2023-01-01T12:10:00
Sensor_Edge_31_1,20.91,2023-01-01T12:10:00
Sensor_Edge_35_1,28.02,2023-01-01T12:10:00
Sensor_Edge_36_1,25.04,2023-01-01T12:10:00
Sensor_Edge_38_1,26.14,2023-01-01T12:10:00
Sensor_Edge_39_1,23.41,2023-01-01T12:10:00
Sensor_Edge_40_1,42.08,2023-01-01T12:10:00
Sensor_Edge_41_1,26.10,2023-01-01T12:10:00
Sensor_Edge_45_1,24.99,2023-01-01T12:10:00
Sensor_Edge_46_1,35.94,2023-01-01T12:10:00
Sensor_Edge_48_1,25.30,2023-01-01T12:10:00
Sensor_Edge_50_1,27.40,2023-01-01T12:10:00
Sensor_Edge_63_1,22.74,2023-01-01T12:10:00
Sensor_Edge_64_1,23.62,2023-01-01T12:10:00
Sensor_Edge_65_1,35.39,2023-01-01T12:10:00
Sensor_Edge_66_1,20.22,2023-01-01T12:10:00
Sensor_Edge_67_1,25.64,2023-01-01T12:10:00
Sensor_Edge_68_1,25.55,2023-01-01T12:10:00
Sensor_Edge_69_1,24.05,2023-01-01T12:10:00
Sensor_Edge_70_1,23.53,2023-01-01T12:10:00
Sensor_Edge_71_1,24.41,2023-01-01T12:10:00
Sensor_Edge_72_1,27.22,2023-01-01T12:10:00
Sensor_Edge_73_1,22.68,2023-01-01T12:10:00
Sensor_Edge_74_1,24.45,2023-01-01T12:10:00
Sensor_Edge_75_1,22.55,2023-01-01T12:10:00
Sensor_Edge_76_1,22.89,2023-01-01T12:10:00
Sensor_Edge_80_1,24.12,2023-01-01T12:10:00
Sensor_Edge_2_1,20.66,2023-01-01T12:15:00
Sensor_Edge_4_1,21.95,2023-01-01T12:15:00
Sensor_Edge_5_1,23.25,2023-01-01T12:15:00
Sensor_Edge_7_1,29.33,2023-01-01T12:15:00
Sensor_Edge_8_1,22.88,2023-01-01T12:15:00
Sensor_Edge_10_1,22.76,2023-01-01T12:15:00
Sensor_Edge_11_1,27.29,2023-01-01T12:15:00
Sensor_Edge_13_1,26.04,2023-01-01T12:15:00
Sensor_Edge_15_1,21.74,2023-01-01T12:15:00
Sensor_Edge_21_1,17.37,2023-01-01T12:15:00
Sensor_Edge_25_1,21.10,2023-01-01T12:15:00
Sensor_Edge_26_1,38.79,2023-01-01T12:15:00
Sensor_Edge_27_1,20.65,2023-01-01T12:15:00
Sensor_Edge_28_1,22.87,2023-01-01T12:15:00
Sensor_Edge_31_1,21.11,2023-01-01T12:15:00
Sensor_Edge_35_1,28.08,2023-01-01T12:15:00
Sensor_Edge_36_1,25.09,2023-01-01T12:15:00
Sensor_Edge_38_1,26.10,2023-01-01T12:15:00
Sensor_Edge_39_1,23.25,2023-01-01T12:15:00
Sensor_Edge_40_1,41.89,2023-01-01T12:15:00
Sensor_Edge_41_1,26.15,2023-01-01T12:15:00
Sensor_Edge_45_1,24.82,2023-01-01T12:15:00
Sensor_Edge_46_1,33.94,2023-01-01T12:15:00
Sensor_Edge_48_1,25.42,2023-01-01T12:15:00
Sensor_Edge_50_1,27.42,2023-01-01T12:15:00
Sensor_Edge_63_1,22.59,2023-01-01T12:15:00
Sensor_Edge_64_1,23.55,2023-01-01T12:15:00
Sensor_Edge_65_1,35.40,2023-01-01T12:15:00
Sensor_Edge_66_1,20.09,2023-01-01T12:15:00
Sensor_Edge_67_1,25.87,2023-01-01T12:15:00
Sensor_Edge_68_1,25.59,2023-01-01T12:15:00
Sensor_Edge_69_1,24.20,2023-01-01T12:15:00
Sensor_Edge_70_1,23.67,2023-01-01T12:15:00
Sensor_Edge_71_1,24.28,2023-01-01T12:15:00
Sensor_Edge_72_1,27.26,2023-01-01T12:15:00
Sensor_Edge_73_1,22.74,2023-01-01T12:15:00
Sensor_Edge_74_1,24.24,2023-01-01T12:15:00
Sensor_Edge_75_1,22.43,2023-01-01T12:15:00
Sensor_Edge_76_1,23.00,2023-01-01T12:15:00
Sensor_Edge_80_1,23.98,2023-01-01T12:15:00
Sensor_Edge_2_1,20.49,2023-01-01T12:20:00
Sensor_Edge_4_1,21.96,2023-01-01T12:20:00
Sensor_Edge_5_1,23.25,2023-01-01T12:20:00
Sensor_Edge_7_1,29.43,2023-01-01T12:20:00
Sensor_Edge_8_1,23.02,2023-01-01T12:20:00
Sensor_Edge_10_1,22.62,2023-01-01T12:20:00
Sensor_Edge_11_1,27.15,2023-01-01T12:20:00
Sensor_Edge_13_1,25.78,2023-01-01T12:20:00
Sensor_Edge_15_1,21.67,2023-01-01T12:20:00
Sensor_Edge_21_1,17.41,2023-01-01T12:20:00
Sensor_Edge_25_1,21.11,2023-01-01T12:20:00
Sensor_Edge_26_1,38.96,2023-01-01T12:20:00
Sensor_Edge_27_1,20.74,2023-01-01T12:20:00
Sensor_Edge_28_1,22.71,2023-01-01T12:20:00
Sensor_Edge_31_1,21.10,2023-01-01T12:20:00
Sensor_Edge_35_1,27.90,2023-01-01T12:20:00
Sensor_Edge_36_1,24.93,2023-01-01T12:20:00
Sensor_Edge_38_1,25.89,2023-01-01T12:20:00
Sensor_Edge_39_1,23.17,2023-01-01T12:20:00
Sensor_Edge_40_1,42.06,2023-01-01T12:20:00
Sensor_Edge_41_1,26.37,2023-01-01T12:20:00
Sensor_Edge_45_1,24.59,2023-01-01T12:20:00
Sensor_Edge_46_1,32.53,2023-01-01T12:20:00
Sensor_Edge_48_1,25.21,2023-01-01T12:20:00
Sensor_Edge_50_1,27.27,2023-01-01T12:20:00
Sensor_Edge_63_1,22.39,2023-01-01T12:20:00
Sensor_Edge_64_1,23.61,2023-01-01T12:20:00
Sensor_Edge_65_1,35.16,2023-01-01T12:20:00
Sensor_Edge_66_1,19.96,2023-01-01T12:20:00
Sensor_Edge_67_1,25.61,2023-01-01T12:20:00
Sensor_Edge_68_1,25.70,2023-01-01T12:20:00
Sensor_Edge_69_1,24.21,2023-01-01T12:20:00
Sensor_Edge_70_1,23.82,2023-01-01T12:20:00
Sensor_Edge_71_1,24.24,2023-01-01T12:20:00
Sensor_Edge_72_1,27.34,2023-01-01T12:20:00
Sensor_Edge_73_1,22.72,2023-01-01T12:20:00
Sensor_Edge_74_1,24.31,2023-01-01T12:20:00
Sensor_Edge_75_1,22.30,2023-01-01T12:20:00
Sensor_Edge_76_1,22.95,2023-01-01T12:20:00
Sensor_Edge_80_1,23.79,2023-01-01T12:20:00
Sensor_Edge_2_1,20.72,2023-01-01T12:25:00
Sensor_Edge_4_1,21.78,2023-01-01T12:25:00
Sensor_Edge_5_1,23.18,2023-01-01T12:25:00
Sensor_Edge_7_1,29.64,2023-01-01T12:25:00
Sensor_Edge_8_1,23.14,2023-01-01T12:25:00
Sensor_Edge_10_1,22.85,2023-01-01T12:25:00
Sensor_Edge_11_1,27.03,2023-01-01T12:25:00
Sensor_Edge_13_1,25.68,2023-01-01T12:25:00
Sensor_Edge_15_1,21.78,2023-01-01T12:25:00
Sensor_Edge_21_1,17.36,2023-01-01T12:25:00
Sensor_Edge_25_1,21.33,2023-01-01T12:25:00
Sensor_Edge_26_1,38.80,2023-01-01T12:25:00
Sensor_Edge_27_1,21.02,2023-01-01T12:25:00
Sensor_Edge_28_1,22.89,2023-01-01T12:25:00
Sensor_Edge_31_1,20.89,2023-01-01T12:25:00
Sensor_Edge_35_1,27.75,2023-01-01T12:25:00
Sensor_Edge_36_1,25.07,2023-01-01T12:25:00
Sensor_Edge_38_1,25.64,2023-01-01T12:25:00
Sensor_Edge_39_1,23.07,2023-01-01T12:25:00
Sensor_Edge_40_1,42.27,2023-01-01T12:25:00
Sensor_Edge_41_1,26.27,2023-01-01T12:25:00
Sensor_Edge_45_1,24.70,2023-01-01T12:25:00
Sensor_Edge_46_1,31.44,2023-01-01T12:25:00
Sensor_Edge_48_1,31.11,2023-01-01T12:25:00
Sensor_Edge_50_1,27.17,2023-01-01T12:25:00
Sensor_Edge_63_1,22.55,2023-01-01T12:25:00
Sensor_Edge_64_1,23.70,2023-01-01T12:25:00
Sensor_Edge_65_1,35.20,2023-01-01T12:25:00
Sensor_Edge_66_1,20.23,2023-01-01T12:25:00
Sensor_Edge_67_1,25.65,2023-01-01T12:25:00
Sensor_Edge_68_1,25.76,2023-01-01T12:25:00
Sensor_Edge_69_1,24.00,2023-01-01T12:25:00
Sensor_Edge_70_1,23.78,2023-01-01T12:25:00
Sensor_Edge_71_1,24.42,2023-01-01T12:25:00
Sensor_Edge_72_1,27.39,2023-01-01T12:25:00
Sensor_Edge_73_1,22.86,2023-01-01T12:25:00
Sensor_Edge_74_1,24.09,2023-01-01T12:25:00
Sensor_Edge_75_1,22.26,2023-01-01T12:25:00
Sensor_Edge_76_1,23.02,2023-01-01T12:25:00
Sensor_Edge_80_1,23.68,2023-01-01T12:25:00
Sensor_Edge_2_1,20.57,2023-01-01T12:30:00
Sensor_Edge_4_1,22.00,2023-01-01T12:30:00
Sensor_Edge_5_1,23.06,2023-01-01T12:30:00
Sensor_Edge_7_1,29.71,2023-01-01T12:30:00
Sensor_Edge_8_1,23.42,2023-01-01T12:30:00
Sensor_Edge_10_1,22.88,2023-01-01T12:30:00
Sensor_Edge_11_1,26.76,2023-01-01T12:30:00
Sensor_Edge_13_1,25.73,2023-01-01T12:30:00
Sensor_Edge_15_1,22.01,2023-01-01T12:30:00
Sensor_Edge_21_1,17.58,2023-01-01T12:30:00
Sensor_Edge_25_1,21.29,2023-01-01T12:30:00
Sensor_Edge_26_1,38.96,2023-01-01T12:30:00
Sensor_Edge_27_1,20.92,2023-01-01T12:30:00
Sensor_Edge_28_1,22.99,2023-01-01T12:30:00
Sensor_Edge_31_1,20.83,2023-01-01T12:30:00
Sensor_Edge_35_1,27.91,2023-01-01T12:30:00
Sensor_Edge_36_1,25.19,2023-01-01T12:30:00
Sensor_Edge_38_1,25.71,2023-01-01T12:30:00
Sensor_Edge_39_1,23.37,2023-01-01T12:30:00
Sensor_Edge_40_1,42.38,2023-01-01T12:30:00
Sensor_Edge_41_1,26.51,2023-01-01T12:30:00
Sensor_Edge_45_1,24.60,2023-01-01T12:30:00
Sensor_Edge_46_1,30.64,2023-01-01T12:30:00
Sensor_Edge_48_1,37.01,2023-01-01T12:30:00
Sensor_Edge_50_1,27.36,2023-01-01T12:30:00
Sensor_Edge_63_1,22.74,2023-01-01T12:30:00
Sensor_Edge_64_1,23.84,2023-01-01T12:30:00
Sensor_Edge_65_1,35.37,2023-01-01T12:30:00
Sensor_Edge_66_1,20.17,2023-01-01T12:30:00
Sensor_Edge_67_1,25.38,2023-01-01T12:30:00
Sensor_Edge_68_1,25.58,2023-01-01T12:30:00
Sensor_Edge_69_1,23.80,2023-01-01T12:30:00
Sensor_Edge_70_1,23.69,2023-01-01T12:30:00
Sensor_Edge_71_1,24.38,2023-01-01T12:30:00
Sensor_Edge_72_1,27.34,2023-01-01T12:30:00
Sensor_Edge_73_1,22.79,2023-01-01T12:30:00
Sensor_Edge_74_1,23.96,2023-01-01T12:30:00
Sensor_Edge_75_1,22.03,2023-01-01T12:30:00
Sensor_Edge_76_1,22.81,2023-01-01T12:30:00
Sensor_Edge_80_1,23.59,2023-01-01T12:30:00
Sensor_Edge_2_1,20.54,2023-01-01T12:35:00
Sensor_Edge_4_1,22.14,2023-01-01T12:35:00
Sensor_Edge_5_1,23.05,2023-01-01T12:35:00
Sensor_Edge_7_1,29.63,2023-01-01T12:35:00
Sensor_Edge_8_1,23.41,2023-01-01T12:35:00
Sensor_Edge_10_1,22.83,2023-01-01T12:35:00
Sensor_Edge_11_1,26.57,2023-01-01T12:35:00
Sensor_Edge_13_1,25.71,2023-01-01T12:35:00
Sensor_Edge_15_1,22.13,2023-01-01T12:35:00
Sensor_Edge_21_1,17.73,2023-01-01T12:35:00
Sensor_Edge_25_1,21.21,2023-01-01T12:35:00
Sensor_Edge_26_1,38.92,2023-01-01T12:35:00
Sensor_Edge_27_1,20.84,2023-01-01T12:35:00
Sensor_Edge_28_1,23.25,2023-01-01T12:35:00
Sensor_Edge_31_1,20.75,2023-01-01T12:35:00
Sensor_Edge_35_1,27.85,2023-01-01T12:35:00
Sensor_Edge_36_1,25.22,2023-01-01T12:35:00
Sensor_Edge_38_1,25.67,2023-01-01T12:35:00
Sensor_Edge_39_1,23.51,2023-01-01T12:35:00
Sensor_Edge_40_1,42.20,2023-01-01T12:35:00
Sensor_Edge_41_1,26.71,2023-01-01T12:35:00
Sensor_Edge_45_1,24.82,2023-01-01T12:35:00
Sensor_Edge_46_1,29.81,2023-01-01T12:35:00
Sensor_Edge_48_1,42.91,2023-01-01T12:35:00
Sensor_Edge_50_1,27.30,2023-01-01T12:35:00
Sensor_Edge_63_1,22.78,2023-01-01T12:35:00
Sensor_Edge_64_1,23.78,2023-01-01T12:35:00
Sensor_Edge_65_1,35.28,2023-01-01T12:35:00
Sensor_Edge_66_1,20.13,2023-01-01T12:35:00
Sensor_Edge_67_1,25.07,2023-01-01T12:35:00
Sensor_Edge_68_1,25.70,2023-01-01T12:35:00
Sensor_Edge_69_1,23.90,2023-01-01T12:35:00
Sensor_Edge_70_1,23.88,2023-01-01T12:35:00
Sensor_Edge_71_1,24.16,2023-01-01T12:35:00
Sensor_Edge_72_1,27.34,2023-01-01T12:35:00
Sensor_Edge_73_1,23.01,2023-01-01T12:35:00
Sensor_Edge_74_1,23.81,2023-01-01T12:35:00
Sensor_Edge_75_1,22.06,2023-01-01T12:35:00
Sensor_Edge_76_1,22.73,2023-01-01T12:35:00
Sensor_Edge_80_1,23.34,2023-01-01T12:35:00
Sensor_Edge_2_1,20.77,2023-01-01T12:40:00
Sensor_Edge_4_1,22.02,2023-01-01T12:40:00
Sensor_Edge_5_1,23.10,2023-01-01T12:40:00
Sensor_Edge_7_1,29.82,2023-01-01T12:40:00
Sensor_Edge_8_1,23.52,2023-01-01T12:40:00
Sensor_Edge_10_1,22.92,2023-01-01T12:40:00
Sensor_Edge_11_1,26.65,2023-01-01T12:40:00
Sensor_Edge_13_1,25.71,2023-01-01T12:40:00
Sensor_Edge_15_1,22.00,2023-01-01T12:40:00
Sensor_Edge_21_1,17.53,2023-01-01T12:40:00
Sensor_Edge_25_1,21.01,2023-01-01T12:40:00
Sensor_Edge_26_1,39.00,2023-01-01T12:40:00
Sensor_Edge_27_1,20.99,2023-01-01T12:40:00
Sensor_Edge_28_1,23.20,2023-01-01T12:40:00
Sensor_Edge_31_1,20.99,2023-01-01T12:40:00
Sensor_Edge_35_1,28.07,2023-01-01T12:40:00
Sensor_Edge_36_1,25.39,2023-01-01T12:40:00
Sensor_Edge_38_1,25.59,2023-01-01T12:40:00
Sensor_Edge_39_1,23.52,2023-01-01T12:40:00
Sensor_Edge_40_1,42.06,2023-01-01T12:40:00
Sensor_Edge_41_1,26.57,2023-01-01T12:40:00
Sensor_Edge_45_1,24.83,2023-01-01T12:40:00
Sensor_Edge_46_1,29.21,2023-01-01T12:40:00
Sensor_Edge_48_1,39.59,2023-01-01T12:40:00
Sensor_Edge_50_1,27.12,2023-01-01T12:40:00
Sensor_Edge_63_1,22.73,2023-01-01T12:40:00
Sensor_Edge_64_1,23.53,2023-01-01T12:40:00
Sensor_Edge_65_1,35.34,2023-01-01T12:40:00
Sensor_Edge_66_1,20.37,2023-01-01T12:40:00
Sensor_Edge_67_1,25.01,2023-01-01T12:40:00
Sensor_Edge_68_1,25.43,2023-01-01T12:40:00
Sensor_Edge_69_1,23.99,2023-01-01T12:40:00
Sensor_Edge_70_1,24.04,2023-01-01T12:40:00
Sensor_Edge_71_1,24.29,2023-01-01T12:40:00
Sensor_Edge_72_1,27.57,2023-01-01T12:40:00
Sensor_Edge_73_1,22.87,2023-01-01T12:40:00
Sensor_Edge_74_1,23.79,2023-01-01T12:40:00
Sensor_Edge_75_1,22.11,2023-01-01T12:40:00
Sensor_Edge_76_1,22.74,2023-01-01T12:40:00
Sensor_Edge_80_1,23.51,2023-01-01T12:40:00
Sensor_Edge_2_1,20.98,2023-01-01T12:45:00
Sensor_Edge_4_1,21.99,2023-01-01T12:45:00
Sensor_Edge_5_1,23.04,2023-01-01T12:45:00
Sensor_Edge_7_1,29.78,2023-01-01T12:45:00
Sensor_Edge_8_1,23.65,2023-01-01T12:45:00
Sensor_Edge_10_1,23.10,2023-01-01T12:45:00
Sensor_Edge_11_1,26.84,2023-01-01T12:45:00
Sensor_Edge_13_1,25.78,2023-01-01T12:45:00
Sensor_Edge_15_1,22.08,2023-01-01T12:45:00
Sensor_Edge_21_1,17.47,2023-01-01T12:45:00
Sensor_Edge_25_1,20.74,2023-01-01T12:45:00
Sensor_Edge_26_1,38.82,2023-01-01T12:45:00
Sensor_Edge_27_1,21.10,2023-01-01T12:45:00
Sensor_Edge_28_1,23.33,2023-01-01T12:45:00
Sensor_Edge_31_1,20.76,2023-01-01T12:45:00
Sensor_Edge_35_1,27.81,2023-01-01T12:45:00
Sensor_Edge_36_1,25.57,2023-01-01T12:45:00
Sensor_Edge_38_1,25.83,2023-01-01T12:45:00
Sensor_Edge_39_1,23.38,2023-01-01T12:45:00
Sensor_Edge_40_1,41.81,2023-01-01T12:45:00
Sensor_Edge_41_1,26.40,2023-01-01T12:45:00
Sensor_Edge_45_1,24.81,2023-01-01T12:45:00
Sensor_Edge_46_1,28.53,2023-01-01T12:45:00
Sensor_Edge_48_1,36.78,2023-01-01T12:45:00
Sensor_Edge_50_1,27.38,2023-01-01T12:45:00
Sensor_Edge_63_1,22.83,2023-01-01T12:45:00
Sensor_Edge_64_1,23.60,2023-01-01T12:45:00
Sensor_Edge_65_1,35.35,2023-01-01T12:45:00
Sensor_Edge_66_1,20.38,2023-01-01T12:45:00
Sensor_Edge_67_1,24.51,2023-01-01T12:45:00
Sensor_Edge_68_1,25.36,2023-01-01T12:45:00
Sensor_Edge_69_1,24.08,2023-01-01T12:45:00
Sensor_Edge_70_1,24.28,2023-01-01T12:45:00
Sensor_Edge_71_1,24.17,2023-01-01T12:45:00
Sensor_Edge_72_1,27.74,2023-01-01T12:45:00
Sensor_Edge_73_1,22.82,2023-01-01T12:45:00
Sensor_Edge_74_1,23.74,2023-01-01T12:45:00
Sensor_Edge_75_1,22.05,2023-01-01T12:45:00
Sensor_Edge_76_1,22.62,2023-01-01T12:45:00
Sensor_Edge_80_1,23.38,2023-01-01T12:45:00
Sensor_Edge_2_1,20.74,2023-01-01T12:50:00
Sensor_Edge_4_1,21.98,2023-01-01T12:50:00
Sensor_Edge_5_1,22.98,2023-01-01T12:50:00
Sensor_Edge_7_1,29.79,2023-01-01T12:50:00
Sensor_Edge_8_1,23.84,2023-01-01T12:50:00
Sensor_Edge_10_1,23.30,2023-01-01T12:50:00
Sensor_Edge_11_1,26.57,2023-01-01T12:50:00
Sensor_Edge_13_1,25.82,2023-01-01T12:50:00
Sensor_Edge_15_1,22.12,2023-01-01T12:50:00
Sensor_Edge_21_1,17.44,2023-01-01T12:50:00
Sensor_Edge_25_1,20.56,2023-01-01T12:50:00
Sensor_Edge_26_1,38.57,2023-01-01T12:50:00
Sensor_Edge_27_1,21.12,2023-01-01T12:50:00
Sensor_Edge_28_1,23.57,2023-01-01T12:50:00
Sensor_Edge_31_1,21.00,2023-01-01T12:50:00
Sensor_Edge_35_1,28.03,2023-01-01T12:50:00
Sensor_Edge_36_1,25.47,2023-01-01T12:50:00
Sensor_Edge_38_1,25.93,2023-01-01T12:50:00
Sensor_Edge_39_1,23.42,2023-01-01T12:50:00
Sensor_Edge_40_1,41.65,2023-01-01T12:50:00
Sensor_Edge_41_1,26.40,2023-01-01T12:50:00
Sensor_Edge_45_1,24.78,2023-01-01T12:50:00
Sensor_Edge_46_1,28.25,2023-01-01T12:50:00
Sensor_Edge_48_1,34.31,2023-01-01T12:50:00
Sensor_Edge_50_1,27.46,2023-01-01T12:50:00
Sensor_Edge_63_1,22.68,2023-01-01T12:50:00
Sensor_Edge_64_1,23.44,2023-01-01T12:50:00
Sensor_Edge_65_1,35.58,2023-01-01T12:50:00
Sensor_Edge_66_1,20.17,2023-01-01T12:50:00
Sensor_Edge_67_1,24.18,2023-01-01T12:50:00
Sensor_Edge_68_1,25.47,2023-01-01T12:50:00
Sensor_Edge_69_1,24.00,2023-01-01T12:50:00
Sensor_Edge_70_1,24.34,2023-01-01T12:50:00
Sensor_Edge_71_1,23.99,2023-01-01T12:50:00
Sensor_Edge_72_1,27.96,2023-01-01T12:50:00
Sensor_Edge_73_1,22.65,2023-01-01T12:50:00
Sensor_Edge_74_1,23.80,2023-01-01T12:50:00
Sensor_Edge_75_1,22.29,2023-01-01T12:50:00
Sensor_Edge_76_1,22.68,2023-01-01T12:50:00
Sensor_Edge_80_1,23.14,2023-01-01T12:50:00
Sensor_Edge_2_1,20.50,2023-01-01T12:55:00
Sensor_Edge_4_1,21.93,2023-01-01T12:55:00
Sensor_Edge_5_1,22.77,2023-01-01T12:55:00
Sensor_Edge_7_1,29.78,2023-01-01T12:55:00
Sensor_Edge_8_1,23.80,2023-01-01T12:55:00
Sensor_Edge_10_1,23.45,2023-01-01T12:55:00
Sensor_Edge_11_1,26.61,2023-01-01T12:55:00
Sensor_Edge_13_1,25.63,2023-01-01T12:55:00
Sensor_Edge_15_1,22.08,2023-01-01T12:55:00
Sensor_Edge_21_1,17.27,2023-01-01T12:55:00
Sensor_Edge_25_1,20.77,2023-01-01T12:55:00
Sensor_Edge_26_1,38.70,2023-01-01T12:55:00
Sensor_Edge_27_1,21.34,2023-01-01T12:55:00
Sensor_Edge_28_1,23.79,2023-01-01T12:55:00
Sensor_Edge_31_1,20.86,2023-01-01T12:55:00
Sensor_Edge_35_1,28.02,2023-01-01T12:55:00
Sensor_Edge_36_1,25.32,2023-01-01T12:55:00
Sensor_Edge_38_1,25.84,2023-01-01T12:55:00
Sensor_Edge_39_1,23.31,2023-01-01T12:55:00
Sensor_Edge_40_1,41.87,2023-01-01T12:55:00
Sensor_Edge_41_1,26.49,2023-01-01T12:55:00
Sensor_Edge_45_1,24.70,2023-01-01T12:55:00
Sensor_Edge_46_1,28.09,2023-01-01T12:55:00
Sensor_Edge_48_1,32.41,2023-01-01T12:55:00
Sensor_Edge_50_1,27.70,2023-01-01T12:55:00
Sensor_Edge_63_1,22.71,2023-01-01T12:55:00
Sensor_Edge_64_1,23.35,2023-01-01T12:55:00
Sensor_Edge_65_1,35.55,2023-01-01T12:55:00
Sensor_Edge_66_1,20.02,2023-01-01T12:55:00
Sensor_Edge_67_1,23.80,2023-01-01T12:55:00
Sensor_Edge_68_1,25.63,2023-01-01T12:55:00
Sensor_Edge_69_1,24.17,2023-01-01T12:55:00
Sensor_Edge_70_1,24.11,2023-01-01T12:55:00
Sensor_Edge_71_1,24.10,2023-01-01T12:55:00
Sensor_Edge_72_1,28.11,2023-01-01T12:55:00
Sensor_Edge_73_1,22.72,2023-01-01T12:55:00
Sensor_Edge_74_1,23.78,2023-01-01T12:55:00
Sensor_Edge_75_1,22.50,2023-01-01T12:55:00
Sensor_Edge_76_1,22.81,2023-01-01T12:55:00
Sensor_Edge_80_1,23.31,2023-01-01T12:55:00
Sensor_Edge_2_1,20.63,2023-01-01T13:00:00
Sensor_Edge_4_1,21.83,2023-01-01T13:00:00
Sensor_Edge_5_1,22.72,2023-01-01T13:00:00
Sensor_Edge_7_1,29.66,2023-01-01T13:00:00
Sensor_Edge_8_1,23.70,2023-01-01T13:00:00
Sensor_Edge_10_1,23.44,2023-01-01T13:00:00
Sensor_Edge_11_1,26.68,2023-01-01T13:00:00
Sensor_Edge_13_1,25.45,2023-01-01T13:00:00
Sensor_Edge_15_1,22.22,2023-01-01T13:00:00
Sensor_Edge_21_1,17.09,2023-01-01T13:00:00
Sensor_Edge_25_1,20.59,2023-01-01T13:00:00
Sensor_Edge_26_1,38.53,2023-01-01T13:00:00
Sensor_Edge_27_1,21.51,2023-01-01T13:00:00
Sensor_Edge_28_1,23.60,2023-01-01T13:00:00
Sensor_Edge_31_1,20.66,2023-01-01T13:00:00
Sensor_Edge_35_1,27.92,2023-01-01T13:00:00
Sensor_Edge_36_1,25.53,2023-01-01T13:00:00
Sensor_Edge_38_1,26.04,2023-01-01T13:00:00
Sensor_Edge_39_1,23.52,2023-01-01T13:00:00
Sensor_Edge_40_1,42.10,2023-01-01T13:00:00
Sensor_Edge_41_1,26.36,2023-01-01T13:00:00
Sensor_Edge_45_1,24.91,2023-01-01T13:00:00
Sensor_Edge_46_1,27.99,2023-01-01T13:00:00
Sensor_Edge_48_1,31.19,2023-01-01T13:00:00
Sensor_Edge_50_1,27.45,2023-01-01T13:00:00
Sensor_Edge_63_1,22.88,2023-01-01T13:00:00
Sensor_Edge_64_1,23.18,2023-01-01T13:00:00
Sensor_Edge_65_1,35.50,2023-01-01T13:00:00
Sensor_Edge_66_1,20.00,2023-01-01T13:00:00
Sensor_Edge_67_1,23.45,2023-01-01T13:00:00
Sensor_Edge_68_1,25.77,2023-01-01T13:00:00
Sensor_Edge_69_1,24.15,2023-01-01T13:00:00
Sensor_Edge_70_1,24.15,2023-01-01T13:00:00
Sensor_Edge_71_1,23.93,2023-01-01T13:00:00
Sensor_Edge_72_1,28.47,2023-01-01T13:00:00
Sensor_Edge_73_1,22.60,2023-01-01T13:00:00
Sensor_Edge_74_1,23.84,2023-01-01T13:00:00
Sensor_Edge_75_1,22.56,2023-01-01T13:00:00
Sensor_Edge_76_1,22.99,2023-01-01T13:00:00
Sensor_Edge_80_1,23.14,2023-01-01T13:00:00
Sensor_Edge_2_1,20.55,2023-01-01T13:05:00
Sensor_Edge_4_1,22.02,2023-01-01T13:05:00
Sensor_Edge_5_1,22.79,2023-01-01T13:05:00
Sensor_Edge_7_1,29.77,2023-01-01T13:05:00
Sensor_Edge_8_1,23.74,2023-01-01T13:05:00
Sensor_Edge_10_1,23.39,2023-01-01T13:05:00
Sensor_Edge_11_1,26.89,2023-01-01T13:05:00
Sensor_Edge_13_1,25.46,2023-01-01T13:05:00
Sensor_Edge_15_1,22.04,2023-01-01T13:05:00
Sensor_Edge_21_1,17.06,2023-01-01T13:05:00
Sensor_Edge_25_1,20.83,2023-01-01T13:05:00
Sensor_Edge_26_1,38.35,2023-01-01T13:05:00
Sensor_Edge_27_1,21.50,2023-01-01T13:05:00
Sensor_Edge_28_1,23.63,2023-01-01T13:05:00
Sensor_Edge_31_1,20.62,2023-01-01T13:05:00
Sensor_Edge_35_1,27.96,2023-01-01T13:05:00
Sensor_Edge_36_1,25.43,2023-01-01T13:05:00
Sensor_Edge_38_1,25.99,2023-01-01T13:05:00
Sensor_Edge_39_1,23.67,2023-01-01T13:05:00
Sensor_Edge_40_1,42.25,2023-01-01T13:05:00
Sensor_Edge_41_1,26.46,2023-01-01T13:05:00
Sensor_Edge_45_1,24.84,2023-01-01T13:05:00
Sensor_Edge_46_1,27.54,2023-01-01T13:05:00
Sensor_Edge_48_1,30.00,2023-01-01T13:05:00
Sensor_Edge_50_1,27.22,2023-01-01T13:05:00
Sensor_Edge_63_1,22.62,2023-01-01T13:05:00
Sensor_Edge_64_1,23.31,2023-01-01T13:05:00
Sensor_Edge_65_1,35.41,2023-01-01T13:05:00
Sensor_Edge_66_1,19.82,2023-01-01T13:05:00
Sensor_Edge_67_1,23.12,2023-01-01T13:05:00
Sensor_Edge_68_1,25.88,2023-01-01T13:05:00
Sensor_Edge_69_1,24.18,2023-01-01T13:05:00
Sensor_Edge_70_1,24.14,2023-01-01T13:05:00
Sensor_Edge_71_1,23.89,2023-01-01T13:05:00
Sensor_Edge_72_1,27.88,2023-01-01T13:05:00
Sensor_Edge_73_1,22.43,2023-01-01T13:05:00
Sensor_Edge_74_1,23.92,2023-01-01T13:05:00
Sensor_Edge_75_1,22.48,2023-01-01T13:05:00
Sensor_Edge_76_1,22.94,2023-01-01T13:05:00
Sensor_Edge_80_1,23.14,2023-01-01T13:05:00
Sensor_Edge_2_1,20.51,2023-01-01T13:10:00
Sensor_Edge_4_1,21.93,2023-01-01T13:10:00
Sensor_Edge_5_1,22.62,2023-01-01T13:10:00
Sensor_Edge_7_1,29.55,2023-01-01T13:10:00
Sensor_Edge_8_1,23.51,2023-01-01T13:10:00
Sensor_Edge_10_1,23.32,2023-01-01T13:10:00
Sensor_Edge_11_1,26.75,2023-01-01T13:10:00
Sensor_Edge_13_1,25.30,2023-01-01T13:10:00
Sensor_Edge_15_1,21.95,2023-01-01T13:10:00
Sensor_Edge_21_1,17.35,2023-01-01T13:10:00
Sensor_Edge_25_1,20.57,2023-01-01T13:10:00
Sensor_Edge_26_1,38.12,2023-01-01T13:10:00
Sensor_Edge_27_1,21.39,2023-01-01T13:10:00
Sensor_Edge_28_1,23.45,2023-01-01T13:10:00
Sensor_Edge_31_1,20.64,2023-01-01T13:10:00
Sensor_Edge_35_1,27.84,2023-01-01T13:10:00
Sensor_Edge_36_1,25.40,2023-01-01T13:10:00
Sensor_Edge_38_1,26.04,2023-01-01T13:10:00
Sensor_Edge_39_1,23.50,2023-01-01T13:10:00
Sensor_Edge_40_1,42.23,2023-01-01T13:10:00
Sensor_Edge_41_1,26.58,2023-01-01T13:10:00
Sensor_Edge_45_1,25.04,2023-01-01T13:10:00
Sensor_Edge_46_1,27.39,2023-01-01T13:10:00
Sensor_Edge_48_1,29.05,2023-01-01T13:10:00
Sensor_Edge_50_1,27.09,2023-01-01T13:10:00
Sensor_Edge_63_1,22.73,2023-01-01T13:10:00
Sensor_Edge_64_1,23.48,2023-01-01T13:10:00
Sensor_Edge_65_1,35.65,2023-01-01T13:10:00
Sensor_Edge_66_1,19.65,2023-01-01T13:10:00
Sensor_Edge_67_1,23.10,2023-01-01T13:10:00
Sensor_Edge_68_1,26.05,2023-01-01T13:10:00
Sensor_Edge_69_1,24.01,2023-01-01T13:10:00
Sensor_Edge_70_1,23.96,2023-01-01T13:10:00
Sensor_Edge_71_1,23.80,2023-01-01T13:10:00
Sensor_Edge_72_1,27.85,2023-01-01T13:10:00
Sensor_Edge_73_1,22.40,2023-01-01T13:10:00
Sensor_Edge_74_1,23.96,2023-01-01T13:10:00
Sensor_Edge_75_1,22.55,2023-01-01T13:10:00
Sensor_Edge_76_1,22.90,2023-01-01T13:10:00
Sensor_Edge_80_1,26.24,2023-01-01T13:10:00
Sensor_Edge_2_1,20.73,2023-01-01T13:15:00
Sensor_Edge_4_1,22.19,2023-01-01T13:15:00
Sensor_Edge_5_1,22.61,2023-01-01T13:15:00
Sensor_Edge_7_1,29.73,2023-01-01T13:15:00
Sensor_Edge_8_1,23.48,2023-01-01T13:15:00
Sensor_Edge_10_1,23.48,2023-01-01T13:15:00
Sensor_Edge_11_1,26.85,2023-01-01T13:15:00
Sensor_Edge_13_1,25.26,2023-01-01T13:15:00
Sensor_Edge_15_1,22.17,2023-01-01T13:15:00
Sensor_Edge_21_1,17.63,2023-01-01T13:15:00
Sensor_Edge_25_1,20.80,2023-01-01T13:15:00
Sensor_Edge_26_1,37.97,2023-01-01T13:15:00
Sensor_Edge_27_1,21.63,2023-01-01T13:15:00
Sensor_Edge_28_1,23.43,2023-01-01T13:15:00
Sensor_Edge_31_1,20.76,2023-01-01T13:15:00
Sensor_Edge_35_1,27.76,2023-01-01T13:15:00
Sensor_Edge_36_1,25.28,2023-01-01T13:15:00
Sensor_Edge_38_1,26.11,2023-01-01T13:15:00
Sensor_Edge_39_1,23.80,2023-01-01T13:15:00
Sensor_Edge_40_1,42.20,2023-01-01T13:15:00
Sensor_Edge_41_1,26.66,2023-01-01T13:15:00
Sensor_Edge_45_1,25.03,2023-01-01T13:15:00
Sensor_Edge_46_1,27.59,2023-01-01T13:15:00
Sensor_Edge_48_1,28.03,2023-01-01T13:15:00
Sensor_Edge_50_1,27.17,2023-01-01T13:15:00
Sensor_Edge_63_1,22.52,2023-01-01T13:15:00
Sensor_Edge_64_1,23.40,2023-01-01T13:15:00
Sensor_Edge_65_1,35.48,2023-01-01T13:15:00
Sensor_Edge_66_1,19.77,2023-01-01T13:15:00
Sensor_Edge_67_1,22.79,2023-01-01T13:15:00
Sensor_Edge_68_1,26.18,2023-01-01T13:15:00
Sensor_Edge_69_1,23.76,2023-01-01T13:15:00
Sensor_Edge_70_1,24.10,2023-01-01T13:15:00
Sensor_Edge_71_1,23.56,2023-01-01T13:15:00
Sensor_Edge_72_1,27.79,2023-01-01T13:15:00
Sensor_Edge_73_1,22.21,2023-01-01T13:15:00
Sensor_Edge_74_1,23.94,2023-01-01T13:15:00
Sensor_Edge_75_1,22.74,2023-01-01T13:15:00
Sensor_Edge_76_1,22.99,2023-01-01T13:15:00
Sensor_Edge_80_1,29.33,2023-01-01T13:15:00
Sensor_Edge_2_1,20.56,2023-01-01T13:20:00
Sensor_Edge_4_1,22.05,2023-01-01T13:20:00
Sensor_Edge_5_1,22.68,2023-01-01T13:20:00
Sensor_Edge_7_1,29.48,2023-01-01T13:20:00
Sensor_Edge_8_1,23.66,2023-01-01T13:20:00
Sensor_Edge_10_1,23.33,2023-01-01T13:20:00
Sensor_Edge_11_1,27.05,2023-01-01T13:20:00
Sensor_Edge_13_1,25.24,2023-01-01T13:20:00
Sensor_Edge_15_1,22.36,2023-01-01T13:20:00
Sensor_Edge_21_1,17.78,2023-01-01T13:20:00
Sensor_Edge_25_1,20.91,2023-01-01T13:20:00
Sensor_Edge_26_1,37.80,2023-01-01T13:20:00
Sensor_Edge_27_1,21.65,2023-01-01T13:20:00
Sensor_Edge_28_1,23.68,2023-01-01T13:20:00
Sensor_Edge_31_1,21.01,2023-01-01T13:20:00
Sensor_Edge_35_1,27.66,2023-01-01T13:20:00
Sensor_Edge_36_1,25.42,2023-01-01T13:20:00
Sensor_Edge_38_1,25.92,2023-01-01T13:20:00
Sensor_Edge_39_1,23.83,2023-01-01T13:20:00
Sensor_Edge_40_1,42.09,2023-01-01T13:20:00
Sensor_Edge_41_1,26.51,2023-01-01T13:20:00
Sensor_Edge_45_1,25.16,2023-01-01T13:20:00
Sensor_Edge_46_1,27.74,2023-01-01T13:20:00
Sensor_Edge_48_1,27.35,2023-01-01T13:20:00
Sensor_Edge_50_1,27.27,2023-01-01T13:20:00
Sensor_Edge_63_1,22.49,2023-01-01T13:20:00
Sensor_Edge_64_1,23.26,2023-01-01T13:20:00
Sensor_Edge_65_1,35.58,2023-01-01T13:20:00
Sensor_Edge_66_1,19.92,2023-01-01T13:20:00
Sensor_Edge_67_1,22.53,2023-01-01T13:20:00
Sensor_Edge_68_1,26.07,2023-01-01T13:20:00
Sensor_Edge_69_1,23.78,2023-01-01T13:20:00
Sensor_Edge_70_1,24.01,2023-01-01T13:20:00
Sensor_Edge_71_1,23.79,2023-01-01T13:20:00
Sensor_Edge_72_1,27.54,2023-01-01T13:20:00
Sensor_Edge_73_1,22.40,2023-01-01T13:20:00
Sensor_Edge_74_1,23.75,2023-01-01T13:20:00
Sensor_Edge_75_1,22.94,2023-01-01T13:20:00
Sensor_Edge_76_1,23.03,2023-01-01T13:20:00
Sensor_Edge_80_1,32.42,2023-01-01T13:20:00
Sensor_Edge_2_1,20.64,2023-01-01T13:25:00
Sensor_Edge_4_1,22.30,2023-01-01T13:25:00
Sensor_Edge_5_1,22.56,2023-01-01T13:25:00
Sensor_Edge_7_1,29.45,2023-01-01T13:25:00
Sensor_Edge_8_1,23.67,2023-01-01T13:25:00
Sensor_Edge_10_1,23.04,2023-01-01T13:25:00
Sensor_Edge_11_1,26.89,2023-01-01T13:25:00
Sensor_Edge_13_1,25.33,2023-01-01T13:25:00
Sensor_Edge_15_1,22.17,2023-01-01T13:25:00
Sensor_Edge_21_1,17.84,2023-01-01T13:25:00
Sensor_Edge_25_1,21.13,2023-01-01T13:25:00
Sensor_Edge_26_1,37.91,2023-01-01T13:25:00
Sensor_Edge_27_1,21.52,2023-01-01T13:25:00
Sensor_Edge_28_1,23.64,2023-01-01T13:25:00
Sensor_Edge_31_1,20.87,2023-01-01T13:25:00
Sensor_Edge_35_1,27.45,2023-01-01T13:25:00
Sensor_Edge_36_1,25.58,2023-01-01T13:25:00
Sensor_Edge_38_1,26.05,2023-01-01T13:25:00
Sensor_Edge_39_1,23.89,2023-01-01T13:25:00
Sensor_Edge_40_1,42.30,2023-01-01T13:25:00
Sensor_Edge_41_1,26.35,2023-01-01T13:25:00
Sensor_Edge_45_1,25.23,2023-01-01T13:25:00
Sensor_Edge_46_1,27.62,2023-01-01T13:25:00
Sensor_Edge_48_1,27.08,2023-01-01T13:25:00
Sensor_Edge_50_1,27.29,2023-01-01T13:25:00
Sensor_Edge_63_1,22.64,2023-01-01T13:25:00
Sensor_Edge_64_1,23.29,2023-01-01T13:25:00
Sensor_Edge_65_1,35.38,2023-01-01T13:25:00
Sensor_Edge_66_1,19.76,2023-01-01T13:25:00
Sensor_Edge_67_1,22.48,2023-01-01T13:25:00
Sensor_Edge_68_1,25.80,2023-01-01T13:25:00
Sensor_Edge_69_1,24.00,2023-01-01T13:25:00
Sensor_Edge_70_1,24.22,2023-01-01T13:25:00
Sensor_Edge_71_1,23.60,2023-01-01T13:25:00
Sensor_Edge_72_1,27.33,2023-01-01T13:25:00
Sensor_Edge_73_1,22.46,2023-01-01T13:25:00
Sensor_Edge_74_1,23.50,2023-01-01T13:25:00
Sensor_Edge_75_1,22.88,2023-01-01T13:25:00
Sensor_Edge_76_1,23.16,2023-01-01T13:25:00
Sensor_Edge_80_1,35.52,2023-01-01T13:25:00
Sensor_Edge_2_1,20.69,2023-01-01T13:30:00
Sensor_Edge_4_1,22.36,2023-01-01T13:30:00
Sensor_Edge_5_1,22.39,2023-01-01T13:30:00
Sensor_Edge_7_1,29.30,2023-01-01T13:30:00
Sensor_Edge_8_1,23.47,2023-01-01T13:30:00
Sensor_Edge_10_1,23.10,2023-01-01T13:30:00
Sensor_Edge_11_1,26.75,2023-01-01T13:30:00
Sensor_Edge_13_1,25.12,2023-01-01T13:30:00
Sensor_Edge_15_1,22.20,2023-01-01T13:30:00
Sensor_Edge_21_1,17.74,2023-01-01T13:30:00
Sensor_Edge_25_1,21.05,2023-01-01T13:30:00
Sensor_Edge_26_1,37.93,2023-01-01T13:30:00
Sensor_Edge_27_1,21.71,2023-01-01T13:30:00
Sensor_Edge_28_1,23.55,2023-01-01T13:30:00
Sensor_Edge_31_1,20.84,2023-01-01T13:30:00
Sensor_Edge_35_1,27.56,2023-01-01T13:30:00
Sensor_Edge_36_1,25.51,2023-01-01T13:30:00
Sensor_Edge_38_1,26.26,2023-01-01T13:30:00
Sensor_Edge_39_1,23.95,2023-01-01T13:30:00
Sensor_Edge_40_1,42.37,2023-01-01T13:30:00
Sensor_Edge_41_1,26.39,2023-01-01T13:30:00
Sensor_Edge_45_1,25.22,2023-01-01T13:30:00
Sensor_Edge_46_1,27.44,2023-01-01T13:30:00
Sensor_Edge_48_1,26.82,2023-01-01T13:30:00
Sensor_Edge_50_1,27.35,2023-01-01T13:30:00
Sensor_Edge_63_1,22.75,2023-01-01T13:30:00
Sensor_Edge_64_1,23.44,2023-01-01T13:30:00
Sensor_Edge_65_1,35.41,2023-01-01T13:30:00
Sensor_Edge_66_1,19.90,2023-01-01T13:30:00
Sensor_Edge_67_1,22.58,2023-01-01T13:30:00
Sensor_Edge_68_1,25.71,2023-01-01T13:30:00
Sensor_Edge_69_1,24.10,2023-01-01T13:30:00
Sensor_Edge_70_1,24.08,2023-01-01T13:30:00
Sensor_Edge_71_1,27.10,2023-01-01T13:30:00
Sensor_Edge_72_1,27.07,2023-01-01T13:30:00
Sensor_Edge_73_1,22.62,2023-01-01T13:30:00
Sensor_Edge_74_1,23.54,2023-01-01T13:30:00
Sensor_Edge_75_1,22.71,2023-01-01T13:30:00
Sensor_Edge_76_1,23.11,2023-01-01T13:30:00
Sensor_Edge_80_1,33.17,2023-01-01T13:30:00
Sensor_Edge_2_1,20.60,2023-01-01T13:35:00
Sensor_Edge_4_1,22.25,2023-01-01T13:35:00
Sensor_Edge_5_1,22.66,2023-01-01T13:35:00
Sensor_Edge_7_1,29.55,2023-01-01T13:35:00
Sensor_Edge_8_1,23.46,2023-01-01T13:35:00
Sensor_Edge_10_1,22.86,2023-01-01T13:35:00
Sensor_Edge_11_1,26.49,2023-01-01T13:35:00
Sensor_Edge_13_1,25.07,2023-01-01T13:35:00
Sensor_Edge_15_1,22.04,2023-01-01T13:35:00
Sensor_Edge_21_1,17.97,2023-01-01T13:35:00
Sensor_Edge_25_1,21.17,2023-01-01T13:35:00
Sensor_Edge_26_1,38.00,2023-01-01T13:35:00
Sensor_Edge_27_1,21.54,2023-01-01T13:35:00
Sensor_Edge_28_1,23.50,2023-01-01T13:35:00
Sensor_Edge_31_1,20.69,2023-01-01T13:35:00
Sensor_Edge_35_1,27.68,2023-01-01T13:35:00
Sensor_Edge_36_1,25.49,2023-01-01T13:35:00
Sensor_Edge_38_1,26.05,2023-01-01T13:35:00
Sensor_Edge_39_1,24.11,2023-01-01T13:35:00
Sensor_Edge_40_1,42.45,2023-01-01T13:35:00
Sensor_Edge_41_1,26.40,2023-01-01T13:35:00
Sensor_Edge_45_1,25.18,2023-01-01T13:35:00
Sensor_Edge_46_1,27.62,2023-01-01T13:35:00
Sensor_Edge_48_1,26.61,2023-01-01T13:35:00
Sensor_Edge_50_1,27.42,2023-01-01T13:35:00
Sensor_Edge_63_1,22.73,2023-01-01T13:35:00
Sensor_Edge_64_1,23.62,2023-01-01T13:35:00
Sensor_Edge_65_1,35.67,2023-01-01T13:35:00
Sensor_Edge_66_1,19.73,2023-01-01T13:35:00
Sensor_Edge_67_1,22.51,2023-01-01T13:35:00
Sensor_Edge_68_1,25.73,2023-01-01T13:35:00
Sensor_Edge_69_1,23.95,2023-01-01T13:35:00
Sensor_Edge_70_1,23.97,2023-01-01T13:35:00
Sensor_Edge_71_1,30.60,2023-01-01T13:35:00
Sensor_Edge_72_1,27.01,2023-01-01T13:35:00
Sensor_Edge_73_1,22.71,2023-01-01T13:35:00
Sensor_Edge_74_1,23.31,2023-01-01T13:35:00
Sensor_Edge_75_1,22.82,2023-01-01T13:35:00
Sensor_Edge_76_1,23.34,2023-01-01T13:35:00
Sensor_Edge_80_1,31.01,2023-01-01T13:35:00
Sensor_Edge_2_1,20.67,2023-01-01T13:40:00
Sensor_Edge_4_1,22.16,2023-01-01T13:40:00
Sensor_Edge_5_1,26.17,2023-01-01T13:40:00
Sensor_Edge_7_1,29.46,2023-01-01T13:40:00
Sensor_Edge_8_1,23.60,2023-01-01T13:40:00
Sensor_Edge_10_1,22.97,2023-01-01T13:40:00
Sensor_Edge_11_1,26.60,2023-01-01T13:40:00
Sensor_Edge_13_1,24.98,2023-01-01T13:40:00
Sensor_Edge_15_1,22.33,2023-01-01T13:40:00
Sensor_Edge_21_1,18.02,2023-01-01T13:40:00
Sensor_Edge_25_1,20.97,2023-01-01T13:40:00
Sensor_Edge_26_1,37.83,2023-01-01T13:40:00
Sensor_Edge_27_1,21.56,2023-01-01T13:40:00
Sensor_Edge_28_1,23.37,2023-01-01T13:40:00
Sensor_Edge_31_1,20.78,2023-01-01T13:40:00
Sensor_Edge_35_1,27.78,2023-01-01T13:40:00
Sensor_Edge_36_1,25.37,2023-01-01T13:40:00
Sensor_Edge_38_1,25.88,2023-01-01T13:40:00
Sensor_Edge_39_1,24.09,2023-01-01T13:40:00
Sensor_Edge_40_1,42.24,2023-01-01T13:40:00
Sensor_Edge_41_1,26.43,2023-01-01T13:40:00
Sensor_Edge_45_1,25.04,2023-01-01T13:40:00
Sensor_Edge_46_1,27.51,2023-01-01T13:40:00
Sensor_Edge_48_1,26.65,2023-01-01T13:40:00
Sensor_Edge_50_1,27.39,2023-01-01T13:40:00
Sensor_Edge_63_1,22.62,2023-01-01T13:40:00
Sensor_Edge_64_1,23.73,2023-01-01T13:40:00
Sensor_Edge_65_1,35.60,2023-01-01T13:40:00
Sensor_Edge_66_1,19.96,2023-01-01T13:40:00
Sensor_Edge_67_1,22.19,2023-01-01T13:40:00
Sensor_Edge_68_1,25.66,2023-01-01T13:40:00
Sensor_Edge_69_1,24.19,2023-01-01T13:40:00
Sensor_Edge_70_1,23.99,2023-01-01T13:40:00
Sensor_Edge_71_1,34.09,2023-01-01T13:40:00
Sensor_Edge_72_1,26.96,2023-01-01T13:40:00
Sensor_Edge_73_1,22.77,2023-01-01T13:40:00
Sensor_Edge_74_1,23.41,2023-01-01T13:40:00
Sensor_Edge_75_1,22.69,2023-01-01T13:40:00
Sensor_Edge_76_1,23.17,2023-01-01T13:40:00
Sensor_Edge_80_1,29.40,2023-01-01T13:40:00
Sensor_Edge_2_1,20.54,2023-01-01T13:45:00
Sensor_Edge_4_1,22.33,2023-01-01T13:45:00
Sensor_Edge_5_1,29.67,2023-01-01T13:45:00
Sensor_Edge_7_1,29.69,2023-01-01T13:45:00
Sensor_Edge_8_1,23.76,2023-01-01T13:45:00
Sensor_Edge_10_1,23.19,2023-01-01T13:45:00
Sensor_Edge_11_1,26.55,2023-01-01T13:45:00
Sensor_Edge_13_1,25.05,2023-01-01T13:45:00
Sensor_Edge_15_1,22.42,2023-01-01T13:45:00
Sensor_Edge_21_1,18.02,2023-01-01T13:45:00
Sensor_Edge_25_1,21.01,2023-01-01T13:45:00
Sensor_Edge_26_1,38.00,2023-01-01T13:45:00
Sensor_Edge_27_1,21.80,2023-01-01T13:45:00
Sensor_Edge_28_1,23.50,2023-01-01T13:45:00
Sensor_Edge_31_1,20.60,2023-01-01T13:45:00
Sensor_Edge_35_1,27.89,2023-01-01T13:45:00
Sensor_Edge_36_1,25.35,2023-01-01T13:45:00
Sensor_Edge_38_1,26.12,2023-01-01T13:45:00
Sensor_Edge_39_1,23.93,2023-01-01T13:45:00
Sensor_Edge_40_1,42.01,2023-01-01T13:45:00
Sensor_Edge_41_1,26.59,2023-01-01T13:45:00
Sensor_Edge_45_1,25.06,2023-01-01T13:45:00
Sensor_Edge_46_1,27.67,2023-01-01T13:45:00
Sensor_Edge_48_1,26.72,2023-01-01T13:45:00
Sensor_Edge_50_1,27.18,2023-01-01T13:45:00
Sensor_Edge_63_1,22.40,2023-01-01T13:45:00
Sensor_Edge_64_1,23.73,2023-01-01T13:45:00
Sensor_Edge_65_1,35.37,2023-01-01T13:45:00
Sensor_Edge_66_1,20.15,2023-01-01T13:45:00
Sensor_Edge_67_1,22.15,2023-01-01T13:45:00
Sensor_Edge_68_1,25.63,2023-01-01T13:45:00
Sensor_Edge_69_1,24.04,2023-01-01T13:45:00
Sensor_Edge_70_1,23.80,2023-01-01T13:45:00
Sensor_Edge_71_1,37.59,2023-01-01T13:45:00
Sensor_Edge_72_1,26.63,2023-01-01T13:45:00
Sensor_Edge_73_1,22.56,2023-01-01T13:45:00
Sensor_Edge_74_1,23.46,2023-01-01T13:45:00
Sensor_Edge_75_1,22.46,2023-01-01T13:45:00
Sensor_Edge_76_1,23.18,2023-01-01T13:45:00
Sensor_Edge_80_1,28.30,2023-01-01T13:45:00
Sensor_Edge_2_1,20.37,2023-01-01T13:50:00
Sensor_Edge_4_1,22.23,2023-01-01T13:50:00
Sensor_Edge_5_1,33.17,2023-01-01T13:50:00
Sensor_Edge_7_1,29.94,2023-01-01T13:50:00
Sensor_Edge_8_1,23.66,2023-01-01T13:50:00
Sensor_Edge_10_1,23.17,2023-01-01T13:50:00
Sensor_Edge_11_1,26.36,2023-01-01T13:50:00
Sensor_Edge_13_1,25.27,2023-01-01T13:50:00
Sensor_Edge_15_1,22.25,2023-01-01T13:50:00
Sensor_Edge_21_1,17.80,2023-01-01T13:50:00
Sensor_Edge_25_1,21.09,2023-01-01T13:50:00
Sensor_Edge_26_1,38.23,2023-01-01T13:50:00
Sensor_Edge_27_1,22.04,2023-01-01T13:50:00
Sensor_Edge_28_1,23.49,2023-01-01T13:50:00
Sensor_Edge_31_1,20.70,2023-01-01T13:50:00
Sensor_Edge_35_1,27.76,2023-01-01T13:50:00
Sensor_Edge_36_1,25.12,2023-01-01T13:50:00
Sensor_Edge_38_1,25.95,2023-01-01T13:50:00
Sensor_Edge_39_1,24.00,2023-01-01T13:50:00
Sensor_Edge_40_1,42.23,2023-01-01T13:50:00
Sensor_Edge_41_1,26.53,2023-01-01T13:50:00
Sensor_Edge_45_1,25.12,2023-01-01T13:50:00
Sensor_Edge_46_1,27.82,2023-01-01T13:50:00
Sensor_Edge_48_1,26.66,2023-01-01T13:50:00
Sensor_Edge_50_1,27.01,2023-01-01T13:50:00
Sensor_Edge_63_1,22.26,2023-01-01T13:50:00
Sensor_Edge_64_1,23.69,2023-01-01T13:50:00
Sensor_Edge_65_1,35.40,2023-01-01T13:50:00
Sensor_Edge_66_1,20.39,2023-01-01T13:50:00
Sensor_Edge_67_1,22.03,2023-01-01T13:50:00
Sensor_Edge_68_1,25.78,2023-01-01T13:50:00
Sensor_Edge_69_1,23.91,2023-01-01T13:50:00
Sensor_Edge_70_1,23.97,2023-01-01T13:50:00
Sensor_Edge_71_1,34.96,2023-01-01T13:50:00
Sensor_Edge_72_1,26.31,2023-01-01T13:50:00
Sensor_Edge_73_1,22.74,2023-01-01T13:50:00
Sensor_Edge_74_1,23.23,2023-01-01T13:50:00
Sensor_Edge_75_1,22.71,2023-01-01T13:50:00
Sensor_Edge_76_1,23.10,2023-01-01T13:50:00
Sensor_Edge_80_1,27.05,2023-01-01T13:50:00
Sensor_Edge_2_1,20.49,2023-01-01T13:55:00
Sensor_Edge_4_1,22.09,2023-01-01T13:55:00
Sensor_Edge_5_1,36.68,2023-01-01T13:55:00
Sensor_Edge_7_1,29.93,2023-01-01T13:55:00
Sensor_Edge_8_1,23.82,2023-01-01T13:55:00
Sensor_Edge_10_1,23.20,2023-01-01T13:55:00
Sensor_Edge_11_1,26.25,2023-01-01T13:55:00
Sensor_Edge_13_1,25.15,2023-01-01T13:55:00
Sensor_Edge_15_1,22.22,2023-01-01T13:55:00
Sensor_Edge_21_1,17.85,2023-01-01T13:55:00
Sensor_Edge_25_1,21.04,2023-01-01T13:55:00
Sensor_Edge_26_1,38.10,2023-01-01T13:55:00
Sensor_Edge_27_1,21.81,2023-01-01T13:55:00
Sensor_Edge_28_1,23.68,2023-01-01T13:55:00
Sensor_Edge_31_1,20.69,2023-01-01T13:55:00
Sensor_Edge_35_1,27.80,2023-01-01T13:55:00
Sensor_Edge_36_1,25.11,2023-01-01T13:55:00
Sensor_Edge_38_1,25.76,2023-01-01T13:55:00
Sensor_Edge_39_1,23.91,2023-01-01T13:55:00
Sensor_Edge_40_1,42.08,2023-01-01T13:55:00
Sensor_Edge_41_1,26.52,2023-01-01T13:55:00
Sensor_Edge_45_1,24.91,2023-01-01T13:55:00
Sensor_Edge_46_1,27.74,2023-01-01T13:55:00
Sensor_Edge_48_1,26.46,2023-01-01T13:55:00
Sensor_Edge_50_1,26.96,2023-01-01T13:55:00
Sensor_Edge_63_1,22.13,2023-01-01T13:55:00
Sensor_Edge_64_1,23.75,2023-01-01T13:55:00
Sensor_Edge_65_1,35.32,2023-01-01T13:55:00
Sensor_Edge_66_1,20.59,2023-01-01T13:55:00
Sensor_Edge_67_1,21.82,2023-01-01T13:55:00
Sensor_Edge_68_1,25.53,2023-01-01T13:55:00
Sensor_Edge_69_1,24.09,2023-01-01T13:55:00
Sensor_Edge_70_1,23.87,2023-01-01T13:55:00
Sensor_Edge_71_1,32.78,2023-01-01T13:55:00
Sensor_Edge_72_1,26.33,2023-01-01T13:55:00
Sensor_Edge_73_1,22.87,2023-01-01T13:55:00
Sensor_Edge_74_1,23.30,2023-01-01T13:55:00
Sensor_Edge_75_1,22.77,2023-01-01T13:55:00
Sensor_Edge_76_1,23.07,2023-01-01T13:55:00
Sensor_Edge_80_1,26.40,2023-01-01T13:55:00
Sensor_Edge_2_1,20.28,2023-01-01T14:00:00
Sensor_Edge_4_1,22.21,2023-01-01T14:00:00
Sensor_Edge_5_1,40.18,2023-01-01T14:00:00
Sensor_Edge_7_1,29.73,2023-01-01T14:00:00
Sensor_Edge_8_1,23.69,2023-01-01T14:00:00
Sensor_Edge_10_1,23.34,2023-01-01T14:00:00
Sensor_Edge_11_1,26.22,2023-01-01T14:00:00
Sensor_Edge_13_1,25.07,2023-01-01T14:00:00
Sensor_Edge_15_1,22.24,2023-01-01T14:00:00
Sensor_Edge_21_1,18.02,2023-01-01T14:00:00
Sensor_Edge_25_1,21.04,2023-01-01T14:00:00
Sensor_Edge_26_1,38.28,2023-01-01T14:00:00
Sensor_Edge_27_1,21.93,2023-01-01T14:00:00
Sensor_Edge_28_1,23.59,2023-01-01T14:00:00
Sensor_Edge_31_1,20.50,2023-01-01T14:00:00
Sensor_Edge_35_1,27.78,2023-01-01T14:00:00
Sensor_Edge_36_1,25.11,2023-01-01T14:00:00
Sensor_Edge_38_1,25.83,2023-01-01T14:00:00
Sensor_Edge_39_1,24.04,2023-01-01T14:00:00
Sensor_Edge_40_1,42.04,2023-01-01T14:00:00
Sensor_Edge_41_1,26.37,2023-01-01T14:00:00
Sensor_Edge_45_1,25.13,2023-01-01T14:00:00
Sensor_Edge_46_1,27.49,2023-01-01T14:00:00
Sensor_Edge_48_1,26.36,2023-01-01T14:00:00
Sensor_Edge_50_1,26.84,2023-01-01T14:00:00
Sensor_Edge_63_1,21.89,2023-01-01T14:00:00
Sensor_Edge_64_1,23.61,2023-01-01T14:00:00
Sensor_Edge_65_1,35.22,2023-01-01T14:00:00
Sensor_Edge_66_1,20.68,2023-01-01T14:00:00
Sensor_Edge_67_1,21.75,2023-01-01T14:00:00
Sensor_Edge_68_1,25.37,2023-01-01T14:00:00
Sensor_Edge_69_1,23.96,2023-01-01T14:00:00
Sensor_Edge_70_1,24.06,2023-01-01T14:00:00
Sensor_Edge_71_1,31.25,2023-01-01T14:00:00
Sensor_Edge_72_1,26.47,2023-01-01T14:00:00
Sensor_Edge_73_1,23.01,2023-01-01T14:00:00
Sensor_Edge_74_1,23.43,2023-01-01T14:00:00
Sensor_Edge_75_1,22.57,2023-01-01T14:00:00
Sensor_Edge_76_1,22.93,2023-01-01T14:00:00
Sensor_Edge_80_1,25.88,2023-01-01T14:00:00
Sensor_Edge_2_1,20.41,2023-01-01T14:05:00
Sensor_Edge_4_1,22.10,2023-01-01T14:05:00
Sensor_Edge_5_1,36.97,2023-01-01T14:05:00
Sensor_Edge_7_1,29.71,2023-01-01T14:05:00
Sensor_Edge_8_1,23.73,2023-01-01T14:05:00
Sensor_Edge_10_1,23.16,2023-01-01T14:05:00
Sensor_Edge_11_1,26.04,2023-01-01T14:05:00
Sensor_Edge_13_1,24.97,2023-01-01T14:05:00
Sensor_Edge_15_1,22.20,2023-01-01T14:05:00
Sensor_Edge_21_1,17.95,2023-01-01T14:05:00
Sensor_Edge_25_1,21.27,2023-01-01T14:05:00
Sensor_Edge_26_1,38.18,2023-01-01T14:05:00
Sensor_Edge_27_1,21.95,2023-01-01T14:05:00
Sensor_Edge_28_1,23.61,2023-01-01T14:05:00
Sensor_Edge_31_1,20.68,2023-01-01T14:05:00
Sensor_Edge_35_1,27.76,2023-01-01T14:05:00
Sensor_Edge_36_1,25.12,2023-01-01T14:05:00
Sensor_Edge_38_1,25.93,2023-01-01T14:05:00
Sensor_Edge_39_1,24.09,2023-01-01T14:05:00
Sensor_Edge_40_1,42.24,2023-01-01T14:05:00
Sensor_Edge_41_1,26.24,2023-01-01T14:05:00
Sensor_Edge_45_1,25.34,2023-01-01T14:05:00
Sensor_Edge_46_1,27.35,2023-01-01T14:05:00
Sensor_Edge_48_1,26.22,2023-01-01T14:05:00
Sensor_Edge_50_1,26.72,2023-01-01T14:05:00
Sensor_Edge_63_1,21.87,2023-01-01T14:05:00
Sensor_Edge_64_1,23.62,2023-01-01T14:05:00
Sensor_Edge_65_1,35.28,2023-01-01T14:05:00
Sensor_Edge_66_1,20.48,2023-01-01T14:05:00
Sensor_Edge_67_1,21.60,2023-01-01T14:05:00
Sensor_Edge_68_1,25.20,2023-01-01T14:05:00
Sensor_Edge_69_1,24.05,2023-01-01T14:05:00
Sensor_Edge_70_1,23.84,2023-01-01T14:05:00
Sensor_Edge_71_1,29.98,2023-01-01T14:05:00
Sensor_Edge_72_1,26.61,2023-01-01T14:05:00
Sensor_Edge_73_1,23.13,2023-01-01T14:05:00
Sensor_Edge_74_1,23.24,2023-01-01T14:05:00
Sensor_Edge_75_1,22.37,2023-01-01T14:05:00
Sensor_Edge_76_1,23.10,2023-01-01T14:05:00
Sensor_Edge_80_1,25.10,2023-01-01T14:05:00
Sensor_Edge_2_1,20.30,2023-01-01T14:10:00
Sensor_Edge_4_1,22.29,2023-01-01T14:10:00
Sensor_Edge_5_1,34.09,2023-01-01T14:10:00
Sensor_Edge_7_1,29.84,2023-01-01T14:10:00
Sensor_Edge_8_1,23.98,2023-01-01T14:10:00
Sensor_Edge_10_1,23.02,2023-01-01T14:10:00
Sensor_Edge_11_1,26.09,2023-01-01T14:10:00
Sensor_Edge_13_1,25.11,2023-01-01T14:10:00
Sensor_Edge_15_1,22.38,2023-01-01T14:10:00
Sensor_Edge_21_1,17.94,2023-01-01T14:10:00
Sensor_Edge_25_1,21.20,2023-01-01T14:10:00
Sensor_Edge_26_1,38.05,2023-01-01T14:10:00
Sensor_Edge_27_1,22.15,2023-01-01T14:10:00
Sensor_Edge_28_1,23.60,2023-01-01T14:10:00
Sensor_Edge_31_1,20.49,2023-01-01T14:10:00
Sensor_Edge_35_1,27.94,2023-01-01T14:10:00
Sensor_Edge_36_1,25.22,2023-01-01T14:10:00
Sensor_Edge_38_1,25.87,2023-01-01T14:10:00
Sensor_Edge_39_1,23.95,2023-01-01T14:10:00
Sensor_Edge_40_1,42.34,2023-01-01T14:10:00
Sensor_Edge_41_1,26.48,2023-01-01T14:10:00
Sensor_Edge_45_1,25.42,2023-01-01T14:10:00
Sensor_Edge_46_1,27.13,2023-01-01T14:10:00
Sensor_Edge_48_1,26.41,2023-01-01T14:10:00
Sensor_Edge_50_1,26.60,2023-01-01T14:10:00
Sensor_Edge_63_1,22.01,2023-01-01T14:10:00
Sensor_Edge_64_1,23.43,2023-01-01T14:10:00
Sensor_Edge_65_1,35.27,2023-01-01T14:10:00
Sensor_Edge_66_1,20.30,2023-01-01T14:10:00
Sensor_Edge_67_1,22.45,2023-01-01T14:10:00
Sensor_Edge_68_1,25.17,2023-01-01T14:10:00
Sensor_Edge_69_1,24.20,2023-01-01T14:10:00
Sensor_Edge_70_1,23.93,2023-01-01T14:10:00
Sensor_Edge_71_1,28.66,2023-01-01T14:10:00
Sensor_Edge_72_1,26.68,2023-01-01T14:10:00
Sensor_Edge_73_1,23.08,2023-01-01T14:10:00
Sensor_Edge_74_1,23.07,2023-01-01T14:10:00
Sensor_Edge_75_1,22.29,2023-01-01T14:10:00
Sensor_Edge_76_1,23.12,2023-01-01T14:10:00
Sensor_Edge_80_1,24.66,2023-01-01T14:10:00
Sensor_Edge_2_1,20.10,2023-01-01T14:15:00
Sensor_Edge_4_1,22.06,2023-01-01T14:15:00
Sensor_Edge_5_1,31.87,2023-01-01T14:15:00
Sensor_Edge_7_1,29.79,2023-01-01T14:15:00
Sensor_Edge_8_1,24.07,2023-01-01T14:15:00
Sensor_Edge_10_1,23.05,2023-01-01T14:15:00
Sensor_Edge_11_1,25.89,2023-01-01T14:15:00
Sensor_Edge_13_1,24.95,2023-01-01T14:15:00
Sensor_Edge_15_1,22.29,2023-01-01T14:15:00
Sensor_Edge_21_1,18.11,2023-01-01T14:15:00
Sensor_Edge_25_1,21.32,2023-01-01T14:15:00
Sensor_Edge_26_1,38.19,2023-01-01T14:15:00
Sensor_Edge_27_1,22.30,2023-01-01T14:15:00
Sensor_Edge_28_1,23.77,2023-01-01T14:15:00
Sensor_Edge_31_1,20.53,2023-01-01T14:15:00
Sensor_Edge_35_1,28.12,2023-01-01T14:15:00
Sensor_Edge_36_1,25.21,2023-01-01T14:15:00
Sensor_Edge_38_1,25.78,2023-01-01T14:15:00
Sensor_Edge_39_1,24.07,2023-01-01T14:15:00
Sensor_Edge_40_1,42.22,2023-01-01T14:15:00
Sensor_Edge_41_1,26.59,2023-01-01T14:15:00
Sensor_Edge_45_1,25.30,2023-01-01T14:15:00
Sensor_Edge_46_1,27.17,2023-01-01T14:15:00
Sensor_Edge_48_1,26.13,2023-01-01T14:15:00
Sensor_Edge_50_1,26.44,2023-01-01T14:15:00
Sensor_Edge_63_1,21.94,2023-01-01T14:15:00
Sensor_Edge_64_1,23.42,2023-01-01T14:15:00
Sensor_Edge_65_1,35.45,2023-01-01T14:15:00
Sensor_Edge_66_1,20.42,2023-01-01T14:15:00
Sensor_Edge_67_1,22.54,2023-01-01T14:15:00
Sensor_Edge_68_1,25.39,2023-01-01T14:15:00
Sensor_Edge_69_1,24.24,2023-01-01T14:15:00
Sensor_Edge_70_1,23.79,2023-01-01T14:15:00
Sensor_Edge_71_1,27.75,2023-01-01T14:15:00
Sensor_Edge_72_1,26.82,2023-01-01T14:15:00
Sensor_Edge_73_1,23.26,2023-01-01T14:15:00
Sensor_Edge_74_1,23.23,2023-01-01T14:15:00
Sensor_Edge_75_1,22.27,2023-01-01T14:15:00
Sensor_Edge_76_1,23.24,2023-01-01T14:15:00
Sensor_Edge_80_1,24.48,2023-01-01T14:15:00
Sensor_Edge_2_1,20.21,2023-01-01T14:20:00
Sensor_Edge_4_1,22.20,2023-01-01T14:20:00
Sensor_Edge_5_1,30.21,2023-01-01T14:20:00
Sensor_Edge_7_1,30.02,2023-01-01T14:20:00
Sensor_Edge_8_1,24.23,2023-01-01T14:20:00
Sensor_Edge_10_1,22.87,2023-01-01T14:20:00
Sensor_Edge_11_1,26.09,2023-01-01T14:20:00
Sensor_Edge_13_1,25.01,2023-01-01T14:20:00
Sensor_Edge_15_1,22.46,2023-01-01T14:20:00
Sensor_Edge_21_1,18.10,2023-01-01T14:20:00
Sensor_Edge_25_1,21.15,2023-01-01T14:20:00
Sensor_Edge_26_1,38.45,2023-01-01T14:20:00
Sensor_Edge_27_1,22.51,2023-01-01T14:20:00
Sensor_Edge_28_1,23.56,2023-01-01T14:20:00
Sensor_Edge_31_1,20.55,2023-01-01T14:20:00
Sensor_Edge_35_1,28.12,2023-01-01T14:20:00
Sensor_Edge_36_1,25.06,2023-01-01T14:20:00
Sensor_Edge_38_1,26.01,2023-01-01T14:20:00
Sensor_Edge_39_1,24.08,2023-01-01T14:20:00
Sensor_Edge_40_1,42.13,2023-01-01T14:20:00
Sensor_Edge_41_1,26.66,2023-01-01T14:20:00
Sensor_Edge_45_1,25.45,2023-01-01T14:20:00
Sensor_Edge_46_1,27.18,2023-01-01T14:20:00
Sensor_Edge_48_1,26.11,2023-01-01T14:20:00
Sensor_Edge_50_1,26.31,2023-01-01T14:20:00
Sensor_Edge_63_1,21.79,2023-01-01T14:20:00
Sensor_Edge_64_1,23.52,2023-01-01T14:20:00
Sensor_Edge_65_1,35.22,2023-01-01T14:20:00
Sensor_Edge_66_1,20.44,2023-01-01T14:20:00
Sensor_Edge_67_1,22.66,2023-01-01T14:20:00
Sensor_Edge_68_1,25.44,2023-01-01T14:20:00
Sensor_Edge_69_1,24.37,2023-01-01T14:20:00
Sensor_Edge_70_1,24.06,2023-01-01T14:20:00
Sensor_Edge_71_1,27.04,2023-01-01T14:20:00
Sensor_Edge_72_1,26.59,2023-01-01T14:20:00
Sensor_Edge_73_1,23.15,2023-01-01T14:20:00
Sensor_Edge_74_1,23.46,2023-01-01T14:20:00
Sensor_Edge_75_1,22.27,2023-01-01T14:20:00
Sensor_Edge_76_1,23.29,2023-01-01T14:20:00
Sensor_Edge_80_1,24.29,2023-01-01T14:20:00
Sensor_Edge_2_1,20.10,2023-01-01T14:25:00
Sensor_Edge_4_1,22.16,2023-01-01T14:25:00
Sensor_Edge_5_1,28.89,2023-01-01T14:25:00
Sensor_Edge_7_1,30.24,2023-01-01T14:25:00
Sensor_Edge_8_1,24.27,2023-01-01T14:25:00
Sensor_Edge_10_1,22.98,2023-01-01T14:25:00
Sensor_Edge_11_1,26.32,2023-01-01T14:25:00
Sensor_Edge_13_1,24.96,2023-01-01T14:25:00
Sensor_Edge_15_1,22.69,2023-01-01T14:25:00
Sensor_Edge_21_1,18.09,2023-01-01T14:25:00
Sensor_Edge_25_1,21.22,2023-01-01T14:25:00
Sensor_Edge_26_1,38.51,2023-01-01T14:25:00
Sensor_Edge_27_1,22.68,2023-01-01T14:25:00
Sensor_Edge_28_1,23.62,2023-01-01T14:25:00
Sensor_Edge_31_1,20.52,2023-01-01T14:25:00
Sensor_Edge_35_1,28.06,2023-01-01T14:25:00
Sensor_Edge_36_1,25.14,2023-01-01T14:25:00
Sensor_Edge_38_1,26.22,2023-01-01T14:25:00
Sensor_Edge_39_1,23.89,2023-01-01T14:25:00
Sensor_Edge_40_1,42.02,2023-01-01T14:25:00
Sensor_Edge_41_1,26.62,2023-01-01T14:25:00
Sensor_Edge_45_1,25.48,2023-01-01T14:25:00
Sensor_Edge_46_1,27.23,2023-01-01T14:25:00
Sensor_Edge_48_1,26.02,2023-01-01T14:25:00
Sensor_Edge_50_1,26.59,2023-01-01T14:25:00
Sensor_Edge_63_1,21.72,2023-01-01T14:25:00
Sensor_Edge_64_1,23.71,2023-01-01T14:25:00
Sensor_Edge_65_1,35.37,2023-01-01T14:25:00
Sensor_Edge_66_1,20.38,2023-01-01T14:25:00
Sensor_Edge_67_1,22.80,2023-01-01T14:25:00
Sensor_Edge_68_1,25.28,2023-01-01T14:25:00
Sensor_Edge_69_1,24.30,2023-01-01T14:25:00
Sensor_Edge_70_1,24.15,2023-01-01T14:25:00
Sensor_Edge_71_1,26.43,2023-01-01T14:25:00
Sensor_Edge_72_1,26.56,2023-01-01T14:25:00
Sensor_Edge_73_1,22.96,2023-01-01T14:25:00
Sensor_Edge_74_1,23.34,2023-01-01T14:25:00
Sensor_Edge_75_1,22.16,2023-01-01T14:25:00
Sensor_Edge_76_1,23.41,2023-01-01T14:25:00
Sensor_Edge_80_1,24.12,2023-01-01T14:25:00
Sensor_Edge_2_1,20.16,2023-01-01T14:30:00
Sensor_Edge_4_1,22.03,2023-01-01T14:30:00
Sensor_Edge_5_1,27.73,2023-01-01T14:30:00
Sensor_Edge_7_1,30.20,2023-01-01T14:30:00
Sensor_Edge_8_1,24.43,2023-01-01T14:30:00
Sensor_Edge_10_1,23.10,2023-01-01T14:30:00
Sensor_Edge_11_1,26.45,2023-01-01T14:30:00
Sensor_Edge_13_1,25.24,2023-01-01T14:30:00
Sensor_Edge_15_1,22.87,2023-01-01T14:30:00
Sensor_Edge_21_1,18.12,2023-01-01T14:30:00
Sensor_Edge_25_1,21.26,2023-01-01T14:30:00
Sensor_Edge_26_1,38.73,2023-01-01T14:30:00
Sensor_Edge_27_1,22.51,2023-01-01T14:30:00
Sensor_Edge_28_1,23.46,2023-01-01T14:30:00
Sensor_Edge_31_1,20.62,2023-01-01T14:30:00
Sensor_Edge_35_1,28.15,2023-01-01T14:30:00
Sensor_Edge_36_1,25.28,2023-01-01T14:30:00
Sensor_Edge_38_1,26.43,2023-01-01T14:30:00
Sensor_Edge_39_1,23.76,2023-01-01T14:30:00
Sensor_Edge_40_1,41.97,2023-01-01T14:30:00
Sensor_Edge_41_1,26.80,2023-01-01T14:30:00
Sensor_Edge_45_1,25.56,2023-01-01T14:30:00
Sensor_Edge_46_1,27.25,2023-01-01T14:30:00
Sensor_Edge_48_1,26.04,2023-01-01T14:30:00
Sensor_Edge_50_1,26.65,2023-01-01T14:30:00
Sensor_Edge_63_1,21.81,2023-01-01T14:30:00
Sensor_Edge_64_1,23.48,2023-01-01T14:30:00
Sensor_Edge_65_1,35.21,2023-01-01T14:30:00
Sensor_Edge_66_1,20.25,2023-01-01T14:30:00
Sensor_Edge_67_1,23.17,2023-01-01T14:30:00
Sensor_Edge_68_1,25.24,2023-01-01T14:30:00
Sensor_Edge_69_1,24.13,2023-01-01T14:30:00
Sensor_Edge_70_1,24.38,2023-01-01T14:30:00
Sensor_Edge_71_1,26.07,2023-01-01T14:30:00
Sensor_Edge_72_1,26.43,2023-01-01T14:30:00
Sensor_Edge_73_1,23.08,2023-01-01T14:30:00
Sensor_Edge_74_1,23.46,2023-01-01T14:30:00
Sensor_Edge_75_1,22.05,2023-01-01T14:30:00
Sensor_Edge_76_1,23.39,2023-01-01T14:30:00
Sensor_Edge_80_1,23.92,2023-01-01T14:30:00
Sensor_Edge_2_1,20.02,2023-01-01T14:35:00
Sensor_Edge_4_1,22.21,2023-01-01T14:35:00
Sensor_Edge_5_1,26.84,2023-01-01T14:35:00
Sensor_Edge_7_1,30.37,2023-01-01T14:35:00
Sensor_Edge_8_1,24.55,2023-01-01T14:35:00
Sensor_Edge_10_1,23.11,2023-01-01T14:35:00
Sensor_Edge_11_1,26.20,2023-01-01T14:35:00
Sensor_Edge_13_1,25.51,2023-01-01T14:35:00
Sensor_Edge_15_1,22.82,2023-01-01T14:35:00
Sensor_Edge_21_1,17.91,2023-01-01T14:35:00
Sensor_Edge_25_1,21.00,2023-01-01T14:35:00
Sensor_Edge_26_1,38.97,2023-01-01T14:35:00
Sensor_Edge_27_1,22.66,2023-01-01T14:35:00
Sensor_Edge_28_1,23.58,2023-01-01T14:35:00
Sensor_Edge_31_1,20.52,2023-01-01T14:35:00
Sensor_Edge_35_1,27.93,2023-01-01T14:35:00
Sensor_Edge_36_1,25.22,2023-01-01T14:35:00
Sensor_Edge_38_1,26.41,2023-01-01T14:35:00
Sensor_Edge_39_1,23.86,2023-01-01T14:35:00
Sensor_Edge_40_1,41.93,2023-01-01T14:35:00
Sensor_Edge_41_1,26.78,2023-01-01T14:35:00
Sensor_Edge_45_1,25.43,2023-01-01T14:35:00
Sensor_Edge_46_1,27.14,2023-01-01T14:35:00
Sensor_Edge_48_1,26.13,2023-01-01T14:35:00
Sensor_Edge_50_1,26.67,2023-01-01T14:35:00
Sensor_Edge_63_1,21.64,2023-01-01T14:35:00
Sensor_Edge_64_1,23.44,2023-01-01T14:35:00
Sensor_Edge_65_1,35.33,2023-01-01T14:35:00
Sensor_Edge_66_1,20.42,2023-01-01T14:35:00
Sensor_Edge_67_1,23.34,2023-01-01T14:35:00
Sensor_Edge_68_1,25.45,2023-01-01T14:35:00
Sensor_Edge_69_1,24.32,2023-01-01T14:35:00
Sensor_Edge_70_1,24.61,2023-01-01T14:35:00
Sensor_Edge_71_1,25.82,2023-01-01T14:35:00
Sensor_Edge_72_1,26.60,2023-01-01T14:35:00
Sensor_Edge_73_1,23.14,2023-01-01T14:35:00
Sensor_Edge_74_1,23.34,2023-01-01T14:35:00
Sensor_Edge_75_1,21.94,2023-01-01T14:35:00
Sensor_Edge_76_1,23.32,2023-01-01T14:35:00
Sensor_Edge_80_1,23.86,2023-01-01T14:35:00
Sensor_Edge_2_1,19.99,2023-01-01T14:40:00
Sensor_Edge_4_1,22.02,2023-01-01T14:40:00
Sensor_Edge_5_1,26.23,2023-01-01T14:40:00
Sensor_Edge_7_1,30.12,2023-01-01T14:40:00
Sensor_Edge_8_1,24.29,2023-01-01T14:40:00
Sensor_Edge_10_1,22.99,2023-01-01T14:40:00
Sensor_Edge_11_1,26.03,2023-01-01T14:40:00
Sensor_Edge_13_1,25.65,2023-01-01T14:40:00
Sensor_Edge_15_1,22.74,2023-01-01T14:40:00
Sensor_Edge_21_1,17.77,2023-01-01T14:40:00
Sensor_Edge_25_1,21.10,2023-01-01T14:40:00
Sensor_Edge_26_1,39.01,2023-01-01T14:40:00
Sensor_Edge_27_1,22.77,2023-01-01T14:40:00
Sensor_Edge_28_1,23.49,2023-01-01T14:40:00
Sensor_Edge_31_1,20.50,2023-01-01T14:40:00
Sensor_Edge_35_1,27.66,2023-01-01T14:40:00
Sensor_Edge_36_1,25.22,2023-01-01T14:40:00
Sensor_Edge_38_1,26.42,2023-01-01T14:40:00
Sensor_Edge_39_1,23.86,2023-01-01T14:40:00
Sensor_Edge_40_1,41.90,2023-01-01T14:40:00
Sensor_Edge_41_1,26.79,2023-01-01T14:40:00
Sensor_Edge_45_1,25.59,2023-01-01T14:40:00
Sensor_Edge_46_1,27.27,2023-01-01T14:40:00
Sensor_Edge_48_1,26.03,2023-01-01T14:40:00
Sensor_Edge_50_1,26.94,2023-01-01T14:40:00
Sensor_Edge_63_1,21.82,2023-01-01T14:40:00
Sensor_Edge_64_1,23.65,2023-01-01T14:40:00
Sensor_Edge_65_1,35.57,2023-01-01T14:40:00
Sensor_Edge_66_1,20.30,2023-01-01T14:40:00
Sensor_Edge_67_1,23.33,2023-01-01T14:40:00
Sensor_Edge_68_1,25.54,2023-01-01T14:40:00
Sensor_Edge_69_1,24.43,2023-01-01T14:40:00
Sensor_Edge_70_1,24.40,2023-01-01T14:40:00
Sensor_Edge_71_1,25.67,2023-01-01T14:40:00
Sensor_Edge_72_1,26.71,2023-01-01T14:40:00
Sensor_Edge_73_1,23.22,2023-01-01T14:40:00
Sensor_Edge_74_1,23.19,2023-01-01T14:40:00
Sensor_Edge_75_1,21.89,2023-01-01T14:40:00
Sensor_Edge_76_1,23.17,2023-01-01T14:40:00
Sensor_Edge_80_1,23.62,2023-01-01T14:40:00
Sensor_Edge_2_1,19.91,2023-01-01T14:45:00
Sensor_Edge_4_1,21.95,2023-01-01T14:45:00
Sensor_Edge_5_1,25.91,2023-01-01T14:45:00
Sensor_Edge_7_1,30.28,2023-01-01T14:45:00
Sensor_Edge_8_1,24.29,2023-01-01T14:45:00
Sensor_Edge_10_1,23.04,2023-01-01T14:45:00
Sensor_Edge_11_1,25.94,2023-01-01T14:45:00
Sensor_Edge_13_1,25.80,2023-01-01T14:45:00
Sensor_Edge_15_1,22.67,2023-01-01T14:45:00
Sensor_Edge_21_1,17.65,2023-01-01T14:45:00
Sensor_Edge_25_1,20.86,2023-01-01T14:45:00
Sensor_Edge_26_1,38.80,2023-01-01T14:45:00
Sensor_Edge_27_1,22.76,2023-01-01T14:45:00
Sensor_Edge_28_1,23.63,2023-01-01T14:45:00
Sensor_Edge_31_1,20.33,2023-01-01T14:45:00
Sensor_Edge_35_1,27.71,2023-01-01T14:45:00
Sensor_Edge_36_1,25.32,2023-01-01T14:45:00
Sensor_Edge_38_1,26.53,2023-01-01T14:45:00
Sensor_Edge_39_1,23.91,2023-01-01T14:45:00
Sensor_Edge_40_1,41.95,2023-01-01T14:45:00
Sensor_Edge_41_1,27.00,2023-01-01T14:45:00
Sensor_Edge_45_1,25.50,2023-01-01T14:45:00
Sensor_Edge_46_1,27.48,2023-01-01T14:45:00
Sensor_Edge_48_1,25.92,2023-01-01T14:45:00
Sensor_Edge_50_1,26.76,2023-01-01T14:45:00
Sensor_Edge_63_1,21.78,2023-01-01T14:45:00
Sensor_Edge_64_1,23.53,2023-01-01T14:45:00
Sensor_Edge_65_1,35.72,2023-01-01T14:45:00
Sensor_Edge_66_1,20.25,2023-01-01T14:45:00
Sensor_Edge_67_1,23.23,2023-01-01T14:45:00
Sensor_Edge_68_1,25.63,2023-01-01T14:45:00
Sensor_Edge_69_1,24.54,2023-01-01T14:45:00
Sensor_Edge_70_1,24.53,2023-01-01T14:45:00
Sensor_Edge_71_1,25.37,2023-01-01T14:45:00
Sensor_Edge_72_1,26.83,2023-01-01T14:45:00
Sensor_Edge_73_1,23.19,2023-01-01T14:45:00
Sensor_Edge_74_1,23.07,2023-01-01T14:45:00
Sensor_Edge_75_1,21.90,2023-01-01T14:45:00
Sensor_Edge_76_1,23.08,2023-01-01T14:45:00
Sensor_Edge_80_1,23.71,2023-01-01T14:45:00
Sensor_Edge_2_1,19.76,2023-01-01T14:50:00
Sensor_Edge_4_1,21.73,2023-01-01T14:50:00
Sensor_Edge_5_1,25.41,2023-01-01T14:50:00
Sensor_Edge_7_1,30.40,2023-01-01T14:50:00
Sensor_Edge_8_1,24.52,2023-01-01T14:50:00
Sensor_Edge_10_1,22.77,2023-01-01T14:50:00
Sensor_Edge_11_1,25.73,2023-01-01T14:50:00
Sensor_Edge_13_1,25.97,2023-01-01T14:50:00
Sensor_Edge_15_1,22.62,2023-01-01T14:50:00
Sensor_Edge_21_1,17.86,2023-01-01T14:50:00
Sensor_Edge_25_1,21.04,2023-01-01T14:50:00
Sensor_Edge_26_1,39.02,2023-01-01T14:50:00
Sensor_Edge_27_1,22.70,2023-01-01T14:50:00
Sensor_Edge_28_1,23.64,2023-01-01T14:50:00
Sensor_Edge_31_1,20.19,2023-01-01T14:50:00
Sensor_Edge_35_1,27.51,2023-01-01T14:50:00
Sensor_Edge_36_1,25.43,2023-01-01T14:50:00
Sensor_Edge_38_1,26.51,2023-01-01T14:50:00
Sensor_Edge_39_1,24.16,2023-01-01T14:50:00
Sensor_Edge_40_1,42.00,2023-01-01T14:50:00
Sensor_Edge_41_1,26.94,2023-01-01T14:50:00
Sensor_Edge_45_1,25.67,2023-01-01T14:50:00
Sensor_Edge_46_1,27.68,2023-01-01T14:50:00
Sensor_Edge_48_1,25.64,2023-01-01T14:50:00
Sensor_Edge_50_1,26.59,2023-01-01T14:50:00
Sensor_Edge_63_1,21.55,2023-01-01T14:50:00
Sensor_Edge_64_1,23.54,2023-01-01T14:50:00
Sensor_Edge_65_1,35.68,2023-01-01T14:50:00
Sensor_Edge_66_1,20.33,2023-01-01T14:50:00
Sensor_Edge_67_1,23.58,2023-01-01T14:50:00
Sensor_Edge_68_1,25.52,2023-01-01T14:50:00
Sensor_Edge_69_1,24.47,2023-01-01T14:50:00
Sensor_Edge_70_1,24.31,2023-01-01T14:50:00
Sensor_Edge_71_1,25.24,2023-01-01T14:50:00
Sensor_Edge_72_1,26.91,2023-01-01T14:50:00
Sensor_Edge_73_1,23.16,2023-01-01T14:50:00
Sensor_Edge_74_1,23.35,2023-01-01T14:50:00
Sensor_Edge_75_1,21.98,2023-01-01T14:50:00
Sensor_Edge_76_1,22.88,2023-01-01T14:50:00
Sensor_Edge_80_1,23.43,2023-01-01T14:50:00
Sensor_Edge_2_1,19.60,2023-01-01T14:55:00
Sensor_Edge_4_1,21.76,2023-01-01T14:55:00
Sensor_Edge_5_1,25.31,2023-01-01T14:55:00
Sensor_Edge_7_1,30.53,2023-01-01T14:55:00
Sensor_Edge_8_1,24.42,2023-01-01T14:55:00
Sensor_Edge_10_1,22.81,2023-01-01T14:55:00
Sensor_Edge_11_1,25.58,2023-01-01T14:55:00
Sensor_Edge_13_1,25.94,2023-01-01T14:55:00
Sensor_Edge_15_1,22.55,2023-01-01T14:55:00
Sensor_Edge_21_1,17.95,2023-01-01T14:55:00
Sensor_Edge_25_1,21.16,2023-01-01T14:55:00
Sensor_Edge_26_1,39.22,2023-01-01T14:55:00
Sensor_Edge_27_1,22.46,2023-01-01T14:55:00
Sensor_Edge_28_1,23.55,2023-01-01T14:55:00
Sensor_Edge_31_1,20.15,2023-01-01T14:55:00
Sensor_Edge_35_1,27.41,2023-01-01T14:55:00
Sensor_Edge_36_1,25.17,2023-01-01T14:55:00
Sensor_Edge_38_1,26.24,2023-01-01T14:55:00
Sensor_Edge_39_1,24.21,2023-01-01T14:55:00
Sensor_Edge_40_1,41.82,2023-01-01T14:55:00
Sensor_Edge_41_1,27.03,2023-01-01T14:55:00
Sensor_Edge_45_1,25.52,2023-01-01T14:55:00
Sensor_Edge_46_1,27.56,2023-01-01T14:55:00
Sensor_Edge_48_1,25.85,2023-01-01T14:55:00
Sensor_Edge_50_1,26.85,2023-01-01T14:55:00
Sensor_Edge_63_1,21.68,2023-01-01T14:55:00
Sensor_Edge_64_1,23.37,2023-01-01T14:55:00
Sensor_Edge_65_1,35.91,2023-01-01T14:55:00
Sensor_Edge_66_1,20.54,2023-01-01T14:55:00
Sensor_Edge_67_1,23.82,2023-01-01T14:55:00
Sensor_Edge_68_1,25.47,2023-01-01T14:55:00
Sensor_Edge_69_1,24.56,2023-01-01T14:55:00
Sensor_Edge_70_1,24.45,2023-01-01T14:55:00
Sensor_Edge_71_1,25.09,2023-01-01T14:55:00
Sensor_Edge_72_1,26.84,2023-01-01T14:55:00
Sensor_Edge_73_1,23.25,2023-01-01T14:55:00
Sensor_Edge_74_1,23.15,2023-01-01T14:55:00
Sensor_Edge_75_1,22.06,2023-01-01T14:55:00
Sensor_Edge_76_1,23.03,2023-01-01T14:55:00
Sensor_Edge_80_1,23.30,2023-01-01T14:55:00
Sensor_Edge_2_1,19.67,2023-01-01T15:00:00
Sensor_Edge_4_1,21.86,2023-01-01T15:00:00
Sensor_Edge_5_1,25.23,2023-01-01T15:00:00
Sensor_Edge_7_1,30.34,2023-01-01T15:00:00
Sensor_Edge_8_1,24.57,2023-01-01T15:00:00
Sensor_Edge_10_1,22.60,2023-01-01T15:00:00
Sensor_Edge_11_1,25.54,2023-01-01T15:00:00
Sensor_Edge_13_1,26.03,2023-01-01T15:00:00
Sensor_Edge_15_1,22.52,2023-01-01T15:00:00
Sensor_Edge_21_1,18.06,2023-01-01T15:00:00
Sensor_Edge_25_1,20.97,2023-01-01T15:00:00
Sensor_Edge_26_1,39.23,2023-01-01T15:00:00
Sensor_Edge_27_1,22.40,2023-01-01T15:00:00
Sensor_Edge_28_1,23.60,2023-01-01T15:00:00
Sensor_Edge_31_1,20.24,2023-01-01T15:00:00
Sensor_Edge_35_1,27.28,2023-01-01T15:00:00
Sensor_Edge_36_1,24.89,2023-01-01T15:00:00
Sensor_Edge_38_1,26.39,2023-01-01T15:00:00
Sensor_Edge_39_1,24.26,2023-01-01T15:00:00
Sensor_Edge_40_1,41.76,2023-01-01T15:00:00
Sensor_Edge_41_1,26.76,2023-01-01T15:00:00
Sensor_Edge_45_1,25.45,2023-01-01T15:00:00
Sensor_Edge_46_1,27.76,2023-01-01T15:00:00
Sensor_Edge_48_1,25.74,2023-01-01T15:00:00
Sensor_Edge_50_1,26.94,2023-01-01T15:00:00
Sensor_Edge_63_1,21.66,2023-01-01T15:00:00
Sensor_Edge_64_1,23.52,2023-01-01T15:00:00
Sensor_Edge_65_1,35.71,2023-01-01T15:00:00
Sensor_Edge_66_1,20.76,2023-01-01T15:00:00
Sensor_Edge_67_1,24.07,2023-01-01T15:00:00
Sensor_Edge_68_1,25.33,2023-01-01T15:00:00
Sensor_Edge_69_1,24.28,2023-01-01T15:00:00
Sensor_Edge_70_1,24.68,2023-01-01T15:00:00
Sensor_Edge_71_1,24.93,2023-01-01T15:00:00
Sensor_Edge_72_1,26.73,2023-01-01T15:00:00
Sensor_Edge_73_1,23.24,2023-01-01T15:00:00
Sensor_Edge_74_1,23.03,2023-01-01T15:00:00
Sensor_Edge_75_1,22.33,2023-01-01T15:00:00
Sensor_Edge_76_1,23.24,2023-01-01T15:00:00
Sensor_Edge_80_1,23.14,2023-01-01T15:00:00
Sensor_Edge_2_1,19.51,2023-01-01T15:05:00
Sensor_Edge_4_1,21.95,2023-01-01T15:05:00
Sensor_Edge_5_1,24.69,2023-01-01T15:05:00
Sensor_Edge_7_1,30.21,2023-01-01T15:05:00
Sensor_Edge_8_1,24.57,2023-01-01T15:05:00
Sensor_Edge_10_1,22.62,2023-01-01T15:05:00
Sensor_Edge_11_1,25.41,2023-01-01T15:05:00
Sensor_Edge_13_1,26.16,2023-01-01T15:05:00
Sensor_Edge_15_1,22.74,2023-01-01T15:05:00
Sensor_Edge_21_1,17.95,2023-01-01T15:05:00
Sensor_Edge_25_1,21.13,2023-01-01T15:05:00
Sensor_Edge_26_1,39.24,2023-01-01T15:05:00
Sensor_Edge_27_1,22.12,2023-01-01T15:05:00
Sensor_Edge_28_1,23.61,2023-01-01T15:05:00
Sensor_Edge_31_1,20.09,2023-01-01T15:05:00
Sensor_Edge_35_1,27.46,2023-01-01T15:05:00
Sensor_Edge_36_1,24.72,2023-01-01T15:05:00
Sensor_Edge_38_1,26.30,2023-01-01T15:05:00
Sensor_Edge_39_1,24.52,2023-01-01T15:05:00
Sensor_Edge_40_1,41.60,2023-01-01T15:05:00
Sensor_Edge_41_1,26.67,2023-01-01T15:05:00
Sensor_Edge_45_1,25.66,2023-01-01T15:05:00
Sensor_Edge_46_1,27.52,2023-01-01T15:05:00
Sensor_Edge_48_1,25.95,2023-01-01T15:05:00
Sensor_Edge_50_1,27.12,2023-01-01T15:05:00
Sensor_Edge_63_1,21.48,2023-01-01T15:05:00
Sensor_Edge_64_1,23.68,2023-01-01T15:05:00
Sensor_Edge_65_1,35.58,2023-01-01T15:05:00
Sensor_Edge_66_1,20.75,2023-01-01T15:05:00
Sensor_Edge_67_1,24.35,2023-01-01T15:05:00
Sensor_Edge_68_1,25.53,2023-01-01T15:05:00
Sensor_Edge_69_1,24.04,2023-01-01T15:05:00
Sensor_Edge_70_1,24.80,2023-01-01T15:05:00
Sensor_Edge_71_1,24.64,2023-01-01T15:05:00
Sensor_Edge_72_1,26.58,2023-01-01T15:05:00
Sensor_Edge_73_1,23.22,2023-01-01T15:05:00
Sensor_Edge_74_1,22.85,2023-01-01T15:05:00
Sensor_Edge_75_1,22.36,2023-01-01T15:05:00
Sensor_Edge_76_1,23.45,2023-01-01T15:05:00
Sensor_Edge_80_1,23.29,2023-01-01T15:05:00
Sensor_Edge_2_1,19.69,2023-01-01T15:10:00
Sensor_Edge_4_1,22.07,2023-01-01T15:10:00
Sensor_Edge_5_1,24.80,2023-01-01T15:10:00
Sensor_Edge_7_1,30.06,2023-01-01T15:10:00
Sensor_Edge_8_1,24.58,2023-01-01T15:10:00
Sensor_Edge_10_1,22.65,2023-01-01T15:10:00
Sensor_Edge_11_1,25.65,2023-01-01T15:10:00
Sensor_Edge_13_1,26.04,2023-01-01T15:10:00
Sensor_Edge_15_1,22.88,2023-01-01T15:10:00
Sensor_Edge_21_1,17.81,2023-01-01T15:10:00
Sensor_Edge_25_1,21.31,2023-01-01T15:10:00
Sensor_Edge_26_1,39.10,2023-01-01T15:10:00
Sensor_Edge_27_1,22.20,2023-01-01T15:10:00
Sensor_Edge_28_1,23.86,2023-01-01T15:10:00
Sensor_Edge_31_1,20.30,2023-01-01T15:10:00
Sensor_Edge_35_1,27.24,2023-01-01T15:10:00
Sensor_Edge_36_1,24.59,2023-01-01T15:10:00
Sensor_Edge_38_1,26.30,2023-01-01T15:10:00
Sensor_Edge_39_1,24.69,2023-01-01T15:10:00
Sensor_Edge_40_1,41.79,2023-01-01T15:10:00
Sensor_Edge_41_1,26.55,2023-01-01T15:10:00
Sensor_Edge_45_1,25.82,2023-01-01T15:10:00
Sensor_Edge_46_1,27.35,2023-01-01T15:10:00
Sensor_Edge_48_1,26.16,2023-01-01T15:10:00
Sensor_Edge_50_1,27.18,2023-01-01T15:10:00
Sensor_Edge_63_1,21.46,2023-01-01T15:10:00
Sensor_Edge_64_1,23.88,2023-01-01T15:10:00
Sensor_Edge_65_1,35.72,2023-01-01T15:10:00
Sensor_Edge_66_1,20.93,2023-01-01T15:10:00
Sensor_Edge_67_1,24.28,2023-01-01T15:10:00
Sensor_Edge_68_1,25.31,2023-01-01T15:10:00
Sensor_Edge_69_1,23.79,2023-01-01T15:10:00
Sensor_Edge_70_1,24.70,2023-01-01T15:10:00
Sensor_Edge_71_1,24.40,2023-01-01T15:10:00
Sensor_Edge_72_1,26.63,2023-01-01T15:10:00
Sensor_Edge_73_1,22.94,2023-01-01T15:10:00
Sensor_Edge_74_1,22.84,2023-01-01T15:10:00
Sensor_Edge_75_1,22.26,2023-01-01T15:10:00
Sensor_Edge_76_1,23.19,2023-01-01T15:10:00
Sensor_Edge_80_1,23.11,2023-01-01T15:10:00
Sensor_Edge_2_1,19.62,2023-01-01T15:15:00
Sensor_Edge_4_1,22.17,2023-01-01T15:15:00
Sensor_Edge_5_1,24.50,2023-01-01T15:15:00
Sensor_Edge_7_1,29.87,2023-01-01T15:15:00
Sensor_Edge_8_1,24.61,2023-01-01T15:15:00
Sensor_Edge_10_1,22.47,2023-01-01T15:15:00
Sensor_Edge_11_1,25.88,2023-01-01T15:15:00
Sensor_Edge_13_1,25.81,2023-01-01T15:15:00
Sensor_Edge_15_1,23.01,2023-01-01T15:15:00
Sensor_Edge_21_1,17.76,2023-01-01T15:15:00
Sensor_Edge_25_1,21.28,2023-01-01T15:15:00
Sensor_Edge_26_1,39.01,2023-01-01T15:15:00
Sensor_Edge_27_1,22.42,2023-01-01T15:15:00
Sensor_Edge_28_1,23.65,2023-01-01T15:15:00
Sensor_Edge_31_1,20.15,2023-01-01T15:15:00
Sensor_Edge_35_1,27.07,2023-01-01T15:15:00
Sensor_Edge_36_1,24.42,2023-01-01T15:15:00
Sensor_Edge_38_1,26.33,2023-01-01T15:15:00
Sensor_Edge_39_1,24.96,2023-01-01T15:15:00
Sensor_Edge_40_1,41.75,2023-01-01T15:15:00
Sensor_Edge_41_1,26.65,2023-01-01T15:15:00
Sensor_Edge_45_1,25.54,2023-01-01T15:15:00
Sensor_Edge_46_1,27.33,2023-01-01T15:15:00
Sensor_Edge_48_1,26.00,2023-01-01T15:15:00
Sensor_Edge_50_1,27.07,2023-01-01T15:15:00
Sensor_Edge_63_1,21.68,2023-01-01T15:15:00
Sensor_Edge_64_1,23.78,2023-01-01T15:15:00
Sensor_Edge_65_1,35.95,2023-01-01T15:15:00
Sensor_Edge_66_1,20.90,2023-01-01T15:15:00
Sensor_Edge_67_1,24.27,2023-01-01T15:15:00
Sensor_Edge_68_1,25.12,2023-01-01T15:15:00
Sensor_Edge_69_1,23.57,2023-01-01T15:15:00
Sensor_Edge_70_1,24.84,2023-01-01T15:15:00
Sensor_Edge_71_1,24.43,2023-01-01T15:15:00
Sensor_Edge_72_1,26.38,2023-01-01T15:15:00
Sensor_Edge_73_1,22.98,2023-01-01T15:15:00
Sensor_Edge_74_1,22.94,2023-01-01T15:15:00
Sensor_Edge_75_1,22.15,2023-01-01T15:15:00
Sensor_Edge_76_1,23.39,2023-01-01T15:15:00
Sensor_Edge_80_1,22.86,2023-01-01T15:15:00
Sensor_Edge_2_1,19.66,2023-01-01T15:20:00
Sensor_Edge_4_1,22.39,2023-01-01T15:20:00
Sensor_Edge_5_1,24.59,2023-01-01T15:20:00
Sensor_Edge_7_1,29.80,2023-01-01T15:20:00
Sensor_Edge_8_1,24.70,2023-01-01T15:20:00
Sensor_Edge_10_1,22.35,2023-01-01T15:20:00
Sensor_Edge_11_1,25.81,2023-01-01T15:20:00
Sensor_Edge_13_1,25.87,2023-01-01T15:20:00
Sensor_Edge_15_1,22.79,2023-01-01T15:20:00
Sensor_Edge_21_1,17.89,2023-01-01T15:20:00
Sensor_Edge_25_1,21.40,2023-01-01T15:20:00
Sensor_Edge_26_1,39.02,2023-01-01T15:20:00
Sensor_Edge_27_1,22.25,2023-01-01T15:20:00
Sensor_Edge_28_1,23.54,2023-01-01T15:20:00
Sensor_Edge_31_1,20.04,2023-01-01T15:20:00
Sensor_Edge_35_1,27.04,2023-01-01T15:20:00
Sensor_Edge_36_1,24.50,2023-01-01T15:20:00
Sensor_Edge_38_1,26.22,2023-01-01T15:20:00
Sensor_Edge_39_1,24.95,2023-01-01T15:20:00
Sensor_Edge_40_1,41.79,2023-01-01T15:20:00
Sensor_Edge_41_1,26.65,2023-01-01T15:20:00
Sensor_Edge_45_1,25.57,2023-01-01T15:20:00
Sensor_Edge_46_1,27.48,2023-01-01T15:20:00
Sensor_Edge_48_1,25.94,2023-01-01T15:20:00
Sensor_Edge_50_1,27.26,2023-01-01T15:20:00
Sensor_Edge_63_1,21.88,2023-01-01T15:20:00
Sensor_Edge_64_1,23.76,2023-01-01T15:20:00
Sensor_Edge_65_1,36.03,2023-01-01T15:20:00
Sensor_Edge_66_1,20.74,2023-01-01T15:20:00
Sensor_Edge_67_1,24.22,2023-01-01T15:20:00
Sensor_Edge_68_1,24.94,2023-01-01T15:20:00
Sensor_Edge_69_1,23.82,2023-01-01T15:20:00
Sensor_Edge_70_1,24.67,2023-01-01T15:20:00
Sensor_Edge_71_1,24.29,2023-01-01T15:20:00
Sensor_Edge_72_1,26.31,2023-01-01T15:20:00
Sensor_Edge_73_1,22.89,2023-01-01T15:20:00
Sensor_Edge_74_1,23.05,2023-01-01T15:20:00
Sensor_Edge_75_1,22.30,2023-01-01T15:20:00
Sensor_Edge_76_1,23.37,2023-01-01T15:20:00
Sensor_Edge_80_1,23.06,2023-01-01T15:20:00
Sensor_Edge_2_1,19.50,2023-01-01T15:25:00
Sensor_Edge_4_1,22.03,2023-01-01T15:25:00
Sensor_Edge_5_1,24.65,2023-01-01T15:25:00
Sensor_Edge_7_1,29.57,2023-01-01T15:25:00
Sensor_Edge_8_1,24.88,2023-01-01T15:25:00
Sensor_Edge_10_1,22.58,2023-01-01T15:25:00
Sensor_Edge_11_1,26.02,2023-01-01T15:25:00
Sensor_Edge_13_1,25.86,2023-01-01T15:25:00
Sensor_Edge_15_1,22.96,2023-01-01T15:25:00
Sensor_Edge_21_1,17.68,2023-01-01T15:25:00
Sensor_Edge_25_1,21.53,2023-01-01T15:25:00
Sensor_Edge_26_1,38.80,2023-01-01T15:25:00
Sensor_Edge_27_1,22.08,2023-01-01T15:25:00
Sensor_Edge_28_1,23.74,2023-01-01T15:25:00
Sensor_Edge_31_1,19.96,2023-01-01T15:25:00
Sensor_Edge_35_1,27.09,2023-01-01T15:25:00
Sensor_Edge_36_1,24.74,2023-01-01T15:25:00
Sensor_Edge_38_1,26.37,2023-01-01T15:25:00
Sensor_Edge_39_1,24.91,2023-01-01T15:25:00
Sensor_Edge_40_1,41.67,2023-01-01T15:25:00
Sensor_Edge_41_1,26.45,2023-01-01T15:25:00
Sensor_Edge_45_1,25.61,2023-01-01T15:25:00
Sensor_Edge_46_1,27.58,2023-01-01T15:25:00
Sensor_Edge_48_1,25.79,2023-01-01T15:25:00
Sensor_Edge_50_1,27.15,2023-01-01T15:25:00
Sensor_Edge_63_1,22.01,2023-01-01T15:25:00
Sensor_Edge_64_1,23.69,2023-01-01T15:25:00
Sensor_Edge_65_1,35.75,2023-01-01T15:25:00
Sensor_Edge_66_1,20.88,2023-01-01T15:25:00
Sensor_Edge_67_1,24.13,2023-01-01T15:25:00
Sensor_Edge_68_1,25.13,2023-01-01T15:25:00
Sensor_Edge_69_1,23.64,2023-01-01T15:25:00
Sensor_Edge_70_1,24.74,2023-01-01T15:25:00
Sensor_Edge_71_1,24.50,2023-01-01T15:25:00
Sensor_Edge_72_1,26.14,2023-01-01T15:25:00
Sensor_Edge_73_1,22.78,2023-01-01T15:25:00
Sensor_Edge_74_1,23.15,2023-01-01T15:25:00
Sensor_Edge_75_1,22.34,2023-01-01T15:25:00
Sensor_Edge_76_1,23.30,2023-01-01T15:25:00
Sensor_Edge_80_1,23.29,2023-01-01T15:25:00
Sensor_Edge_2_1,19.33,2023-01-01T15:30:00
Sensor_Edge_4_1,21.56,2023-01-01T15:30:00
Sensor_Edge_5_1,24.64,2023-01-01T15:30:00
Sensor_Edge_7_1,29.63,2023-01-01T15:30:00
Sensor_Edge_8_1,24.65,2023-01-01T15:30:00
Sensor_Edge_10_1,22.73,2023-01-01T15:30:00
Sensor_Edge_11_1,26.00,2023-01-01T15:30:00
Sensor_Edge_13_1,25.67,2023-01-01T15:30:00
Sensor_Edge_15_1,23.09,2023-01-01T15:30:00
Sensor_Edge_21_1,17.81,2023-01-01T15:30:00
Sensor_Edge_25_1,21.29,2023-01-01T15:30:00
Sensor_Edge_26_1,38.89,2023-01-01T15:30:00
Sensor_Edge_27_1,22.19,2023-01-01T15:30:00
Sensor_Edge_28_1,23.66,2023-01-01T15:30:00
Sensor_Edge_31_1,20.09,2023-01-01T15:30:00
Sensor_Edge_35_1,27.11,2023-01-01T15:30:00
Sensor_Edge_36_1,24.72,2023-01-01T15:30:00
Sensor_Edge_38_1,26.37,2023-01-01T15:30:00
Sensor_Edge_39_1,27.94,2023-01-01T15:30:00
Sensor_Edge_40_1,41.80,2023-01-01T15:30:00
Sensor_Edge_41_1,26.35,2023-01-01T15:30:00
Sensor_Edge_45_1,25.73,2023-01-01T15:30:00
Sensor_Edge_46_1,27.40,2023-01-01T15:30:00
Sensor_Edge_48_1,25.66,2023-01-01T15:30:00
Sensor_Edge_50_1,27.27,2023-01-01T15:30:00
Sensor_Edge_63_1,21.80,2023-01-01T15:30:00
Sensor_Edge_64_1,23.58,2023-01-01T15:30:00
Sensor_Edge_65_1,35.67,2023-01-01T15:30:00
Sensor_Edge_66_1,21.05,2023-01-01T15:30:00
Sensor_Edge_67_1,24.30,2023-01-01T15:30:00
Sensor_Edge_68_1,24.92,2023-01-01T15:30:00
Sensor_Edge_69_1,23.66,2023-01-01T15:30:00
Sensor_Edge_70_1,24.96,2023-01-01T15:30:00
Sensor_Edge_71_1,24.71,2023-01-01T15:30:00
Sensor_Edge_72_1,25.87,2023-01-01T15:30:00
Sensor_Edge_73_1,22.83,2023-01-01T15:30:00
Sensor_Edge_74_1,23.00,2023-01-01T15:30:00
Sensor_Edge_75_1,22.29,2023-01-01T15:30:00
Sensor_Edge_76_1,23.07,2023-01-01T15:30:00
Sensor_Edge_80_1,23.21,2023-01-01T15:30:00
Sensor_Edge_2_1,19.22,2023-01-01T15:35:00
Sensor_Edge_4_1,20.95,2023-01-01T15:35:00
Sensor_Edge_5_1,24.53,2023-01-01T15:35:00
Sensor_Edge_7_1,29.75,2023-01-01T15:35:00
Sensor_Edge_8_1,24.59,2023-01-01T15:35:00
Sensor_Edge_10_1,22.61,2023-01-01T15:35:00
Sensor_Edge_11_1,25.79,2023-01-01T15:35:00
Sensor_Edge_13_1,25.71,2023-01-01T15:35:00
Sensor_Edge_15_1,23.04,2023-01-01T15:35:00
Sensor_Edge_21_1,18.05,2023-01-01T15:35:00
Sensor_Edge_25_1,21.37,2023-01-01T15:35:00
Sensor_Edge_26_1,38.64,2023-01-01T15:35:00
Sensor_Edge_27_1,22.41,2023-01-01T15:35:00
Sensor_Edge_28_1,23.68,2023-01-01T15:35:00
Sensor_Edge_31_1,20.18,2023-01-01T15:35:00
Sensor_Edge_35_1,27.08,2023-01-01T15:35:00
Sensor_Edge_36_1,24.76,2023-01-01T15:35:00
Sensor_Edge_38_1,26.32,2023-01-01T15:35:00
Sensor_Edge_39_1,30.98,2023-01-01T15:35:00
Sensor_Edge_40_1,41.64,2023-01-01T15:35:00
Sensor_Edge_41_1,26.35,2023-01-01T15:35:00
Sensor_Edge_45_1,25.94,2023-01-01T15:35:00
Sensor_Edge_46_1,27.28,2023-01-01T15:35:00
Sensor_Edge_48_1,25.55,2023-01-01T15:35:00
Sensor_Edge_50_1,27.38,2023-01-01T15:35:00
Sensor_Edge_63_1,22.02,2023-01-01T15:35:00
Sensor_Edge_64_1,23.43,2023-01-01T15:35:00
Sensor_Edge_65_1,35.75,2023-01-01T15:35:00
Sensor_Edge_66_1,21.01,2023-01-01T15:35:00
Sensor_Edge_67_1,24.19,2023-01-01T15:35:00
Sensor_Edge_68_1,24.88,2023-01-01T15:35:00
Sensor_Edge_69_1,23.66,2023-01-01T15:35:00
Sensor_Edge_70_1,25.06,2023-01-01T15:35:00
Sensor_Edge_71_1,24.90,2023-01-01T15:35:00
Sensor_Edge_72_1,26.06,2023-01-01T15:35:00
Sensor_Edge_73_1,22.70,2023-01-01T15:35:00
Sensor_Edge_74_1,22.91,2023-01-01T15:35:00
Sensor_Edge_75_1,22.41,2023-01-01T15:35:00
Sensor_Edge_76_1,23.25,2023-01-01T15:35:00
Sensor_Edge_80_1,23.09,2023-01-01T15:35:00
Sensor_Edge_2_1,19.10,2023-01-01T15:40:00
Sensor_Edge_4_1,20.32,2023-01-01T15:40:00
Sensor_Edge_5_1,24.48,2023-01-01T15:40:00
Sensor_Edge_7_1,29.87,2023-01-01T15:40:00
Sensor_Edge_8_1,24.61,2023-01-01T15:40:00
Sensor_Edge_10_1,22.43,2023-01-01T15:40:00
Sensor_Edge_11_1,25.88,2023-01-01T15:40:00
Sensor_Edge_13_1,25.73,2023-01-01T15:40:00
Sensor_Edge_15_1,22.86,2023-01-01T15:40:00
Sensor_Edge_21_1,17.87,2023-01-01T15:40:00
Sensor_Edge_25_1,21.26,2023-01-01T15:40:00
Sensor_Edge_26_1,38.59,2023-01-01T15:40:00
Sensor_Edge_27_1,22.20,2023-01-01T15:40:00
Sensor_Edge_28_1,23.91,2023-01-01T15:40:00
Sensor_Edge_31_1,20.27,2023-01-01T15:40:00
Sensor_Edge_35_1,26.98,2023-01-01T15:40:00
Sensor_Edge_36_1,24.76,2023-01-01T15:40:00
Sensor_Edge_38_1,26.27,2023-01-01T15:40:00
Sensor_Edge_39_1,34.01,2023-01-01T15:40:00
Sensor_Edge_40_1,41.47,2023-01-01T15:40:00
Sensor_Edge_41_1,26.51,2023-01-01T15:40:00
Sensor_Edge_45_1,26.04,2023-01-01T15:40:00
Sensor_Edge_46_1,27.42,2023-01-01T15:40:00
Sensor_Edge_48_1,25.73,2023-01-01T15:40:00
Sensor_Edge_50_1,27.34,2023-01-01T15:40:00
Sensor_Edge_63_1,22.07,2023-01-01T15:40:00
Sensor_Edge_64_1,23.66,2023-01-01T15:40:00
Sensor_Edge_65_1,35.87,2023-01-01T15:40:00
Sensor_Edge_66_1,21.09,2023-01-01T15:40:00
Sensor_Edge_67_1,24.28,2023-01-01T15:40:00
Sensor_Edge_68_1,25.07,2023-01-01T15:40:00
Sensor_Edge_69_1,23.53,2023-01-01T15:40:00
Sensor_Edge_70_1,25.26,2023-01-01T15:40:00
Sensor_Edge_71_1,24.60,2023-01-01T15:40:00
Sensor_Edge_72_1,25.88,2023-01-01T15:40:00
Sensor_Edge_73_1,22.49,2023-01-01T15:40:00
Sensor_Edge_74_1,22.81,2023-01-01T15:40:00
Sensor_Edge_75_1,22.32,2023-01-01T15:40:00
Sensor_Edge_76_1,23.05,2023-01-01T15:40:00
Sensor_Edge_80_1,23.04,2023-01-01T15:40:00
Sensor_Edge_2_1,19.37,2023-01-01T15:45:00
Sensor_Edge_4_1,19.90,2023-01-01T15:45:00
Sensor_Edge_5_1,24.46,2023-01-01T15:45:00
Sensor_Edge_7_1,29.99,2023-01-01T15:45:00
Sensor_Edge_8_1,24.36,2023-01-01T15:45:00
Sensor_Edge_10_1,22.37,2023-01-01T15:45:00
Sensor_Edge_11_1,25.83,2023-01-01T15:45:00
Sensor_Edge_13_1,25.80,2023-01-01T15:45:00
Sensor_Edge_15_1,22.96,2023-01-01T15:45:00
Sensor_Edge_21_1,17.69,2023-01-01T15:45:00
Sensor_Edge_25_1,21.17,2023-01-01T15:45:00
Sensor_Edge_26_1,38.51,2023-01-01T15:45:00
Sensor_Edge_27_1,22.04,2023-01-01T15:45:00
Sensor_Edge_28_1,23.70,2023-01-01T15:45:00
Sensor_Edge_31_1,20.51,2023-01-01T15:45:00
Sensor_Edge_35_1,27.04,2023-01-01T15:45:00
Sensor_Edge_36_1,24.58,2023-01-01T15:45:00
Sensor_Edge_38_1,26.27,2023-01-01T15:45:00
Sensor_Edge_39_1,37.05,2023-01-01T15:45:00
Sensor_Edge_40_1,41.27,2023-01-01T15:45:00
Sensor_Edge_41_1,26.57,2023-01-01T15:45:00
Sensor_Edge_45_1,25.82,2023-01-01T15:45:00
Sensor_Edge_46_1,27.23,2023-01-01T15:45:00
Sensor_Edge_48_1,25.69,2023-01-01T15:45:00
Sensor_Edge_50_1,27.55,2023-01-01T15:45:00
Sensor_Edge_63_1,21.82,2023-01-01T15:45:00
Sensor_Edge_64_1,23.68,2023-01-01T15:45:00
Sensor_Edge_65_1,35.99,2023-01-01T15:45:00
Sensor_Edge_66_1,21.23,2023-01-01T15:45:00
Sensor_Edge_67_1,24.25,2023-01-01T15:45:00
Sensor_Edge_68_1,25.20,2023-01-01T15:45:00
Sensor_Edge_69_1,23.50,2023-01-01T15:45:00
Sensor_Edge_70_1,25.03,2023-01-01T15:45:00
Sensor_Edge_71_1,24.53,2023-01-01T15:45:00
Sensor_Edge_72_1,25.89,2023-01-01T15:45:00
Sensor_Edge_73_1,22.48,2023-01-01T15:45:00
Sensor_Edge_74_1,23.01,2023-01-01T15:45:00
Sensor_Edge_75_1,22.55,2023-01-01T15:45:00
Sensor_Edge_76_1,23.15,2023-01-01T15:45:00
Sensor_Edge_80_1,22.84,2023-01-01T15:45:00
Sensor_Edge_2_1,19.54,2023-01-01T15:50:00
Sensor_Edge_4_1,19.31,2023-01-01T15:50:00
Sensor_Edge_5_1,24.19,2023-01-01T15:50:00
Sensor_Edge_7_1,30.09,2023-01-01T15:50:00
Sensor_Edge_8_1,24.46,2023-01-01T15:50:00
Sensor_Edge_10_1,22.35,2023-01-01T15:50:00
Sensor_Edge_11_1,26.08,2023-01-01T15:50:00
Sensor_Edge_13_1,25.56,2023-01-01T15:50:00
Sensor_Edge_15_1,22.70,2023-01-01T15:50:00
Sensor_Edge_21_1,17.51,2023-01-01T15:50:00
Sensor_Edge_25_1,21.10,2023-01-01T15:50:00
Sensor_Edge_26_1,38.70,2023-01-01T15:50:00
Sensor_Edge_27_1,21.84,2023-01-01T15:50:00
Sensor_Edge_28_1,23.51,2023-01-01T15:50:00
Sensor_Edge_31_1,20.71,2023-01-01T15:50:00
Sensor_Edge_35_1,26.83,2023-01-01T15:50:00
Sensor_Edge_36_1,24.54,2023-01-01T15:50:00
Sensor_Edge_38_1,26.44,2023-01-01T15:50:00
Sensor_Edge_39_1,34.79,2023-01-01T15:50:00
Sensor_Edge_40_1,41.50,2023-01-01T15:50:00
Sensor_Edge_41_1,26.64,2023-01-01T15:50:00
Sensor_Edge_45_1,25.69,2023-01-01T15:50:00
Sensor_Edge_46_1,27.27,2023-01-01T15:50:00
Sensor_Edge_48_1,25.70,2023-01-01T15:50:00
Sensor_Edge_50_1,27.45,2023-01-01T15:50:00
Sensor_Edge_63_1,22.03,2023-01-01T15:50:00
Sensor_Edge_64_1,23.53,2023-01-01T15:50:00
Sensor_Edge_65_1,35.89,2023-01-01T15:50:00
Sensor_Edge_66_1,21.18,2023-01-01T15:50:00
Sensor_Edge_67_1,24.18,2023-01-01T15:50:00
Sensor_Edge_68_1,25.42,2023-01-01T15:50:00
Sensor_Edge_69_1,23.41,2023-01-01T15:50:00
Sensor_Edge_70_1,24.99,2023-01-01T15:50:00
Sensor_Edge_71_1,24.62,2023-01-01T15:50:00
Sensor_Edge_72_1,25.87,2023-01-01T15:50:00
Sensor_Edge_73_1,22.51,2023-01-01T15:50:00
Sensor_Edge_74_1,22.96,2023-01-01T15:50:00
Sensor_Edge_75_1,22.57,2023-01-01T15:50:00
Sensor_Edge_76_1,23.03,2023-01-01T15:50:00
Sensor_Edge_80_1,22.72,2023-01-01T15:50:00
Sensor_Edge_2_1,19.41,2023-01-01T15:55:00
Sensor_Edge_4_1,19.22,2023-01-01T15:55:00
Sensor_Edge_5_1,24.38,2023-01-01T15:55:00
Sensor_Edge_7_1,29.90,2023-01-01T15:55:00
Sensor_Edge_8_1,24.42,2023-01-01T15:55:00
Sensor_Edge_10_1,22.48,2023-01-01T15:55:00
Sensor_Edge_11_1,25.96,2023-01-01T15:55:00
Sensor_Edge_13_1,25.35,2023-01-01T15:55:00
Sensor_Edge_15_1,22.77,2023-01-01T15:55:00
Sensor_Edge_21_1,17.32,2023-01-01T15:55:00
Sensor_Edge_25_1,20.88,2023-01-01T15:55:00
Sensor_Edge_26_1,38.67,2023-01-01T15:55:00
Sensor_Edge_27_1,21.99,2023-01-01T15:55:00
Sensor_Edge_28_1,23.35,2023-01-01T15:55:00
Sensor_Edge_31_1,20.89,2023-01-01T15:55:00
Sensor_Edge_35_1,26.89,2023-01-01T15:55:00
Sensor_Edge_36_1,24.78,2023-01-01T15:55:00
Sensor_Edge_38_1,26.52,2023-01-01T15:55:00
Sensor_Edge_39_1,32.87,2023-01-01T15:55:00
Sensor_Edge_40_1,41.60,2023-01-01T15:55:00
Sensor_Edge_41_1,26.39,2023-01-01T15:55:00
Sensor_Edge_45_1,25.45,2023-01-01T15:55:00
Sensor_Edge_46_1,27.13,2023-01-01T15:55:00
Sensor_Edge_48_1,25.84,2023-01-01T15:55:00
Sensor_Edge_50_1,27.66,2023-01-01T15:55:00
Sensor_Edge_63_1,21.83,2023-01-01T15:55:00
Sensor_Edge_64_1,23.73,2023-01-01T15:55:00
Sensor_Edge_65_1,35.71,2023-01-01T15:55:00
Sensor_Edge_66_1,21.16,2023-01-01T15:55:00
Sensor_Edge_67_1,24.33,2023-01-01T15:55:00
Sensor_Edge_68_1,25.18,2023-01-01T15:55:00
Sensor_Edge_69_1,23.64,2023-01-01T15:55:00
Sensor_Edge_70_1,30.93,2023-01-01T15:55:00
Sensor_Edge_71_1,24.59,2023-01-01T15:55:00
Sensor_Edge_72_1,25.72,2023-01-01T15:55:00
Sensor_Edge_73_1,22.47,2023-01-01T15:55:00
Sensor_Edge_74_1,22.93,2023-01-01T15:55:00
Sensor_Edge_75_1,22.64,2023-01-01T15:55:00
Sensor_Edge_76_1,22.90,2023-01-01T15:55:00
Sensor_Edge_80_1,22.78,2023-01-01T15:55:00
Sensor_Edge_2_1,19.48,2023-01-01T16:00:00
Sensor_Edge_4_1,18.91,2023-01-01T16:00:00
Sensor_Edge_5_1,24.59,2023-01-01T16:00:00
Sensor_Edge_7_1,29.75,2023-01-01T16:00:00
Sensor_Edge_8_1,24.47,2023-01-01T16:00:00
Sensor_Edge_10_1,22.56,2023-01-01T16:00:00
Sensor_Edge_11_1,25.99,2023-01-01T16:00:00
Sensor_Edge_13_1,25.48,2023-01-01T16:00:00
Sensor_Edge_15_1,22.69,2023-01-01T16:00:00
Sensor_Edge_21_1,17.52,2023-01-01T16:00:00
Sensor_Edge_25_1,20.80,2023-01-01T16:00:00
Sensor_Edge_26_1,38.61,2023-01-01T16:00:00
Sensor_Edge_27_1,21.89,2023-01-01T16:00:00
Sensor_Edge_28_1,23.32,2023-01-01T16:00:00
Sensor_Edge_31_1,20.99,2023-01-01T16:00:00
Sensor_Edge_35_1,26.73,2023-01-01T16:00:00
Sensor_Edge_36_1,24.98,2023-01-01T16:00:00
Sensor_Edge_38_1,26.23,2023-01-01T16:00:00
Sensor_Edge_39_1,31.18,2023-01-01T16:00:00
Sensor_Edge_40_1,41.67,2023-01-01T16:00:00
Sensor_Edge_41_1,26.18,2023-01-01T16:00:00
Sensor_Edge_45_1,25.64,2023-01-01T16:00:00
Sensor_Edge_46_1,27.26,2023-01-01T16:00:00
Sensor_Edge_48_1,25.88,2023-01-01T16:00:00
Sensor_Edge_50_1,27.80,2023-01-01T16:00:00
Sensor_Edge_63_1,21.64,2023-01-01T16:00:00
Sensor_Edge_64_1,23.64,2023-01-01T16:00:00
Sensor_Edge_65_1,35.86,2023-01-01T16:00:00
Sensor_Edge_66_1,21.17,2023-01-01T16:00:00
Sensor_Edge_67_1,24.62,2023-01-01T16:00:00
Sensor_Edge_68_1,25.13,2023-01-01T16:00:00
Sensor_Edge_69_1,23.65,2023-01-01T16:00:00
Sensor_Edge_70_1,36.87,2023-01-01T16:00:00
Sensor_Edge_71_1,24.78,2023-01-01T16:00:00
Sensor_Edge_72_1,25.72,2023-01-01T16:00:00
Sensor_Edge_73_1,22.25,2023-01-01T16:00:00
Sensor_Edge_74_1,22.80,2023-01-01T16:00:00
Sensor_Edge_75_1,22.73,2023-01-01T16:00:00
Sensor_Edge_76_1,22.76,2023-01-01T16:00:00
Sensor_Edge_80_1,22.64,2023-01-01T16:00:00
Sensor_Edge_2_1,23.98,2023-01-01T16:05:00
Sensor_Edge_4_1,18.76,2023-01-01T16:05:00
Sensor_Edge_5_1,24.50,2023-01-01T16:05:00
Sensor_Edge_7_1,29.58,2023-01-01T16:05:00
Sensor_Edge_8_1,24.43,2023-01-01T16:05:00
Sensor_Edge_10_1,22.37,2023-01-01T16:05:00
Sensor_Edge_11_1,25.78,2023-01-01T16:05:00
Sensor_Edge_13_1,25.62,2023-01-01T16:05:00
Sensor_Edge_15_1,22.94,2023-01-01T16:05:00
Sensor_Edge_21_1,17.51,2023-01-01T16:05:00
Sensor_Edge_25_1,20.96,2023-01-01T16:05:00
Sensor_Edge_26_1,38.77,2023-01-01T16:05:00
Sensor_Edge_27_1,21.83,2023-01-01T16:05:00
Sensor_Edge_28_1,23.42,2023-01-01T16:05:00
Sensor_Edge_31_1,20.77,2023-01-01T16:05:00
Sensor_Edge_35_1,26.59,2023-01-01T16:05:00
Sensor_Edge_36_1,24.82,2023-01-01T16:05:00
Sensor_Edge_38_1,26.40,2023-01-01T16:05:00
Sensor_Edge_39_1,30.20,2023-01-01T16:05:00
Sensor_Edge_40_1,41.85,2023-01-01T16:05:00
Sensor_Edge_41_1,26.23,2023-01-01T16:05:00
Sensor_Edge_45_1,25.77,2023-01-01T16:05:00
Sensor_Edge_46_1,27.18,2023-01-01T16:05:00
Sensor_Edge_48_1,25.87,2023-01-01T16:05:00
Sensor_Edge_50_1,27.69,2023-01-01T16:05:00
Sensor_Edge_63_1,21.66,2023-01-01T16:05:00
Sensor_Edge_64_1,23.60,2023-01-01T16:05:00
Sensor_Edge_65_1,35.85,2023-01-01T16:05:00
Sensor_Edge_66_1,21.19,2023-01-01T16:05:00
Sensor_Edge_67_1,24.90,2023-01-01T16:05:00
Sensor_Edge_68_1,25.27,2023-01-01T16:05:00
Sensor_Edge_69_1,23.49,2023-01-01T16:05:00
Sensor_Edge_70_1,42.81,2023-01-01T16:05:00
Sensor_Edge_71_1,24.93,2023-01-01T16:05:00
Sensor_Edge_72_1,25.56,2023-01-01T16:05:00
Sensor_Edge_73_1,22.12,2023-01-01T16:05:00
Sensor_Edge_74_1,22.96,2023-01-01T16:05:00
Sensor_Edge_75_1,22.74,2023-01-01T16:05:00
Sensor_Edge_76_1,22.98,2023-01-01T16:05:00
Sensor_Edge_80_1,22.67,2023-01-01T16:05:00
Sensor_Edge_2_1,28.47,2023-01-01T16:10:00
Sensor_Edge_4_1,18.70,2023-01-01T16:10:00
Sensor_Edge_5_1,24.58,2023-01-01T16:10:00
Sensor_Edge_7_1,29.62,2023-01-01T16:10:00
Sensor_Edge_8_1,24.45,2023-01-01T16:10:00
Sensor_Edge_10_1,22.44,2023-01-01T16:10:00
Sensor_Edge_11_1,25.67,2023-01-01T16:10:00
Sensor_Edge_13_1,25.51,2023-01-01T16:10:00
Sensor_Edge_15_1,22.92,2023-01-01T16:10:00
Sensor_Edge_21_1,17.32,2023-01-01T16:10:00
Sensor_Edge_25_1,21.19,2023-01-01T16:10:00
Sensor_Edge_26_1,38.74,2023-01-01T16:10:00
Sensor_Edge_27_1,21.88,2023-01-01T16:10:00
Sensor_Edge_28_1,23.48,2023-01-01T16:10:00
Sensor_Edge_31_1,20.61,2023-01-01T16:10:00
Sensor_Edge_35_1,26.68,2023-01-01T16:10:00
Sensor_Edge_36_1,24.92,2023-01-01T16:10:00
Sensor_Edge_38_1,26.29,2023-01-01T16:10:00
Sensor_Edge_39_1,29.22,2023-01-01T16:10:00
Sensor_Edge_40_1,42.03,2023-01-01T16:10:00
Sensor_Edge_41_1,26.36,2023-01-01T16:10:00
Sensor_Edge_45_1,25.53,2023-01-01T16:10:00
Sensor_Edge_46_1,27.21,2023-01-01T16:10:00
Sensor_Edge_48_1,25.99,2023-01-01T16:10:00
Sensor_Edge_50_1,27.73,2023-01-01T16:10:00
Sensor_Edge_63_1,21.63,2023-01-01T16:10:00
Sensor_Edge_64_1,23.56,2023-01-01T16:10:00
Sensor_Edge_65_1,36.01,2023-01-01T16:10:00
Sensor_Edge_66_1,21.02,2023-01-01T16:10:00
Sensor_Edge_67_1,24.72,2023-01-01T16:10:00
Sensor_Edge_68_1,25.07,2023-01-01T16:10:00
Sensor_Edge_69_1,23.76,2023-01-01T16:10:00
Sensor_Edge_70_1,39.27,2023-01-01T16:10:00
Sensor_Edge_71_1,25.03,2023-01-01T16:10:00
Sensor_Edge_72_1,25.36,2023-01-01T16:10:00
Sensor_Edge_73_1,22.11,2023-01-01T16:10:00
Sensor_Edge_74_1,23.17,2023-01-01T16:10:00
Sensor_Edge_75_1,22.88,2023-01-01T16:10:00
Sensor_Edge_76_1,22.95,2023-01-01T16:10:00
Sensor_Edge_80_1,22.86,2023-01-01T16:10:00
Sensor_Edge_2_1,32.96,2023-01-01T16:15:00
Sensor_Edge_4_1,18.64,2023-01-01T16:15:00
Sensor_Edge_5_1,24.35,2023-01-01T16:15:00
Sensor_Edge_7_1,29.41,2023-01-01T16:15:00
Sensor_Edge_8_1,24.36,2023-01-01T16:15:00
Sensor_Edge_10_1,22.59,2023-01-01T16:15:00
Sensor_Edge_11_1,25.90,2023-01-01T16:15:00
Sensor_Edge_13_1,25.69,2023-01-01T16:15:00
Sensor_Edge_15_1,23.08,2023-01-01T16:15:00
Sensor_Edge_21_1,17.13,2023-01-01T16:15:00
Sensor_Edge_25_1,21.16,2023-01-01T16:15:00
Sensor_Edge_26_1,38.74,2023-01-01T16:15:00
Sensor_Edge_27_1,21.77,2023-01-01T16:15:00
Sensor_Edge_28_1,23.45,2023-01-01T16:15:00
Sensor_Edge_31_1,20.69,2023-01-01T16:15:00
Sensor_Edge_35_1,26.61,2023-01-01T16:15:00
Sensor_Edge_36_1,25.10,2023-01-01T16:15:00
Sensor_Edge_38_1,26.32,2023-01-01T16:15:00
Sensor_Edge_39_1,28.67,2023-01-01T16:15:00
Sensor_Edge_40_1,41.83,2023-01-01T16:15:00
Sensor_Edge_41_1,26.47,2023-01-01T16:15:00
Sensor_Edge_45_1,25.47,2023-01-01T16:15:00
Sensor_Edge_46_1,27.19,2023-01-01T16:15:00
Sensor_Edge_48_1,25.74,2023-01-01T16:15:00
Sensor_Edge_50_1,27.73,2023-01-01T16:15:00
Sensor_Edge_63_1,21.54,2023-01-01T16:15:00
Sensor_Edge_64_1,23.44,2023-01-01T16:15:00
Sensor_Edge_65_1,36.18,2023-01-01T16:15:00
Sensor_Edge_66_1,20.89,2023-01-01T16:15:00
Sensor_Edge_67_1,24.68,2023-01-01T16:15:00
Sensor_Edge_68_1,25.18,2023-01-01T16:15:00
Sensor_Edge_69_1,23.90,2023-01-01T16:15:00
Sensor_Edge_70_1,36.12,2023-01-01T16:15:00
Sensor_Edge_71_1,24.83,2023-01-01T16:15:00
Sensor_Edge_72_1,25.20,2023-01-01T16:15:00
Sensor_Edge_73_1,22.36,2023-01-01T16:15:00
Sensor_Edge_74_1,23.08,2023-01-01T16:15:00
Sensor_Edge_75_1,23.06,2023-01-01T16:15:00
Sensor_Edge_76_1,23.20,2023-01-01T16:15:00
Sensor_Edge_80_1,22.89,2023-01-01T16:15:00
