element_id,seam_id,x,y,z,elevation,thickness,ash,sulfur,calorific_value,gas_content,water_content,confidence
CELL_0_0,0_24,-200,-87.587,-200,-87.587,,,,,,,0
CELL_0_1,0_24,-192,-87.345,-200,-87.345,113.663,16.81,0.89,27.8,11.61,7.58,1
CELL_0_2,0_24,-184,-87.753,-200,-87.753,113.247,16.93,0.9,27.74,11.6,7.66,1
CELL_0_3,0_24,-176,-88.219,-200,-88.219,113.129,16.99,0.9,27.71,11.6,7.7,1
CELL_0_4,0_24,-168,-88.652,-200,-88.652,113.129,16.99,0.9,27.71,11.6,7.69,1
CELL_0_5,0_24,-160,-88.94,-200,-88.94,113.026,16.92,0.9,27.75,11.61,7.65,1
CELL_0_6,0_24,-152,-88.825,-200,-88.825,112.298,16.78,0.89,27.81,11.62,7.56,1
CELL_0_7,0_24,-144,-86.432,-200,-86.432,107.185,16.58,0.88,27.91,11.63,7.43,1
CELL_0_8,0_24,-136,-82.396,-200,-82.396,98.943,16.32,0.87,28.03,11.65,7.26,1
CELL_0_9,0_24,-128,-79.236,-200,-79.236,92.593,16.01,0.86,28.17,11.67,7.06,1
CELL_0_10,0_24,-120,-80.249,-200,-80.249,94.708,15.65,0.85,28.34,11.69,6.83,1
CELL_0_11,0_24,-112,-82.126,-200,-82.126,98.652,15.24,0.83,28.53,11.72,6.57,1
CELL_0_12,0_24,-104,-82.05,-200,-82.05,98.77,14.81,0.81,28.73,11.76,6.29,1
CELL_0_13,0_24,-96,-81.686,-200,-81.686,98.37,14.35,0.8,28.95,11.79,6,1
CELL_0_14,0_24,-88,-81.374,-200,-81.374,98.11,13.87,0.78,29.17,11.83,5.69,1
CELL_0_15,0_24,-80,-81.166,-200,-81.166,98.078,13.39,0.76,29.39,11.88,5.38,1
CELL_0_16,0_24,-72,-80.846,-200,-80.846,97.823,12.91,0.75,29.62,11.92,5.07,1
CELL_0_17,0_24,-64,-79.177,-200,-79.177,94.856,12.44,0.74,29.83,11.97,4.77,1
CELL_0_18,0_24,-56,-77.876,-200,-77.876,92.594,11.99,0.72,30.04,12.03,4.48,1
CELL_0_19,0_24,-48,-79.198,-200,-79.198,95.536,11.57,0.72,30.23,12.08,4.21,1
CELL_0_20,0_24,-40,-82.288,-200,-82.288,101.963,11.19,0.71,30.4,12.14,3.96,1
CELL_0_21,0_24,-32,-85.94,-200,-85.94,109.454,10.85,0.71,30.56,12.2,3.74,1
CELL_0_22,0_24,-24,-86.643,-200,-86.643,110.978,10.56,0.72,30.68,12.27,3.56,1
CELL_0_23,0_24,-16,-86.463,-200,-86.463,110.666,10.32,0.72,30.78,12.33,3.41,1
CELL_0_24,0_24,-8,-86.297,-200,-86.297,110.305,10.15,0.74,30.85,12.4,3.3,1
CELL_0_25,0_24,0,-86.172,-200,-86.172,109.951,10.04,0.75,30.89,12.47,3.23,1
CELL_0_26,0_24,8,-86.115,-200,-86.115,109.659,10,0.78,30.9,12.55,3.2,1
CELL_0_27,0_24,16,-86.512,-200,-86.512,110.205,10.02,0.8,30.87,12.62,3.22,1
CELL_0_28,0_24,24,-92.073,-200,-92.073,121.015,10.12,0.83,30.81,12.7,3.27,1
CELL_0_29,0_24,32,-98.528,-200,-98.528,133.561,10.27,0.87,30.72,12.77,3.37,1
CELL_0_30,0_24,40,-99.965,-200,-99.965,136.026,10.49,0.91,30.61,12.85,3.51,1
CELL_0_31,0_24,48,-100.264,-200,-100.264,136.188,10.76,0.96,30.46,12.93,3.69,1
CELL_0_32,0_24,56,-100.632,-200,-100.632,136.475,11.09,1,30.29,13.01,3.9,1
CELL_0_33,0_24,64,-100.486,-200,-100.486,135.741,11.46,1.06,30.09,13.09,4.14,1
CELL_0_34,0_24,72,-96.045,-200,-96.045,126.441,11.87,1.11,29.88,13.17,4.4,1
CELL_0_35,0_24,80,-90.571,-200,-90.571,115.122,12.31,1.17,29.65,13.25,4.69,1
CELL_0_36,0_24,88,-83.942,-200,-83.942,101.56,12.78,1.22,29.41,13.33,4.99,1
CELL_0_37,0_24,96,-79.488,-200,-79.488,92.433,13.26,1.28,29.17,13.41,5.29,1
CELL_0_38,0_24,104,-79.886,-200,-79.886,93.112,13.74,1.34,28.92,13.49,5.61,1
CELL_0_39,0_24,112,-80.28,-200,-80.28,93.901,14.22,1.4,28.67,13.57,5.91,1
CELL_0_40,0_24,120,-81.808,-200,-81.808,97.085,14.69,1.45,28.44,13.65,6.21,1
CELL_0_41,0_24,128,-86.587,-200,-86.587,106.904,15.13,1.51,28.21,13.72,6.5,1
CELL_0_42,0_24,136,-91.841,-200,-91.841,117.807,15.54,1.56,28,13.8,6.76,1
CELL_0_43,0_24,144,-93.602,-200,-93.602,121.852,15.91,1.61,27.8,13.87,7,1
CELL_0_44,0_24,152,-92.964,-200,-92.964,121.214,16.24,1.66,27.63,13.94,7.21,1
CELL_0_45,0_24,160,-92.295,-200,-92.295,120.612,16.51,1.7,27.49,14.01,7.39,1
CELL_0_46,0_24,168,-91.736,-200,-91.736,120.303,16.73,1.74,27.37,14.08,7.53,1
CELL_0_47,0_24,176,-91.321,-200,-91.321,120.326,16.88,1.77,27.28,14.15,7.63,1
CELL_0_48,0_24,184,-91.104,-200,-91.104,120.755,16.98,1.8,27.23,14.21,7.68,1
CELL_0_49,0_24,192,-91.105,-200,-91.105,121.594,17,1.82,27.2,14.27,7.7,1
CELL_0_50,0_24,200,-91.249,-200,-91.249,122.654,16.96,1.84,27.21,14.33,7.67,1
CELL_1_0,0_24,-200,-95.711,-192,-95.711,,,,,,,0
CELL_1_1,0_24,-192,-95.113,-192,-95.113,,,,,,,0
CELL_1_2,0_24,-184,-93.786,-192,-93.786,123.507,16.97,0.91,27.71,11.64,7.68,1
CELL_1_3,0_24,-176,-91.631,-192,-91.631,118.139,17,0.91,27.7,11.62,7.7,1
CELL_1_4,0_24,-168,-89.669,-192,-89.669,113.361,16.96,0.9,27.73,11.61,7.67,1
CELL_1_5,0_24,-160,-89.622,-192,-89.622,112.613,16.85,0.89,27.78,11.6,7.61,1
CELL_1_6,0_24,-152,-89.901,-192,-89.901,112.711,16.69,0.88,27.86,11.6,7.5,1
CELL_1_7,0_24,-144,-90.016,-192,-90.016,112.66,16.46,0.87,27.97,11.6,7.35,1
CELL_1_8,0_24,-136,-89.853,-192,-89.853,112.217,16.17,0.85,28.11,11.6,7.17,1
CELL_1_9,0_24,-128,-86.699,-192,-86.699,105.935,15.83,0.83,28.27,11.61,6.95,1
CELL_1_10,0_24,-120,-83.314,-192,-83.314,99.315,15.45,0.81,28.45,11.62,6.7,1
CELL_1_11,0_24,-112,-82.937,-192,-82.937,98.809,15.03,0.79,28.65,11.64,6.43,1
CELL_1_12,0_24,-104,-82.984,-192,-82.984,99.23,14.58,0.77,28.86,11.66,6.15,1
CELL_1_13,0_24,-96,-82.563,-192,-82.563,98.77,14.11,0.74,29.08,11.68,5.84,1
CELL_1_14,0_24,-88,-82.154,-192,-82.154,98.371,13.63,0.72,29.31,11.71,5.53,1
CELL_1_15,0_24,-80,-81.828,-192,-81.828,98.151,13.15,0.7,29.53,11.74,5.22,1
CELL_1_16,0_24,-72,-81.59,-192,-81.59,98.108,12.67,0.68,29.76,11.78,4.92,1
CELL_1_17,0_24,-64,-80.492,-192,-80.492,96.33,12.21,0.67,29.97,11.82,4.62,1
CELL_1_18,0_24,-56,-78.482,-192,-78.482,92.698,11.78,0.65,30.17,11.86,4.34,1
CELL_1_19,0_24,-48,-78.617,-192,-78.617,93.32,11.37,0.64,30.36,11.91,4.08,1
CELL_1_20,0_24,-40,-81.307,-192,-81.307,99.006,11.01,0.64,30.52,11.95,3.85,1
CELL_1_21,0_24,-32,-85.264,-192,-85.264,107.174,10.69,0.63,30.67,12.01,3.65,1
CELL_1_22,0_24,-24,-87.121,-192,-87.121,111.086,10.43,0.64,30.78,12.06,3.48,1
CELL_1_23,0_24,-16,-86.958,-192,-86.958,110.898,10.23,0.64,30.87,12.12,3.35,1
CELL_1_24,0_24,-8,-86.782,-192,-86.782,110.626,10.09,0.66,30.92,12.18,3.26,1
CELL_1_25,0_24,0,-86.619,-192,-86.619,110.317,10.01,0.67,30.95,12.24,3.21,1
CELL_1_26,0_24,8,-86.487,-192,-86.487,110.012,10,0.69,30.94,12.31,3.2,1
CELL_1_27,0_24,16,-86.402,-192,-86.402,109.747,10.06,0.72,30.9,12.38,3.24,1
CELL_1_28,0_24,24,-88.83,-192,-88.83,114.458,10.19,0.75,30.83,12.45,3.32,1
CELL_1_29,0_24,32,-96.048,-192,-96.048,128.707,10.37,0.79,30.72,12.52,3.44,1
CELL_1_30,0_24,40,-99.863,-192,-99.863,136.118,10.62,0.83,30.59,12.59,3.6,1
CELL_1_31,0_24,48,-100.028,-192,-100.028,136.207,10.92,0.88,30.43,12.67,3.79,1
CELL_1_32,0_24,56,-100.226,-192,-100.226,136.354,11.27,0.92,30.25,12.74,4.02,1
CELL_1_33,0_24,64,-100.419,-192,-100.419,136.498,11.66,0.98,30.05,12.82,4.27,1
CELL_1_34,0_24,72,-97.593,-192,-97.593,130.627,12.09,1.03,29.83,12.9,4.54,1
CELL_1_35,0_24,80,-93.165,-192,-93.165,121.592,12.54,1.09,29.59,12.98,4.84,1
CELL_1_36,0_24,88,-87.51,-192,-87.51,110.163,13.02,1.15,29.35,13.06,5.14,1
CELL_1_37,0_24,96,-80.467,-192,-80.467,96.03,13.5,1.2,29.1,13.14,5.45,1
CELL_1_38,0_24,104,-78.672,-192,-78.672,92.482,13.98,1.26,28.85,13.22,5.76,1
CELL_1_39,0_24,112,-79.012,-192,-79.012,93.309,14.46,1.32,28.61,13.3,6.06,1
CELL_1_40,0_24,120,-79.219,-192,-79.219,93.983,14.91,1.38,28.38,13.38,6.36,1
CELL_1_41,0_24,128,-79.799,-192,-79.799,95.518,15.34,1.43,28.16,13.46,6.63,1
CELL_1_42,0_24,136,-83.293,-192,-83.293,103.001,15.73,1.49,27.95,13.54,6.88,1
CELL_1_43,0_24,144,-87.877,-192,-87.877,112.776,16.08,1.53,27.77,13.62,7.11,1
CELL_1_44,0_24,152,-90.151,-192,-90.151,118.036,16.38,1.58,27.61,13.69,7.3,1
CELL_1_45,0_24,160,-89.857,-192,-89.857,118.244,16.63,1.62,27.48,13.77,7.46,1
CELL_1_46,0_24,168,-89.392,-192,-89.392,118.172,16.81,1.66,27.37,13.84,7.58,1
CELL_1_47,0_24,176,-89.075,-192,-89.075,118.429,16.94,1.69,27.3,13.92,7.66,1
CELL_1_48,0_24,184,-89.013,-192,-89.013,119.199,17,1.72,27.26,13.99,7.7,1
CELL_1_49,0_24,192,-89.158,-192,-89.158,120.35,16.99,1.74,27.25,14.06,7.69,1
CELL_1_50,0_24,200,-89.299,-192,-89.299,121.421,16.91,1.76,27.27,14.12,7.64,1
CELL_2_0,0_24,-200,-102.779,-184,-102.779,126.88,16.81,0.95,27.76,11.79,7.58,1
CELL_2_1,0_24,-192,-102.282,-184,-102.282,123.037,16.93,0.95,27.71,11.76,7.66,1
CELL_2_2,0_24,-184,-102.403,-184,-102.403,,,,,,,0
CELL_2_3,0_24,-176,-102.272,-184,-102.272,137.936,16.99,0.93,27.7,11.69,7.69,1
CELL_2_4,0_24,-168,-101.283,-184,-101.283,135.118,16.92,0.92,27.74,11.67,7.65,1
CELL_2_5,0_24,-160,-98.807,-184,-98.807,129.531,16.78,0.9,27.81,11.65,7.56,1
CELL_2_6,0_24,-152,-95.133,-184,-95.133,121.743,16.58,0.88,27.91,11.63,7.43,1
CELL_2_7,0_24,-144,-91.844,-184,-91.844,114.906,16.32,0.86,28.03,11.62,7.26,1
CELL_2_8,0_24,-136,-90.677,-184,-90.677,112.475,16.01,0.84,28.19,11.61,7.06,1
CELL_2_9,0_24,-128,-90.672,-184,-90.672,112.513,15.65,0.81,28.36,11.6,6.83,1
CELL_2_10,0_24,-120,-90.089,-184,-90.089,111.513,15.24,0.79,28.55,11.6,6.57,1
CELL_2_11,0_24,-112,-87.839,-184,-87.839,107.278,14.81,0.76,28.76,11.6,6.29,1
CELL_2_12,0_24,-104,-85.25,-184,-85.25,102.439,14.35,0.73,28.98,11.61,6,1
CELL_2_13,0_24,-96,-83.495,-184,-83.495,99.321,13.87,0.71,29.21,11.62,5.69,1
CELL_2_14,0_24,-88,-83,-184,-83,98.757,13.39,0.68,29.44,11.63,5.38,1
CELL_2_15,0_24,-80,-82.612,-184,-82.612,98.422,12.91,0.66,29.67,11.65,5.07,1
CELL_2_16,0_24,-72,-82.284,-184,-82.284,98.21,12.44,0.63,29.89,11.68,4.77,1
CELL_2_17,0_24,-64,-81.883,-184,-81.883,97.84,11.99,0.61,30.1,11.7,4.48,1
CELL_2_18,0_24,-56,-79.942,-184,-79.942,94.367,11.57,0.6,30.3,11.73,4.21,1
CELL_2_19,0_24,-48,-78.562,-184,-78.562,91.99,11.19,0.58,30.47,11.77,3.96,1
CELL_2_20,0_24,-40,-80.512,-184,-80.512,96.237,10.85,0.57,30.63,11.8,3.74,1
CELL_2_21,0_24,-32,-84.502,-184,-84.502,104.527,10.56,0.57,30.76,11.84,3.56,1
CELL_2_22,0_24,-24,-87.552,-184,-87.552,110.9,10.32,0.57,30.87,11.89,3.41,1
CELL_2_23,0_24,-16,-87.432,-184,-87.432,110.891,10.15,0.58,30.94,11.94,3.3,1
CELL_2_24,0_24,-8,-87.25,-184,-87.25,110.718,10.04,0.59,30.98,11.99,3.23,1
CELL_2_25,0_24,0,-87.06,-184,-87.06,110.491,10,0.6,30.99,12.04,3.2,1
CELL_2_26,0_24,8,-86.88,-184,-86.88,110.248,10.02,0.62,30.97,12.1,3.22,1
CELL_2_27,0_24,16,-86.737,-184,-86.737,110.046,10.12,0.65,30.92,12.16,3.27,1
CELL_2_28,0_24,24,-87.256,-184,-87.256,111.137,10.27,0.68,30.83,12.22,3.37,1
CELL_2_29,0_24,32,-93.164,-184,-93.164,122.983,10.49,0.72,30.71,12.28,3.51,1
CELL_2_30,0_24,40,-99.24,-184,-99.24,135.145,10.76,0.76,30.57,12.35,3.69,1
CELL_2_31,0_24,48,-99.866,-184,-99.866,136.397,11.09,0.8,30.4,12.42,3.9,1
CELL_2_32,0_24,56,-99.947,-184,-99.947,136.556,11.46,0.85,30.21,12.49,4.14,1
CELL_2_33,0_24,64,-100.01,-184,-100.01,136.687,11.87,0.9,29.99,12.56,4.4,1
CELL_2_34,0_24,72,-98.227,-184,-98.227,133.146,12.31,0.96,29.77,12.64,4.69,1
CELL_2_35,0_24,80,-94.504,-184,-94.504,125.756,12.78,1.01,29.53,12.72,4.99,1
CELL_2_36,0_24,88,-90.789,-184,-90.789,118.426,13.26,1.07,29.28,12.79,5.29,1
CELL_2_37,0_24,96,-83.68,-184,-83.68,104.365,13.74,1.13,29.04,12.87,5.61,1
CELL_2_38,0_24,104,-77.679,-184,-77.679,92.585,14.22,1.19,28.79,12.95,5.91,1
CELL_2_39,0_24,112,-77.556,-184,-77.556,92.643,14.69,1.24,28.55,13.03,6.21,1
CELL_2_40,0_24,120,-77.752,-184,-77.752,93.424,15.13,1.3,28.32,13.11,6.5,1
CELL_2_41,0_24,128,-77.827,-184,-77.827,94.052,15.54,1.35,28.11,13.19,6.76,1
CELL_2_42,0_24,136,-78.223,-184,-78.223,95.412,15.91,1.4,27.92,13.27,7,1
CELL_2_43,0_24,144,-80.594,-184,-80.594,100.807,16.24,1.45,27.74,13.35,7.21,1
CELL_2_44,0_24,152,-83.609,-184,-83.609,107.569,16.51,1.5,27.6,13.43,7.39,1
CELL_2_45,0_24,160,-85.879,-184,-85.879,112.9,16.73,1.54,27.48,13.51,7.53,1
CELL_2_46,0_24,168,-86.372,-184,-86.372,114.722,16.88,1.58,27.39,13.59,7.63,1
CELL_2_47,0_24,176,-86.001,-184,-86.001,114.834,16.98,1.61,27.33,13.67,7.68,1
CELL_2_48,0_24,184,-85.906,-184,-85.906,115.487,17,1.64,27.3,13.74,7.7,1
CELL_2_49,0_24,192,-86.199,-184,-86.199,116.872,16.96,1.66,27.31,13.82,7.67,1
CELL_2_50,0_24,200,-86.828,-184,-86.828,118.855,16.85,1.68,27.35,13.89,7.6,1
CELL_3_0,0_24,-200,-104.585,-176,-104.585,139.828,16.88,1.01,27.7,11.94,7.62,1
CELL_3_1,0_24,-192,-103.576,-176,-103.576,138.722,16.97,1,27.67,11.89,7.68,1
CELL_3_2,0_24,-184,-103.242,-176,-103.242,137.247,17,0.99,27.66,11.85,7.7,1
CELL_3_3,0_24,-176,-103.336,-176,-103.336,,,,,,,0
CELL_3_4,0_24,-168,-103.395,-176,-103.395,138.198,16.85,0.95,27.75,11.77,7.61,1
CELL_3_5,0_24,-160,-103.508,-176,-103.508,137.796,16.69,0.93,27.83,11.74,7.5,1
CELL_3_6,0_24,-152,-103.716,-176,-103.716,137.772,16.46,0.9,27.95,11.71,7.35,1
CELL_3_7,0_24,-144,-103.887,-176,-103.887,137.849,16.17,0.87,28.09,11.68,7.17,1
CELL_3_8,0_24,-136,-101.939,-176,-101.939,133.846,15.83,0.84,28.26,11.66,6.95,1
CELL_3_9,0_24,-128,-98.226,-176,-98.226,126.448,15.45,0.81,28.45,11.64,6.7,1
CELL_3_10,0_24,-120,-95.13,-176,-95.13,120.402,15.03,0.78,28.65,11.62,6.43,1
CELL_3_11,0_24,-112,-94.104,-176,-94.104,118.587,14.58,0.75,28.87,11.61,6.15,1
CELL_3_12,0_24,-104,-90.749,-176,-90.749,112.188,14.11,0.72,29.1,11.6,5.84,1
CELL_3_13,0_24,-96,-86.367,-176,-86.367,103.786,13.63,0.68,29.33,11.6,5.53,1
CELL_3_14,0_24,-88,-84.062,-176,-84.062,99.574,13.15,0.65,29.56,11.6,5.22,1
CELL_3_15,0_24,-80,-83.458,-176,-83.458,98.782,12.67,0.62,29.79,11.61,4.92,1
CELL_3_16,0_24,-72,-83.089,-176,-83.089,98.468,12.21,0.6,30.01,11.62,4.62,1
CELL_3_17,0_24,-64,-82.774,-176,-82.774,98.257,11.78,0.57,30.22,11.63,4.34,1
CELL_3_18,0_24,-56,-81.813,-176,-81.813,96.745,11.37,0.55,30.41,11.65,4.08,1
CELL_3_19,0_24,-48,-79.736,-176,-79.736,92.987,11.01,0.54,30.58,11.67,3.85,1
CELL_3_20,0_24,-40,-79.931,-176,-79.931,93.756,10.69,0.53,30.73,11.69,3.65,1
CELL_3_21,0_24,-32,-83.672,-176,-83.672,101.597,10.43,0.52,30.85,11.72,3.48,1
CELL_3_22,0_24,-24,-87.632,-176,-87.632,109.861,10.23,0.52,30.94,11.75,3.35,1
CELL_3_23,0_24,-16,-87.904,-176,-87.904,110.731,10.09,0.52,31,11.79,3.26,1
CELL_3_24,0_24,-8,-87.696,-176,-87.696,110.627,10.01,0.53,31.03,11.83,3.21,1
CELL_3_25,0_24,0,-87.467,-176,-87.467,110.471,10,0.54,31.02,11.87,3.2,1
CELL_3_26,0_24,8,-87.235,-176,-87.235,110.297,10.06,0.56,30.99,11.92,3.24,1
CELL_3_27,0_24,16,-87.052,-176,-87.052,110.215,10.19,0.59,30.92,11.97,3.32,1
CELL_3_28,0_24,24,-87.019,-176,-87.019,110.426,10.37,0.62,30.82,12.02,3.44,1
CELL_3_29,0_24,32,-91.278,-176,-91.278,119.218,10.62,0.65,30.69,12.08,3.6,1
CELL_3_30,0_24,40,-97.86,-176,-97.86,132.653,10.92,0.69,30.53,12.13,3.79,1
CELL_3_31,0_24,48,-99.724,-176,-99.724,136.656,11.27,0.74,30.35,12.2,4.02,1
CELL_3_32,0_24,56,-99.65,-176,-99.65,136.79,11.66,0.78,30.15,12.26,4.27,1
CELL_3_33,0_24,64,-99.593,-176,-99.593,136.965,12.09,0.83,29.93,12.33,4.54,1
CELL_3_34,0_24,72,-98.021,-176,-98.021,134.125,12.54,0.89,29.7,12.39,4.84,1
CELL_3_35,0_24,80,-95.128,-176,-95.128,128.663,13.02,0.94,29.46,12.46,5.14,1
CELL_3_36,0_24,88,-91.954,-176,-91.954,122.665,13.5,1,29.22,12.54,5.45,1
CELL_3_37,0_24,96,-87.341,-176,-87.341,113.822,13.98,1.05,28.97,12.61,5.76,1
CELL_3_38,0_24,104,-79.487,-176,-79.487,98.535,14.46,1.11,28.73,12.69,6.06,1
CELL_3_39,0_24,112,-75.962,-176,-75.962,91.952,14.91,1.17,28.49,12.76,6.36,1
CELL_3_40,0_24,120,-76.087,-176,-76.087,92.717,15.34,1.22,28.27,12.84,6.63,1
CELL_3_41,0_24,128,-76.152,-176,-76.152,93.413,15.73,1.27,28.07,12.92,6.88,1
CELL_3_42,0_24,136,-76.121,-176,-76.121,93.966,16.08,1.32,27.89,13,7.11,1
CELL_3_43,0_24,144,-76.117,-176,-76.117,94.619,16.38,1.37,27.73,13.08,7.3,1
CELL_3_44,0_24,152,-77.383,-176,-77.383,97.854,16.63,1.41,27.59,13.16,7.46,1
CELL_3_45,0_24,160,-79.424,-176,-79.424,102.666,16.81,1.45,27.49,13.24,7.58,1
CELL_3_46,0_24,168,-81.359,-176,-81.359,107.281,16.94,1.49,27.41,13.32,7.66,1
CELL_3_47,0_24,176,-82.772,-176,-82.772,110.845,17,1.52,27.37,13.4,7.7,1
CELL_3_48,0_24,184,-83.434,-176,-83.434,112.882,16.99,1.55,27.36,13.48,7.69,1
CELL_3_49,0_24,192,-83.398,-176,-83.398,113.47,16.91,1.57,27.38,13.56,7.64,1
CELL_3_50,0_24,200,-83.922,-176,-83.922,115.1,16.77,1.59,27.43,13.64,7.55,1
CELL_4_0,0_24,-200,-105.965,-168,-105.965,141.536,16.93,1.08,27.64,12.13,7.66,1
CELL_4_1,0_24,-192,-104.712,-168,-104.712,139.701,16.99,1.06,27.62,12.07,7.7,1
CELL_4_2,0_24,-184,-103.948,-168,-103.948,138.852,16.99,1.04,27.64,12.01,7.69,1
CELL_4_3,0_24,-176,-103.955,-168,-103.955,138.087,16.92,1.02,27.68,11.96,7.65,1
CELL_4_4,0_24,-168,-103.911,-168,-103.911,,,,,,,0
CELL_4_5,0_24,-160,-103.86,-168,-103.86,137.651,16.58,0.96,27.86,11.87,7.43,1
CELL_4_6,0_24,-152,-103.887,-168,-103.887,137.245,16.32,0.93,27.99,11.82,7.26,1
CELL_4_7,0_24,-144,-104.03,-168,-104.03,137.234,16.01,0.9,28.15,11.78,7.06,1
CELL_4_8,0_24,-136,-104.272,-168,-104.272,137.564,15.65,0.86,28.33,11.75,6.83,1
CELL_4_9,0_24,-128,-104.594,-168,-104.594,138.185,15.24,0.83,28.53,11.72,6.57,1
CELL_4_10,0_24,-120,-105.713,-168,-105.713,140.51,14.81,0.79,28.75,11.69,6.29,1
CELL_4_11,0_24,-112,-106.252,-168,-106.252,141.764,14.35,0.75,28.97,11.66,6,1
CELL_4_12,0_24,-104,-104.205,-168,-104.205,137.917,13.87,0.71,29.21,11.64,5.69,1
CELL_4_13,0_24,-96,-96.52,-168,-96.52,122.849,13.39,0.68,29.44,11.63,5.38,1
CELL_4_14,0_24,-88,-88.342,-168,-88.342,106.832,12.91,0.64,29.67,11.61,5.07,1
CELL_4_15,0_24,-80,-84.476,-168,-84.476,99.466,12.44,0.61,29.9,11.61,4.77,1
CELL_4_16,0_24,-72,-83.933,-168,-83.933,98.761,11.99,0.58,30.12,11.6,4.48,1
CELL_4_17,0_24,-64,-83.599,-168,-83.599,98.485,11.57,0.55,30.32,11.6,4.21,1
CELL_4_18,0_24,-56,-83.263,-168,-83.263,98.209,11.19,0.53,30.51,11.6,3.96,1
CELL_4_19,0_24,-48,-81.699,-168,-81.699,95.48,10.85,0.51,30.67,11.61,3.74,1
CELL_4_20,0_24,-40,-80.573,-168,-80.573,93.631,10.56,0.49,30.8,11.62,3.56,1
CELL_4_21,0_24,-32,-82.919,-168,-82.919,98.732,10.32,0.48,30.91,11.64,3.41,1
CELL_4_22,0_24,-24,-87.361,-168,-87.361,108.031,10.15,0.48,30.99,11.66,3.3,1
CELL_4_23,0_24,-16,-88.409,-168,-88.409,110.552,10.04,0.48,31.04,11.68,3.23,1
CELL_4_24,0_24,-8,-88.147,-168,-88.147,110.469,10,0.49,31.06,11.71,3.2,1
CELL_4_25,0_24,0,-87.859,-168,-87.859,110.352,10.02,0.5,31.04,11.74,3.22,1
CELL_4_26,0_24,8,-87.59,-168,-87.59,110.29,10.12,0.52,30.99,11.77,3.27,1
CELL_4_27,0_24,16,-87.334,-168,-87.334,110.276,10.27,0.54,30.91,11.81,3.37,1
CELL_4_28,0_24,24,-87.162,-168,-87.162,110.45,10.49,0.57,30.79,11.85,3.51,1
CELL_4_29,0_24,32,-90.668,-168,-90.668,118.001,10.76,0.6,30.65,11.9,3.69,1
CELL_4_30,0_24,40,-96.862,-168,-96.862,130.946,11.09,0.64,30.49,11.95,3.9,1
CELL_4_31,0_24,48,-99.621,-168,-99.621,137.036,11.46,0.68,30.3,12,4.14,1
CELL_4_32,0_24,56,-99.351,-168,-99.351,137.083,11.87,0.73,30.09,12.05,4.4,1
CELL_4_33,0_24,64,-99.028,-168,-99.028,137.036,12.31,0.77,29.87,12.11,4.69,1
CELL_4_34,0_24,72,-97.284,-168,-97.284,134.156,12.78,0.83,29.63,12.17,4.99,1
CELL_4_35,0_24,80,-94.835,-168,-94.835,129.871,13.26,0.88,29.39,12.24,5.29,1
CELL_4_36,0_24,88,-92.246,-168,-92.246,125.312,13.74,0.93,29.14,12.3,5.61,1
CELL_4_37,0_24,96,-89.633,-168,-89.633,120.71,14.22,0.99,28.9,12.37,5.91,1
CELL_4_38,0_24,104,-82.844,-168,-82.844,107.76,14.69,1.04,28.66,12.44,6.21,1
CELL_4_39,0_24,112,-75.83,-168,-75.83,94.364,15.13,1.09,28.44,12.51,6.5,1
CELL_4_40,0_24,120,-74.349,-168,-74.349,92.035,15.54,1.14,28.23,12.58,6.76,1
CELL_4_41,0_24,128,-74.354,-168,-74.354,92.683,15.91,1.19,28.03,12.66,7,1
CELL_4_42,0_24,136,-74.327,-168,-74.327,93.268,16.24,1.24,27.86,12.73,7.21,1
CELL_4_43,0_24,144,-74.241,-168,-74.241,93.731,16.51,1.29,27.71,12.81,7.39,1
CELL_4_44,0_24,152,-74.076,-168,-74.076,94.031,16.73,1.33,27.6,12.89,7.53,1
CELL_4_45,0_24,160,-74.14,-168,-74.14,94.775,16.88,1.36,27.51,12.97,7.63,1
CELL_4_46,0_24,168,-74.872,-168,-74.872,96.835,16.98,1.4,27.45,13.05,7.68,1
CELL_4_47,0_24,176,-76.018,-168,-76.018,99.688,17,1.43,27.42,13.13,7.7,1
CELL_4_48,0_24,184,-77.591,-168,-77.591,103.349,16.96,1.45,27.43,13.21,7.67,1
CELL_4_49,0_24,192,-79.589,-168,-79.589,107.797,16.85,1.47,27.46,13.29,7.6,1
CELL_4_50,0_24,200,-81.55,-168,-81.55,112.093,16.68,1.49,27.53,13.37,7.49,1
CELL_5_0,0_24,-200,-106.975,-160,-106.975,142.868,16.97,1.15,27.58,12.34,7.68,1
CELL_5_1,0_24,-192,-105.652,-160,-105.652,140.233,17,1.13,27.58,12.28,7.7,1
CELL_5_2,0_24,-184,-104.537,-160,-104.537,139.252,16.96,1.11,27.61,12.21,7.67,1
CELL_5_3,0_24,-176,-104.498,-160,-104.498,138.359,16.85,1.08,27.67,12.15,7.61,1
CELL_5_4,0_24,-168,-104.441,-160,-104.441,137.643,16.69,1.05,27.77,12.09,7.5,1
CELL_5_5,0_24,-160,-104.3,-160,-104.3,,,,,,,0
CELL_5_6,0_24,-152,-104.177,-160,-104.177,137.187,16.17,0.98,28.04,11.98,7.17,1
CELL_5_7,0_24,-144,-104.15,-160,-104.15,136.776,15.83,0.94,28.21,11.93,6.95,1
CELL_5_8,0_24,-136,-104.254,-160,-104.254,136.761,15.45,0.9,28.4,11.88,6.7,1
CELL_5_9,0_24,-128,-104.774,-160,-104.774,137.695,15.03,0.86,28.61,11.84,6.43,1
CELL_5_10,0_24,-120,-106.301,-160,-106.301,140.748,14.58,0.81,28.84,11.8,6.15,1
CELL_5_11,0_24,-112,-108.145,-160,-108.145,144.519,14.11,0.77,29.07,11.76,5.84,1
CELL_5_12,0_24,-104,-109.299,-160,-109.299,146.985,13.63,0.73,29.31,11.73,5.53,1
CELL_5_13,0_24,-96,-108.851,-160,-108.851,146.306,13.15,0.69,29.54,11.7,5.22,1
CELL_5_14,0_24,-88,-102.855,-160,-102.855,134.576,12.67,0.65,29.78,11.67,4.92,1
CELL_5_15,0_24,-80,-94.169,-160,-94.169,117.502,12.21,0.61,30,11.65,4.62,1
CELL_5_16,0_24,-72,-87.177,-160,-87.177,103.846,11.78,0.58,30.22,11.63,4.34,1
CELL_5_17,0_24,-64,-84.426,-160,-84.426,98.699,11.37,0.54,30.41,11.62,4.08,1
CELL_5_18,0_24,-56,-84.132,-160,-84.132,98.486,11.01,0.52,30.59,11.61,3.85,1
CELL_5_19,0_24,-48,-83.564,-160,-83.564,97.753,10.69,0.5,30.74,11.6,3.65,1
CELL_5_20,0_24,-40,-82.381,-160,-82.381,95.813,10.43,0.48,30.87,11.6,3.48,1
CELL_5_21,0_24,-32,-83.23,-160,-83.23,97.969,10.23,0.47,30.97,11.6,3.35,1
CELL_5_22,0_24,-24,-86.987,-160,-86.987,105.976,10.09,0.46,31.03,11.61,3.26,1
CELL_5_23,0_24,-16,-89.002,-160,-89.002,110.537,10.01,0.46,31.07,11.62,3.21,1
CELL_5_24,0_24,-8,-88.684,-160,-88.684,110.476,10,0.46,31.07,11.63,3.2,1
CELL_5_25,0_24,0,-88.334,-160,-88.334,110.398,10.06,0.47,31.04,11.65,3.24,1
CELL_5_26,0_24,8,-87.965,-160,-87.965,110.332,10.19,0.49,30.97,11.67,3.32,1
CELL_5_27,0_24,16,-87.596,-160,-87.596,110.315,10.37,0.51,30.88,11.7,3.44,1
CELL_5_28,0_24,24,-87.335,-160,-87.335,110.561,10.62,0.53,30.76,11.73,3.6,1
CELL_5_29,0_24,32,-90.816,-160,-90.816,118.333,10.92,0.56,30.6,11.76,3.79,1
CELL_5_30,0_24,40,-96.656,-160,-96.656,130.864,11.27,0.6,30.43,11.8,4.02,1
CELL_5_31,0_24,48,-99.467,-160,-99.467,137.367,11.66,0.64,30.23,11.84,4.27,1
CELL_5_32,0_24,56,-99.048,-160,-99.048,137.431,12.09,0.68,30.02,11.88,4.54,1
CELL_5_33,0_24,64,-98.517,-160,-98.517,137.285,12.54,0.73,29.79,11.93,4.84,1
CELL_5_34,0_24,72,-96.359,-160,-96.359,133.888,13.02,0.77,29.55,11.98,5.14,1
CELL_5_35,0_24,80,-93.936,-160,-93.936,129.953,13.5,0.82,29.31,12.03,5.45,1
CELL_5_36,0_24,88,-91.786,-160,-91.786,126.545,13.98,0.87,29.07,12.09,5.76,1
CELL_5_37,0_24,96,-89.725,-160,-89.725,123.289,14.46,0.93,28.83,12.15,6.06,1
CELL_5_38,0_24,104,-86.078,-160,-86.078,116.828,14.91,0.98,28.6,12.21,6.36,1
CELL_5_39,0_24,112,-78.307,-160,-78.307,102.077,15.34,1.03,28.38,12.28,6.63,1
CELL_5_40,0_24,120,-73.075,-160,-73.075,92.357,15.73,1.07,28.18,12.34,6.88,1
CELL_5_41,0_24,128,-72.567,-160,-72.567,92.033,16.08,1.12,28,12.41,7.11,1
CELL_5_42,0_24,136,-72.507,-160,-72.507,92.552,16.38,1.16,27.84,12.48,7.3,1
CELL_5_43,0_24,144,-72.451,-160,-72.451,93.022,16.63,1.2,27.71,12.56,7.46,1
CELL_5_44,0_24,152,-72.375,-160,-72.375,93.393,16.81,1.24,27.6,12.63,7.58,1
CELL_5_45,0_24,160,-72.264,-160,-72.264,93.634,16.94,1.28,27.53,12.71,7.66,1
CELL_5_46,0_24,168,-72.117,-160,-72.117,93.741,17,1.31,27.49,12.78,7.7,1
CELL_5_47,0_24,176,-71.86,-160,-71.86,93.561,16.99,1.33,27.48,12.86,7.69,1
CELL_5_48,0_24,184,-71.767,-160,-71.767,93.64,16.91,1.35,27.5,12.94,7.64,1
CELL_5_49,0_24,192,-72.377,-160,-72.377,95.054,16.77,1.37,27.55,13.02,7.55,1
CELL_5_50,0_24,200,-74.213,-160,-74.213,98.842,16.57,1.39,27.63,13.1,7.42,1
CELL_6_0,0_24,-200,-107.611,-152,-107.611,144.086,16.99,1.24,27.53,12.58,7.7,1
CELL_6_1,0_24,-192,-106.451,-152,-106.451,140.807,16.99,1.21,27.54,12.51,7.69,1
CELL_6_2,0_24,-184,-104.981,-152,-104.981,139.758,16.92,1.18,27.59,12.44,7.65,1
CELL_6_3,0_24,-176,-104.885,-152,-104.885,138.829,16.78,1.15,27.67,12.37,7.56,1
CELL_6_4,0_24,-168,-104.9,-152,-104.9,137.903,16.58,1.11,27.78,12.3,7.43,1
CELL_6_5,0_24,-160,-104.762,-152,-104.762,137.177,16.32,1.07,27.92,12.24,7.26,1
CELL_6_6,0_24,-152,-104.569,-152,-104.569,,,,,,,0
CELL_6_7,0_24,-144,-104.405,-152,-104.405,136.761,15.65,0.99,28.26,12.11,6.83,1
CELL_6_8,0_24,-136,-104.35,-152,-104.35,136.335,15.24,0.94,28.47,12.05,6.57,1
CELL_6_9,0_24,-128,-104.836,-152,-104.836,137.098,14.81,0.9,28.69,12,6.29,1
CELL_6_10,0_24,-120,-106.635,-152,-106.635,140.584,14.35,0.85,28.92,11.95,6,1
CELL_6_11,0_24,-112,-108.574,-152,-108.574,144.435,13.87,0.8,29.16,11.9,5.69,1
CELL_6_12,0_24,-104,-109.532,-152,-109.532,146.401,13.39,0.76,29.4,11.85,5.38,1
CELL_6_13,0_24,-96,-109.641,-152,-109.641,146.735,12.91,0.71,29.64,11.81,5.07,1
CELL_6_14,0_24,-88,-108.13,-152,-108.13,143.886,12.44,0.67,29.87,11.77,4.77,1
CELL_6_15,0_24,-80,-103.156,-152,-103.156,134.162,11.99,0.63,30.09,11.74,4.48,1
CELL_6_16,0_24,-72,-98.391,-152,-98.391,124.902,11.57,0.59,30.3,11.71,4.21,1
CELL_6_17,0_24,-64,-91.798,-152,-91.798,112.03,11.19,0.55,30.49,11.68,3.96,1
CELL_6_18,0_24,-56,-85.729,-152,-85.729,100.252,10.85,0.52,30.66,11.66,3.74,1
CELL_6_19,0_24,-48,-84.641,-152,-84.641,98.482,10.56,0.5,30.8,11.64,3.56,1
CELL_6_20,0_24,-40,-84.385,-152,-84.385,98.428,10.32,0.48,30.92,11.62,3.41,1
CELL_6_21,0_24,-32,-84.989,-152,-84.989,100.149,10.15,0.46,31,11.61,3.3,1
CELL_6_22,0_24,-24,-87.601,-152,-87.601,105.949,10.04,0.45,31.06,11.6,3.23,1
CELL_6_23,0_24,-16,-89.7,-152,-89.7,110.79,10,0.45,31.08,11.6,3.2,1
CELL_6_24,0_24,-8,-89.296,-152,-89.296,110.697,10.02,0.45,31.06,11.6,3.22,1
CELL_6_25,0_24,0,-88.859,-152,-88.859,110.615,10.12,0.46,31.02,11.61,3.27,1
CELL_6_26,0_24,8,-88.376,-152,-88.376,110.518,10.27,0.47,30.94,11.61,3.37,1
CELL_6_27,0_24,16,-87.87,-152,-87.87,110.449,10.49,0.49,30.84,11.63,3.51,1
CELL_6_28,0_24,24,-87.42,-152,-87.42,110.565,10.76,0.51,30.7,11.64,3.69,1
CELL_6_29,0_24,32,-91.013,-152,-91.013,118.834,11.09,0.54,30.54,11.66,3.9,1
CELL_6_30,0_24,40,-96.822,-152,-96.822,131.591,11.46,0.57,30.36,11.69,4.14,1
CELL_6_31,0_24,48,-99.189,-152,-99.189,137.508,11.87,0.61,30.15,11.72,4.4,1
CELL_6_32,0_24,56,-98.661,-152,-98.661,137.663,12.31,0.65,29.94,11.75,4.69,1
CELL_6_33,0_24,64,-98.093,-152,-98.093,137.752,12.78,0.69,29.7,11.78,4.99,1
CELL_6_34,0_24,72,-95.902,-152,-95.902,134.59,13.26,0.74,29.47,11.82,5.29,1
CELL_6_35,0_24,80,-93.027,-152,-93.027,130.037,13.74,0.78,29.23,11.87,5.61,1
CELL_6_36,0_24,88,-90.886,-152,-90.886,126.912,14.22,0.83,28.99,11.91,5.91,1
CELL_6_37,0_24,96,-89.187,-152,-89.187,124.612,14.69,0.88,28.75,11.96,6.21,1
CELL_6_38,0_24,104,-87.456,-152,-87.456,122.174,15.13,0.92,28.53,12.01,6.5,1
CELL_6_39,0_24,112,-82.009,-152,-82.009,112.215,15.54,0.97,28.32,12.07,6.76,1
CELL_6_40,0_24,120,-74.63,-152,-74.63,98.297,15.91,1.01,28.13,12.13,7,1
CELL_6_41,0_24,128,-71.011,-152,-71.011,91.79,16.24,1.05,27.96,12.19,7.21,1
CELL_6_42,0_24,136,-70.793,-152,-70.793,91.974,16.51,1.09,27.82,12.25,7.39,1
CELL_6_43,0_24,144,-70.74,-152,-70.74,92.372,16.73,1.13,27.7,12.32,7.53,1
CELL_6_44,0_24,152,-70.723,-152,-70.723,92.732,16.88,1.16,27.62,12.39,7.63,1
CELL_6_45,0_24,160,-70.724,-152,-70.724,93.018,16.98,1.19,27.56,12.46,7.68,1
CELL_6_46,0_24,168,-70.731,-152,-70.731,93.209,17,1.22,27.53,12.53,7.7,1
CELL_6_47,0_24,176,-70.738,-152,-70.738,93.303,16.96,1.24,27.54,12.6,7.67,1
CELL_6_48,0_24,184,-70.716,-152,-70.716,93.249,16.85,1.26,27.58,12.68,7.6,1
CELL_6_49,0_24,192,-70.569,-152,-70.569,92.859,16.68,1.28,27.65,12.75,7.49,1
CELL_6_50,0_24,200,-70.379,-152,-70.379,92.311,16.44,1.29,27.74,12.83,7.34,1
CELL_7_0,0_24,-200,-107.813,-144,-107.813,145.25,17,1.33,27.47,12.84,7.7,1
CELL_7_1,0_24,-192,-107.101,-144,-107.101,141.328,16.96,1.3,27.51,12.76,7.67,1
CELL_7_2,0_24,-184,-105.363,-144,-105.363,140.193,16.85,1.26,27.57,12.69,7.61,1
CELL_7_3,0_24,-176,-105.058,-144,-105.058,139.39,16.69,1.23,27.67,12.61,7.5,1
CELL_7_4,0_24,-168,-105.201,-144,-105.201,138.426,16.46,1.19,27.79,12.54,7.35,1
CELL_7_5,0_24,-160,-105.152,-144,-105.152,137.491,16.17,1.14,27.95,12.46,7.17,1
CELL_7_6,0_24,-152,-104.97,-144,-104.97,136.749,15.83,1.1,28.12,12.39,6.95,1
CELL_7_7,0_24,-144,-104.754,-144,-104.754,,,,,,,0
CELL_7_8,0_24,-136,-104.594,-144,-104.594,136.33,15.03,1,28.53,12.26,6.43,1
CELL_7_9,0_24,-128,-104.691,-144,-104.691,136.197,14.58,0.95,28.76,12.2,6.15,1
CELL_7_10,0_24,-120,-106.503,-144,-106.503,139.589,14.11,0.9,29,12.13,5.84,1
CELL_7_11,0_24,-112,-108.668,-144,-108.668,143.77,13.63,0.85,29.24,12.08,5.53,1
CELL_7_12,0_24,-104,-109.523,-144,-109.523,145.416,13.15,0.8,29.48,12.02,5.22,1
CELL_7_13,0_24,-96,-109.738,-144,-109.738,145.854,12.67,0.75,29.72,11.97,4.92,1
CELL_7_14,0_24,-88,-109.784,-144,-109.784,146.028,12.21,0.7,29.95,11.92,4.62,1
CELL_7_15,0_24,-80,-106.134,-144,-106.134,138.876,11.78,0.66,30.17,11.87,4.34,1
CELL_7_16,0_24,-72,-101.521,-144,-101.521,129.865,11.37,0.62,30.37,11.83,4.08,1
CELL_7_17,0_24,-64,-99.318,-144,-99.318,125.742,11.01,0.58,30.56,11.79,3.85,1
CELL_7_18,0_24,-56,-95.406,-144,-95.406,118.267,10.69,0.55,30.71,11.75,3.65,1
CELL_7_19,0_24,-48,-87.734,-144,-87.734,103.344,10.43,0.52,30.85,11.72,3.48,1
CELL_7_20,0_24,-40,-85.609,-144,-85.609,99.591,10.23,0.5,30.95,11.69,3.35,1
CELL_7_21,0_24,-32,-87.117,-144,-87.117,103.187,10.09,0.48,31.02,11.67,3.26,1
CELL_7_22,0_24,-24,-89.536,-144,-89.536,108.691,10.01,0.47,31.06,11.65,3.21,1
CELL_7_23,0_24,-16,-91.171,-144,-91.171,112.723,10,0.46,31.07,11.63,3.2,1
CELL_7_24,0_24,-8,-90.172,-144,-90.172,111.584,10.06,0.46,31.04,11.62,3.24,1
CELL_7_25,0_24,0,-89.434,-144,-89.434,111.068,10.19,0.46,30.99,11.61,3.32,1
CELL_7_26,0_24,8,-88.812,-144,-88.812,110.885,10.37,0.47,30.9,11.6,3.44,1
CELL_7_27,0_24,16,-88.174,-144,-88.174,110.772,10.62,0.49,30.78,11.6,3.6,1
CELL_7_28,0_24,24,-87.497,-144,-87.497,110.671,10.92,0.51,30.63,11.6,3.79,1
CELL_7_29,0_24,32,-90.586,-144,-90.586,118.188,11.27,0.54,30.46,11.61,4.02,1
CELL_7_30,0_24,40,-96.744,-144,-96.744,131.914,11.66,0.56,30.27,11.62,4.27,1
CELL_7_31,0_24,48,-98.792,-144,-98.792,137.473,12.09,0.6,30.06,11.64,4.54,1
CELL_7_32,0_24,56,-98.147,-144,-98.147,137.68,12.54,0.63,29.84,11.66,4.84,1
CELL_7_33,0_24,64,-97.469,-144,-97.469,137.832,13.02,0.67,29.61,11.68,5.14,1
CELL_7_34,0_24,72,-96.099,-144,-96.099,136.587,13.5,0.71,29.37,11.71,5.45,1
CELL_7_35,0_24,80,-92.872,-144,-92.872,131.591,13.98,0.75,29.14,11.74,5.76,1
CELL_7_36,0_24,88,-90.219,-144,-90.219,127.676,14.46,0.79,28.9,11.77,6.06,1
CELL_7_37,0_24,96,-88.485,-144,-88.485,125.511,14.91,0.84,28.68,11.81,6.36,1
CELL_7_38,0_24,104,-87.088,-144,-87.088,123.907,15.34,0.88,28.46,11.85,6.63,1
CELL_7_39,0_24,112,-85.017,-144,-85.017,120.824,15.73,0.92,28.26,11.89,6.88,1
CELL_7_40,0_24,120,-78.727,-144,-78.727,109.155,16.08,0.96,28.09,11.94,7.11,1
CELL_7_41,0_24,128,-72.191,-144,-72.191,96.837,16.38,1,27.93,11.99,7.3,1
CELL_7_42,0_24,136,-69.393,-144,-69.393,91.826,16.63,1.03,27.8,12.05,7.46,1
CELL_7_43,0_24,144,-69.225,-144,-69.225,91.906,16.81,1.06,27.7,12.1,7.58,1
CELL_7_44,0_24,152,-69.246,-144,-69.246,92.201,16.94,1.09,27.63,12.16,7.66,1
CELL_7_45,0_24,160,-69.33,-144,-69.33,92.465,17,1.12,27.59,12.23,7.7,1
CELL_7_46,0_24,168,-69.46,-144,-69.46,92.672,16.99,1.14,27.58,12.29,7.69,1
CELL_7_47,0_24,176,-69.622,-144,-69.622,92.815,16.91,1.16,27.61,12.36,7.64,1
CELL_7_48,0_24,184,-69.808,-144,-69.808,92.895,16.77,1.17,27.66,12.43,7.55,1
CELL_7_49,0_24,192,-70.009,-144,-70.009,92.913,16.57,1.18,27.75,12.5,7.42,1
CELL_7_50,0_24,200,-70.138,-144,-70.138,92.713,16.31,1.19,27.86,12.57,7.25,1
CELL_8_0,0_24,-200,-107.648,-136,-107.648,146.307,16.99,1.42,27.43,13.11,7.69,1
CELL_8_1,0_24,-192,-107.478,-136,-107.478,141.895,16.92,1.39,27.48,13.03,7.65,1
CELL_8_2,0_24,-184,-105.748,-136,-105.748,140.386,16.78,1.35,27.56,12.95,7.56,1
CELL_8_3,0_24,-176,-105.002,-136,-105.002,139.818,16.58,1.31,27.67,12.87,7.43,1
CELL_8_4,0_24,-168,-105.292,-136,-105.292,138.977,16.32,1.27,27.81,12.79,7.26,1
CELL_8_5,0_24,-160,-105.384,-136,-105.384,137.985,16.01,1.22,27.98,12.72,7.06,1
CELL_8_6,0_24,-152,-105.297,-136,-105.297,137.041,15.65,1.17,28.16,12.64,6.83,1
CELL_8_7,0_24,-144,-105.119,-136,-105.119,136.327,15.24,1.12,28.37,12.56,6.57,1
CELL_8_8,0_24,-136,-104.93,-136,-104.93,,,,,,,0
CELL_8_9,0_24,-128,-104.803,-136,-104.803,135.912,14.35,1.01,28.83,12.42,6,1
CELL_8_10,0_24,-120,-105.819,-136,-105.819,137.587,13.87,0.96,29.07,12.35,5.69,1
CELL_8_11,0_24,-112,-108.349,-136,-108.349,142.38,13.39,0.9,29.32,12.28,5.38,1
CELL_8_12,0_24,-104,-109.522,-136,-109.522,144.546,12.91,0.85,29.56,12.22,5.07,1
CELL_8_13,0_24,-96,-109.755,-136,-109.755,144.921,12.44,0.8,29.8,12.16,4.77,1
CELL_8_14,0_24,-88,-109.95,-136,-109.95,145.307,11.99,0.75,30.03,12.1,4.48,1
CELL_8_15,0_24,-80,-108.046,-136,-108.046,141.582,11.57,0.7,30.24,12.04,4.21,1
CELL_8_16,0_24,-72,-103.233,-136,-103.233,132.124,11.19,0.66,30.43,11.99,3.96,1
CELL_8_17,0_24,-64,-100.182,-136,-100.182,126.281,10.85,0.62,30.61,11.94,3.74,1
CELL_8_18,0_24,-56,-99.269,-136,-99.269,124.807,10.56,0.58,30.75,11.89,3.56,1
CELL_8_19,0_24,-48,-97.364,-136,-97.364,121.445,10.32,0.55,30.87,11.84,3.41,1
CELL_8_20,0_24,-40,-89.871,-136,-89.871,107.007,10.15,0.53,30.97,11.8,3.3,1
CELL_8_21,0_24,-32,-88.45,-136,-88.45,104.821,10.04,0.51,31.02,11.77,3.23,1
CELL_8_22,0_24,-24,-91.729,-136,-91.729,112.147,10,0.5,31.05,11.73,3.2,1
CELL_8_23,0_24,-16,-93.215,-136,-93.215,116.001,10.02,0.49,31.05,11.7,3.22,1
CELL_8_24,0_24,-8,-91.901,-136,-91.901,114.378,10.12,0.48,31.01,11.68,3.27,1
CELL_8_25,0_24,0,-90.823,-136,-90.823,113.347,10.27,0.49,30.94,11.65,3.37,1
CELL_8_26,0_24,8,-90,-136,-90,112.948,10.49,0.49,30.84,11.63,3.51,1
CELL_8_27,0_24,16,-89.238,-136,-89.238,112.79,10.76,0.51,30.71,11.62,3.69,1
CELL_8_28,0_24,24,-88.368,-136,-88.368,112.521,11.09,0.52,30.55,11.61,3.9,1
CELL_8_29,0_24,32,-89.864,-136,-89.864,117.082,11.46,0.54,30.37,11.6,4.14,1
CELL_8_30,0_24,40,-96.188,-136,-96.188,131.378,11.87,0.57,30.18,11.6,4.4,1
CELL_8_31,0_24,48,-98.368,-136,-98.368,137.445,12.31,0.6,29.96,11.6,4.69,1
CELL_8_32,0_24,56,-97.555,-136,-97.555,137.562,12.78,0.63,29.74,11.61,4.99,1
CELL_8_33,0_24,64,-96.755,-136,-96.755,137.711,13.26,0.67,29.51,11.62,5.29,1
CELL_8_34,0_24,72,-95.951,-136,-95.951,137.83,13.74,0.7,29.27,11.63,5.61,1
CELL_8_35,0_24,80,-93.647,-136,-93.647,134.893,14.22,0.74,29.04,11.65,5.91,1
CELL_8_36,0_24,88,-90.507,-136,-90.507,130.197,14.69,0.78,28.81,11.67,6.21,1
CELL_8_37,0_24,96,-88.286,-136,-88.286,127.222,15.13,0.81,28.59,11.69,6.5,1
CELL_8_38,0_24,104,-86.868,-136,-86.868,125.708,15.54,0.85,28.39,11.72,6.76,1
CELL_8_39,0_24,112,-85.636,-136,-85.636,124.395,15.91,0.88,28.2,11.76,7,1
CELL_8_40,0_24,120,-83.286,-136,-83.286,120.654,16.24,0.92,28.04,11.79,7.21,1
CELL_8_41,0_24,128,-77.123,-136,-77.123,109.083,16.51,0.95,27.9,11.83,7.39,1
CELL_8_42,0_24,136,-71.216,-136,-71.216,97.809,16.73,0.98,27.79,11.88,7.53,1
CELL_8_43,0_24,144,-68.468,-136,-68.468,92.638,16.88,1,27.7,11.92,7.63,1
CELL_8_44,0_24,152,-68.031,-136,-68.031,91.877,16.98,1.03,27.65,11.97,7.68,1
CELL_8_45,0_24,160,-68.18,-136,-68.18,92.09,17,1.05,27.63,12.03,7.7,1
CELL_8_46,0_24,168,-68.401,-136,-68.401,92.267,16.96,1.06,27.64,12.08,7.67,1
CELL_8_47,0_24,176,-68.679,-136,-68.679,92.4,16.85,1.08,27.68,12.14,7.6,1
CELL_8_48,0_24,184,-69,-136,-69,92.489,16.68,1.09,27.75,12.2,7.49,1
CELL_8_49,0_24,192,-69.353,-136,-69.353,92.541,16.44,1.09,27.85,12.27,7.34,1
CELL_8_50,0_24,200,-69.725,-136,-69.725,92.562,16.15,1.1,27.98,12.33,7.16,1
CELL_9_0,0_24,-200,-106.018,-128,-106.018,146.979,16.96,1.51,27.39,13.38,7.67,1
CELL_9_1,0_24,-192,-107.505,-128,-107.505,142.583,16.85,1.48,27.46,13.3,7.61,1
CELL_9_2,0_24,-184,-106.057,-128,-106.057,140.249,16.69,1.44,27.55,13.22,7.5,1
CELL_9_3,0_24,-176,-104.78,-128,-104.78,139.952,16.46,1.39,27.68,13.14,7.35,1
CELL_9_4,0_24,-168,-105.174,-128,-105.174,139.337,16.17,1.35,27.83,13.06,7.17,1
CELL_9_5,0_24,-160,-105.416,-128,-105.416,138.453,15.83,1.3,28.01,12.98,6.95,1
CELL_9_6,0_24,-152,-105.476,-128,-105.476,137.48,15.45,1.25,28.21,12.9,6.7,1
CELL_9_7,0_24,-144,-105.402,-128,-105.402,136.582,15.03,1.19,28.43,12.82,6.43,1
CELL_9_8,0_24,-136,-105.26,-128,-105.26,135.974,14.58,1.14,28.66,12.74,6.15,1
CELL_9_9,0_24,-128,-105.119,-128,-105.119,,,,,,,0
CELL_9_10,0_24,-120,-105.109,-128,-105.109,135.644,13.63,1.02,29.14,12.59,5.53,1
CELL_9_11,0_24,-112,-107.333,-128,-107.333,139.715,13.15,0.97,29.39,12.52,5.22,1
CELL_9_12,0_24,-104,-109.491,-128,-109.491,143.749,12.67,0.91,29.63,12.45,4.92,1
CELL_9_13,0_24,-96,-109.785,-128,-109.785,144.157,12.21,0.86,29.87,12.38,4.62,1
CELL_9_14,0_24,-88,-109.992,-128,-109.992,144.495,11.78,0.81,30.09,12.31,4.34,1
CELL_9_15,0_24,-80,-109,-128,-109,142.54,11.37,0.76,30.29,12.24,4.08,1
CELL_9_16,0_24,-72,-104.296,-128,-104.296,133.272,11.01,0.71,30.48,12.18,3.85,1
CELL_9_17,0_24,-64,-100.721,-128,-100.721,126.374,10.69,0.67,30.64,12.12,3.65,1
CELL_9_18,0_24,-56,-99.545,-128,-99.545,124.391,10.43,0.64,30.78,12.06,3.48,1
CELL_9_19,0_24,-48,-99.277,-128,-99.277,124.343,10.23,0.6,30.89,12.01,3.35,1
CELL_9_20,0_24,-40,-98.705,-128,-98.705,123.812,10.09,0.58,30.97,11.95,3.26,1
CELL_9_21,0_24,-32,-92.944,-128,-92.944,113.031,10.01,0.56,31.01,11.91,3.21,1
CELL_9_22,0_24,-24,-92.765,-128,-92.765,113.547,10,0.54,31.03,11.86,3.2,1
CELL_9_23,0_24,-16,-94.681,-128,-94.681,118.387,10.06,0.53,31.01,11.82,3.24,1
CELL_9_24,0_24,-8,-93.556,-128,-93.556,117.284,10.19,0.52,30.95,11.78,3.32,1
CELL_9_25,0_24,0,-92.382,-128,-92.382,116.218,10.37,0.52,30.87,11.74,3.44,1
CELL_9_26,0_24,8,-91.471,-128,-91.471,115.814,10.62,0.53,30.76,11.71,3.6,1
CELL_9_27,0_24,16,-90.793,-128,-90.793,115.999,10.92,0.54,30.62,11.68,3.79,1
CELL_9_28,0_24,24,-90.151,-128,-90.151,116.375,11.27,0.55,30.45,11.66,4.02,1
CELL_9_29,0_24,32,-90.412,-128,-90.412,118.658,11.66,0.57,30.27,11.64,4.27,1
CELL_9_30,0_24,40,-96.852,-128,-96.852,133.382,12.09,0.59,30.07,11.62,4.54,1
CELL_9_31,0_24,48,-99.992,-128,-99.992,141.564,12.54,0.62,29.85,11.61,4.84,1
CELL_9_32,0_24,56,-98.279,-128,-98.279,140.072,13.02,0.65,29.62,11.6,5.14,1
CELL_9_33,0_24,64,-96.61,-128,-96.61,138.665,13.5,0.68,29.39,11.6,5.45,1
CELL_9_34,0_24,72,-95.249,-128,-95.249,137.842,13.98,0.71,29.16,11.6,5.76,1
CELL_9_35,0_24,80,-94.204,-128,-94.204,137.58,14.46,0.74,28.93,11.6,6.06,1
CELL_9_36,0_24,88,-91.78,-128,-91.78,134.455,14.91,0.77,28.71,11.61,6.36,1
CELL_9_37,0_24,96,-89.18,-128,-89.18,130.835,15.34,0.8,28.5,11.62,6.63,1
CELL_9_38,0_24,104,-87.427,-128,-87.427,128.735,15.73,0.83,28.31,11.64,6.88,1
CELL_9_39,0_24,112,-86.275,-128,-86.275,127.636,16.08,0.86,28.14,11.66,7.11,1
CELL_9_40,0_24,120,-85.157,-128,-85.157,126.381,16.38,0.89,27.99,11.68,7.3,1
CELL_9_41,0_24,128,-83.166,-128,-83.166,123.136,16.63,0.91,27.87,11.71,7.46,1
CELL_9_42,0_24,136,-77.82,-128,-77.82,112.933,16.81,0.94,27.77,11.74,7.58,1
CELL_9_43,0_24,144,-72.344,-128,-72.344,102.217,16.94,0.96,27.7,11.78,7.66,1
CELL_9_44,0_24,152,-69.183,-128,-69.183,95.884,17,0.97,27.67,11.82,7.7,1
CELL_9_45,0_24,160,-68.245,-128,-68.245,93.77,16.99,0.99,27.67,11.86,7.69,1
CELL_9_46,0_24,168,-68.249,-128,-68.249,93.332,16.91,1,27.69,11.91,7.64,1
CELL_9_47,0_24,176,-68.609,-128,-68.609,93.426,16.77,1.01,27.75,11.95,7.55,1
CELL_9_48,0_24,184,-68.99,-128,-68.99,93.42,16.57,1.01,27.84,12.01,7.42,1
CELL_9_49,0_24,192,-69.167,-128,-69.167,92.899,16.31,1.01,27.96,12.06,7.25,1
CELL_9_50,0_24,200,-69.312,-128,-69.312,92.249,15.99,1.01,28.1,12.12,7.05,1
CELL_10_0,0_24,-200,-99.442,-120,-99.442,147.054,16.92,1.6,27.36,13.65,7.65,1
CELL_10_1,0_24,-192,-102.914,-120,-102.914,143.192,16.78,1.56,27.44,13.57,7.56,1
CELL_10_2,0_24,-184,-105.481,-120,-105.481,139.848,16.58,1.52,27.55,13.49,7.43,1
CELL_10_3,0_24,-176,-104.622,-120,-104.622,139.742,16.32,1.48,27.69,13.41,7.26,1
CELL_10_4,0_24,-168,-104.912,-120,-104.912,139.378,16.01,1.43,27.86,13.33,7.06,1
CELL_10_5,0_24,-160,-105.271,-120,-105.271,138.712,15.65,1.38,28.05,13.25,6.83,1
CELL_10_6,0_24,-152,-105.478,-120,-105.478,137.849,15.24,1.33,28.26,13.17,6.57,1
CELL_10_7,0_24,-144,-105.539,-120,-105.539,136.933,14.81,1.27,28.48,13.09,6.29,1
CELL_10_8,0_24,-136,-105.493,-120,-105.493,136.112,14.35,1.21,28.72,13.01,6,1
CELL_10_9,0_24,-128,-105.399,-120,-105.399,135.827,13.87,1.16,28.96,12.93,5.69,1
CELL_10_10,0_24,-120,-105.312,-120,-105.312,,,,,,,0
CELL_10_11,0_24,-112,-105.838,-120,-105.838,136.229,12.91,1.04,29.46,12.77,5.07,1
CELL_10_12,0_24,-104,-108.603,-120,-108.603,141.4,12.44,0.98,29.7,12.7,4.77,1
CELL_10_13,0_24,-96,-109.849,-120,-109.849,143.643,11.99,0.93,29.93,12.62,4.48,1
CELL_10_14,0_24,-88,-110.026,-120,-110.026,143.87,11.57,0.88,30.14,12.55,4.21,1
CELL_10_15,0_24,-80,-109.426,-120,-109.426,142.67,11.19,0.83,30.34,12.47,3.96,1
CELL_10_16,0_24,-72,-104.758,-120,-104.758,133.462,10.85,0.78,30.52,12.4,3.74,1
CELL_10_17,0_24,-64,-100.822,-120,-100.822,125.853,10.56,0.74,30.67,12.33,3.56,1
CELL_10_18,0_24,-56,-99.582,-120,-99.582,123.777,10.32,0.7,30.79,12.27,3.41,1
CELL_10_19,0_24,-48,-99.276,-120,-99.276,123.708,10.15,0.67,30.89,12.2,3.3,1
CELL_10_20,0_24,-40,-99.59,-120,-99.59,125.024,10.04,0.64,30.95,12.14,3.23,1
CELL_10_21,0_24,-32,-100.756,-120,-100.756,128.191,10,0.62,30.98,12.08,3.2,1
CELL_10_22,0_24,-24,-96.363,-120,-96.363,120.389,10.02,0.6,30.98,12.03,3.22,1
CELL_10_23,0_24,-16,-94.652,-120,-94.652,118.097,10.12,0.59,30.95,11.97,3.27,1
CELL_10_24,0_24,-8,-94.098,-120,-94.098,118.27,10.27,0.58,30.89,11.92,3.37,1
CELL_10_25,0_24,0,-93.268,-120,-93.268,118.032,10.49,0.58,30.79,11.88,3.51,1
CELL_10_26,0_24,8,-92.318,-120,-92.318,117.695,10.76,0.58,30.67,11.83,3.69,1
CELL_10_27,0_24,16,-91.557,-120,-91.557,117.865,11.09,0.59,30.52,11.79,3.9,1
CELL_10_28,0_24,24,-90.956,-120,-90.956,118.47,11.46,0.6,30.34,11.76,4.14,1
CELL_10_29,0_24,32,-90.506,-120,-90.506,119.476,11.87,0.61,30.15,11.72,4.4,1
CELL_10_30,0_24,40,-96.163,-120,-96.163,132.775,12.31,0.63,29.95,11.69,4.69,1
CELL_10_31,0_24,48,-101.434,-120,-101.434,145.351,12.78,0.65,29.73,11.67,4.99,1
CELL_10_32,0_24,56,-100.323,-120,-100.323,145.188,13.26,0.68,29.5,11.65,5.29,1
CELL_10_33,0_24,64,-98.681,-120,-98.681,143.949,13.74,0.7,29.27,11.63,5.61,1
CELL_10_34,0_24,72,-96.838,-120,-96.838,142.263,14.22,0.73,29.04,11.62,5.91,1
CELL_10_35,0_24,80,-95.059,-120,-95.059,140.619,14.69,0.75,28.82,11.61,6.21,1
CELL_10_36,0_24,88,-93.575,-120,-93.575,139.443,15.13,0.78,28.61,11.6,6.5,1
CELL_10_37,0_24,96,-91.523,-120,-91.523,136.973,15.54,0.81,28.41,11.6,6.76,1
CELL_10_38,0_24,104,-89.577,-120,-89.577,134.521,15.91,0.83,28.23,11.6,7,1
CELL_10_39,0_24,112,-88.288,-120,-88.288,133.16,16.24,0.85,28.07,11.61,7.21,1
CELL_10_40,0_24,120,-87.325,-120,-87.325,132.207,16.51,0.88,27.94,11.62,7.39,1
CELL_10_41,0_24,128,-86.187,-120,-86.187,130.637,16.73,0.89,27.83,11.63,7.53,1
CELL_10_42,0_24,136,-84.718,-120,-84.718,128.134,16.88,0.91,27.75,11.65,7.63,1
CELL_10_43,0_24,144,-81.127,-120,-81.127,121.112,16.98,0.92,27.71,11.68,7.68,1
CELL_10_44,0_24,152,-76.542,-120,-76.542,111.835,17,0.93,27.69,11.7,7.7,1
CELL_10_45,0_24,160,-73.368,-120,-73.368,105.133,16.96,0.94,27.7,11.73,7.67,1
CELL_10_46,0_24,168,-72.136,-120,-72.136,102.091,16.85,0.95,27.75,11.77,7.6,1
CELL_10_47,0_24,176,-72.361,-120,-72.361,101.773,16.68,0.95,27.83,11.8,7.49,1
CELL_10_48,0_24,184,-73.362,-120,-73.362,102.856,16.44,0.95,27.93,11.84,7.34,1
CELL_10_49,0_24,192,-74.446,-120,-74.446,103.998,16.15,0.94,28.06,11.89,7.16,1
CELL_10_50,0_24,200,-74.91,-120,-74.91,103.837,15.81,0.94,28.22,11.94,6.94,1
CELL_11_0,0_24,-200,-96.059,-112,-96.059,138.411,16.85,1.68,27.34,13.9,7.61,1
CELL_11_1,0_24,-192,-97.061,-112,-97.061,142.165,16.69,1.65,27.44,13.83,7.5,1
CELL_11_2,0_24,-184,-99.277,-112,-99.277,139.574,16.46,1.6,27.56,13.75,7.35,1
CELL_11_3,0_24,-176,-102.666,-112,-102.666,139.267,16.17,1.56,27.72,13.68,7.17,1
CELL_11_4,0_24,-168,-104.613,-112,-104.613,139.1,15.83,1.51,27.89,13.6,6.95,1
CELL_11_5,0_24,-160,-105.028,-112,-105.028,138.668,15.45,1.46,28.09,13.52,6.7,1
CELL_11_6,0_24,-152,-105.33,-112,-105.33,137.998,15.03,1.41,28.31,13.44,6.43,1
CELL_11_7,0_24,-144,-105.504,-112,-105.504,137.182,14.58,1.35,28.54,13.36,6.15,1
CELL_11_8,0_24,-136,-105.566,-112,-105.566,136.35,14.11,1.29,28.78,13.28,5.84,1
CELL_11_9,0_24,-128,-105.551,-112,-105.551,135.664,13.63,1.23,29.03,13.2,5.53,1
CELL_11_10,0_24,-120,-105.499,-112,-105.499,136.492,13.15,1.17,29.27,13.12,5.22,1
CELL_11_11,0_24,-112,-105.451,-112,-105.451,,,,,,,0
CELL_11_12,0_24,-104,-106.65,-112,-106.65,137.117,12.21,1.06,29.76,12.96,4.62,1
CELL_11_13,0_24,-96,-109.349,-112,-109.349,142.229,11.78,1,29.98,12.88,4.34,1
CELL_11_14,0_24,-88,-110.035,-112,-110.035,143.45,11.37,0.95,30.19,12.8,4.08,1
CELL_11_15,0_24,-80,-109.628,-112,-109.628,142.627,11.01,0.9,30.38,12.72,3.85,1
CELL_11_16,0_24,-72,-104.903,-112,-104.903,133.317,10.69,0.86,30.54,12.65,3.65,1
CELL_11_17,0_24,-64,-100.642,-112,-100.642,125.091,10.43,0.81,30.68,12.57,3.48,1
CELL_11_18,0_24,-56,-99.552,-112,-99.552,123.363,10.23,0.77,30.8,12.5,3.35,1
CELL_11_19,0_24,-48,-99.271,-112,-99.271,123.413,10.09,0.74,30.88,12.43,3.26,1
CELL_11_20,0_24,-40,-99.003,-112,-99.003,123.65,10.01,0.71,30.93,12.36,3.21,1
CELL_11_21,0_24,-32,-100.971,-112,-100.971,128.519,10,0.69,30.94,12.29,3.2,1
CELL_11_22,0_24,-24,-103.027,-112,-103.027,133.723,10.06,0.67,30.93,12.23,3.24,1
CELL_11_23,0_24,-16,-96.745,-112,-96.745,122.406,10.19,0.66,30.88,12.16,3.32,1
CELL_11_24,0_24,-8,-93.657,-112,-93.657,117.628,10.37,0.65,30.8,12.1,3.44,1
CELL_11_25,0_24,0,-92.966,-112,-92.966,117.788,10.62,0.64,30.69,12.05,3.6,1
CELL_11_26,0_24,8,-92.249,-112,-92.249,118.031,10.92,0.64,30.56,11.99,3.79,1
CELL_11_27,0_24,16,-91.416,-112,-91.416,118.165,11.27,0.65,30.4,11.94,4.02,1
CELL_11_28,0_24,24,-90.665,-112,-90.665,118.57,11.66,0.66,30.22,11.89,4.27,1
CELL_11_29,0_24,32,-89.957,-112,-89.957,119.149,12.09,0.67,30.02,11.85,4.54,1
CELL_11_30,0_24,40,-94.038,-112,-94.038,129.371,12.54,0.68,29.81,11.81,4.84,1
CELL_11_31,0_24,48,-100.418,-112,-100.418,144.23,13.02,0.7,29.59,11.77,5.14,1
CELL_11_32,0_24,56,-100.334,-112,-100.334,146.17,13.5,0.72,29.37,11.74,5.45,1
CELL_11_33,0_24,64,-99.224,-112,-99.224,146.032,13.98,0.74,29.14,11.71,5.76,1
CELL_11_34,0_24,72,-98.01,-112,-98.01,145.624,14.46,0.76,28.92,11.68,6.06,1
CELL_11_35,0_24,80,-96.543,-112,-96.543,144.616,14.91,0.78,28.7,11.66,6.36,1
CELL_11_36,0_24,88,-94.96,-112,-94.96,143.241,15.34,0.81,28.5,11.64,6.63,1
CELL_11_37,0_24,96,-93.531,-112,-93.531,142.003,15.73,0.83,28.32,11.62,6.88,1
CELL_11_38,0_24,104,-92.343,-112,-92.343,141.047,16.08,0.84,28.15,11.61,7.11,1
CELL_11_39,0_24,112,-91.24,-112,-91.24,140.029,16.38,0.86,28.01,11.6,7.3,1
CELL_11_40,0_24,120,-90.453,-112,-90.453,139.389,16.63,0.88,27.89,11.6,7.46,1
CELL_11_41,0_24,128,-89.744,-112,-89.744,138.633,16.81,0.89,27.8,11.6,7.58,1
CELL_11_42,0_24,136,-88.742,-112,-88.742,137.011,16.94,0.9,27.74,11.61,7.66,1
CELL_11_43,0_24,144,-87.39,-112,-87.39,134.411,17,0.9,27.71,11.62,7.7,1
CELL_11_44,0_24,152,-85.888,-112,-85.888,131.24,16.99,0.91,27.71,11.63,7.69,1
CELL_11_45,0_24,160,-83.441,-112,-83.441,125.926,16.91,0.91,27.74,11.65,7.64,1
CELL_11_46,0_24,168,-81.4,-112,-81.4,121.198,16.77,0.91,27.81,11.67,7.55,1
CELL_11_47,0_24,176,-80.762,-112,-80.762,119.085,16.57,0.9,27.9,11.69,7.42,1
CELL_11_48,0_24,184,-81.273,-112,-81.273,119.118,16.31,0.9,28.02,11.72,7.25,1
CELL_11_49,0_24,192,-82.078,-112,-82.078,119.634,15.99,0.89,28.17,11.75,7.05,1
CELL_11_50,0_24,200,-82.437,-112,-82.437,119.198,15.63,0.88,28.33,11.79,6.82,1
CELL_12_0,0_24,-200,-95.275,-104,-95.275,126.785,16.78,1.76,27.34,14.13,7.56,1
CELL_12_1,0_24,-192,-95.418,-104,-95.418,130.388,16.58,1.72,27.45,14.07,7.43,1
CELL_12_2,0_24,-184,-94.947,-104,-94.947,135.912,16.32,1.68,27.58,14,7.26,1
CELL_12_3,0_24,-176,-96.676,-104,-96.676,138.707,16.01,1.64,27.75,13.93,7.06,1
CELL_12_4,0_24,-168,-102.057,-104,-102.057,138.631,15.65,1.59,27.93,13.85,6.83,1
CELL_12_5,0_24,-160,-104.798,-104,-104.798,138.352,15.24,1.54,28.14,13.78,6.57,1
CELL_12_6,0_24,-152,-105.134,-104,-105.134,137.857,14.81,1.48,28.37,13.7,6.29,1
CELL_12_7,0_24,-144,-105.369,-104,-105.369,137.194,14.35,1.43,28.6,13.63,6,1
CELL_12_8,0_24,-136,-105.502,-104,-105.502,136.452,13.87,1.37,28.84,13.55,5.69,1
CELL_12_9,0_24,-128,-105.554,-104,-105.554,135.728,13.39,1.31,29.09,13.47,5.38,1
CELL_12_10,0_24,-120,-105.556,-104,-105.556,135.226,12.91,1.25,29.34,13.39,5.07,1
CELL_12_11,0_24,-112,-105.533,-104,-105.533,137.4,12.44,1.19,29.58,13.31,4.77,1
CELL_12_12,0_24,-104,-105.51,-104,-105.51,,,,,,,0
CELL_12_13,0_24,-96,-107.169,-104,-107.169,137.716,11.57,1.08,30.03,13.15,4.21,1
CELL_12_14,0_24,-88,-109.586,-104,-109.586,142.409,11.19,1.03,30.23,13.07,3.96,1
CELL_12_15,0_24,-80,-109.707,-104,-109.707,142.663,10.85,0.98,30.41,12.99,3.74,1
CELL_12_16,0_24,-72,-104.986,-104,-104.986,133.4,10.56,0.94,30.56,12.91,3.56,1
CELL_12_17,0_24,-64,-100.38,-104,-100.38,124.534,10.32,0.89,30.69,12.83,3.41,1
CELL_12_18,0_24,-56,-99.46,-104,-99.46,123.214,10.15,0.86,30.79,12.75,3.3,1
CELL_12_19,0_24,-48,-99.174,-104,-99.174,123.333,10.04,0.82,30.85,12.68,3.23,1
CELL_12_20,0_24,-40,-98.727,-104,-98.727,123.302,10,0.79,30.89,12.6,3.2,1
CELL_12_21,0_24,-32,-99.11,-104,-99.11,125.098,10.02,0.77,30.89,12.53,3.22,1
CELL_12_22,0_24,-24,-103.493,-104,-103.493,135.054,10.12,0.75,30.86,12.46,3.27,1
CELL_12_23,0_24,-16,-102.583,-104,-102.583,134.58,10.27,0.74,30.8,12.39,3.37,1
CELL_12_24,0_24,-8,-94.515,-104,-94.515,119.939,10.49,0.73,30.71,12.32,3.51,1
CELL_12_25,0_24,0,-92.291,-104,-92.291,117.121,10.76,0.72,30.59,12.25,3.69,1
CELL_12_26,0_24,8,-91.483,-104,-91.483,117.259,11.09,0.72,30.44,12.19,3.9,1
CELL_12_27,0_24,16,-90.684,-104,-90.684,117.521,11.46,0.73,30.27,12.13,4.14,1
CELL_12_28,0_24,24,-89.838,-104,-89.838,117.781,11.87,0.73,30.09,12.07,4.4,1
CELL_12_29,0_24,32,-89.028,-104,-89.028,118.181,12.31,0.74,29.88,12.01,4.69,1
CELL_12_30,0_24,40,-92.175,-104,-92.175,126.542,12.78,0.75,29.67,11.96,4.99,1
CELL_12_31,0_24,48,-98.696,-104,-98.696,141.67,13.26,0.77,29.45,11.91,5.29,1
CELL_12_32,0_24,56,-99.644,-104,-99.644,145.642,13.74,0.78,29.23,11.87,5.61,1
CELL_12_33,0_24,64,-98.636,-104,-98.636,145.664,14.22,0.8,29,11.82,5.91,1
CELL_12_34,0_24,72,-97.606,-104,-97.606,145.566,14.69,0.81,28.79,11.78,6.21,1
CELL_12_35,0_24,80,-96.601,-104,-96.601,145.414,15.13,0.83,28.58,11.75,6.5,1
CELL_12_36,0_24,88,-95.554,-104,-95.554,145.036,15.54,0.85,28.39,11.72,6.76,1
CELL_12_37,0_24,96,-94.36,-104,-94.36,144.193,15.91,0.86,28.22,11.69,7,1
CELL_12_38,0_24,104,-93.236,-104,-93.236,143.289,16.24,0.87,28.06,11.66,7.21,1
CELL_12_39,0_24,112,-92.361,-104,-92.361,142.654,16.51,0.88,27.94,11.64,7.39,1
CELL_12_40,0_24,120,-91.768,-104,-91.768,142.338,16.73,0.89,27.83,11.63,7.53,1
CELL_12_41,0_24,128,-91.368,-104,-91.368,142.146,16.88,0.9,27.76,11.61,7.63,1
CELL_12_42,0_24,136,-91.002,-104,-91.002,141.754,16.98,0.9,27.72,11.61,7.68,1
CELL_12_43,0_24,144,-90.523,-104,-90.523,140.869,17,0.9,27.71,11.6,7.7,1
CELL_12_44,0_24,152,-89.919,-104,-89.919,139.474,16.96,0.9,27.73,11.6,7.67,1
CELL_12_45,0_24,160,-89.299,-104,-89.299,137.809,16.85,0.89,27.78,11.6,7.6,1
CELL_12_46,0_24,168,-88.985,-104,-88.985,136.537,16.68,0.88,27.86,11.61,7.49,1
CELL_12_47,0_24,176,-88.868,-104,-88.868,135.476,16.44,0.87,27.97,11.62,7.34,1
CELL_12_48,0_24,184,-88.994,-104,-88.994,134.757,16.15,0.86,28.11,11.64,7.16,1
CELL_12_49,0_24,192,-89.164,-104,-89.164,134.024,15.81,0.84,28.27,11.66,6.94,1
CELL_12_50,0_24,200,-89.028,-104,-89.028,132.623,15.43,0.83,28.45,11.68,6.69,1
CELL_13_0,0_24,-200,-94.494,-96,-94.494,123.074,16.69,1.82,27.34,14.34,7.5,1
CELL_13_1,0_24,-192,-94.5,-96,-94.5,121.529,16.46,1.79,27.46,14.28,7.35,1
CELL_13_2,0_24,-184,-94.002,-96,-94.002,124.393,16.17,1.75,27.61,14.22,7.17,1
CELL_13_3,0_24,-176,-93.516,-96,-93.516,133.878,15.83,1.7,27.79,14.16,6.95,1
CELL_13_4,0_24,-168,-96.864,-96,-96.864,138.172,15.45,1.66,27.98,14.09,6.7,1
CELL_13_5,0_24,-160,-102.757,-96,-102.757,137.951,15.03,1.61,28.2,14.02,6.43,1
CELL_13_6,0_24,-152,-104.991,-96,-104.991,137.558,14.58,1.55,28.43,13.95,6.15,1
CELL_13_7,0_24,-144,-105.231,-96,-105.231,137.013,14.11,1.5,28.67,13.88,5.84,1
CELL_13_8,0_24,-136,-105.379,-96,-105.379,136.379,13.63,1.44,28.91,13.81,5.53,1
CELL_13_9,0_24,-128,-105.452,-96,-105.452,135.732,13.15,1.39,29.16,13.73,5.22,1
CELL_13_10,0_24,-120,-105.476,-96,-105.476,135.146,12.67,1.33,29.4,13.66,4.92,1
CELL_13_11,0_24,-112,-105.474,-96,-105.474,134.857,12.21,1.27,29.64,13.58,4.62,1
CELL_13_12,0_24,-104,-105.453,-96,-105.453,137.993,11.78,1.22,29.86,13.5,4.34,1
CELL_13_13,0_24,-96,-105.432,-96,-105.432,,,,,,,0
CELL_13_14,0_24,-88,-107.15,-96,-107.15,137.725,11.01,1.11,30.26,13.34,3.85,1
CELL_13_15,0_24,-80,-109.105,-96,-109.105,141.703,10.69,1.07,30.43,13.26,3.65,1
CELL_13_16,0_24,-72,-105.078,-96,-105.078,133.889,10.43,1.02,30.57,13.18,3.48,1
CELL_13_17,0_24,-64,-100.104,-96,-100.104,124.361,10.23,0.98,30.68,13.1,3.35,1
CELL_13_18,0_24,-56,-99.182,-96,-99.182,123.116,10.09,0.94,30.77,13.02,3.26,1
CELL_13_19,0_24,-48,-98.917,-96,-98.917,123.362,10.01,0.91,30.82,12.94,3.21,1
CELL_13_20,0_24,-40,-98.466,-96,-98.466,123.413,10,0.88,30.84,12.86,3.2,1
CELL_13_21,0_24,-32,-97.84,-96,-97.84,123.279,10.06,0.86,30.82,12.78,3.24,1
CELL_13_22,0_24,-24,-100.158,-96,-100.158,129.192,10.19,0.84,30.78,12.71,3.32,1
CELL_13_23,0_24,-16,-104.805,-96,-104.805,139.911,10.37,0.83,30.7,12.63,3.44,1
CELL_13_24,0_24,-8,-98.643,-96,-98.643,129.146,10.62,0.82,30.6,12.56,3.6,1
CELL_13_25,0_24,0,-92.326,-96,-92.326,118.192,10.92,0.81,30.47,12.48,3.79,1
CELL_13_26,0_24,8,-90.634,-96,-90.634,116.591,11.27,0.81,30.31,12.41,4.02,1
CELL_13_27,0_24,16,-89.75,-96,-89.75,116.691,11.66,0.81,30.14,12.34,4.27,1
CELL_13_28,0_24,24,-88.857,-96,-88.857,116.84,12.09,0.82,29.94,12.28,4.54,1
CELL_13_29,0_24,32,-88.015,-96,-88.015,117.135,12.54,0.82,29.74,12.21,4.84,1
CELL_13_30,0_24,40,-90.942,-96,-90.942,124.987,13.02,0.83,29.52,12.15,5.14,1
CELL_13_31,0_24,48,-97.091,-96,-97.091,139.283,13.5,0.84,29.3,12.09,5.45,1
CELL_13_32,0_24,56,-98.805,-96,-98.805,144.677,13.98,0.86,29.08,12.03,5.76,1
CELL_13_33,0_24,64,-97.956,-96,-97.956,144.889,14.46,0.87,28.86,11.98,6.06,1
CELL_13_34,0_24,72,-97.087,-96,-97.087,144.977,14.91,0.88,28.65,11.93,6.36,1
CELL_13_35,0_24,80,-96.213,-96,-96.213,144.942,15.34,0.89,28.46,11.88,6.63,1
CELL_13_36,0_24,88,-95.37,-96,-95.37,144.829,15.73,0.9,28.27,11.84,6.88,1
CELL_13_37,0_24,96,-94.538,-96,-94.538,144.573,16.08,0.91,28.11,11.8,7.11,1
CELL_13_38,0_24,104,-93.651,-96,-93.651,144.018,16.38,0.92,27.98,11.76,7.3,1
CELL_13_39,0_24,112,-92.859,-96,-92.859,143.444,16.63,0.92,27.86,11.73,7.46,1
CELL_13_40,0_24,120,-92.283,-96,-92.283,143.077,16.81,0.92,27.78,11.7,7.58,1
CELL_13_41,0_24,128,-91.923,-96,-91.923,142.907,16.94,0.92,27.73,11.67,7.66,1
CELL_13_42,0_24,136,-91.668,-96,-91.668,142.705,17,0.92,27.7,11.65,7.7,1
CELL_13_43,0_24,144,-91.338,-96,-91.338,142.116,16.99,0.91,27.71,11.63,7.69,1
CELL_13_44,0_24,152,-90.805,-96,-90.805,140.888,16.91,0.9,27.75,11.62,7.64,1
CELL_13_45,0_24,160,-90.353,-96,-90.353,139.608,16.77,0.89,27.82,11.61,7.55,1
CELL_13_46,0_24,168,-90.449,-96,-90.449,139.23,16.57,0.87,27.92,11.6,7.42,1
CELL_13_47,0_24,176,-91.013,-96,-91.013,139.623,16.31,0.86,28.04,11.6,7.25,1
CELL_13_48,0_24,184,-91.576,-96,-91.576,139.883,15.99,0.84,28.19,11.6,7.05,1
CELL_13_49,0_24,192,-92.099,-96,-92.099,139.972,15.63,0.81,28.37,11.61,6.82,1
CELL_13_50,0_24,200,-92.555,-96,-92.555,139.871,15.22,0.79,28.56,11.62,6.56,1
CELL_14_0,0_24,-200,-93.995,-88,-93.995,121.144,16.58,1.87,27.36,14.51,7.43,1
CELL_14_1,0_24,-192,-93.804,-88,-93.804,119.261,16.32,1.84,27.5,14.46,7.26,1
CELL_14_2,0_24,-184,-93.24,-88,-93.24,117.759,16.01,1.8,27.66,14.41,7.06,1
CELL_14_3,0_24,-176,-93.062,-88,-93.062,123.824,15.65,1.76,27.84,14.36,6.83,1
CELL_14_4,0_24,-168,-94.01,-88,-94.01,134.306,15.24,1.72,28.04,14.3,6.57,1
CELL_14_5,0_24,-160,-98.514,-88,-98.514,137.666,14.81,1.67,28.26,14.24,6.29,1
CELL_14_6,0_24,-152,-104.135,-88,-104.135,137.3,14.35,1.62,28.5,14.18,6,1
CELL_14_7,0_24,-144,-105.174,-88,-105.174,136.801,13.87,1.56,28.74,14.12,5.69,1
CELL_14_8,0_24,-136,-105.294,-88,-105.294,136.223,13.39,1.51,28.98,14.05,5.38,1
CELL_14_9,0_24,-128,-105.327,-88,-105.327,135.641,12.91,1.46,29.23,13.98,5.07,1
CELL_14_10,0_24,-120,-105.312,-88,-105.312,135.113,12.44,1.4,29.47,13.91,4.77,1
CELL_14_11,0_24,-112,-105.28,-88,-105.28,134.681,11.99,1.35,29.7,13.84,4.48,1
CELL_14_12,0_24,-104,-105.242,-88,-105.242,134.593,11.57,1.29,29.91,13.76,4.21,1
CELL_14_13,0_24,-96,-105.189,-88,-105.189,137.985,11.19,1.24,30.11,13.68,3.96,1
CELL_14_14,0_24,-88,-105.122,-88,-105.122,,,,,,,0
CELL_14_15,0_24,-80,-106.326,-88,-106.326,136.78,10.56,1.15,30.44,13.53,3.56,1
CELL_14_16,0_24,-72,-104.007,-88,-104.007,132.468,10.32,1.11,30.57,13.45,3.41,1
CELL_14_17,0_24,-64,-99.72,-88,-99.72,124.404,10.15,1.07,30.67,13.37,3.3,1
CELL_14_18,0_24,-56,-98.645,-88,-98.645,122.945,10.04,1.03,30.74,13.29,3.23,1
CELL_14_19,0_24,-48,-98.414,-88,-98.414,123.347,10,1,30.77,13.21,3.2,1
CELL_14_20,0_24,-40,-98.001,-88,-98.001,123.557,10.02,0.98,30.78,13.13,3.22,1
CELL_14_21,0_24,-32,-97.388,-88,-97.388,123.526,10.12,0.96,30.75,13.05,3.27,1
CELL_14_22,0_24,-24,-97.024,-88,-97.024,124.139,10.27,0.94,30.69,12.97,3.37,1
CELL_14_23,0_24,-16,-101.719,-88,-101.719,135.002,10.49,0.92,30.6,12.89,3.51,1
CELL_14_24,0_24,-8,-101.73,-88,-101.73,136.611,10.76,0.92,30.48,12.81,3.69,1
CELL_14_25,0_24,0,-94.678,-88,-94.678,124.19,11.09,0.91,30.34,12.73,3.9,1
CELL_14_26,0_24,8,-90.331,-88,-90.331,117.258,11.46,0.91,30.17,12.66,4.14,1
CELL_14_27,0_24,16,-88.818,-88,-88.818,116.05,11.87,0.91,29.99,12.58,4.4,1
CELL_14_28,0_24,24,-87.826,-88,-87.826,115.918,12.31,0.91,29.79,12.51,4.69,1
CELL_14_29,0_24,32,-87.209,-88,-87.209,116.551,12.78,0.92,29.58,12.44,4.99,1
CELL_14_30,0_24,40,-89.747,-88,-89.747,123.489,13.26,0.92,29.36,12.37,5.29,1
CELL_14_31,0_24,48,-95.178,-88,-95.178,136.181,13.74,0.93,29.14,12.3,5.61,1
CELL_14_32,0_24,56,-97.56,-88,-97.56,142.726,14.22,0.94,28.93,12.24,5.91,1
CELL_14_33,0_24,64,-97.102,-88,-97.102,143.519,14.69,0.95,28.71,12.17,6.21,1
CELL_14_34,0_24,72,-96.53,-88,-96.53,143.993,15.13,0.96,28.51,12.11,6.5,1
CELL_14_35,0_24,80,-95.871,-88,-95.871,144.176,15.54,0.96,28.33,12.05,6.76,1
CELL_14_36,0_24,88,-95.197,-88,-95.197,144.2,15.91,0.97,28.16,12,7,1
CELL_14_37,0_24,96,-94.514,-88,-94.514,144.054,16.24,0.97,28.01,11.95,7.21,1
CELL_14_38,0_24,104,-93.816,-88,-93.816,143.712,16.51,0.97,27.89,11.9,7.39,1
CELL_14_39,0_24,112,-93.169,-88,-93.169,143.293,16.73,0.97,27.79,11.85,7.53,1
CELL_14_40,0_24,120,-92.675,-88,-92.675,142.989,16.88,0.97,27.72,11.81,7.63,1
CELL_14_41,0_24,128,-92.378,-88,-92.378,142.885,16.98,0.96,27.69,11.77,7.68,1
CELL_14_42,0_24,136,-92.227,-88,-92.227,142.872,17,0.95,27.68,11.74,7.7,1
CELL_14_43,0_24,144,-92.068,-88,-92.068,142.65,16.96,0.93,27.71,11.71,7.67,1
CELL_14_44,0_24,152,-91.691,-88,-91.691,141.803,16.85,0.92,27.77,11.68,7.6,1
CELL_14_45,0_24,160,-91.022,-88,-91.022,140.195,16.68,0.9,27.85,11.66,7.49,1
CELL_14_46,0_24,168,-90.583,-88,-90.583,138.887,16.44,0.88,27.97,11.64,7.34,1
CELL_14_47,0_24,176,-90.964,-88,-90.964,139.082,16.15,0.85,28.11,11.62,7.16,1
CELL_14_48,0_24,184,-91.519,-88,-91.519,139.513,15.81,0.83,28.28,11.61,6.94,1
CELL_14_49,0_24,192,-92.04,-88,-92.04,139.793,15.43,0.8,28.46,11.6,6.69,1
CELL_14_50,0_24,200,-92.5,-88,-92.5,139.9,15.01,0.77,28.67,11.6,6.42,1
CELL_15_0,0_24,-200,-93.582,-80,-93.582,119.667,16.46,1.91,27.39,14.65,7.35,1
CELL_15_1,0_24,-192,-93.024,-80,-93.024,117.67,16.17,1.88,27.54,14.61,7.17,1
CELL_15_2,0_24,-184,-92.087,-80,-92.087,116.481,15.83,1.85,27.71,14.57,6.95,1
CELL_15_3,0_24,-176,-91.896,-80,-91.896,117.862,15.45,1.81,27.9,14.53,6.7,1
CELL_15_4,0_24,-168,-92.818,-80,-92.818,126.154,15.03,1.76,28.11,14.48,6.43,1
CELL_15_5,0_24,-160,-95.105,-80,-95.105,136.082,14.58,1.72,28.34,14.43,6.15,1
CELL_15_6,0_24,-152,-101.022,-80,-101.022,137.264,14.11,1.67,28.57,14.38,5.84,1
CELL_15_7,0_24,-144,-105.123,-80,-105.123,136.764,13.63,1.62,28.81,14.32,5.53,1
CELL_15_8,0_24,-136,-105.303,-80,-105.303,136.168,13.15,1.57,29.06,14.27,5.22,1
CELL_15_9,0_24,-128,-105.274,-80,-105.274,135.57,12.67,1.52,29.3,14.2,4.92,1
CELL_15_10,0_24,-120,-105.158,-80,-105.158,135.053,12.21,1.47,29.53,14.14,4.62,1
CELL_15_11,0_24,-112,-105.017,-80,-105.017,134.653,11.78,1.41,29.75,14.07,4.34,1
CELL_15_12,0_24,-104,-104.893,-80,-104.893,134.374,11.37,1.37,29.96,14.01,4.08,1
CELL_15_13,0_24,-96,-104.782,-80,-104.782,134.407,11.01,1.32,30.15,13.94,3.85,1
CELL_15_14,0_24,-88,-104.659,-80,-104.659,136.795,10.69,1.27,30.31,13.86,3.65,1
CELL_15_15,0_24,-80,-104.318,-80,-104.318,,,,,,,0
CELL_15_16,0_24,-72,-100.942,-80,-100.942,127.488,10.23,1.19,30.57,13.71,3.35,1
CELL_15_17,0_24,-64,-97.245,-80,-97.245,120.706,10.09,1.16,30.65,13.64,3.26,1
CELL_15_18,0_24,-56,-96.98,-80,-96.98,120.961,10.01,1.12,30.7,13.56,3.21,1
CELL_15_19,0_24,-48,-97.388,-80,-97.388,122.73,10,1.1,30.72,13.48,3.2,1
CELL_15_20,0_24,-40,-97.24,-80,-97.24,123.543,10.06,1.07,30.71,13.4,3.24,1
CELL_15_21,0_24,-32,-96.7,-80,-96.7,123.713,10.19,1.05,30.66,13.32,3.32,1
CELL_15_22,0_24,-24,-95.953,-80,-95.953,123.597,10.37,1.04,30.59,13.24,3.44,1
CELL_15_23,0_24,-16,-96.836,-80,-96.836,126.847,10.62,1.03,30.48,13.16,3.6,1
CELL_15_24,0_24,-8,-101.153,-80,-101.153,137.052,10.92,1.02,30.35,13.08,3.79,1
CELL_15_25,0_24,0,-96.718,-80,-96.718,129.821,11.27,1.01,30.2,13,4.02,1
CELL_15_26,0_24,8,-91.401,-80,-91.401,120.869,11.66,1.01,30.03,12.92,4.27,1
CELL_15_27,0_24,16,-88.624,-80,-88.624,117.02,12.09,1.01,29.84,12.84,4.54,1
CELL_15_28,0_24,24,-87.097,-80,-87.097,115.673,12.54,1.01,29.63,12.76,4.84,1
CELL_15_29,0_24,32,-86.409,-80,-86.409,115.987,13.02,1.02,29.42,12.69,5.14,1
CELL_15_30,0_24,40,-88.167,-80,-88.167,121.155,13.5,1.02,29.2,12.61,5.45,1
CELL_15_31,0_24,48,-92.541,-80,-92.541,131.502,13.98,1.03,28.98,12.54,5.76,1
CELL_15_32,0_24,56,-95.242,-80,-95.242,138.433,14.46,1.03,28.77,12.46,6.06,1
CELL_15_33,0_24,64,-95.036,-80,-95.036,139.465,14.91,1.04,28.56,12.39,6.36,1
CELL_15_34,0_24,72,-94.998,-80,-94.998,140.736,15.34,1.04,28.37,12.33,6.63,1
CELL_15_35,0_24,80,-94.908,-80,-94.908,141.795,15.73,1.05,28.19,12.26,6.88,1
CELL_15_36,0_24,88,-94.66,-80,-94.66,142.418,16.08,1.05,28.04,12.2,7.11,1
CELL_15_37,0_24,96,-94.269,-80,-94.269,142.63,16.38,1.04,27.91,12.13,7.3,1
CELL_15_38,0_24,104,-93.801,-80,-93.801,142.552,16.63,1.04,27.8,12.08,7.46,1
CELL_15_39,0_24,112,-93.338,-80,-93.338,142.345,16.81,1.03,27.72,12.02,7.58,1
CELL_15_40,0_24,120,-92.97,-80,-92.97,142.187,16.94,1.02,27.67,11.97,7.66,1
CELL_15_41,0_24,128,-92.756,-80,-92.756,142.191,17,1.01,27.65,11.92,7.7,1
CELL_15_42,0_24,136,-92.685,-80,-92.685,142.337,16.99,0.99,27.66,11.87,7.69,1
CELL_15_43,0_24,144,-92.661,-80,-92.661,142.435,16.91,0.97,27.71,11.83,7.64,1
CELL_15_44,0_24,152,-92.487,-80,-92.487,142.099,16.77,0.95,27.78,11.79,7.55,1
CELL_15_45,0_24,160,-91.931,-80,-91.931,140.869,16.57,0.92,27.89,11.75,7.42,1
CELL_15_46,0_24,168,-91.076,-80,-91.076,138.924,16.31,0.9,28.02,11.72,7.25,1
CELL_15_47,0_24,176,-90.906,-80,-90.906,138.245,15.99,0.87,28.18,11.69,7.05,1
CELL_15_48,0_24,184,-91.401,-80,-91.401,138.808,15.63,0.83,28.36,11.67,6.82,1
CELL_15_49,0_24,192,-91.882,-80,-91.882,139.275,15.22,0.8,28.55,11.65,6.56,1
CELL_15_50,0_24,200,-92.315,-80,-92.315,139.595,14.79,0.77,28.77,11.63,6.28,1
CELL_16_0,0_24,-200,-92.612,-72,-92.612,118.022,16.32,1.94,27.44,14.74,7.26,1
CELL_16_1,0_24,-192,-92.089,-72,-92.089,115.311,16.01,1.91,27.6,14.72,7.06,1
CELL_16_2,0_24,-184,-90.757,-72,-90.757,114.126,15.65,1.88,27.78,14.69,6.83,1
CELL_16_3,0_24,-176,-89.849,-72,-89.849,115.216,15.24,1.84,27.98,14.66,6.57,1
CELL_16_4,0_24,-168,-90.602,-72,-90.602,119.335,14.81,1.8,28.19,14.63,6.29,1
CELL_16_5,0_24,-160,-91.753,-72,-91.753,130.27,14.35,1.76,28.42,14.59,6,1
CELL_16_6,0_24,-152,-96.475,-72,-96.475,137.34,13.87,1.71,28.66,14.55,5.69,1
CELL_16_7,0_24,-144,-102.546,-72,-102.546,137.039,13.39,1.66,28.9,14.5,5.38,1
CELL_16_8,0_24,-136,-104.233,-72,-104.233,136.417,12.91,1.62,29.14,14.45,5.07,1
CELL_16_9,0_24,-128,-105.01,-72,-105.01,135.727,12.44,1.57,29.37,14.4,4.77,1
CELL_16_10,0_24,-120,-105.102,-72,-105.102,135.108,11.99,1.52,29.6,14.35,4.48,1
CELL_16_11,0_24,-112,-104.798,-72,-104.798,134.652,11.57,1.47,29.81,14.29,4.21,1
CELL_16_12,0_24,-104,-104.491,-72,-104.491,134.37,11.19,1.43,30.01,14.23,3.96,1
CELL_16_13,0_24,-96,-104.234,-72,-104.234,134.212,10.85,1.39,30.18,14.16,3.74,1
CELL_16_14,0_24,-88,-104.015,-72,-104.015,133.703,10.56,1.34,30.34,14.1,3.56,1
CELL_16_15,0_24,-80,-103.353,-72,-103.353,127.432,10.32,1.31,30.46,14.03,3.41,1
CELL_16_16,0_24,-72,-99.051,-72,-99.051,,,,,,,0
CELL_16_17,0_24,-64,-94.159,-72,-94.159,116.215,10.04,1.24,30.62,13.89,3.23,1
CELL_16_18,0_24,-56,-93.338,-72,-93.338,115.454,10,1.21,30.66,13.82,3.2,1
CELL_16_19,0_24,-48,-93.963,-72,-93.963,117.733,10.02,1.19,30.66,13.74,3.22,1
CELL_16_20,0_24,-40,-94.347,-72,-94.347,119.665,10.12,1.17,30.63,13.67,3.27,1
CELL_16_21,0_24,-32,-94.458,-72,-94.458,121.167,10.27,1.15,30.57,13.59,3.37,1
CELL_16_22,0_24,-24,-94.298,-72,-94.298,122.227,10.49,1.14,30.48,13.51,3.51,1
CELL_16_23,0_24,-16,-93.843,-72,-93.843,122.771,10.76,1.13,30.36,13.43,3.69,1
CELL_16_24,0_24,-8,-96.28,-72,-96.28,129.154,11.09,1.12,30.22,13.35,3.9,1
CELL_16_25,0_24,0,-97.337,-72,-97.337,132.807,11.46,1.12,30.06,13.27,4.14,1
CELL_16_26,0_24,8,-92.23,-72,-92.23,124.14,11.87,1.12,29.88,13.19,4.4,1
CELL_16_27,0_24,16,-88.5,-72,-88.5,118.215,12.31,1.12,29.68,13.11,4.69,1
CELL_16_28,0_24,24,-86.241,-72,-86.241,115.199,12.78,1.12,29.47,13.03,4.99,1
CELL_16_29,0_24,32,-85.154,-72,-85.154,114.476,13.26,1.12,29.25,12.95,5.29,1
CELL_16_30,0_24,40,-86.143,-72,-86.143,117.839,13.74,1.13,29.04,12.87,5.61,1
CELL_16_31,0_24,48,-89.636,-72,-89.636,126.132,14.22,1.13,28.82,12.79,5.91,1
CELL_16_32,0_24,56,-92.87,-72,-92.87,133.822,14.69,1.13,28.61,12.72,6.21,1
CELL_16_33,0_24,64,-92.707,-72,-92.707,134.626,15.13,1.14,28.41,12.64,6.5,1
CELL_16_34,0_24,72,-92.645,-72,-92.645,135.534,15.54,1.14,28.23,12.56,6.76,1
CELL_16_35,0_24,80,-92.843,-72,-92.843,136.867,15.91,1.14,28.06,12.49,7,1
CELL_16_36,0_24,88,-93.112,-72,-93.112,138.242,16.24,1.13,27.92,12.42,7.21,1
CELL_16_37,0_24,96,-93.276,-72,-93.276,139.311,16.51,1.13,27.8,12.35,7.39,1
CELL_16_38,0_24,104,-93.282,-72,-93.282,139.968,16.73,1.12,27.71,12.28,7.53,1
CELL_16_39,0_24,112,-93.175,-72,-93.175,140.308,16.88,1.11,27.65,12.22,7.63,1
CELL_16_40,0_24,120,-93.056,-72,-93.056,140.538,16.98,1.09,27.62,12.16,7.68,1
CELL_16_41,0_24,128,-93.002,-72,-93.002,140.81,17,1.07,27.62,12.1,7.7,1
CELL_16_42,0_24,136,-93.031,-72,-93.031,141.169,16.96,1.05,27.65,12.04,7.67,1
CELL_16_43,0_24,144,-93.1,-72,-93.1,141.526,16.85,1.02,27.71,11.99,7.6,1
CELL_16_44,0_24,152,-93.085,-72,-93.085,141.64,16.68,0.99,27.8,11.94,7.49,1
CELL_16_45,0_24,160,-92.75,-72,-92.75,141.037,16.44,0.96,27.92,11.89,7.34,1
CELL_16_46,0_24,168,-91.896,-72,-91.896,139.329,16.15,0.93,28.07,11.84,7.16,1
CELL_16_47,0_24,176,-91.007,-72,-91.007,137.484,15.81,0.89,28.24,11.8,6.94,1
CELL_16_48,0_24,184,-91.248,-72,-91.248,137.836,15.43,0.86,28.43,11.77,6.69,1
CELL_16_49,0_24,192,-91.636,-72,-91.636,138.43,15.01,0.82,28.64,11.73,6.42,1
CELL_16_50,0_24,200,-92.006,-72,-92.006,138.939,14.56,0.78,28.86,11.7,6.13,1
CELL_17_0,0_24,-200,-91.667,-64,-91.667,116.116,16.17,1.94,27.51,14.79,7.17,1
CELL_17_1,0_24,-192,-91.845,-64,-91.845,112.584,15.83,1.92,27.67,14.78,6.95,1
CELL_17_2,0_24,-184,-90.778,-64,-90.778,110.056,15.45,1.89,27.86,14.77,6.7,1
CELL_17_3,0_24,-176,-89.136,-64,-89.136,110.8,15.03,1.86,28.06,14.75,6.43,1
CELL_17_4,0_24,-168,-89.15,-64,-89.15,112.652,14.58,1.82,28.28,14.73,6.15,1
CELL_17_5,0_24,-160,-89.875,-64,-89.875,121.572,14.11,1.78,28.51,14.7,5.84,1
CELL_17_6,0_24,-152,-92.944,-64,-92.944,132.727,13.63,1.74,28.75,14.67,5.53,1
CELL_17_7,0_24,-144,-99.166,-64,-99.166,135.435,13.15,1.7,28.99,14.64,5.22,1
CELL_17_8,0_24,-136,-102.377,-64,-102.377,136.475,12.67,1.65,29.22,14.6,4.92,1
CELL_17_9,0_24,-128,-103.261,-64,-103.261,136.305,12.21,1.61,29.45,14.56,4.62,1
CELL_17_10,0_24,-120,-104.377,-64,-104.377,135.51,11.78,1.57,29.67,14.52,4.34,1
CELL_17_11,0_24,-112,-104.697,-64,-104.697,134.849,11.37,1.52,29.87,14.47,4.08,1
CELL_17_12,0_24,-104,-104.17,-64,-104.17,134.429,11.01,1.48,30.06,14.42,3.85,1
CELL_17_13,0_24,-96,-103.659,-64,-103.659,134.21,10.69,1.45,30.22,14.37,3.65,1
CELL_17_14,0_24,-88,-103.235,-64,-103.235,133.085,10.43,1.41,30.36,14.31,3.48,1
CELL_17_15,0_24,-80,-101.914,-64,-101.914,125.068,10.23,1.38,30.46,14.25,3.35,1
CELL_17_16,0_24,-72,-97.244,-64,-97.244,116.329,10.09,1.35,30.54,14.19,3.26,1
CELL_17_17,0_24,-64,-92.664,-64,-92.664,,,,,,,0
CELL_17_18,0_24,-56,-91.15,-64,-91.15,113.241,10,1.29,30.61,14.06,3.2,1
CELL_17_19,0_24,-48,-90.779,-64,-90.779,113.591,10.06,1.27,30.6,13.99,3.24,1
CELL_17_20,0_24,-40,-90.636,-64,-90.636,114.501,10.19,1.26,30.55,13.92,3.32,1
CELL_17_21,0_24,-32,-90.513,-64,-90.513,115.533,10.37,1.25,30.47,13.84,3.44,1
CELL_17_22,0_24,-24,-90.317,-64,-90.317,116.485,10.62,1.24,30.37,13.77,3.6,1
CELL_17_23,0_24,-16,-90.041,-64,-90.041,117.314,10.92,1.23,30.24,13.69,3.79,1
CELL_17_24,0_24,-8,-89.81,-64,-89.81,118.248,11.27,1.23,30.08,13.62,4.02,1
CELL_17_25,0_24,0,-91.105,-64,-91.105,122.228,11.66,1.22,29.91,13.54,4.27,1
CELL_17_26,0_24,8,-91.025,-64,-91.025,123.428,12.09,1.22,29.72,13.46,4.54,1
CELL_17_27,0_24,16,-87.106,-64,-87.106,116.898,12.54,1.23,29.52,13.38,4.84,1
CELL_17_28,0_24,24,-84.657,-64,-84.657,113.242,13.02,1.23,29.3,13.3,5.14,1
CELL_17_29,0_24,32,-83.453,-64,-83.453,111.995,13.5,1.23,29.09,13.22,5.45,1
CELL_17_30,0_24,40,-83.999,-64,-83.999,114.157,13.98,1.24,28.87,13.14,5.76,1
CELL_17_31,0_24,48,-86.924,-64,-86.924,120.981,14.46,1.24,28.66,13.06,6.06,1
CELL_17_32,0_24,56,-90.93,-64,-90.93,129.87,14.91,1.24,28.45,12.98,6.36,1
CELL_17_33,0_24,64,-91.963,-64,-91.963,132.718,15.34,1.24,28.26,12.9,6.63,1
CELL_17_34,0_24,72,-91.613,-64,-91.613,132.709,15.73,1.24,28.09,12.82,6.88,1
CELL_17_35,0_24,80,-91.427,-64,-91.427,132.947,16.08,1.23,27.93,12.74,7.11,1
CELL_17_36,0_24,88,-91.56,-64,-91.56,133.753,16.38,1.23,27.8,12.67,7.3,1
CELL_17_37,0_24,96,-91.917,-64,-91.917,134.946,16.63,1.22,27.7,12.59,7.46,1
CELL_17_38,0_24,104,-92.306,-64,-92.306,136.153,16.81,1.2,27.62,12.52,7.58,1
CELL_17_39,0_24,112,-92.603,-64,-92.603,137.136,16.94,1.19,27.58,12.45,7.66,1
CELL_17_40,0_24,120,-92.816,-64,-92.816,137.922,17,1.17,27.56,12.38,7.7,1
CELL_17_41,0_24,128,-93.002,-64,-93.002,138.633,16.99,1.14,27.58,12.31,7.69,1
CELL_17_42,0_24,136,-93.193,-64,-93.193,139.335,16.91,1.12,27.63,12.24,7.64,1
CELL_17_43,0_24,144,-93.364,-64,-93.364,139.984,16.77,1.08,27.71,12.18,7.55,1
CELL_17_44,0_24,152,-93.447,-64,-93.447,140.439,16.57,1.05,27.82,12.12,7.42,1
CELL_17_45,0_24,160,-93.292,-64,-93.292,140.403,16.31,1.01,27.96,12.06,7.25,1
CELL_17_46,0_24,168,-92.633,-64,-92.633,139.351,15.99,0.97,28.12,12.01,7.05,1
CELL_17_47,0_24,176,-91.489,-64,-91.489,137.344,15.63,0.93,28.3,11.95,6.82,1
CELL_17_48,0_24,184,-91.095,-64,-91.095,136.764,15.22,0.89,28.51,11.91,6.56,1
CELL_17_49,0_24,192,-91.337,-64,-91.337,137.377,14.79,0.85,28.72,11.86,6.28,1
CELL_17_50,0_24,200,-91.624,-64,-91.624,138.004,14.33,0.8,28.95,11.82,5.98,1
CELL_18_0,0_24,-200,-90.749,-56,-90.749,115.676,16.01,1.93,27.58,14.8,7.06,1
CELL_18_1,0_24,-192,-91.738,-56,-91.738,112.559,15.65,1.91,27.76,14.8,6.83,1
CELL_18_2,0_24,-184,-91.496,-56,-91.496,108.582,15.24,1.89,27.95,14.8,6.57,1
CELL_18_3,0_24,-176,-89.859,-56,-89.859,107.954,14.81,1.86,28.16,14.79,6.29,1
CELL_18_4,0_24,-168,-88.597,-56,-88.597,108.919,14.35,1.82,28.38,14.79,6,1
CELL_18_5,0_24,-160,-89.069,-56,-89.069,114.784,13.87,1.79,28.61,14.77,5.69,1
CELL_18_6,0_24,-152,-90.725,-56,-90.725,126.566,13.39,1.75,28.85,14.76,5.38,1
CELL_18_7,0_24,-144,-96.517,-56,-96.517,132.39,12.91,1.72,29.08,14.74,5.07,1
CELL_18_8,0_24,-136,-101.04,-56,-101.04,133.907,12.44,1.68,29.31,14.71,4.77,1
CELL_18_9,0_24,-128,-101.766,-56,-101.766,135.89,11.99,1.64,29.54,14.68,4.48,1
CELL_18_10,0_24,-120,-102.784,-56,-102.784,136.426,11.57,1.6,29.74,14.65,4.21,1
CELL_18_11,0_24,-112,-103.958,-56,-103.958,135.505,11.19,1.56,29.94,14.62,3.96,1
CELL_18_12,0_24,-104,-103.928,-56,-103.928,134.764,10.85,1.53,30.11,14.58,3.74,1
CELL_18_13,0_24,-96,-103.192,-56,-103.192,134.28,10.56,1.49,30.25,14.53,3.56,1
CELL_18_14,0_24,-88,-102.474,-56,-102.474,132.027,10.32,1.46,30.37,14.49,3.41,1
CELL_18_15,0_24,-80,-100.296,-56,-100.296,123.412,10.15,1.44,30.47,14.44,3.3,1
CELL_18_16,0_24,-72,-95.049,-56,-95.049,115.262,10.04,1.41,30.53,14.39,3.23,1
CELL_18_17,0_24,-64,-90.907,-56,-90.907,113.32,10,1.39,30.56,14.33,3.2,1
CELL_18_18,0_24,-56,-89.826,-56,-89.826,,,,,,,0
CELL_18_19,0_24,-48,-89.32,-56,-89.32,113.2,10.12,1.36,30.53,14.21,3.27,1
CELL_18_20,0_24,-40,-88.842,-56,-88.842,113.443,10.27,1.34,30.46,14.15,3.37,1
CELL_18_21,0_24,-32,-88.413,-56,-88.413,113.83,10.49,1.33,30.37,14.08,3.51,1
CELL_18_22,0_24,-24,-87.999,-56,-87.999,114.268,10.76,1.33,30.25,14.01,3.69,1
CELL_18_23,0_24,-16,-87.529,-56,-87.529,114.592,11.09,1.33,30.11,13.94,3.9,1
CELL_18_24,0_24,-8,-86.942,-56,-86.942,114.657,11.46,1.32,29.94,13.87,4.14,1
CELL_18_25,0_24,0,-85.237,-56,-85.237,112.439,11.87,1.33,29.76,13.8,4.4,1
CELL_18_26,0_24,8,-85.259,-56,-85.259,113.607,12.31,1.33,29.56,13.72,4.69,1
CELL_18_27,0_24,16,-85.666,-56,-85.666,115.459,12.78,1.33,29.35,13.65,4.99,1
CELL_18_28,0_24,24,-83.249,-56,-83.249,111.563,13.26,1.34,29.14,13.57,5.29,1
CELL_18_29,0_24,32,-82.164,-56,-82.164,110.227,13.74,1.34,28.92,13.49,5.61,1
CELL_18_30,0_24,40,-82.515,-56,-82.515,111.652,14.22,1.34,28.7,13.41,5.91,1
CELL_18_31,0_24,48,-84.642,-56,-84.642,116.52,14.69,1.35,28.5,13.33,6.21,1
CELL_18_32,0_24,56,-88.389,-56,-88.389,124.526,15.13,1.35,28.3,13.25,6.5,1
CELL_18_33,0_24,64,-91.773,-56,-91.773,131.714,15.54,1.35,28.11,13.17,6.76,1
CELL_18_34,0_24,72,-91.993,-56,-91.993,132.497,15.91,1.34,27.95,13.09,7,1
CELL_18_35,0_24,80,-91.818,-56,-91.818,132.43,16.24,1.34,27.81,13.01,7.21,1
CELL_18_36,0_24,88,-91.647,-56,-91.647,132.331,16.51,1.33,27.69,12.93,7.39,1
CELL_18_37,0_24,96,-91.532,-56,-91.532,132.32,16.73,1.31,27.6,12.85,7.53,1
CELL_18_38,0_24,104,-91.721,-56,-91.721,132.917,16.88,1.3,27.54,12.77,7.63,1
CELL_18_39,0_24,112,-92.088,-56,-92.088,133.884,16.98,1.28,27.51,12.7,7.68,1
CELL_18_40,0_24,120,-92.478,-56,-92.478,134.925,17,1.25,27.52,12.62,7.7,1
CELL_18_41,0_24,128,-92.839,-56,-92.839,135.949,16.96,1.22,27.55,12.55,7.67,1
CELL_18_42,0_24,136,-93.169,-56,-93.169,136.956,16.85,1.19,27.62,12.47,7.6,1
CELL_18_43,0_24,144,-93.441,-56,-93.441,137.895,16.68,1.16,27.71,12.4,7.49,1
CELL_18_44,0_24,152,-93.59,-56,-93.59,138.632,16.44,1.12,27.84,12.33,7.34,1
CELL_18_45,0_24,160,-93.489,-56,-93.489,138.972,16.15,1.08,27.99,12.27,7.16,1
CELL_18_46,0_24,168,-92.979,-56,-92.979,138.545,15.81,1.03,28.17,12.2,6.94,1
CELL_18_47,0_24,176,-91.928,-56,-91.928,136.999,15.43,0.99,28.36,12.14,6.69,1
CELL_18_48,0_24,184,-91.025,-56,-91.025,135.697,15.01,0.94,28.57,12.08,6.42,1
CELL_18_49,0_24,192,-91.111,-56,-91.111,136.306,14.56,0.89,28.8,12.03,6.13,1
CELL_18_50,0_24,200,-91.246,-56,-91.246,136.937,14.09,0.84,29.04,11.97,5.83,1
CELL_19_0,0_24,-200,-89.854,-48,-89.854,115.737,15.83,1.91,27.67,14.75,6.95,1
CELL_19_1,0_24,-192,-91.529,-48,-91.529,114.172,15.45,1.89,27.86,14.77,6.7,1
CELL_19_2,0_24,-184,-91.956,-48,-91.956,110.107,15.03,1.87,28.05,14.78,6.43,1
CELL_19_3,0_24,-176,-91.016,-48,-91.016,107.077,14.58,1.84,28.27,14.79,6.15,1
CELL_19_4,0_24,-168,-89.068,-48,-89.068,107.547,14.11,1.81,28.49,14.8,5.84,1
CELL_19_5,0_24,-160,-88.581,-48,-88.581,110.756,13.63,1.78,28.72,14.8,5.53,1
CELL_19_6,0_24,-152,-89.173,-48,-89.173,121.97,13.15,1.75,28.96,14.8,5.22,1
CELL_19_7,0_24,-144,-94.063,-48,-94.063,130.513,12.67,1.72,29.19,14.79,4.92,1
CELL_19_8,0_24,-136,-99.806,-48,-99.806,131.923,12.21,1.68,29.41,14.78,4.62,1
CELL_19_9,0_24,-128,-100.809,-48,-100.809,134.031,11.78,1.65,29.62,14.76,4.34,1
CELL_19_10,0_24,-120,-101.581,-48,-101.581,136.442,11.37,1.62,29.82,14.74,4.08,1
CELL_19_11,0_24,-112,-102.734,-48,-102.734,136.629,11.01,1.59,30,14.72,3.85,1
CELL_19_12,0_24,-104,-103.47,-48,-103.47,135.625,10.69,1.56,30.16,14.69,3.65,1
CELL_19_13,0_24,-96,-102.734,-48,-102.734,134.702,10.43,1.53,30.29,14.66,3.48,1
CELL_19_14,0_24,-88,-101.783,-48,-101.783,130.924,10.23,1.51,30.39,14.63,3.35,1
CELL_19_15,0_24,-80,-99.167,-48,-99.167,121.366,10.09,1.48,30.47,14.59,3.26,1
CELL_19_16,0_24,-72,-93.166,-48,-93.166,114.188,10.01,1.47,30.51,14.55,3.21,1
CELL_19_17,0_24,-64,-89.137,-48,-89.137,113.086,10,1.45,30.52,14.51,3.2,1
CELL_19_18,0_24,-56,-88.376,-48,-88.376,113.22,10.06,1.44,30.51,14.46,3.24,1
CELL_19_19,0_24,-48,-87.831,-48,-87.831,,,,,,,0
CELL_19_20,0_24,-40,-87.289,-48,-87.289,113.052,10.37,1.42,30.38,14.35,3.44,1
CELL_19_21,0_24,-32,-86.8,-48,-86.8,113.246,10.62,1.42,30.27,14.3,3.6,1
CELL_19_22,0_24,-24,-86.393,-48,-86.393,113.583,10.92,1.41,30.14,14.24,3.79,1
CELL_19_23,0_24,-16,-86.04,-48,-86.04,113.985,11.27,1.42,29.98,14.17,4.02,1
CELL_19_24,0_24,-8,-85.676,-48,-85.676,114.295,11.66,1.42,29.8,14.11,4.27,1
CELL_19_25,0_24,0,-85.036,-48,-85.036,113.969,12.09,1.42,29.61,14.04,4.54,1
CELL_19_26,0_24,8,-81.23,-48,-81.23,107.206,12.54,1.43,29.4,13.97,4.84,1
CELL_19_27,0_24,16,-81.64,-48,-81.64,108.761,13.02,1.43,29.19,13.9,5.14,1
CELL_19_28,0_24,24,-83.353,-48,-83.353,112.798,13.5,1.44,28.97,13.83,5.45,1
CELL_19_29,0_24,32,-82.155,-48,-82.155,110.887,13.98,1.45,28.75,13.75,5.76,1
CELL_19_30,0_24,40,-81.892,-48,-81.892,110.722,14.46,1.45,28.54,13.68,6.06,1
CELL_19_31,0_24,48,-82.872,-48,-82.872,112.93,14.91,1.45,28.34,13.6,6.36,1
CELL_19_32,0_24,56,-85.393,-48,-85.393,118.119,15.34,1.45,28.15,13.52,6.63,1
CELL_19_33,0_24,64,-89.166,-48,-89.166,125.728,15.73,1.45,27.97,13.44,6.88,1
CELL_19_34,0_24,72,-92.257,-48,-92.257,131.915,16.08,1.45,27.82,13.36,7.11,1
CELL_19_35,0_24,80,-92.492,-48,-92.492,132.355,16.38,1.44,27.69,13.28,7.3,1
CELL_19_36,0_24,88,-92.462,-48,-92.462,132.257,16.63,1.43,27.59,13.2,7.46,1
CELL_19_37,0_24,96,-92.393,-48,-92.393,132.099,16.81,1.41,27.51,13.12,7.58,1
CELL_19_38,0_24,104,-92.289,-48,-92.289,131.915,16.94,1.39,27.47,13.04,7.66,1
CELL_19_39,0_24,112,-92.254,-48,-92.254,131.934,17,1.37,27.45,12.96,7.7,1
CELL_19_40,0_24,120,-92.501,-48,-92.501,132.6,16.99,1.34,27.47,12.88,7.69,1
CELL_19_41,0_24,128,-92.849,-48,-92.849,133.564,16.91,1.31,27.52,12.8,7.64,1
CELL_19_42,0_24,136,-93.191,-48,-93.191,134.62,16.77,1.27,27.61,12.72,7.55,1
CELL_19_43,0_24,144,-93.47,-48,-93.47,135.655,16.57,1.23,27.72,12.65,7.42,1
CELL_19_44,0_24,152,-93.616,-48,-93.616,136.522,16.31,1.19,27.86,12.57,7.25,1
CELL_19_45,0_24,160,-93.48,-48,-93.48,137.034,15.99,1.14,28.02,12.5,7.05,1
CELL_19_46,0_24,168,-93.03,-48,-93.03,136.945,15.63,1.1,28.21,12.43,6.82,1
CELL_19_47,0_24,176,-92.114,-48,-92.114,135.921,15.22,1.05,28.42,12.36,6.56,1
CELL_19_48,0_24,184,-91.004,-48,-91.004,134.48,14.79,1,28.64,12.29,6.28,1
CELL_19_49,0_24,192,-91.003,-48,-91.003,135.204,14.33,0.94,28.88,12.23,5.98,1
CELL_19_50,0_24,200,-91.058,-48,-91.058,135.968,13.85,0.89,29.12,12.16,5.68,1
CELL_20_0,0_24,-200,-88.739,-40,-88.739,115.828,15.65,1.87,27.78,14.67,6.83,1
CELL_20_1,0_24,-192,-91.14,-40,-91.14,115.601,15.24,1.85,27.97,14.7,6.57,1
CELL_20_2,0_24,-184,-91.94,-40,-91.94,112.83,14.81,1.83,28.17,14.72,6.29,1
CELL_20_3,0_24,-176,-91.636,-40,-91.636,108.439,14.35,1.81,28.39,14.75,6,1
CELL_20_4,0_24,-168,-90.006,-40,-90.006,107.123,13.87,1.79,28.61,14.77,5.69,1
CELL_20_5,0_24,-160,-88.167,-40,-88.167,108.323,13.39,1.76,28.84,14.78,5.38,1
CELL_20_6,0_24,-152,-88.058,-40,-88.058,118.047,12.91,1.73,29.07,14.79,5.07,1
CELL_20_7,0_24,-144,-91.077,-40,-91.077,129.157,12.44,1.71,29.3,14.8,4.77,1
CELL_20_8,0_24,-136,-97.681,-40,-97.681,131.261,11.99,1.68,29.51,14.8,4.48,1
CELL_20_9,0_24,-128,-99.928,-40,-99.928,133.107,11.57,1.65,29.72,14.8,4.21,1
CELL_20_10,0_24,-120,-100.613,-40,-100.613,135.785,11.19,1.62,29.9,14.79,3.96,1
CELL_20_11,0_24,-112,-101.563,-40,-101.563,137.647,10.85,1.6,30.07,14.78,3.74,1
CELL_20_12,0_24,-104,-102.481,-40,-102.481,136.81,10.56,1.58,30.21,14.77,3.56,1
CELL_20_13,0_24,-96,-102.118,-40,-102.118,135.582,10.32,1.55,30.32,14.75,3.41,1
CELL_20_14,0_24,-88,-101.156,-40,-101.156,131.038,10.15,1.54,30.41,14.73,3.3,1
CELL_20_15,0_24,-80,-98.914,-40,-98.914,120.161,10.04,1.52,30.47,14.71,3.23,1
CELL_20_16,0_24,-72,-92.219,-40,-92.219,113.336,10,1.51,30.49,14.68,3.2,1
CELL_20_17,0_24,-64,-87.633,-40,-87.633,112.912,10.02,1.5,30.49,14.64,3.22,1
CELL_20_18,0_24,-56,-86.864,-40,-86.864,112.972,10.12,1.49,30.45,14.61,3.27,1
CELL_20_19,0_24,-48,-86.278,-40,-86.278,113.07,10.27,1.49,30.39,14.57,3.37,1
CELL_20_20,0_24,-40,-85.742,-40,-85.742,,,,,,,0
CELL_20_21,0_24,-32,-85.241,-40,-85.241,112.813,10.76,1.49,30.17,14.48,3.69,1
CELL_20_22,0_24,-24,-84.82,-40,-84.82,112.97,11.09,1.49,30.02,14.43,3.9,1
CELL_20_23,0_24,-16,-84.511,-40,-84.511,113.266,11.46,1.5,29.85,14.37,4.14,1
CELL_20_24,0_24,-8,-84.294,-40,-84.294,113.639,11.87,1.5,29.66,14.32,4.4,1
CELL_20_25,0_24,0,-84.105,-40,-84.105,113.947,12.31,1.51,29.46,14.26,4.69,1
CELL_20_26,0_24,8,-81.908,-40,-81.908,110.108,12.78,1.52,29.25,14.2,4.99,1
CELL_20_27,0_24,16,-77.755,-40,-77.755,102.214,13.26,1.53,29.03,14.13,5.29,1
CELL_20_28,0_24,24,-78.667,-40,-78.667,104.31,13.74,1.54,28.81,14.07,5.61,1
CELL_20_29,0_24,32,-81.647,-40,-81.647,110.403,14.22,1.55,28.59,14,5.91,1
CELL_20_30,0_24,40,-81.978,-40,-81.978,111.072,14.69,1.55,28.38,13.93,6.21,1
CELL_20_31,0_24,48,-82.108,-40,-82.108,111.222,15.13,1.55,28.18,13.85,6.5,1
CELL_20_32,0_24,56,-83.261,-40,-83.261,113.328,15.54,1.56,28,13.78,6.76,1
CELL_20_33,0_24,64,-85.7,-40,-85.7,117.939,15.91,1.55,27.83,13.7,7,1
CELL_20_34,0_24,72,-89.262,-40,-89.262,124.757,16.24,1.55,27.69,13.63,7.21,1
CELL_20_35,0_24,80,-92.596,-40,-92.596,131.112,16.51,1.54,27.57,13.55,7.39,1
CELL_20_36,0_24,88,-93.297,-40,-93.297,132.226,16.73,1.53,27.49,13.47,7.53,1
CELL_20_37,0_24,96,-93.332,-40,-93.332,132.062,16.88,1.51,27.43,13.39,7.63,1
CELL_20_38,0_24,104,-93.297,-40,-93.297,131.845,16.98,1.49,27.4,13.31,7.68,1
CELL_20_39,0_24,112,-93.186,-40,-93.186,131.585,17,1.46,27.4,13.23,7.7,1
CELL_20_40,0_24,120,-93.084,-40,-93.084,131.472,16.96,1.43,27.44,13.15,7.67,1
CELL_20_41,0_24,128,-93.276,-40,-93.276,132.093,16.85,1.4,27.5,13.07,7.6,1
CELL_20_42,0_24,136,-93.548,-40,-93.548,133.025,16.68,1.36,27.6,12.99,7.49,1
CELL_20_43,0_24,144,-93.721,-40,-93.721,133.908,16.44,1.31,27.73,12.91,7.34,1
CELL_20_44,0_24,152,-93.79,-40,-93.79,134.724,16.15,1.27,27.88,12.83,7.16,1
CELL_20_45,0_24,160,-93.552,-40,-93.552,135.146,15.81,1.22,28.06,12.75,6.94,1
CELL_20_46,0_24,168,-93.01,-40,-93.01,135.047,15.43,1.17,28.26,12.68,6.69,1
CELL_20_47,0_24,176,-92.085,-40,-92.085,134.213,15.01,1.12,28.48,12.6,6.42,1
CELL_20_48,0_24,184,-90.916,-40,-90.916,132.886,14.56,1.06,28.71,12.53,6.13,1
CELL_20_49,0_24,192,-90.687,-40,-90.687,133.405,14.09,1.01,28.95,12.46,5.83,1
CELL_20_50,0_24,200,-90.979,-40,-90.979,134.902,13.61,0.95,29.19,12.39,5.52,1
CELL_21_0,0_24,-200,-87.462,-32,-87.462,115.833,15.45,1.81,27.9,14.54,6.7,1
CELL_21_1,0_24,-192,-90.012,-32,-90.012,116.386,15.03,1.8,28.09,14.58,6.43,1
CELL_21_2,0_24,-184,-91.294,-32,-91.294,114.904,14.58,1.78,28.3,14.62,6.15,1
CELL_21_3,0_24,-176,-91.507,-32,-91.507,111.053,14.11,1.76,28.52,14.66,5.84,1
CELL_21_4,0_24,-168,-90.498,-32,-90.498,107.194,13.63,1.74,28.75,14.69,5.53,1
CELL_21_5,0_24,-160,-88.382,-32,-88.382,107.03,13.15,1.72,28.97,14.72,5.22,1
CELL_21_6,0_24,-152,-86.831,-32,-86.831,113.388,12.67,1.7,29.2,14.74,4.92,1
CELL_21_7,0_24,-144,-87.692,-32,-87.692,126.441,12.21,1.68,29.42,14.76,4.62,1
CELL_21_8,0_24,-136,-93.9,-32,-93.9,131.085,11.78,1.66,29.62,14.78,4.34,1
CELL_21_9,0_24,-128,-98.375,-32,-98.375,132.941,11.37,1.63,29.81,14.79,4.08,1
CELL_21_10,0_24,-120,-99.256,-32,-99.256,135.449,11.01,1.61,29.99,14.8,3.85,1
CELL_21_11,0_24,-112,-100.277,-32,-100.277,137.917,10.69,1.59,30.14,14.8,3.65,1
CELL_21_12,0_24,-104,-101.029,-32,-101.029,137.961,10.43,1.58,30.26,14.8,3.48,1
CELL_21_13,0_24,-96,-100.929,-32,-100.929,136.883,10.23,1.56,30.36,14.8,3.35,1
CELL_21_14,0_24,-88,-100.367,-32,-100.367,133.11,10.09,1.55,30.43,14.79,3.26,1
CELL_21_15,0_24,-80,-99.143,-32,-99.143,120.954,10.01,1.54,30.47,14.78,3.21,1
CELL_21_16,0_24,-72,-92.831,-32,-92.831,113.153,10,1.54,30.48,14.76,3.2,1
CELL_21_17,0_24,-64,-86.586,-32,-86.586,112.756,10.06,1.53,30.45,14.74,3.24,1
CELL_21_18,0_24,-56,-85.339,-32,-85.339,112.721,10.19,1.53,30.4,14.72,3.32,1
CELL_21_19,0_24,-48,-84.736,-32,-84.736,112.76,10.37,1.54,30.31,14.69,3.44,1
CELL_21_20,0_24,-40,-84.215,-32,-84.215,112.831,10.62,1.54,30.2,14.66,3.6,1
CELL_21_21,0_24,-32,-83.761,-32,-83.761,,,,,,,0
CELL_21_22,0_24,-24,-83.381,-32,-83.381,112.528,11.27,1.56,29.9,14.58,4.02,1
CELL_21_23,0_24,-16,-83.104,-32,-83.104,112.667,11.66,1.57,29.72,14.54,4.27,1
CELL_21_24,0_24,-8,-82.961,-32,-82.961,112.935,12.09,1.58,29.52,14.49,4.54,1
CELL_21_25,0_24,0,-82.935,-32,-82.935,113.287,12.54,1.59,29.31,14.45,4.84,1
CELL_21_26,0_24,8,-82.497,-32,-82.497,112.66,13.02,1.6,29.1,14.39,5.14,1
CELL_21_27,0_24,16,-78.878,-32,-78.878,105.514,13.5,1.62,28.88,14.34,5.45,1
CELL_21_28,0_24,24,-75.415,-32,-75.415,98.529,13.98,1.63,28.65,14.28,5.76,1
CELL_21_29,0_24,32,-76.165,-32,-76.165,99.828,14.46,1.64,28.44,14.22,6.06,1
CELL_21_30,0_24,40,-79.548,-32,-79.548,106.267,14.91,1.64,28.23,14.16,6.36,1
CELL_21_31,0_24,48,-81.889,-32,-81.889,110.518,15.34,1.65,28.04,14.09,6.63,1
CELL_21_32,0_24,56,-82.536,-32,-82.536,111.301,15.73,1.65,27.86,14.02,6.88,1
CELL_21_33,0_24,64,-83.528,-32,-83.528,112.727,16.08,1.65,27.71,13.95,7.11,1
CELL_21_34,0_24,72,-85.505,-32,-85.505,116.106,16.38,1.64,27.57,13.88,7.3,1
CELL_21_35,0_24,80,-88.611,-32,-88.611,121.763,16.63,1.63,27.47,13.81,7.46,1
CELL_21_36,0_24,88,-92.207,-32,-92.207,128.455,16.81,1.62,27.39,13.73,7.58,1
CELL_21_37,0_24,96,-94.2,-32,-94.2,132.031,16.94,1.6,27.35,13.66,7.66,1
CELL_21_38,0_24,104,-94.217,-32,-94.217,131.772,17,1.58,27.34,13.58,7.7,1
CELL_21_39,0_24,112,-94.151,-32,-94.151,131.491,16.99,1.55,27.36,13.5,7.69,1
CELL_21_40,0_24,120,-93.996,-32,-93.996,131.2,16.91,1.52,27.41,13.42,7.64,1
CELL_21_41,0_24,128,-93.816,-32,-93.816,131.038,16.77,1.48,27.49,13.34,7.55,1
CELL_21_42,0_24,136,-92.9,-32,-92.9,129.59,16.57,1.44,27.6,13.26,7.42,1
CELL_21_43,0_24,144,-91.786,-32,-91.786,127.929,16.31,1.4,27.74,13.18,7.25,1
CELL_21_44,0_24,152,-91.337,-32,-91.337,127.773,15.99,1.35,27.91,13.1,7.05,1
CELL_21_45,0_24,160,-91.816,-32,-91.816,129.625,15.63,1.3,28.1,13.02,6.82,1
CELL_21_46,0_24,168,-92.58,-32,-92.58,132.227,15.22,1.25,28.31,12.94,6.56,1
CELL_21_47,0_24,176,-92.166,-32,-92.166,132.559,14.79,1.19,28.53,12.86,6.28,1
CELL_21_48,0_24,184,-90.708,-32,-90.708,130.824,14.33,1.13,28.77,12.78,5.98,1
CELL_21_49,0_24,192,-89.585,-32,-89.585,129.746,13.85,1.08,29.01,12.71,5.68,1
CELL_21_50,0_24,200,-88.895,-32,-88.895,129.505,13.37,1.02,29.26,12.63,5.37,1
CELL_22_0,0_24,-200,-86.388,-24,-86.388,114.742,15.24,1.74,28.03,14.37,6.57,1
CELL_22_1,0_24,-192,-87.974,-24,-87.974,116.274,14.81,1.73,28.23,14.43,6.29,1
CELL_22_2,0_24,-184,-89.638,-24,-89.638,115.88,14.35,1.72,28.44,14.48,6,1
CELL_22_3,0_24,-176,-90.418,-24,-90.418,113.268,13.87,1.7,28.66,14.52,5.69,1
CELL_22_4,0_24,-168,-90.267,-24,-90.267,108.818,13.39,1.69,28.88,14.57,5.38,1
CELL_22_5,0_24,-160,-88.589,-24,-88.589,105.891,12.91,1.67,29.11,14.61,5.07,1
CELL_22_6,0_24,-152,-86.041,-24,-86.041,108.203,12.44,1.65,29.33,14.64,4.77,1
CELL_22_7,0_24,-144,-84.638,-24,-84.638,120.855,11.99,1.64,29.54,14.68,4.48,1
CELL_22_8,0_24,-136,-88.767,-24,-88.767,129.946,11.57,1.62,29.73,14.71,4.21,1
CELL_22_9,0_24,-128,-94.978,-24,-94.978,132.348,11.19,1.6,29.91,14.73,3.96,1
CELL_22_10,0_24,-120,-96.903,-24,-96.903,135.144,10.85,1.59,30.07,14.75,3.74,1
CELL_22_11,0_24,-112,-98.379,-24,-98.379,137.495,10.56,1.58,30.21,14.77,3.56,1
CELL_22_12,0_24,-104,-99.362,-24,-99.362,138.234,10.32,1.57,30.32,14.78,3.41,1
CELL_22_13,0_24,-96,-99.219,-24,-99.219,138.1,10.15,1.56,30.4,14.79,3.3,1
CELL_22_14,0_24,-88,-98.927,-24,-98.927,136.385,10.04,1.55,30.45,14.8,3.23,1
CELL_22_15,0_24,-80,-98.387,-24,-98.387,124.877,10,1.55,30.47,14.8,3.2,1
CELL_22_16,0_24,-72,-94.798,-24,-94.798,113.927,10.02,1.55,30.46,14.8,3.22,1
CELL_22_17,0_24,-64,-87.061,-24,-87.061,112.617,10.12,1.55,30.42,14.79,3.27,1
CELL_22_18,0_24,-56,-84.123,-24,-84.123,112.493,10.27,1.56,30.35,14.78,3.37,1
CELL_22_19,0_24,-48,-83.235,-24,-83.235,112.466,10.49,1.57,30.24,14.77,3.51,1
CELL_22_20,0_24,-40,-82.731,-24,-82.731,112.484,10.76,1.58,30.12,14.75,3.69,1
CELL_22_21,0_24,-32,-82.399,-24,-82.399,112.546,11.09,1.59,29.96,14.72,3.9,1
CELL_22_22,0_24,-24,-82.092,-24,-82.092,,,,,,,0
CELL_22_23,0_24,-16,-81.892,-24,-81.892,112.248,11.87,1.63,29.6,14.67,4.4,1
CELL_22_24,0_24,-8,-81.814,-24,-81.814,112.382,12.31,1.64,29.39,14.63,4.69,1
CELL_22_25,0_24,0,-81.878,-24,-81.878,112.632,12.78,1.66,29.17,14.6,4.99,1
CELL_22_26,0_24,8,-82.067,-24,-82.067,112.962,13.26,1.68,28.95,14.56,5.29,1
CELL_22_27,0_24,16,-80.078,-24,-80.078,108.773,13.74,1.69,28.73,14.51,5.61,1
CELL_22_28,0_24,24,-76.739,-24,-76.739,101.732,14.22,1.71,28.5,14.46,5.91,1
CELL_22_29,0_24,32,-74.394,-24,-74.394,96.541,14.69,1.72,28.29,14.41,6.21,1
CELL_22_30,0_24,40,-74.384,-24,-74.384,95.903,15.13,1.73,28.09,14.36,6.5,1
CELL_22_31,0_24,48,-77.096,-24,-77.096,100.62,15.54,1.74,27.9,14.3,6.76,1
CELL_22_32,0_24,56,-79.831,-24,-79.831,105.322,15.91,1.74,27.73,14.24,7,1
CELL_22_33,0_24,64,-81.689,-24,-81.689,108.241,16.24,1.74,27.59,14.18,7.21,1
CELL_22_34,0_24,72,-83.093,-24,-83.093,110.26,16.51,1.73,27.47,14.12,7.39,1
CELL_22_35,0_24,80,-84.741,-24,-84.741,112.813,16.73,1.72,27.38,14.05,7.53,1
CELL_22_36,0_24,88,-87.263,-24,-87.263,117.19,16.88,1.71,27.31,13.98,7.63,1
CELL_22_37,0_24,96,-90.707,-24,-90.707,123.525,16.98,1.69,27.28,13.91,7.68,1
CELL_22_38,0_24,104,-93.929,-24,-93.929,129.558,17,1.67,27.29,13.84,7.7,1
CELL_22_39,0_24,112,-94.868,-24,-94.868,131.195,16.96,1.64,27.32,13.76,7.67,1
CELL_22_40,0_24,120,-94.285,-24,-94.285,129.976,16.85,1.61,27.39,13.68,7.6,1
CELL_22_41,0_24,128,-92.968,-24,-92.968,127.489,16.68,1.57,27.49,13.61,7.49,1
CELL_22_42,0_24,136,-91.283,-24,-91.283,124.472,16.44,1.53,27.61,13.53,7.34,1
CELL_22_43,0_24,144,-89.428,-24,-89.428,121.319,16.15,1.48,27.77,13.45,7.16,1
CELL_22_44,0_24,152,-88.027,-24,-88.027,119.267,15.81,1.43,27.94,13.37,6.94,1
CELL_22_45,0_24,160,-87.42,-24,-87.42,118.975,15.43,1.38,28.14,13.29,6.69,1
CELL_22_46,0_24,168,-87.735,-24,-87.735,120.672,15.01,1.33,28.36,13.21,6.42,1
CELL_22_47,0_24,176,-88.727,-24,-88.727,123.84,14.56,1.27,28.59,13.13,6.13,1
CELL_22_48,0_24,184,-88.93,-24,-88.93,125.506,14.09,1.21,28.83,13.05,5.83,1
CELL_22_49,0_24,192,-87.878,-24,-87.878,124.701,13.61,1.15,29.08,12.97,5.52,1
CELL_22_50,0_24,200,-86.348,-24,-86.348,122.933,13.13,1.09,29.33,12.89,5.21,1
CELL_23_0,0_24,-200,-85.956,-16,-85.956,112.219,15.03,1.66,28.17,14.17,6.43,1
CELL_23_1,0_24,-192,-86.305,-16,-86.305,114.572,14.58,1.65,28.37,14.24,6.15,1
CELL_23_2,0_24,-184,-87.637,-16,-87.637,115.386,14.11,1.64,28.59,14.3,5.84,1
CELL_23_3,0_24,-176,-88.712,-16,-88.712,114.524,13.63,1.63,28.81,14.35,5.53,1
CELL_23_4,0_24,-168,-89.046,-16,-89.046,110.912,13.15,1.62,29.03,14.41,5.22,1
CELL_23_5,0_24,-160,-88.415,-16,-88.415,105.996,12.67,1.6,29.25,14.46,4.92,1
CELL_23_6,0_24,-152,-85.862,-16,-85.862,103.925,12.21,1.59,29.46,14.51,4.62,1
CELL_23_7,0_24,-144,-82.756,-16,-82.756,112.886,11.78,1.58,29.66,14.55,4.34,1
CELL_23_8,0_24,-136,-83.552,-16,-83.552,125.574,11.37,1.57,29.85,14.59,4.08,1
CELL_23_9,0_24,-128,-89.285,-16,-89.285,130.12,11.01,1.56,30.02,14.63,3.85,1
CELL_23_10,0_24,-120,-93.071,-16,-93.071,133.928,10.69,1.55,30.16,14.66,3.65,1
CELL_23_11,0_24,-112,-95.309,-16,-95.309,136.827,10.43,1.54,30.28,14.69,3.48,1
CELL_23_12,0_24,-104,-97.269,-16,-97.269,137.626,10.23,1.54,30.38,14.72,3.35,1
CELL_23_13,0_24,-96,-97.417,-16,-97.417,138.147,10.09,1.54,30.44,14.74,3.26,1
CELL_23_14,0_24,-88,-97.152,-16,-97.152,137.997,10.01,1.54,30.47,14.76,3.21,1
CELL_23_15,0_24,-80,-96.814,-16,-96.814,131.562,10,1.54,30.47,14.78,3.2,1
CELL_23_16,0_24,-72,-96.079,-16,-96.079,117.591,10.06,1.55,30.44,14.79,3.24,1
CELL_23_17,0_24,-64,-89.69,-16,-89.69,113.002,10.19,1.56,30.38,14.8,3.32,1
CELL_23_18,0_24,-56,-83.596,-16,-83.596,112.246,10.37,1.57,30.29,14.8,3.44,1
CELL_23_19,0_24,-48,-82.279,-16,-82.279,112.123,10.62,1.59,30.17,14.8,3.6,1
CELL_23_20,0_24,-40,-81.452,-16,-81.452,112.206,10.92,1.61,30.03,14.79,3.79,1
CELL_23_21,0_24,-32,-81.077,-16,-81.077,112.204,11.27,1.63,29.86,14.78,4.02,1
CELL_23_22,0_24,-24,-80.98,-16,-80.98,112.265,11.66,1.65,29.68,14.77,4.27,1
CELL_23_23,0_24,-16,-80.889,-16,-80.889,,,,,,,0
CELL_23_24,0_24,-8,-80.899,-16,-80.899,112.014,12.54,1.69,29.26,14.73,4.84,1
CELL_23_25,0_24,0,-81.037,-16,-81.037,112.143,13.02,1.71,29.04,14.71,5.14,1
CELL_23_26,0_24,8,-81.311,-16,-81.311,112.372,13.5,1.73,28.81,14.68,5.45,1
CELL_23_27,0_24,16,-80.868,-16,-80.868,111.006,13.98,1.75,28.58,14.65,5.76,1
CELL_23_28,0_24,24,-78.019,-16,-78.019,104.682,14.46,1.77,28.36,14.61,6.06,1
CELL_23_29,0_24,32,-75.561,-16,-75.561,99.017,14.91,1.79,28.15,14.57,6.36,1
CELL_23_30,0_24,40,-74.189,-16,-74.189,95.421,15.34,1.8,27.95,14.53,6.63,1
CELL_23_31,0_24,48,-73.77,-16,-73.77,93.66,15.73,1.81,27.77,14.48,6.88,1
CELL_23_32,0_24,56,-75.25,-16,-75.25,95.657,16.08,1.81,27.62,14.43,7.11,1
CELL_23_33,0_24,64,-77.113,-16,-77.113,98.412,16.38,1.82,27.48,14.38,7.3,1
CELL_23_34,0_24,72,-78.536,-16,-78.536,100.315,16.63,1.81,27.37,14.32,7.46,1
CELL_23_35,0_24,80,-79.63,-16,-79.63,101.622,16.81,1.8,27.29,14.27,7.58,1
CELL_23_36,0_24,88,-80.916,-16,-80.916,103.409,16.94,1.79,27.25,14.2,7.66,1
CELL_23_37,0_24,96,-82.991,-16,-82.991,106.901,17,1.77,27.23,14.14,7.7,1
CELL_23_38,0_24,104,-86.157,-16,-86.157,112.731,16.99,1.75,27.25,14.07,7.69,1
CELL_23_39,0_24,112,-89.758,-16,-89.758,119.609,16.91,1.72,27.3,14.01,7.64,1
CELL_23_40,0_24,120,-91.999,-16,-91.999,123.963,16.77,1.69,27.38,13.94,7.55,1
CELL_23_41,0_24,128,-91.343,-16,-91.343,122.731,16.57,1.65,27.49,13.86,7.42,1
CELL_23_42,0_24,136,-89.988,-16,-89.988,120.312,16.31,1.61,27.63,13.79,7.25,1
CELL_23_43,0_24,144,-88.532,-16,-88.532,117.898,15.99,1.56,27.8,13.71,7.05,1
CELL_23_44,0_24,152,-87.219,-16,-87.219,115.97,15.63,1.51,27.98,13.64,6.82,1
CELL_23_45,0_24,160,-86.249,-16,-86.249,114.907,15.22,1.46,28.19,13.56,6.56,1
CELL_23_46,0_24,168,-85.328,-16,-85.328,114.095,14.79,1.4,28.42,13.48,6.28,1
CELL_23_47,0_24,176,-84.515,-16,-84.515,113.627,14.33,1.35,28.65,13.4,5.98,1
CELL_23_48,0_24,184,-84.068,-16,-84.068,113.981,13.85,1.29,28.9,13.32,5.68,1
CELL_23_49,0_24,192,-84.756,-16,-84.756,116.66,13.37,1.23,29.15,13.24,5.37,1
CELL_23_50,0_24,200,-85.408,-16,-85.408,119.279,12.89,1.17,29.39,13.16,5.06,1
CELL_24_0,0_24,-200,-85.479,-8,-85.479,110.718,14.81,1.56,28.32,13.94,6.29,1
CELL_24_1,0_24,-192,-85.514,-8,-85.514,112.56,14.35,1.56,28.53,14.01,6,1
CELL_24_2,0_24,-184,-85.864,-8,-85.864,114.066,13.87,1.55,28.74,14.08,5.69,1
CELL_24_3,0_24,-176,-86.779,-8,-86.779,114.31,13.39,1.54,28.96,14.15,5.38,1
CELL_24_4,0_24,-168,-87.352,-8,-87.352,112.778,12.91,1.53,29.18,14.21,5.07,1
CELL_24_5,0_24,-160,-87.315,-8,-87.315,107.783,12.44,1.53,29.4,14.27,4.77,1
CELL_24_6,0_24,-152,-85.851,-8,-85.851,102.275,11.99,1.52,29.6,14.33,4.48,1
CELL_24_7,0_24,-144,-82.143,-8,-82.143,104.922,11.57,1.51,29.79,14.39,4.21,1
CELL_24_8,0_24,-136,-79.806,-8,-79.806,117.026,11.19,1.5,29.97,14.44,3.96,1
CELL_24_9,0_24,-128,-83.158,-8,-83.158,125.271,10.85,1.5,30.12,14.49,3.74,1
CELL_24_10,0_24,-120,-87.823,-8,-87.823,130.681,10.56,1.49,30.25,14.53,3.56,1
CELL_24_11,0_24,-112,-90.604,-8,-90.604,135.518,10.32,1.49,30.36,14.58,3.41,1
CELL_24_12,0_24,-104,-93.943,-8,-93.943,136.912,10.15,1.5,30.43,14.62,3.3,1
CELL_24_13,0_24,-96,-95.531,-8,-95.531,137.538,10.04,1.5,30.48,14.65,3.23,1
CELL_24_14,0_24,-88,-95.324,-8,-95.324,137.978,10,1.51,30.49,14.68,3.2,1
CELL_24_15,0_24,-80,-95.083,-8,-95.083,137.11,10.02,1.52,30.48,14.71,3.22,1
CELL_24_16,0_24,-72,-94.79,-8,-94.79,125.329,10.12,1.54,30.43,14.74,3.27,1
CELL_24_17,0_24,-64,-92.659,-8,-92.659,114.578,10.27,1.55,30.35,14.76,3.37,1
CELL_24_18,0_24,-56,-85.723,-8,-85.723,112.842,10.49,1.57,30.24,14.77,3.51,1
CELL_24_19,0_24,-48,-81.978,-8,-81.978,111.942,10.76,1.59,30.11,14.79,3.69,1
CELL_24_20,0_24,-40,-80.896,-8,-80.896,111.762,11.09,1.62,29.95,14.79,3.9,1
CELL_24_21,0_24,-32,-80.18,-8,-80.18,111.944,11.46,1.64,29.77,14.8,4.14,1
CELL_24_22,0_24,-24,-79.946,-8,-79.946,111.974,11.87,1.67,29.57,14.8,4.4,1
CELL_24_23,0_24,-16,-80.067,-8,-80.067,112.029,12.31,1.7,29.36,14.8,4.69,1
CELL_24_24,0_24,-8,-80.232,-8,-80.232,,,,,,,0
CELL_24_25,0_24,0,-80.437,-8,-80.437,111.847,13.26,1.75,28.91,14.78,5.29,1
CELL_24_26,0_24,8,-80.766,-8,-80.766,111.953,13.74,1.78,28.68,14.76,5.61,1
CELL_24_27,0_24,16,-81.183,-8,-81.183,112.086,14.22,1.8,28.45,14.74,5.91,1
CELL_24_28,0_24,24,-79.382,-8,-79.382,107.653,14.69,1.82,28.23,14.72,6.21,1
CELL_24_29,0_24,32,-76.813,-8,-76.813,101.578,15.13,1.84,28.03,14.69,6.5,1
CELL_24_30,0_24,40,-75.206,-8,-75.206,97.345,15.54,1.86,27.83,14.66,6.76,1
CELL_24_31,0_24,48,-74.533,-8,-74.533,94.929,15.91,1.87,27.66,14.63,7,1
CELL_24_32,0_24,56,-74.317,-8,-74.317,93.407,16.24,1.88,27.51,14.59,7.21,1
CELL_24_33,0_24,64,-74.851,-8,-74.851,93.397,16.51,1.88,27.39,14.55,7.39,1
CELL_24_34,0_24,72,-75.701,-8,-75.701,94.061,16.73,1.88,27.29,14.5,7.53,1
CELL_24_35,0_24,80,-76.234,-8,-76.234,94.163,16.88,1.87,27.23,14.45,7.63,1
CELL_24_36,0_24,88,-76.634,-8,-76.634,94.105,16.98,1.86,27.19,14.4,7.68,1
CELL_24_37,0_24,96,-77.371,-8,-77.371,94.852,17,1.84,27.19,14.35,7.7,1
CELL_24_38,0_24,104,-78.928,-8,-78.928,97.392,16.96,1.82,27.22,14.29,7.67,1
CELL_24_39,0_24,112,-81.637,-8,-81.637,102.412,16.85,1.79,27.29,14.23,7.6,1
CELL_24_40,0_24,120,-85.095,-8,-85.095,109.118,16.68,1.76,27.38,14.16,7.49,1
CELL_24_41,0_24,128,-87.79,-8,-87.79,114.497,16.44,1.72,27.5,14.1,7.34,1
CELL_24_42,0_24,136,-88.854,-8,-88.854,116.818,16.15,1.68,27.66,14.03,7.16,1
CELL_24_43,0_24,144,-88.618,-8,-88.618,116.737,15.81,1.64,27.83,13.96,6.94,1
CELL_24_44,0_24,152,-87.99,-8,-87.99,116.063,15.43,1.59,28.03,13.89,6.69,1
CELL_24_45,0_24,160,-87.538,-8,-87.538,115.918,15.01,1.53,28.25,13.82,6.42,1
CELL_24_46,0_24,168,-86.746,-8,-86.746,115.249,14.56,1.48,28.48,13.74,6.13,1
CELL_24_47,0_24,176,-85.239,-8,-85.239,113.28,14.09,1.42,28.72,13.67,5.83,1
CELL_24_48,0_24,184,-82.938,-8,-82.938,109.826,13.61,1.37,28.96,13.59,5.52,1
CELL_24_49,0_24,192,-81.878,-8,-81.878,108.925,13.13,1.31,29.21,13.51,5.21,1
CELL_24_50,0_24,200,-83.336,-8,-83.336,113.097,12.65,1.25,29.46,13.43,4.9,1
CELL_25_0,0_24,-200,-84.816,0,-84.816,111.312,14.58,1.46,28.48,13.69,6.15,1
CELL_25_1,0_24,-192,-84.809,0,-84.809,111.382,14.11,1.46,28.69,13.77,5.84,1
CELL_25_2,0_24,-184,-84.671,0,-84.671,112.713,13.63,1.46,28.9,13.84,5.53,1
CELL_25_3,0_24,-176,-84.93,0,-84.93,113.561,13.15,1.45,29.12,13.92,5.22,1
CELL_25_4,0_24,-168,-85.445,0,-85.445,113.355,12.67,1.44,29.34,13.99,4.92,1
CELL_25_5,0_24,-160,-85.629,0,-85.629,110.446,12.21,1.44,29.55,14.06,4.62,1
CELL_25_6,0_24,-152,-85.263,0,-85.263,103.583,11.78,1.43,29.75,14.12,4.34,1
CELL_25_7,0_24,-144,-82.263,0,-82.263,100.061,11.37,1.43,29.93,14.19,4.08,1
CELL_25_8,0_24,-136,-78.322,0,-78.322,107.766,11.01,1.43,30.09,14.25,3.85,1
CELL_25_9,0_24,-128,-78.774,0,-78.774,117.844,10.69,1.43,30.23,14.31,3.65,1
CELL_25_10,0_24,-120,-82.019,0,-82.019,124.423,10.43,1.43,30.35,14.37,3.48,1
CELL_25_11,0_24,-112,-85.043,0,-85.043,131.997,10.23,1.43,30.43,14.42,3.35,1
CELL_25_12,0_24,-104,-88.8,0,-88.8,136.1,10.09,1.44,30.49,14.47,3.26,1
CELL_25_13,0_24,-96,-92.905,0,-92.905,136.799,10.01,1.45,30.52,14.52,3.21,1
CELL_25_14,0_24,-88,-93.459,0,-93.459,137.393,10,1.47,30.51,14.56,3.2,1
CELL_25_15,0_24,-80,-93.341,0,-93.341,137.681,10.06,1.49,30.48,14.6,3.24,1
CELL_25_16,0_24,-72,-93.214,0,-93.214,133.804,10.19,1.51,30.41,14.64,3.32,1
CELL_25_17,0_24,-64,-93.051,0,-93.051,120.986,10.37,1.53,30.32,14.67,3.44,1
CELL_25_18,0_24,-56,-89.517,0,-89.517,114.468,10.62,1.56,30.19,14.7,3.6,1
CELL_25_19,0_24,-48,-83.386,0,-83.386,112.848,10.92,1.58,30.04,14.73,3.79,1
CELL_25_20,0_24,-40,-80.978,0,-80.978,111.801,11.27,1.61,29.87,14.75,4.02,1
CELL_25_21,0_24,-32,-80.091,0,-80.091,111.516,11.66,1.65,29.68,14.77,4.27,1
CELL_25_22,0_24,-24,-79.519,0,-79.519,111.719,12.09,1.68,29.47,14.78,4.54,1
CELL_25_23,0_24,-16,-79.418,0,-79.418,111.833,12.54,1.71,29.25,14.79,4.84,1
CELL_25_24,0_24,-8,-79.706,0,-79.706,111.86,13.02,1.74,29.02,14.8,5.14,1
CELL_25_25,0_24,0,-80.257,0,-80.257,,,,,,,0
CELL_25_26,0_24,8,-80.733,0,-80.733,112.312,13.98,1.81,28.56,14.8,5.76,1
CELL_25_27,0_24,16,-81.114,0,-81.114,112.207,14.46,1.83,28.33,14.79,6.06,1
CELL_25_28,0_24,24,-80.919,0,-80.919,110.844,14.91,1.86,28.11,14.78,6.36,1
CELL_25_29,0_24,32,-78.621,0,-78.621,105.192,15.34,1.88,27.91,14.77,6.63,1
CELL_25_30,0_24,40,-76.578,0,-76.578,99.994,15.73,1.9,27.72,14.75,6.88,1
CELL_25_31,0_24,48,-75.599,0,-75.599,96.892,16.08,1.92,27.56,14.73,7.11,1
CELL_25_32,0_24,56,-75.407,0,-75.407,95.361,16.38,1.93,27.42,14.7,7.3,1
CELL_25_33,0_24,64,-75.514,0,-75.514,94.453,16.63,1.93,27.31,14.67,7.46,1
CELL_25_34,0_24,72,-75.904,0,-75.904,94.161,16.81,1.93,27.22,14.64,7.58,1
CELL_25_35,0_24,80,-76.233,0,-76.233,93.826,16.94,1.93,27.17,14.6,7.66,1
CELL_25_36,0_24,88,-76.163,0,-76.163,92.794,17,1.92,27.15,14.56,7.7,1
CELL_25_37,0_24,96,-76.075,0,-76.075,91.849,16.99,1.9,27.16,14.52,7.69,1
CELL_25_38,0_24,104,-76.462,0,-76.462,91.995,16.91,1.88,27.21,14.47,7.64,1
CELL_25_39,0_24,112,-77.757,0,-77.757,94.115,16.77,1.85,27.29,14.42,7.55,1
CELL_25_40,0_24,120,-80.237,0,-80.237,98.774,16.57,1.82,27.39,14.37,7.42,1
CELL_25_41,0_24,128,-83.483,0,-83.483,105.14,16.31,1.79,27.53,14.31,7.25,1
CELL_25_42,0_24,136,-86.343,0,-86.343,110.918,15.99,1.75,27.69,14.25,7.05,1
CELL_25_43,0_24,144,-88.682,0,-88.682,115.83,15.63,1.7,27.88,14.19,6.82,1
CELL_25_44,0_24,152,-88.993,0,-88.993,116.861,15.22,1.65,28.09,14.12,6.56,1
CELL_25_45,0_24,160,-88.791,0,-88.791,117.032,14.79,1.6,28.31,14.06,6.28,1
CELL_25_46,0_24,168,-88.32,0,-88.32,116.813,14.33,1.55,28.54,13.99,5.98,1
CELL_25_47,0_24,176,-87.325,0,-87.325,115.68,13.85,1.49,28.79,13.92,5.68,1
CELL_25_48,0_24,184,-85.283,0,-85.283,112.564,13.37,1.44,29.03,13.84,5.37,1
CELL_25_49,0_24,192,-82.708,0,-82.708,108.472,12.89,1.38,29.28,13.77,5.06,1
CELL_25_50,0_24,200,-82.485,0,-82.485,109.145,12.42,1.33,29.52,13.69,4.75,1
CELL_26_0,0_24,-200,-83.847,8,-83.847,112.542,14.35,1.36,28.64,13.43,6,1
CELL_26_1,0_24,-192,-83.861,8,-83.861,111.734,13.87,1.36,28.85,13.51,5.69,1
CELL_26_2,0_24,-184,-83.694,8,-83.694,111.937,13.39,1.35,29.07,13.59,5.38,1
CELL_26_3,0_24,-176,-83.401,8,-83.401,112.801,12.91,1.35,29.29,13.67,5.07,1
CELL_26_4,0_24,-168,-83.484,8,-83.484,113.188,12.44,1.34,29.5,13.74,4.77,1
CELL_26_5,0_24,-160,-83.685,8,-83.685,112.506,11.99,1.34,29.7,13.82,4.48,1
CELL_26_6,0_24,-152,-83.603,8,-83.603,106.876,11.57,1.34,29.89,13.89,4.21,1
CELL_26_7,0_24,-144,-82.24,8,-82.24,99.996,11.19,1.34,30.06,13.96,3.96,1
CELL_26_8,0_24,-136,-78.263,8,-78.263,102.02,10.85,1.34,30.21,14.03,3.74,1
CELL_26_9,0_24,-128,-76.854,8,-76.854,109.471,10.56,1.34,30.34,14.1,3.56,1
CELL_26_10,0_24,-120,-78.047,8,-78.047,116.519,10.32,1.35,30.44,14.16,3.41,1
CELL_26_11,0_24,-112,-80.219,8,-80.219,125.041,10.15,1.36,30.51,14.23,3.3,1
CELL_26_12,0_24,-104,-82.994,8,-82.994,133.91,10.04,1.38,30.55,14.29,3.23,1
CELL_26_13,0_24,-96,-88.109,8,-88.109,135.934,10,1.39,30.56,14.35,3.2,1
CELL_26_14,0_24,-88,-91.62,8,-91.62,136.635,10.02,1.41,30.54,14.4,3.22,1
CELL_26_15,0_24,-80,-91.62,8,-91.62,137.221,10.12,1.44,30.48,14.45,3.27,1
CELL_26_16,0_24,-72,-91.67,8,-91.67,137.311,10.27,1.46,30.4,14.5,3.37,1
CELL_26_17,0_24,-64,-91.73,8,-91.73,130.495,10.49,1.49,30.29,14.55,3.51,1
CELL_26_18,0_24,-56,-91.513,8,-91.513,119.052,10.76,1.53,30.15,14.59,3.69,1
CELL_26_19,0_24,-48,-87.628,8,-87.628,114.688,11.09,1.56,29.98,14.63,3.9,1
CELL_26_20,0_24,-40,-82.485,8,-82.485,113.047,11.46,1.6,29.8,14.66,4.14,1
CELL_26_21,0_24,-32,-80.534,8,-80.534,111.876,11.87,1.63,29.59,14.69,4.4,1
CELL_26_22,0_24,-24,-79.879,8,-79.879,111.454,12.31,1.67,29.37,14.72,4.69,1
CELL_26_23,0_24,-16,-79.461,8,-79.461,111.611,12.78,1.71,29.15,14.74,4.99,1
CELL_26_24,0_24,-8,-79.664,8,-79.664,112.097,13.26,1.75,28.91,14.76,5.29,1
CELL_26_25,0_24,0,-80.633,8,-80.633,112.298,13.74,1.78,28.68,14.78,5.61,1
CELL_26_26,0_24,8,-81.641,8,-81.641,,,,,,,0
CELL_26_27,0_24,16,-82.162,8,-82.162,114.403,14.69,1.85,28.22,14.8,6.21,1
CELL_26_28,0_24,24,-82.368,8,-82.368,113.767,15.13,1.88,28,14.8,6.5,1
CELL_26_29,0_24,32,-81.556,8,-81.556,111.038,15.54,1.91,27.81,14.8,6.76,1
CELL_26_30,0_24,40,-79.069,8,-79.069,104.924,15.91,1.93,27.63,14.79,7,1
CELL_26_31,0_24,48,-77.38,8,-77.38,100.395,16.24,1.95,27.47,14.79,7.21,1
CELL_26_32,0_24,56,-76.836,8,-76.836,98.169,16.51,1.96,27.34,14.77,7.39,1
CELL_26_33,0_24,64,-77.016,8,-77.016,97.425,16.73,1.97,27.24,14.76,7.53,1
CELL_26_34,0_24,72,-77.616,8,-77.616,97.571,16.88,1.97,27.17,14.74,7.63,1
CELL_26_35,0_24,80,-78.509,8,-78.509,98.376,16.98,1.97,27.13,14.71,7.68,1
CELL_26_36,0_24,88,-78.778,8,-78.778,98.022,17,1.96,27.13,14.68,7.7,1
CELL_26_37,0_24,96,-78.475,8,-78.475,96.626,16.96,1.95,27.15,14.65,7.67,1
CELL_26_38,0_24,104,-78.192,8,-78.192,95.389,16.85,1.93,27.21,14.62,7.6,1
CELL_26_39,0_24,112,-78.534,8,-78.534,95.53,16.68,1.9,27.3,14.58,7.49,1
CELL_26_40,0_24,120,-79.924,8,-79.924,97.903,16.44,1.87,27.42,14.53,7.34,1
CELL_26_41,0_24,128,-82.42,8,-82.42,102.634,16.15,1.84,27.57,14.49,7.16,1
CELL_26_42,0_24,136,-85.233,8,-85.233,108.148,15.81,1.8,27.74,14.44,6.94,1
CELL_26_43,0_24,144,-88.267,8,-88.267,114.252,15.43,1.76,27.94,14.39,6.69,1
CELL_26_44,0_24,152,-89.792,8,-89.792,117.488,15.01,1.71,28.15,14.33,6.42,1
CELL_26_45,0_24,160,-89.638,8,-89.638,117.512,14.56,1.66,28.38,14.27,6.13,1
CELL_26_46,0_24,168,-89.258,8,-89.258,117.225,14.09,1.61,28.61,14.21,5.83,1
CELL_26_47,0_24,176,-88.842,8,-88.842,116.996,13.61,1.56,28.86,14.15,5.52,1
CELL_26_48,0_24,184,-87.777,8,-87.777,115.59,13.13,1.5,29.1,14.08,5.21,1
CELL_26_49,0_24,192,-85.157,8,-85.157,111.181,12.65,1.45,29.34,14.01,4.9,1
CELL_26_50,0_24,200,-82.924,8,-82.924,107.637,12.19,1.4,29.58,13.94,4.61,1
CELL_27_0,0_24,-200,-82.489,16,-82.489,113.681,14.11,1.25,28.8,13.16,5.84,1
CELL_27_1,0_24,-192,-82.574,16,-82.574,112.924,13.63,1.25,29.02,13.24,5.53,1
CELL_27_2,0_24,-184,-82.442,16,-82.442,112.163,13.15,1.24,29.24,13.32,5.22,1
CELL_27_3,0_24,-176,-82.128,16,-82.128,112.317,12.67,1.24,29.45,13.4,4.92,1
CELL_27_4,0_24,-168,-81.691,16,-81.691,112.84,12.21,1.24,29.66,13.48,4.62,1
CELL_27_5,0_24,-160,-81.569,16,-81.569,112.891,11.78,1.24,29.85,13.56,4.34,1
CELL_27_6,0_24,-152,-81.554,16,-81.554,110.38,11.37,1.24,30.03,13.64,4.08,1
CELL_27_7,0_24,-144,-81.186,16,-81.186,103.196,11.01,1.24,30.19,13.71,3.85,1
CELL_27_8,0_24,-136,-78.365,16,-78.365,101.371,10.69,1.25,30.33,13.79,3.65,1
CELL_27_9,0_24,-128,-76.428,16,-76.428,104.742,10.43,1.26,30.44,13.86,3.48,1
CELL_27_10,0_24,-120,-76.057,16,-76.057,110.03,10.23,1.27,30.52,13.94,3.35,1
CELL_27_11,0_24,-112,-76.931,16,-76.931,116.649,10.09,1.28,30.58,14.01,3.26,1
CELL_27_12,0_24,-104,-78.657,16,-78.657,127.574,10.01,1.3,30.6,14.07,3.21,1
CELL_27_13,0_24,-96,-82.726,16,-82.726,135.02,10,1.32,30.59,14.14,3.2,1
CELL_27_14,0_24,-88,-88.758,16,-88.758,135.749,10.06,1.35,30.55,14.2,3.24,1
CELL_27_15,0_24,-80,-90.423,16,-90.423,136.471,10.19,1.38,30.48,14.27,3.32,1
CELL_27_16,0_24,-72,-90.599,16,-90.599,137.06,10.37,1.41,30.38,14.32,3.44,1
CELL_27_17,0_24,-64,-90.727,16,-90.727,136.565,10.62,1.45,30.25,14.38,3.6,1
CELL_27_18,0_24,-56,-90.833,16,-90.833,128.793,10.92,1.48,30.1,14.43,3.79,1
CELL_27_19,0_24,-48,-90.571,16,-90.571,118.904,11.27,1.52,29.92,14.48,4.02,1
CELL_27_20,0_24,-40,-87.257,16,-87.257,115.01,11.66,1.56,29.72,14.53,4.27,1
CELL_27_21,0_24,-32,-82.929,16,-82.929,113.42,12.09,1.61,29.51,14.57,4.54,1
CELL_27_22,0_24,-24,-80.611,16,-80.611,112.178,12.54,1.65,29.28,14.61,4.84,1
CELL_27_23,0_24,-16,-80.284,16,-80.284,112.022,13.02,1.69,29.05,14.65,5.14,1
CELL_27_24,0_24,-8,-80.502,16,-80.502,113.188,13.5,1.73,28.81,14.68,5.45,1
CELL_27_25,0_24,0,-81.347,16,-81.347,114.273,13.98,1.77,28.57,14.71,5.76,1
CELL_27_26,0_24,8,-82.455,16,-82.455,114.316,14.46,1.81,28.34,14.73,6.06,1
CELL_27_27,0_24,16,-83.364,16,-83.364,,,,,,,0
CELL_27_28,0_24,24,-83.704,16,-83.704,116.402,15.34,1.88,27.91,14.77,6.63,1
CELL_27_29,0_24,32,-83.652,16,-83.652,115.206,15.73,1.91,27.72,14.78,6.88,1
CELL_27_30,0_24,40,-82.933,16,-82.933,112.666,16.08,1.94,27.55,14.79,7.11,1
CELL_27_31,0_24,48,-80.764,16,-80.764,107.232,16.38,1.96,27.4,14.8,7.3,1
CELL_27_32,0_24,56,-79.302,16,-79.302,103.232,16.63,1.98,27.28,14.8,7.46,1
CELL_27_33,0_24,64,-79.119,16,-79.119,101.825,16.81,1.99,27.19,14.8,7.58,1
CELL_27_34,0_24,72,-80.094,16,-80.094,102.781,16.94,1.99,27.14,14.79,7.66,1
CELL_27_35,0_24,80,-82.114,16,-82.114,105.886,17,1.99,27.11,14.78,7.7,1
CELL_27_36,0_24,88,-83.541,16,-83.541,107.871,16.99,1.99,27.12,14.76,7.69,1
CELL_27_37,0_24,96,-83.876,16,-83.876,107.748,16.91,1.98,27.16,14.74,7.64,1
CELL_27_38,0_24,104,-83.523,16,-83.523,106.333,16.77,1.96,27.23,14.72,7.55,1
CELL_27_39,0_24,112,-83.237,16,-83.237,105.141,16.57,1.94,27.33,14.69,7.42,1
CELL_27_40,0_24,120,-83.654,16,-83.654,105.454,16.31,1.91,27.46,14.66,7.25,1
CELL_27_41,0_24,128,-84.999,16,-84.999,107.726,15.99,1.88,27.62,14.63,7.05,1
CELL_27_42,0_24,136,-86.798,16,-86.798,111.017,15.63,1.84,27.8,14.59,6.82,1
CELL_27_43,0_24,144,-88.172,16,-88.172,113.571,15.22,1.8,28.01,14.55,6.56,1
CELL_27_44,0_24,152,-90.144,16,-90.144,117.439,14.79,1.76,28.22,14.51,6.28,1
CELL_27_45,0_24,160,-90.567,16,-90.567,118.336,14.33,1.71,28.45,14.46,5.98,1
CELL_27_46,0_24,168,-90.129,16,-90.129,117.637,13.85,1.66,28.69,14.41,5.68,1
CELL_27_47,0_24,176,-89.819,16,-89.819,117.321,13.37,1.61,28.94,14.35,5.37,1
CELL_27_48,0_24,184,-89.469,16,-89.469,117.055,12.89,1.56,29.18,14.3,5.06,1
CELL_27_49,0_24,192,-88.101,16,-88.101,114.878,12.42,1.51,29.41,14.24,4.75,1
CELL_27_50,0_24,200,-85.044,16,-85.044,109.444,11.97,1.46,29.64,14.17,4.47,1
CELL_28_0,0_24,-200,-81.574,24,-81.574,114.436,13.87,1.14,28.97,12.89,5.69,1
CELL_28_1,0_24,-192,-80.909,24,-80.909,113.937,13.39,1.14,29.19,12.97,5.38,1
CELL_28_2,0_24,-184,-80.85,24,-80.85,113.226,12.91,1.14,29.4,13.05,5.07,1
CELL_28_3,0_24,-176,-80.595,24,-80.595,112.467,12.44,1.13,29.61,13.13,4.77,1
CELL_28_4,0_24,-168,-80.174,24,-80.174,112.452,11.99,1.13,29.81,13.21,4.48,1
CELL_28_5,0_24,-160,-79.625,24,-79.625,112.729,11.57,1.13,30,13.29,4.21,1
CELL_28_6,0_24,-152,-79.28,24,-79.28,112.229,11.19,1.13,30.17,13.37,3.96,1
CELL_28_7,0_24,-144,-79.117,24,-79.117,107.115,10.85,1.14,30.32,13.45,3.74,1
CELL_28_8,0_24,-136,-77.369,24,-77.369,103.983,10.56,1.15,30.44,13.53,3.56,1
CELL_28_9,0_24,-128,-76.022,24,-76.022,104.07,10.32,1.16,30.54,13.61,3.41,1
CELL_28_10,0_24,-120,-75.096,24,-75.096,106.622,10.15,1.18,30.61,13.68,3.3,1
CELL_28_11,0_24,-112,-74.908,24,-74.908,110.942,10.04,1.2,30.65,13.76,3.23,1
CELL_28_12,0_24,-104,-75.646,24,-75.646,119.879,10,1.22,30.65,13.84,3.2,1
CELL_28_13,0_24,-96,-78.222,24,-78.222,132.079,10.02,1.25,30.63,13.91,3.22,1
CELL_28_14,0_24,-88,-84.046,24,-84.046,135.685,10.12,1.28,30.57,13.98,3.27,1
CELL_28_15,0_24,-80,-89.188,24,-89.188,136.379,10.27,1.31,30.48,14.05,3.37,1
CELL_28_16,0_24,-72,-89.802,24,-89.802,136.853,10.49,1.35,30.37,14.12,3.51,1
CELL_28_17,0_24,-64,-90.348,24,-90.348,137.1,10.76,1.39,30.22,14.18,3.69,1
CELL_28_18,0_24,-56,-90.768,24,-90.768,136.107,11.09,1.43,30.05,14.24,3.9,1
CELL_28_19,0_24,-48,-91.041,24,-91.041,129.096,11.46,1.47,29.86,14.3,4.14,1
CELL_28_20,0_24,-40,-90.964,24,-90.964,120.34,11.87,1.52,29.65,14.36,4.4,1
CELL_28_21,0_24,-32,-88.594,24,-88.594,115.413,12.31,1.57,29.43,14.41,4.69,1
CELL_28_22,0_24,-24,-85.155,24,-85.155,114.146,12.78,1.61,29.2,14.46,4.99,1
CELL_28_23,0_24,-16,-82.575,24,-82.575,113.86,13.26,1.66,28.96,14.51,5.29,1
CELL_28_24,0_24,-8,-81.844,24,-81.844,114.708,13.74,1.71,28.72,14.56,5.61,1
CELL_28_25,0_24,0,-82.425,24,-82.425,115.957,14.22,1.75,28.48,14.6,5.91,1
CELL_28_26,0_24,8,-83.271,24,-83.271,116.701,14.69,1.79,28.25,14.63,6.21,1
CELL_28_27,0_24,16,-84.135,24,-84.135,116.284,15.13,1.83,28.03,14.67,6.5,1
CELL_28_28,0_24,24,-84.762,24,-84.762,,,,,,,0
CELL_28_29,0_24,32,-84.851,24,-84.851,117.611,15.91,1.9,27.64,14.72,7,1
CELL_28_30,0_24,40,-84.499,24,-84.499,115.888,16.24,1.93,27.48,14.75,7.21,1
CELL_28_31,0_24,48,-83.91,24,-83.91,113.714,16.51,1.96,27.34,14.77,7.39,1
CELL_28_32,0_24,56,-82.808,24,-82.808,110.537,16.73,1.98,27.24,14.78,7.53,1
CELL_28_33,0_24,64,-82.006,24,-82.006,107.991,16.88,1.99,27.16,14.79,7.63,1
CELL_28_34,0_24,72,-83.5,24,-83.5,110.073,16.98,2,27.12,14.8,7.68,1
CELL_28_35,0_24,80,-86.48,24,-86.48,115.162,17,2,27.1,14.8,7.7,1
CELL_28_36,0_24,88,-89.037,24,-89.037,119.446,16.96,2,27.13,14.8,7.67,1
CELL_28_37,0_24,96,-90.307,24,-90.307,121.197,16.85,1.99,27.18,14.79,7.6,1
CELL_28_38,0_24,104,-90.377,24,-90.377,120.591,16.68,1.97,27.26,14.78,7.49,1
CELL_28_39,0_24,112,-89.771,24,-89.771,118.682,16.44,1.95,27.38,14.77,7.34,1
CELL_28_40,0_24,120,-89.16,24,-89.16,116.815,16.15,1.93,27.52,14.75,7.16,1
CELL_28_41,0_24,128,-88.929,24,-88.929,115.767,15.81,1.9,27.69,14.73,6.94,1
CELL_28_42,0_24,136,-88.796,24,-88.796,114.981,15.43,1.87,27.88,14.71,6.69,1
CELL_28_43,0_24,144,-88.536,24,-88.536,114.02,15.01,1.83,28.08,14.68,6.42,1
CELL_28_44,0_24,152,-89.898,24,-89.898,116.39,14.56,1.79,28.31,14.64,6.13,1
CELL_28_45,0_24,160,-91.515,24,-91.515,119.37,14.09,1.75,28.54,14.61,5.83,1
CELL_28_46,0_24,168,-91.06,24,-91.06,118.319,13.61,1.7,28.78,14.57,5.52,1
CELL_28_47,0_24,176,-90.829,24,-90.829,117.839,13.13,1.66,29.02,14.52,5.21,1
CELL_28_48,0_24,184,-90.584,24,-90.584,117.468,12.65,1.61,29.26,14.48,4.9,1
CELL_28_49,0_24,192,-90.272,24,-90.272,117.106,12.19,1.56,29.49,14.43,4.61,1
CELL_28_50,0_24,200,-88.231,24,-88.231,113.438,11.76,1.52,29.71,14.37,4.33,1
CELL_29_0,0_24,-200,-81.572,32,-81.572,114.645,13.63,1.04,29.13,12.63,5.53,1
CELL_29_1,0_24,-192,-79.023,32,-79.023,114.502,13.15,1.03,29.35,12.71,5.22,1
CELL_29_2,0_24,-184,-78.952,32,-78.952,114.064,12.67,1.03,29.57,12.78,4.92,1
CELL_29_3,0_24,-176,-78.761,32,-78.761,113.391,12.21,1.03,29.77,12.86,4.62,1
CELL_29_4,0_24,-168,-78.432,32,-78.432,112.592,11.78,1.02,29.97,12.94,4.34,1
CELL_29_5,0_24,-160,-77.968,32,-77.968,112.268,11.37,1.03,30.15,13.02,4.08,1
CELL_29_6,0_24,-152,-77.401,32,-77.401,112.227,11.01,1.03,30.31,13.1,3.85,1
CELL_29_7,0_24,-144,-76.815,32,-76.815,109.13,10.69,1.04,30.44,13.18,3.65,1
CELL_29_8,0_24,-136,-75.034,32,-75.034,106.889,10.43,1.05,30.55,13.26,3.48,1
CELL_29_9,0_24,-128,-74.162,32,-74.162,105.581,10.23,1.06,30.64,13.34,3.35,1
CELL_29_10,0_24,-120,-73.841,32,-73.841,105.766,10.09,1.08,30.69,13.42,3.26,1
CELL_29_11,0_24,-112,-73.417,32,-73.417,107.814,10.01,1.1,30.71,13.5,3.21,1
CELL_29_12,0_24,-104,-73.52,32,-73.52,113.585,10,1.13,30.7,13.58,3.2,1
CELL_29_13,0_24,-96,-75.018,32,-75.018,125.445,10.06,1.16,30.66,13.66,3.24,1
CELL_29_14,0_24,-88,-79.425,32,-79.425,135.395,10.19,1.19,30.58,13.73,3.32,1
CELL_29_15,0_24,-80,-85.852,32,-85.852,136.625,10.37,1.23,30.48,13.81,3.44,1
CELL_29_16,0_24,-72,-88.246,32,-88.246,137.594,10.62,1.27,30.35,13.88,3.6,1
CELL_29_17,0_24,-64,-89.126,32,-89.126,138.187,10.92,1.32,30.19,13.95,3.79,1
CELL_29_18,0_24,-56,-90,32,-90,138.325,11.27,1.36,30.01,14.02,4.02,1
CELL_29_19,0_24,-48,-90.752,32,-90.752,137.364,11.66,1.41,29.81,14.09,4.27,1
CELL_29_20,0_24,-40,-91.334,32,-91.334,131.855,12.09,1.46,29.59,14.16,4.54,1
CELL_29_21,0_24,-32,-91.783,32,-91.783,124.401,12.54,1.51,29.36,14.22,4.84,1
CELL_29_22,0_24,-24,-90.929,32,-90.929,118.696,13.02,1.57,29.12,14.28,5.14,1
CELL_29_23,0_24,-16,-88.906,32,-88.906,116.499,13.5,1.62,28.88,14.34,5.45,1
CELL_29_24,0_24,-8,-86.906,32,-86.906,116.759,13.98,1.67,28.63,14.39,5.76,1
CELL_29_25,0_24,0,-85.524,32,-85.524,117.488,14.46,1.71,28.4,14.45,6.06,1
CELL_29_26,0_24,8,-84.936,32,-84.936,118.192,14.91,1.76,28.17,14.49,6.36,1
CELL_29_27,0_24,16,-84.958,32,-84.958,118.369,15.34,1.8,27.95,14.54,6.63,1
CELL_29_28,0_24,24,-85.403,32,-85.403,117.485,15.73,1.84,27.76,14.58,6.88,1
CELL_29_29,0_24,32,-85.733,32,-85.733,,,,,,,0
CELL_29_30,0_24,40,-85.526,32,-85.526,118.111,16.38,1.91,27.43,14.66,7.3,1
CELL_29_31,0_24,48,-84.813,32,-84.813,115.812,16.63,1.94,27.3,14.69,7.46,1
CELL_29_32,0_24,56,-83.893,32,-83.893,113.124,16.81,1.96,27.21,14.72,7.58,1
CELL_29_33,0_24,64,-83.815,32,-83.815,112.144,16.94,1.98,27.15,14.74,7.66,1
CELL_29_34,0_24,72,-86.225,32,-86.225,116.157,17,1.99,27.11,14.76,7.7,1
CELL_29_35,0_24,80,-89.617,32,-89.617,122.146,16.99,1.99,27.12,14.78,7.69,1
CELL_29_36,0_24,88,-92.341,32,-92.341,126.806,16.91,1.99,27.15,14.79,7.64,1
CELL_29_37,0_24,96,-93.855,32,-93.855,129.052,16.77,1.98,27.22,14.8,7.55,1
CELL_29_38,0_24,104,-94.344,32,-94.344,129.248,16.57,1.97,27.31,14.8,7.42,1
CELL_29_39,0_24,112,-93.951,32,-93.951,127.684,16.31,1.96,27.44,14.8,7.25,1
CELL_29_40,0_24,120,-92.862,32,-92.862,124.735,15.99,1.93,27.59,14.8,7.05,1
CELL_29_41,0_24,128,-91.578,32,-91.578,121.411,15.63,1.91,27.77,14.79,6.82,1
CELL_29_42,0_24,136,-90.545,32,-90.545,118.614,15.22,1.88,27.96,14.78,6.56,1
CELL_29_43,0_24,144,-89.823,32,-89.823,116.48,14.79,1.84,28.18,14.76,6.28,1
CELL_29_44,0_24,152,-89.707,32,-89.707,115.615,14.33,1.81,28.4,14.74,5.98,1
CELL_29_45,0_24,160,-91.813,32,-91.813,119.268,13.85,1.77,28.63,14.72,5.68,1
CELL_29_46,0_24,168,-92.186,32,-92.186,119.556,13.37,1.73,28.87,14.69,5.37,1
CELL_29_47,0_24,176,-91.84,32,-91.84,118.523,12.89,1.69,29.11,14.66,5.06,1
CELL_29_48,0_24,184,-91.701,32,-91.701,118.047,12.42,1.64,29.34,14.62,4.75,1
CELL_29_49,0_24,192,-91.497,32,-91.497,117.604,11.97,1.6,29.56,14.58,4.47,1
CELL_29_50,0_24,200,-90.972,32,-90.972,116.695,11.55,1.56,29.77,14.54,4.2,1
CELL_30_0,0_24,-200,-81.874,40,-81.874,114.509,13.39,0.94,29.3,12.39,5.38,1
CELL_30_1,0_24,-192,-77.524,40,-77.524,114.57,12.91,0.93,29.52,12.46,5.07,1
CELL_30_2,0_24,-184,-76.963,40,-76.963,114.427,12.44,0.93,29.73,12.53,4.77,1
CELL_30_3,0_24,-176,-76.739,40,-76.739,114.039,11.99,0.92,29.93,12.6,4.48,1
CELL_30_4,0_24,-168,-76.463,40,-76.463,113.41,11.57,0.92,30.12,12.68,4.21,1
CELL_30_5,0_24,-160,-76.129,40,-76.129,112.609,11.19,0.92,30.29,12.75,3.96,1
CELL_30_6,0_24,-152,-75.703,40,-75.703,111.712,10.85,0.93,30.44,12.83,3.74,1
CELL_30_7,0_24,-144,-74.984,40,-74.984,108.516,10.56,0.94,30.56,12.91,3.56,1
CELL_30_8,0_24,-136,-72.606,40,-72.606,107.056,10.32,0.95,30.66,12.99,3.41,1
CELL_30_9,0_24,-128,-70.73,40,-70.73,106.606,10.15,0.96,30.73,13.07,3.3,1
CELL_30_10,0_24,-120,-71.238,40,-71.238,105.977,10.04,0.99,30.76,13.15,3.23,1
CELL_30_11,0_24,-112,-71.668,40,-71.668,106.405,10,1.01,30.77,13.23,3.2,1
CELL_30_12,0_24,-104,-71.949,40,-71.949,109.652,10.02,1.04,30.74,13.31,3.22,1
CELL_30_13,0_24,-96,-73.035,40,-73.035,118.577,10.12,1.07,30.68,13.39,3.27,1
CELL_30_14,0_24,-88,-76.294,40,-76.294,130.908,10.27,1.11,30.59,13.47,3.37,1
CELL_30_15,0_24,-80,-82.17,40,-82.17,135.191,10.49,1.15,30.47,13.55,3.51,1
CELL_30_16,0_24,-72,-86.492,40,-86.492,136.509,10.76,1.2,30.33,13.63,3.69,1
CELL_30_17,0_24,-64,-87.479,40,-87.479,137.693,11.09,1.24,30.16,13.7,3.9,1
CELL_30_18,0_24,-56,-88.4,40,-88.4,138.528,11.46,1.29,29.96,13.78,4.14,1
CELL_30_19,0_24,-48,-89.431,40,-89.431,138.918,11.87,1.35,29.75,13.85,4.4,1
CELL_30_20,0_24,-40,-90.425,40,-90.425,138.766,12.31,1.4,29.52,13.93,4.69,1
CELL_30_21,0_24,-32,-91.294,40,-91.294,135.969,12.78,1.45,29.29,14,4.99,1
CELL_30_22,0_24,-24,-92.058,40,-92.058,130.978,13.26,1.51,29.04,14.07,5.29,1
CELL_30_23,0_24,-16,-92.637,40,-92.637,126.145,13.74,1.56,28.8,14.13,5.61,1
CELL_30_24,0_24,-8,-92.409,40,-92.409,122.578,14.22,1.61,28.56,14.2,5.91,1
CELL_30_25,0_24,0,-91.877,40,-91.877,120.552,14.69,1.66,28.32,14.26,6.21,1
CELL_30_26,0_24,8,-91.205,40,-91.205,119.704,15.13,1.71,28.1,14.32,6.5,1
CELL_30_27,0_24,16,-90.432,40,-90.432,119.645,15.54,1.76,27.89,14.37,6.76,1
CELL_30_28,0_24,24,-89.48,40,-89.48,119.329,15.91,1.8,27.7,14.43,7,1
CELL_30_29,0_24,32,-88.472,40,-88.472,117.973,16.24,1.84,27.53,14.48,7.21,1
CELL_30_30,0_24,40,-87.559,40,-87.559,,,,,,,0
CELL_30_31,0_24,48,-86.603,40,-86.603,119.758,16.73,1.9,27.28,14.57,7.53,1
CELL_30_32,0_24,56,-85.718,40,-85.718,117.269,16.88,1.93,27.2,14.61,7.63,1
CELL_30_33,0_24,64,-85.75,40,-85.75,116.625,16.98,1.94,27.15,14.64,7.68,1
CELL_30_34,0_24,72,-87.809,40,-87.809,120.033,17,1.96,27.13,14.68,7.7,1
CELL_30_35,0_24,80,-91.032,40,-91.032,125.757,16.96,1.96,27.14,14.71,7.67,1
CELL_30_36,0_24,88,-93.471,40,-93.471,129.888,16.85,1.97,27.19,14.73,7.6,1
CELL_30_37,0_24,96,-94.624,40,-94.624,131.413,16.68,1.96,27.27,14.75,7.49,1
CELL_30_38,0_24,104,-95.278,40,-95.278,131.904,16.44,1.95,27.38,14.77,7.34,1
CELL_30_39,0_24,112,-95.905,40,-95.905,132.303,16.15,1.94,27.51,14.78,7.16,1
CELL_30_40,0_24,120,-95.99,40,-95.99,131.581,15.81,1.92,27.68,14.79,6.94,1
CELL_30_41,0_24,128,-95.056,40,-95.056,128.797,15.43,1.9,27.86,14.8,6.69,1
CELL_30_42,0_24,136,-93.491,40,-93.491,124.737,15.01,1.87,28.06,14.8,6.42,1
CELL_30_43,0_24,144,-91.958,40,-91.958,120.747,14.56,1.84,28.28,14.8,6.13,1
CELL_30_44,0_24,152,-90.733,40,-90.733,117.402,14.09,1.81,28.51,14.79,5.83,1
CELL_30_45,0_24,160,-91.6,40,-91.6,118.299,13.61,1.78,28.74,14.78,5.52,1
CELL_30_46,0_24,168,-93.109,40,-93.109,120.563,13.13,1.74,28.97,14.77,5.21,1
CELL_30_47,0_24,176,-92.821,40,-92.821,119.349,12.65,1.7,29.21,14.75,4.9,1
CELL_30_48,0_24,184,-92.757,40,-92.757,118.73,12.19,1.66,29.43,14.72,4.61,1
CELL_30_49,0_24,192,-92.65,40,-92.65,118.2,11.76,1.63,29.65,14.7,4.33,1
CELL_30_50,0_24,200,-92.45,40,-92.45,117.684,11.35,1.59,29.84,14.67,4.07,1
CELL_31_0,0_24,-200,-81.604,48,-81.604,115.088,13.15,0.85,29.45,12.16,5.22,1
CELL_31_1,0_24,-192,-77.138,48,-77.138,114.44,12.67,0.84,29.67,12.23,4.92,1
CELL_31_2,0_24,-184,-74.723,48,-74.723,114.399,12.21,0.83,29.88,12.29,4.62,1
CELL_31_3,0_24,-176,-74.763,48,-74.763,114.22,11.78,0.83,30.08,12.36,4.34,1
CELL_31_4,0_24,-168,-74.46,48,-74.46,113.882,11.37,0.82,30.26,12.43,4.08,1
CELL_31_5,0_24,-160,-74.166,48,-74.166,113.297,11.01,0.82,30.42,12.5,3.85,1
CELL_31_6,0_24,-152,-73.902,48,-73.902,112.002,10.69,0.83,30.56,12.57,3.65,1
CELL_31_7,0_24,-144,-73.047,48,-73.047,107.473,10.43,0.84,30.67,12.65,3.48,1
CELL_31_8,0_24,-136,-70.179,48,-70.179,104.002,10.23,0.85,30.75,12.72,3.35,1
CELL_31_9,0_24,-128,-67.076,48,-67.076,104.948,10.09,0.87,30.81,12.8,3.26,1
CELL_31_10,0_24,-120,-67.558,48,-67.558,105.633,10.01,0.89,30.83,12.88,3.21,1
CELL_31_11,0_24,-112,-69.237,48,-69.237,106.013,10,0.92,30.82,12.96,3.2,1
CELL_31_12,0_24,-104,-70.417,48,-70.417,108.014,10.06,0.95,30.77,13.04,3.24,1
CELL_31_13,0_24,-96,-71.604,48,-71.604,114.317,10.19,0.98,30.7,13.12,3.32,1
CELL_31_14,0_24,-88,-74.235,48,-74.235,125.453,10.37,1.02,30.6,13.2,3.44,1
CELL_31_15,0_24,-80,-79.282,48,-79.282,133.128,10.62,1.07,30.46,13.28,3.6,1
CELL_31_16,0_24,-72,-84.779,48,-84.779,134.345,10.92,1.11,30.3,13.36,3.79,1
CELL_31_17,0_24,-64,-86.505,48,-86.505,135.361,11.27,1.16,30.12,13.44,4.02,1
CELL_31_18,0_24,-56,-87.587,48,-87.587,136.506,11.66,1.22,29.91,13.52,4.27,1
CELL_31_19,0_24,-48,-88.424,48,-88.424,137.509,12.09,1.27,29.69,13.6,4.54,1
CELL_31_20,0_24,-40,-89.286,48,-89.286,138.225,12.54,1.33,29.46,13.68,4.84,1
CELL_31_21,0_24,-32,-90.197,48,-90.197,138.632,13.02,1.38,29.22,13.75,5.14,1
CELL_31_22,0_24,-24,-91.138,48,-91.138,138.572,13.5,1.44,28.97,13.83,5.45,1
CELL_31_23,0_24,-16,-92.041,48,-92.041,136.99,13.98,1.5,28.73,13.9,5.76,1
CELL_31_24,0_24,-8,-92.96,48,-92.96,134.89,14.46,1.55,28.48,13.97,6.06,1
CELL_31_25,0_24,0,-94.012,48,-94.012,132.603,14.91,1.6,28.25,14.04,6.36,1
CELL_31_26,0_24,8,-95.033,48,-95.033,130.193,15.34,1.66,28.03,14.11,6.63,1
CELL_31_27,0_24,16,-95.653,48,-95.653,127.511,15.73,1.7,27.83,14.17,6.88,1
CELL_31_28,0_24,24,-95.679,48,-95.679,124.764,16.08,1.75,27.65,14.24,7.11,1
CELL_31_29,0_24,32,-94.976,48,-94.976,122.2,16.38,1.79,27.5,14.3,7.3,1
CELL_31_30,0_24,40,-93.679,48,-93.679,119.562,16.63,1.82,27.37,14.35,7.46,1
CELL_31_31,0_24,48,-92.079,48,-92.079,,,,,,,0
CELL_31_32,0_24,56,-90.39,48,-90.39,127.131,16.94,1.88,27.2,14.46,7.66,1
CELL_31_33,0_24,64,-89.292,48,-89.292,124.325,17,1.9,27.16,14.51,7.7,1
CELL_31_34,0_24,72,-89.896,48,-89.896,124.906,16.99,1.91,27.16,14.55,7.69,1
CELL_31_35,0_24,80,-92.143,48,-92.143,128.732,16.91,1.92,27.19,14.59,7.64,1
CELL_31_36,0_24,88,-93.731,48,-93.731,131.19,16.77,1.93,27.25,14.63,7.55,1
CELL_31_37,0_24,96,-94.091,48,-94.091,131.129,16.57,1.93,27.34,14.66,7.42,1
CELL_31_38,0_24,104,-94.606,48,-94.606,131.304,16.31,1.92,27.46,14.69,7.25,1
CELL_31_39,0_24,112,-95.302,48,-95.302,131.767,15.99,1.91,27.6,14.72,7.05,1
CELL_31_40,0_24,120,-96.05,48,-96.05,132.268,15.63,1.89,27.77,14.74,6.82,1
CELL_31_41,0_24,128,-96.802,48,-96.802,132.714,15.22,1.87,27.96,14.76,6.56,1
CELL_31_42,0_24,136,-96.51,48,-96.51,131.03,14.79,1.85,28.17,14.78,6.28,1
CELL_31_43,0_24,144,-94.88,48,-94.88,126.648,14.33,1.82,28.39,14.79,5.98,1
CELL_31_44,0_24,152,-92.912,48,-92.912,121.599,13.85,1.8,28.62,14.8,5.68,1
CELL_31_45,0_24,160,-91.855,48,-91.855,118.409,13.37,1.77,28.85,14.8,5.37,1
CELL_31_46,0_24,168,-93.208,48,-93.208,120.113,12.89,1.74,29.08,14.8,5.06,1
CELL_31_47,0_24,176,-93.725,48,-93.725,120.255,12.42,1.7,29.31,14.79,4.75,1
CELL_31_48,0_24,184,-93.663,48,-93.663,119.389,11.97,1.67,29.53,14.78,4.47,1
CELL_31_49,0_24,192,-93.666,48,-93.666,118.837,11.55,1.64,29.73,14.77,4.2,1
CELL_31_50,0_24,200,-93.551,48,-93.551,118.268,11.17,1.61,29.92,14.75,3.95,1
CELL_32_0,0_24,-200,-80.519,56,-80.519,117.674,12.91,0.77,29.61,11.97,5.07,1
CELL_32_1,0_24,-192,-76.705,56,-76.705,113.719,12.44,0.75,29.82,12.03,4.77,1
CELL_32_2,0_24,-184,-73.286,56,-73.286,114.307,11.99,0.74,30.03,12.08,4.48,1
CELL_32_3,0_24,-176,-72.588,56,-72.588,114.163,11.57,0.74,30.22,12.14,4.21,1
CELL_32_4,0_24,-168,-72.627,56,-72.627,113.937,11.19,0.73,30.39,12.2,3.96,1
CELL_32_5,0_24,-160,-72.327,56,-72.327,113.614,10.85,0.73,30.54,12.27,3.74,1
CELL_32_6,0_24,-152,-72.096,56,-72.096,111.924,10.56,0.74,30.67,12.33,3.56,1
CELL_32_7,0_24,-144,-71.558,56,-71.558,106.21,10.32,0.75,30.77,12.4,3.41,1
CELL_32_8,0_24,-136,-68.183,56,-68.183,100.168,10.15,0.76,30.84,12.47,3.3,1
CELL_32_9,0_24,-128,-64.134,56,-64.134,100.941,10.04,0.78,30.88,12.55,3.23,1
CELL_32_10,0_24,-120,-63.281,56,-63.281,103.792,10,0.8,30.88,12.62,3.2,1
CELL_32_11,0_24,-112,-65.566,56,-65.566,105.568,10.02,0.83,30.86,12.7,3.22,1
CELL_32_12,0_24,-104,-67.996,56,-67.996,107.365,10.12,0.86,30.8,12.77,3.27,1
CELL_32_13,0_24,-96,-69.859,56,-69.859,112.035,10.27,0.9,30.71,12.85,3.37,1
CELL_32_14,0_24,-88,-72.352,56,-72.352,121.319,10.49,0.94,30.59,12.93,3.51,1
CELL_32_15,0_24,-80,-76.768,56,-76.768,131.037,10.76,0.98,30.44,13.01,3.69,1
CELL_32_16,0_24,-72,-82.437,56,-82.437,133.356,11.09,1.03,30.27,13.09,3.9,1
CELL_32_17,0_24,-64,-85.512,56,-85.512,134.39,11.46,1.08,30.08,13.17,4.14,1
CELL_32_18,0_24,-56,-86.835,56,-86.835,134.936,11.87,1.14,29.86,13.25,4.4,1
CELL_32_19,0_24,-48,-87.999,56,-87.999,135.514,12.31,1.19,29.64,13.33,4.69,1
CELL_32_20,0_24,-40,-88.888,56,-88.888,136.184,12.78,1.25,29.4,13.41,4.99,1
CELL_32_21,0_24,-32,-89.761,56,-89.761,136.924,13.26,1.31,29.15,13.49,5.29,1
CELL_32_22,0_24,-24,-90.606,56,-90.606,137.622,13.74,1.37,28.9,13.57,5.61,1
CELL_32_23,0_24,-16,-91.393,56,-91.393,138.36,14.22,1.42,28.66,13.65,5.91,1
CELL_32_24,0_24,-8,-92.089,56,-92.089,139.393,14.69,1.48,28.42,13.72,6.21,1
CELL_32_25,0_24,0,-92.939,56,-92.939,140.402,15.13,1.54,28.19,13.8,6.5,1
CELL_32_26,0_24,8,-94.128,56,-94.128,140.687,15.54,1.59,27.98,13.87,6.76,1
CELL_32_27,0_24,16,-95.619,56,-95.619,139.866,15.91,1.64,27.79,13.94,7,1
CELL_32_28,0_24,24,-96.921,56,-96.921,137.698,16.24,1.68,27.62,14.01,7.21,1
CELL_32_29,0_24,32,-97.691,56,-97.691,134.447,16.51,1.72,27.47,14.08,7.39,1
CELL_32_30,0_24,40,-97.848,56,-97.848,130.652,16.73,1.76,27.36,14.15,7.53,1
CELL_32_31,0_24,48,-97.179,56,-97.179,126.748,16.88,1.79,27.27,14.21,7.63,1
CELL_32_32,0_24,56,-95.657,56,-95.657,,,,,,,0
CELL_32_33,0_24,64,-93.621,56,-93.621,133.535,17,1.84,27.19,14.33,7.7,1
CELL_32_34,0_24,72,-92.397,56,-92.397,130.51,16.96,1.86,27.2,14.39,7.67,1
CELL_32_35,0_24,80,-93.192,56,-93.192,131.466,16.85,1.87,27.25,14.44,7.6,1
CELL_32_36,0_24,88,-93.929,56,-93.929,132.233,16.68,1.87,27.32,14.49,7.49,1
CELL_32_37,0_24,96,-93.991,56,-93.991,131.563,16.44,1.87,27.42,14.53,7.34,1
CELL_32_38,0_24,104,-94.232,56,-94.232,131.156,16.15,1.87,27.55,14.58,7.16,1
CELL_32_39,0_24,112,-94.763,56,-94.763,131.231,15.81,1.86,27.71,14.62,6.94,1
CELL_32_40,0_24,120,-95.539,56,-95.539,131.701,15.43,1.85,27.89,14.65,6.69,1
CELL_32_41,0_24,128,-96.375,56,-96.375,132.209,15.01,1.83,28.08,14.68,6.42,1
CELL_32_42,0_24,136,-97.214,56,-97.214,132.658,14.56,1.81,28.29,14.71,6.13,1
CELL_32_43,0_24,144,-97.36,56,-97.36,131.681,14.09,1.79,28.52,14.74,5.83,1
CELL_32_44,0_24,152,-95.564,56,-95.564,126.81,13.61,1.77,28.74,14.76,5.52,1
CELL_32_45,0_24,160,-93.228,56,-93.228,120.885,13.13,1.74,28.97,14.77,5.21,1
CELL_32_46,0_24,168,-93.148,56,-93.148,119.538,12.65,1.72,29.2,14.79,4.9,1
CELL_32_47,0_24,176,-94.107,56,-94.107,120.374,12.19,1.69,29.42,14.79,4.61,1
CELL_32_48,0_24,184,-94.326,56,-94.326,119.879,11.76,1.66,29.63,14.8,4.33,1
CELL_32_49,0_24,192,-94.449,56,-94.449,119.384,11.35,1.64,29.82,14.8,4.07,1
CELL_32_50,0_24,200,-94.433,56,-94.433,118.837,10.99,1.61,29.99,14.8,3.84,1
CELL_33_0,0_24,-200,-79.09,64,-79.09,120.091,12.67,0.7,29.75,11.82,4.92,1
CELL_33_1,0_24,-192,-75.658,64,-75.658,114.249,12.21,0.68,29.96,11.86,4.62,1
CELL_33_2,0_24,-184,-72.353,64,-72.353,113.592,11.78,0.67,30.16,11.91,4.34,1
CELL_33_3,0_24,-176,-70.556,64,-70.556,114.143,11.37,0.66,30.35,11.95,4.08,1
CELL_33_4,0_24,-168,-70.633,64,-70.633,113.912,11.01,0.65,30.51,12.01,3.85,1
CELL_33_5,0_24,-160,-70.779,64,-70.779,113.629,10.69,0.65,30.66,12.06,3.65,1
CELL_33_6,0_24,-152,-70.582,64,-70.582,112.391,10.43,0.66,30.77,12.12,3.48,1
CELL_33_7,0_24,-144,-70.479,64,-70.479,105.485,10.23,0.66,30.86,12.18,3.35,1
CELL_33_8,0_24,-136,-67.616,64,-67.616,97.315,10.09,0.68,30.91,12.24,3.26,1
CELL_33_9,0_24,-128,-62.736,64,-62.736,95.383,10.01,0.69,30.94,12.31,3.21,1
CELL_33_10,0_24,-120,-60.068,64,-60.068,99.263,10,0.72,30.93,12.38,3.2,1
CELL_33_11,0_24,-112,-61.554,64,-61.554,103.199,10.06,0.75,30.89,12.45,3.24,1
CELL_33_12,0_24,-104,-64.583,64,-64.583,105.969,10.19,0.78,30.81,12.52,3.32,1
CELL_33_13,0_24,-96,-67.244,64,-67.244,110.004,10.37,0.82,30.71,12.59,3.44,1
CELL_33_14,0_24,-88,-69.928,64,-69.928,117.771,10.62,0.86,30.58,12.67,3.6,1
CELL_33_15,0_24,-80,-73.94,64,-73.94,127.682,10.92,0.9,30.42,12.74,3.79,1
CELL_33_16,0_24,-72,-79.508,64,-79.508,132.335,11.27,0.95,30.24,12.82,4.02,1
CELL_33_17,0_24,-64,-84.324,64,-84.324,133.615,11.66,1,30.03,12.9,4.27,1
CELL_33_18,0_24,-56,-85.898,64,-85.898,134.562,12.09,1.06,29.81,12.98,4.54,1
CELL_33_19,0_24,-48,-87.294,64,-87.294,135.011,12.54,1.12,29.58,13.06,4.84,1
CELL_33_20,0_24,-40,-88.479,64,-88.479,135.471,13.02,1.17,29.33,13.14,5.14,1
CELL_33_21,0_24,-32,-89.367,64,-89.367,135.936,13.5,1.23,29.09,13.22,5.45,1
CELL_33_22,0_24,-24,-90.199,64,-90.199,136.362,13.98,1.29,28.84,13.3,5.76,1
CELL_33_23,0_24,-16,-90.972,64,-90.972,136.713,14.46,1.35,28.6,13.38,6.06,1
CELL_33_24,0_24,-8,-91.674,64,-91.674,137.473,14.91,1.41,28.36,13.46,6.36,1
CELL_33_25,0_24,0,-92.278,64,-92.278,138.982,15.34,1.46,28.14,13.54,6.63,1
CELL_33_26,0_24,8,-92.856,64,-92.856,141.114,15.73,1.51,27.94,13.62,6.88,1
CELL_33_27,0_24,16,-94.094,64,-94.094,142.906,16.08,1.56,27.75,13.69,7.11,1
CELL_33_28,0_24,24,-95.837,64,-95.837,143.688,16.38,1.61,27.6,13.77,7.3,1
CELL_33_29,0_24,32,-97.328,64,-97.328,143.286,16.63,1.65,27.46,13.84,7.46,1
CELL_33_30,0_24,40,-98.095,64,-98.095,141.295,16.81,1.68,27.36,13.92,7.58,1
CELL_33_31,0_24,48,-98.351,64,-98.351,137.677,16.94,1.72,27.29,13.99,7.66,1
CELL_33_32,0_24,56,-98.189,64,-98.189,133.166,17,1.74,27.25,14.06,7.7,1
CELL_33_33,0_24,64,-96.952,64,-96.952,,,,,,,0
CELL_33_34,0_24,72,-94.893,64,-94.893,135.938,16.91,1.78,27.26,14.19,7.64,1
CELL_33_35,0_24,80,-94.251,64,-94.251,134.024,16.77,1.8,27.32,14.25,7.55,1
CELL_33_36,0_24,88,-94.442,64,-94.442,133.689,16.57,1.8,27.4,14.31,7.42,1
CELL_33_37,0_24,96,-94.404,64,-94.404,132.798,16.31,1.81,27.52,14.37,7.25,1
CELL_33_38,0_24,104,-94.422,64,-94.422,131.912,15.99,1.8,27.66,14.42,7.05,1
CELL_33_39,0_24,112,-94.614,64,-94.614,131.265,15.63,1.8,27.83,14.47,6.82,1
CELL_33_40,0_24,120,-95.141,64,-95.141,131.182,15.22,1.79,28.01,14.52,6.56,1
CELL_33_41,0_24,128,-95.98,64,-95.98,131.628,14.79,1.78,28.21,14.56,6.28,1
CELL_33_42,0_24,136,-96.861,64,-96.861,132.086,14.33,1.76,28.43,14.6,5.98,1
CELL_33_43,0_24,144,-97.73,64,-97.73,132.469,13.85,1.74,28.65,14.64,5.68,1
CELL_33_44,0_24,152,-97.704,64,-97.704,131.044,13.37,1.72,28.88,14.67,5.37,1
CELL_33_45,0_24,160,-95.402,64,-95.402,125.084,12.89,1.7,29.1,14.7,5.06,1
CELL_33_46,0_24,168,-93.599,64,-93.599,120.183,12.42,1.68,29.32,14.73,4.75,1
CELL_33_47,0_24,176,-93.906,64,-93.906,119.601,11.97,1.66,29.53,14.75,4.47,1
CELL_33_48,0_24,184,-94.626,64,-94.626,119.993,11.55,1.64,29.73,14.77,4.2,1
CELL_33_49,0_24,192,-94.919,64,-94.919,119.717,11.17,1.62,29.91,14.78,3.95,1
CELL_33_50,0_24,200,-95.008,64,-95.008,119.264,10.83,1.6,30.07,14.79,3.73,1
CELL_34_0,0_24,-200,-77.678,72,-77.678,121.096,12.44,0.64,29.88,11.7,4.77,1
CELL_34_1,0_24,-192,-74.224,72,-74.224,115.451,11.99,0.62,30.09,11.73,4.48,1
CELL_34_2,0_24,-184,-71.084,72,-71.084,112.753,11.57,0.61,30.29,11.77,4.21,1
CELL_34_3,0_24,-176,-69.247,72,-69.247,113.446,11.19,0.6,30.47,11.8,3.96,1
CELL_34_4,0_24,-168,-68.727,72,-68.727,113.993,10.85,0.59,30.62,11.84,3.74,1
CELL_34_5,0_24,-160,-69.114,72,-69.114,113.705,10.56,0.58,30.75,11.89,3.56,1
CELL_34_6,0_24,-152,-69.426,72,-69.426,113.23,10.32,0.59,30.86,11.94,3.41,1
CELL_34_7,0_24,-144,-69.358,72,-69.358,107.105,10.15,0.59,30.93,11.99,3.3,1
CELL_34_8,0_24,-136,-68.52,72,-68.52,97.078,10.04,0.6,30.97,12.04,3.23,1
CELL_34_9,0_24,-128,-63.159,72,-63.159,91.409,10,0.62,30.98,12.1,3.2,1
CELL_34_10,0_24,-120,-58.859,72,-58.859,93.64,10.02,0.64,30.96,12.16,3.22,1
CELL_34_11,0_24,-112,-58.597,72,-58.597,98.591,10.12,0.67,30.9,12.22,3.27,1
CELL_34_12,0_24,-104,-60.985,72,-60.985,102.673,10.27,0.7,30.82,12.28,3.37,1
CELL_34_13,0_24,-96,-63.792,72,-63.792,106.794,10.49,0.74,30.7,12.35,3.51,1
CELL_34_14,0_24,-88,-66.555,72,-66.555,113.525,10.76,0.78,30.55,12.42,3.69,1
CELL_34_15,0_24,-80,-70.17,72,-70.17,123.142,11.09,0.83,30.38,12.49,3.9,1
CELL_34_16,0_24,-72,-75.274,72,-75.274,130.958,11.46,0.88,30.19,12.56,4.14,1
CELL_34_17,0_24,-64,-80.97,72,-80.97,132.559,11.87,0.93,29.98,12.64,4.4,1
CELL_34_18,0_24,-56,-84.419,72,-84.419,133.822,12.31,0.98,29.75,12.72,4.69,1
CELL_34_19,0_24,-48,-86.242,72,-86.242,134.698,12.78,1.04,29.51,12.79,4.99,1
CELL_34_20,0_24,-40,-87.709,72,-87.709,135.08,13.26,1.1,29.27,12.87,5.29,1
CELL_34_21,0_24,-32,-88.867,72,-88.867,135.437,13.74,1.15,29.02,12.95,5.61,1
CELL_34_22,0_24,-24,-89.726,72,-89.726,135.775,14.22,1.21,28.78,13.03,5.91,1
CELL_34_23,0_24,-16,-90.499,72,-90.499,136.078,14.69,1.27,28.54,13.11,6.21,1
CELL_34_24,0_24,-8,-91.188,72,-91.188,136.319,15.13,1.33,28.31,13.19,6.5,1
CELL_34_25,0_24,0,-91.793,72,-91.793,136.683,15.54,1.38,28.1,13.27,6.76,1
CELL_34_26,0_24,8,-92.321,72,-92.321,138.437,15.91,1.43,27.9,13.35,7,1
CELL_34_27,0_24,16,-92.792,72,-92.792,141.208,16.24,1.48,27.73,13.43,7.21,1
CELL_34_28,0_24,24,-94.055,72,-94.055,143.502,16.51,1.53,27.58,13.51,7.39,1
CELL_34_29,0_24,32,-96.043,72,-96.043,144.424,16.73,1.57,27.46,13.59,7.53,1
CELL_34_30,0_24,40,-97.631,72,-97.631,144.339,16.88,1.6,27.37,13.67,7.63,1
CELL_34_31,0_24,48,-98.389,72,-98.389,143.362,16.98,1.63,27.32,13.74,7.68,1
CELL_34_32,0_24,56,-98.644,72,-98.644,140.268,17,1.66,27.29,13.82,7.7,1
CELL_34_33,0_24,64,-98.281,72,-98.281,135.718,16.96,1.68,27.3,13.89,7.67,1
CELL_34_34,0_24,72,-96.775,72,-96.775,,,,,,,0
CELL_34_35,0_24,80,-95.159,72,-95.159,136.031,16.68,1.72,27.41,14.03,7.49,1
CELL_34_36,0_24,88,-95.158,72,-95.158,135.281,16.44,1.72,27.5,14.1,7.34,1
CELL_34_37,0_24,96,-95.167,72,-95.167,134.453,16.15,1.73,27.63,14.16,7.16,1
CELL_34_38,0_24,104,-95.123,72,-95.123,133.415,15.81,1.73,27.78,14.23,6.94,1
CELL_34_39,0_24,112,-95.116,72,-95.116,132.344,15.43,1.72,27.96,14.29,6.69,1
CELL_34_40,0_24,120,-95.264,72,-95.264,131.479,15.01,1.72,28.15,14.35,6.42,1
CELL_34_41,0_24,128,-95.731,72,-95.731,131.163,14.56,1.71,28.35,14.4,6.13,1
CELL_34_42,0_24,136,-96.559,72,-96.559,131.496,14.09,1.69,28.57,14.45,5.83,1
CELL_34_43,0_24,144,-97.419,72,-97.419,131.843,13.61,1.68,28.79,14.5,5.52,1
CELL_34_44,0_24,152,-98.271,72,-98.271,132.155,13.13,1.66,29.02,14.55,5.21,1
CELL_34_45,0_24,160,-97.296,72,-97.296,128.831,12.65,1.65,29.24,14.59,4.9,1
CELL_34_46,0_24,168,-94.571,72,-94.571,122.06,12.19,1.63,29.45,14.63,4.61,1
CELL_34_47,0_24,176,-93.646,72,-93.646,118.987,11.76,1.61,29.65,14.66,4.33,1
CELL_34_48,0_24,184,-94.241,72,-94.241,119.092,11.35,1.6,29.84,14.69,4.07,1
CELL_34_49,0_24,192,-95.031,72,-95.031,119.769,10.99,1.59,30.01,14.72,3.84,1
CELL_34_50,0_24,200,-95.215,72,-95.215,119.455,10.68,1.57,30.15,14.74,3.64,1
CELL_35_0,0_24,-200,-76.272,80,-76.272,120.962,12.21,0.6,30.01,11.63,4.62,1
CELL_35_1,0_24,-192,-72.678,80,-72.678,115.678,11.78,0.58,30.21,11.65,4.34,1
CELL_35_2,0_24,-184,-69.579,80,-69.579,112.825,11.37,0.56,30.4,11.67,4.08,1
CELL_35_3,0_24,-176,-67.844,80,-67.844,112.32,11.01,0.55,30.57,11.69,3.85,1
CELL_35_4,0_24,-168,-67.401,80,-67.401,113.296,10.69,0.54,30.72,11.72,3.65,1
CELL_35_5,0_24,-160,-67.682,80,-67.682,113.892,10.43,0.53,30.84,11.75,3.48,1
CELL_35_6,0_24,-152,-68.195,80,-68.195,113.533,10.23,0.53,30.93,11.79,3.35,1
CELL_35_7,0_24,-144,-68.538,80,-68.538,111.105,10.09,0.53,30.99,11.83,3.26,1
CELL_35_8,0_24,-136,-68.611,80,-68.611,99.935,10.01,0.54,31.02,11.87,3.21,1
CELL_35_9,0_24,-128,-65.497,80,-65.497,90.912,10,0.56,31.01,11.92,3.2,1
CELL_35_10,0_24,-120,-59.696,80,-59.696,89.61,10.06,0.58,30.98,11.97,3.24,1
CELL_35_11,0_24,-112,-57.374,80,-57.374,93.233,10.19,0.61,30.91,12.02,3.32,1
CELL_35_12,0_24,-104,-58.277,80,-58.277,97.473,10.37,0.64,30.81,12.08,3.44,1
CELL_35_13,0_24,-96,-60.34,80,-60.34,101.566,10.62,0.67,30.68,12.13,3.6,1
CELL_35_14,0_24,-88,-62.623,80,-62.623,107.344,10.92,0.71,30.52,12.2,3.79,1
CELL_35_15,0_24,-80,-65.525,80,-65.525,115.991,11.27,0.76,30.34,12.26,4.02,1
CELL_35_16,0_24,-72,-69.661,80,-69.661,125.544,11.66,0.81,30.14,12.33,4.27,1
CELL_35_17,0_24,-64,-74.932,80,-74.932,130.59,12.09,0.86,29.92,12.39,4.54,1
CELL_35_18,0_24,-56,-80.073,80,-80.073,132.584,12.54,0.91,29.69,12.46,4.84,1
CELL_35_19,0_24,-48,-83.03,80,-83.03,133.936,13.02,0.97,29.45,12.54,5.14,1
CELL_35_20,0_24,-40,-85.53,80,-85.53,134.756,13.5,1.02,29.2,12.61,5.45,1
CELL_35_21,0_24,-32,-87.703,80,-87.703,135.103,13.98,1.08,28.96,12.69,5.76,1
CELL_35_22,0_24,-24,-89.07,80,-89.07,135.391,14.46,1.14,28.71,12.76,6.06,1
CELL_35_23,0_24,-16,-89.906,80,-89.906,135.631,14.91,1.19,28.48,12.84,6.36,1
CELL_35_24,0_24,-8,-90.636,80,-90.636,135.821,15.34,1.25,28.26,12.92,6.63,1
CELL_35_25,0_24,0,-91.268,80,-91.268,135.981,15.73,1.3,28.05,13,6.88,1
CELL_35_26,0_24,8,-91.82,80,-91.82,136.225,16.08,1.35,27.87,13.08,7.11,1
CELL_35_27,0_24,16,-92.309,80,-92.309,138.123,16.38,1.4,27.71,13.16,7.3,1
CELL_35_28,0_24,24,-92.765,80,-92.765,141.421,16.63,1.44,27.58,13.24,7.46,1
CELL_35_29,0_24,32,-94.132,80,-94.132,143.925,16.81,1.48,27.47,13.32,7.58,1
CELL_35_30,0_24,40,-96.315,80,-96.315,144.838,16.94,1.51,27.4,13.4,7.66,1
CELL_35_31,0_24,48,-97.916,80,-97.916,144.746,17,1.55,27.36,13.48,7.7,1
CELL_35_32,0_24,56,-98.659,80,-98.659,143.342,16.99,1.57,27.35,13.56,7.69,1
CELL_35_33,0_24,64,-98.869,80,-98.869,139.691,16.91,1.59,27.37,13.64,7.64,1
CELL_35_34,0_24,72,-98.126,80,-98.126,135.948,16.77,1.61,27.42,13.71,7.55,1
CELL_35_35,0_24,80,-96.314,80,-96.314,,,,,,,0
CELL_35_36,0_24,88,-95.833,80,-95.833,136.496,16.31,1.63,27.62,13.86,7.25,1
CELL_35_37,0_24,96,-96.019,80,-96.019,135.981,15.99,1.64,27.75,13.94,7.05,1
CELL_35_38,0_24,104,-96.096,80,-96.096,135.163,15.63,1.64,27.91,14.01,6.82,1
CELL_35_39,0_24,112,-96.103,80,-96.103,134.114,15.22,1.64,28.1,14.07,6.56,1
CELL_35_40,0_24,120,-96.079,80,-96.079,132.919,14.79,1.63,28.29,14.14,6.28,1
CELL_35_41,0_24,128,-96.142,80,-96.142,131.822,14.33,1.62,28.5,14.2,5.98,1
CELL_35_42,0_24,136,-96.458,80,-96.458,131.172,13.85,1.61,28.72,14.27,5.68,1
CELL_35_43,0_24,144,-97.167,80,-97.167,131.271,13.37,1.6,28.94,14.32,5.37,1
CELL_35_44,0_24,152,-97.97,80,-97.97,131.545,12.89,1.59,29.16,14.38,5.06,1
CELL_35_45,0_24,160,-98.259,80,-98.259,130.812,12.42,1.58,29.38,14.43,4.75,1
CELL_35_46,0_24,168,-95.656,80,-95.656,124.347,11.97,1.57,29.58,14.48,4.47,1
CELL_35_47,0_24,176,-93.43,80,-93.43,118.728,11.55,1.56,29.78,14.53,4.2,1
CELL_35_48,0_24,184,-93.368,80,-93.368,117.567,11.17,1.55,29.95,14.57,3.95,1
CELL_35_49,0_24,192,-94.537,80,-94.537,119.036,10.83,1.54,30.11,14.61,3.73,1
CELL_35_50,0_24,200,-95.044,80,-95.044,119.386,10.54,1.53,30.24,14.65,3.55,1
CELL_36_0,0_24,-200,-75.225,88,-75.225,120.171,11.99,0.58,30.12,11.6,4.48,1
CELL_36_1,0_24,-192,-71.308,88,-71.308,114.967,11.57,0.55,30.32,11.6,4.21,1
CELL_36_2,0_24,-184,-68.058,88,-68.058,112.262,11.19,0.53,30.5,11.61,3.96,1
CELL_36_3,0_24,-176,-66.431,88,-66.431,111.779,10.85,0.51,30.67,11.62,3.74,1
CELL_36_4,0_24,-168,-66.026,88,-66.026,112.517,10.56,0.5,30.8,11.64,3.56,1
CELL_36_5,0_24,-160,-66.488,88,-66.488,113.473,10.32,0.49,30.91,11.66,3.41,1
CELL_36_6,0_24,-152,-67.35,88,-67.35,113.866,10.15,0.49,30.99,11.68,3.3,1
CELL_36_7,0_24,-144,-68.111,88,-68.111,113.316,10.04,0.49,31.04,11.71,3.23,1
CELL_36_8,0_24,-136,-68.44,88,-68.44,106.166,10,0.5,31.05,11.74,3.2,1
CELL_36_9,0_24,-128,-68.082,88,-68.082,94.04,10.02,0.51,31.03,11.77,3.22,1
CELL_36_10,0_24,-120,-62.656,88,-62.656,88.576,10.12,0.53,30.98,11.81,3.27,1
CELL_36_11,0_24,-112,-58.091,88,-58.091,89.234,10.27,0.55,30.9,11.85,3.37,1
CELL_36_12,0_24,-104,-57.097,88,-57.097,91.968,10.49,0.58,30.79,11.9,3.51,1
CELL_36_13,0_24,-96,-57.952,88,-57.952,95.041,10.76,0.62,30.64,11.95,3.69,1
CELL_36_14,0_24,-88,-59.346,88,-59.346,99.326,11.09,0.66,30.48,12,3.9,1
CELL_36_15,0_24,-80,-61.243,88,-61.243,106.037,11.46,0.7,30.29,12.05,4.14,1
CELL_36_16,0_24,-72,-64.037,88,-64.037,114.891,11.87,0.75,30.08,12.11,4.4,1
CELL_36_17,0_24,-64,-67.873,88,-67.873,123.248,12.31,0.8,29.85,12.17,4.69,1
CELL_36_18,0_24,-56,-72.439,88,-72.439,127.415,12.78,0.85,29.62,12.24,4.99,1
CELL_36_19,0_24,-48,-76.803,88,-76.803,130.744,13.26,0.9,29.38,12.3,5.29,1
CELL_36_20,0_24,-40,-79.719,88,-79.719,133.475,13.74,0.95,29.13,12.37,5.61,1
CELL_36_21,0_24,-32,-82.662,88,-82.662,134.738,14.22,1.01,28.89,12.44,5.91,1
CELL_36_22,0_24,-24,-85.46,88,-85.46,135.098,14.69,1.06,28.65,12.51,6.21,1
CELL_36_23,0_24,-16,-87.468,88,-87.468,135.361,15.13,1.12,28.42,12.58,6.5,1
CELL_36_24,0_24,-8,-88.645,88,-88.645,135.543,15.54,1.17,28.21,12.66,6.76,1
CELL_36_25,0_24,0,-89.257,88,-89.257,135.673,15.91,1.22,28.02,12.73,7,1
CELL_36_26,0_24,8,-89.51,88,-89.51,135.781,16.24,1.27,27.85,12.81,7.21,1
CELL_36_27,0_24,16,-89.758,88,-89.758,136.014,16.51,1.31,27.7,12.89,7.39,1
CELL_36_28,0_24,24,-90.378,88,-90.378,138.12,16.73,1.35,27.58,12.97,7.53,1
CELL_36_29,0_24,32,-91.486,88,-91.486,141.749,16.88,1.39,27.49,13.05,7.63,1
CELL_36_30,0_24,40,-93.903,88,-93.903,144.211,16.98,1.42,27.43,13.13,7.68,1
CELL_36_31,0_24,48,-96.658,88,-96.658,145.005,17,1.45,27.4,13.21,7.7,1
CELL_36_32,0_24,56,-98.224,88,-98.224,144.686,16.96,1.48,27.41,13.29,7.67,1
CELL_36_33,0_24,64,-98.93,88,-98.93,142.408,16.85,1.5,27.45,13.37,7.6,1
CELL_36_34,0_24,72,-98.909,88,-98.909,138.143,16.68,1.52,27.51,13.45,7.49,1
CELL_36_35,0_24,80,-97.646,88,-97.646,136.443,16.44,1.53,27.61,13.53,7.34,1
CELL_36_36,0_24,88,-96.332,88,-96.332,,,,,,,0
CELL_36_37,0_24,96,-96.694,88,-96.694,136.868,15.81,1.54,27.89,13.68,6.94,1
CELL_36_38,0_24,104,-96.995,88,-96.995,136.478,15.43,1.54,28.06,13.76,6.69,1
CELL_36_39,0_24,112,-97.184,88,-97.184,135.808,15.01,1.54,28.24,13.84,6.42,1
CELL_36_40,0_24,120,-97.234,88,-97.234,134.805,14.56,1.54,28.45,13.91,6.13,1
CELL_36_41,0_24,128,-97.16,88,-97.16,133.508,14.09,1.53,28.66,13.98,5.83,1
CELL_36_42,0_24,136,-97.071,88,-97.071,132.146,13.61,1.52,28.88,14.05,5.52,1
CELL_36_43,0_24,144,-97.175,88,-97.175,131.152,13.13,1.52,29.1,14.12,5.21,1
CELL_36_44,0_24,152,-97.696,88,-97.696,130.995,12.65,1.51,29.31,14.18,4.9,1
CELL_36_45,0_24,160,-98.341,88,-98.341,131.115,12.19,1.5,29.52,14.24,4.61,1
CELL_36_46,0_24,168,-96.463,88,-96.463,126.245,11.76,1.49,29.72,14.3,4.33,1
CELL_36_47,0_24,176,-93.109,88,-93.109,118.508,11.35,1.49,29.9,14.36,4.07,1
CELL_36_48,0_24,184,-92.093,88,-92.093,115.564,10.99,1.48,30.07,14.41,3.84,1
CELL_36_49,0_24,192,-93.26,88,-93.26,117.137,10.68,1.48,30.21,14.46,3.64,1
CELL_36_50,0_24,200,-94.391,88,-94.391,118.821,10.42,1.48,30.32,14.51,3.47,1
CELL_37_0,0_24,-200,-74.699,96,-74.699,119.265,11.78,0.57,30.22,11.62,4.34,1
CELL_37_1,0_24,-192,-70.728,96,-70.728,113.711,11.37,0.54,30.41,11.61,4.08,1
CELL_37_2,0_24,-184,-66.942,96,-66.942,111.14,11.01,0.52,30.59,11.6,3.85,1
CELL_37_3,0_24,-176,-65.172,96,-65.172,110.675,10.69,0.49,30.74,11.6,3.65,1
CELL_37_4,0_24,-168,-64.808,96,-64.808,111.701,10.43,0.48,30.87,11.6,3.48,1
CELL_37_5,0_24,-160,-65.213,96,-65.213,113.284,10.23,0.47,30.96,11.61,3.35,1
CELL_37_6,0_24,-152,-66.285,96,-66.285,114.443,10.09,0.46,31.03,11.62,3.26,1
CELL_37_7,0_24,-144,-67.577,96,-67.577,114.54,10.01,0.46,31.06,11.63,3.21,1
CELL_37_8,0_24,-136,-68.549,96,-68.549,112.676,10,0.47,31.06,11.65,3.2,1
CELL_37_9,0_24,-128,-68.933,96,-68.933,100.945,10.06,0.48,31.03,11.67,3.24,1
CELL_37_10,0_24,-120,-66.767,96,-66.767,91.003,10.19,0.5,30.97,11.7,3.32,1
CELL_37_11,0_24,-112,-60.938,96,-60.938,87.92,10.37,0.52,30.87,11.73,3.44,1
CELL_37_12,0_24,-104,-57.722,96,-57.722,88.284,10.62,0.55,30.75,11.76,3.6,1
CELL_37_13,0_24,-96,-57.21,96,-57.21,89.604,10.92,0.58,30.6,11.8,3.79,1
CELL_37_14,0_24,-88,-57.763,96,-57.763,91.89,11.27,0.61,30.42,11.84,4.02,1
CELL_37_15,0_24,-80,-58.879,96,-58.879,95.955,11.66,0.65,30.22,11.88,4.27,1
CELL_37_16,0_24,-72,-60.653,96,-60.653,102.075,12.09,0.7,30.01,11.93,4.54,1
CELL_37_17,0_24,-64,-63.141,96,-63.141,109.553,12.54,0.74,29.78,11.98,4.84,1
CELL_37_18,0_24,-56,-66.252,96,-66.252,116.469,13.02,0.79,29.54,12.03,5.14,1
CELL_37_19,0_24,-48,-69.73,96,-69.73,120.69,13.5,0.84,29.3,12.09,5.45,1
CELL_37_20,0_24,-40,-73.126,96,-73.126,125,13.98,0.89,29.06,12.15,5.76,1
CELL_37_21,0_24,-32,-75.732,96,-75.732,129.021,14.46,0.95,28.82,12.21,6.06,1
CELL_37_22,0_24,-24,-78.277,96,-78.277,131.567,14.91,1,28.59,12.28,6.36,1
CELL_37_23,0_24,-16,-80.943,96,-80.943,132.601,15.34,1.05,28.37,12.34,6.63,1
CELL_37_24,0_24,-8,-82.962,96,-82.962,132.638,15.73,1.1,28.17,12.41,6.88,1
CELL_37_25,0_24,0,-84.091,96,-84.091,132.085,16.08,1.14,27.98,12.48,7.11,1
CELL_37_26,0_24,8,-84.516,96,-84.516,131.62,16.38,1.19,27.83,12.56,7.3,1
CELL_37_27,0_24,16,-84.65,96,-84.65,131.955,16.63,1.23,27.69,12.63,7.46,1
CELL_37_28,0_24,24,-85.02,96,-85.02,133.398,16.81,1.27,27.59,12.71,7.58,1
CELL_37_29,0_24,32,-86.042,96,-86.042,137.413,16.94,1.3,27.52,12.78,7.66,1
CELL_37_30,0_24,40,-87.929,96,-87.929,141.986,17,1.33,27.47,12.86,7.7,1
CELL_37_31,0_24,48,-91.701,96,-91.701,144.233,16.99,1.36,27.46,12.94,7.69,1
CELL_37_32,0_24,56,-95.708,96,-95.708,144.783,16.91,1.38,27.48,13.02,7.64,1
CELL_37_33,0_24,64,-98.153,96,-98.153,143.815,16.77,1.4,27.54,13.1,7.55,1
CELL_37_34,0_24,72,-99.028,96,-99.028,140.417,16.57,1.42,27.62,13.18,7.42,1
CELL_37_35,0_24,80,-98.545,96,-98.545,137.055,16.31,1.43,27.73,13.26,7.25,1
CELL_37_36,0_24,88,-97.116,96,-97.116,136.829,15.99,1.43,27.87,13.34,7.05,1
CELL_37_37,0_24,96,-97.122,96,-97.122,,,,,,,0
CELL_37_38,0_24,104,-97.584,96,-97.584,136.94,15.22,1.44,28.2,13.5,6.56,1
CELL_37_39,0_24,112,-97.965,96,-97.965,136.682,14.79,1.44,28.4,13.58,6.28,1
CELL_37_40,0_24,120,-98.22,96,-98.22,136.16,14.33,1.43,28.61,13.66,5.98,1
CELL_37_41,0_24,128,-98.291,96,-98.291,135.264,13.85,1.43,28.82,13.73,5.68,1
CELL_37_42,0_24,136,-98.162,96,-98.162,133.968,13.37,1.43,29.04,13.81,5.37,1
CELL_37_43,0_24,144,-97.92,96,-97.92,132.456,12.89,1.42,29.26,13.88,5.06,1
CELL_37_44,0_24,152,-97.782,96,-97.782,131.176,12.42,1.41,29.47,13.95,4.75,1
CELL_37_45,0_24,160,-98.019,96,-98.019,130.689,11.97,1.41,29.67,14.02,4.47,1
CELL_37_46,0_24,168,-96.687,96,-96.687,127.123,11.55,1.41,29.86,14.09,4.2,1
CELL_37_47,0_24,176,-92.847,96,-92.847,118.621,11.17,1.4,30.03,14.16,3.95,1
CELL_37_48,0_24,184,-90.481,96,-90.481,113.174,10.83,1.4,30.18,14.22,3.73,1
CELL_37_49,0_24,192,-91.278,96,-91.278,114.181,10.54,1.41,30.31,14.28,3.55,1
CELL_37_50,0_24,200,-92.894,96,-92.894,116.981,10.31,1.41,30.41,14.34,3.4,1
CELL_38_0,0_24,-200,-74.314,104,-74.314,119.437,11.57,0.58,30.31,11.68,4.21,1
CELL_38_1,0_24,-192,-71.215,104,-71.215,112.728,11.19,0.55,30.5,11.66,3.96,1
CELL_38_2,0_24,-184,-66.79,104,-66.79,109.79,10.85,0.52,30.66,11.64,3.74,1
CELL_38_3,0_24,-176,-64.448,104,-64.448,109.349,10.56,0.49,30.8,11.62,3.56,1
CELL_38_4,0_24,-168,-63.914,104,-63.914,110.221,10.32,0.47,30.92,11.61,3.41,1
CELL_38_5,0_24,-160,-64.24,104,-64.24,112.195,10.15,0.46,31,11.6,3.3,1
CELL_38_6,0_24,-152,-65.148,104,-65.148,114.378,10.04,0.45,31.06,11.6,3.23,1
CELL_38_7,0_24,-144,-66.623,104,-66.623,115.722,10,0.45,31.08,11.6,3.2,1
CELL_38_8,0_24,-136,-68.154,104,-68.154,115.54,10.02,0.45,31.06,11.61,3.22,1
CELL_38_9,0_24,-128,-69.219,104,-69.219,109.835,10.12,0.46,31.02,11.61,3.27,1
CELL_38_10,0_24,-120,-69.532,104,-69.532,97.292,10.27,0.48,30.94,11.63,3.37,1
CELL_38_11,0_24,-112,-65.076,104,-65.076,89.896,10.49,0.5,30.83,11.64,3.51,1
CELL_38_12,0_24,-104,-60.134,104,-60.134,87.645,10.76,0.52,30.7,11.66,3.69,1
CELL_38_13,0_24,-96,-58.023,104,-58.023,87.374,11.09,0.55,30.54,11.69,3.9,1
CELL_38_14,0_24,-88,-57.878,104,-57.878,88.163,11.46,0.58,30.35,11.72,4.14,1
CELL_38_15,0_24,-80,-58.694,104,-58.694,90.247,11.87,0.62,30.15,11.75,4.4,1
CELL_38_16,0_24,-72,-60.188,104,-60.188,93.751,12.31,0.66,29.93,11.78,4.69,1
CELL_38_17,0_24,-64,-62.128,104,-62.128,98.488,12.78,0.71,29.7,11.82,4.99,1
CELL_38_18,0_24,-56,-64.249,104,-64.249,103.912,13.26,0.75,29.46,11.87,5.29,1
CELL_38_19,0_24,-48,-66.504,104,-66.504,109.08,13.74,0.8,29.22,11.91,5.61,1
CELL_38_20,0_24,-40,-68.984,104,-68.984,112.8,14.22,0.85,28.98,11.96,5.91,1
CELL_38_21,0_24,-32,-71.668,104,-71.668,116.455,14.69,0.89,28.74,12.01,6.21,1
CELL_38_22,0_24,-24,-74.183,104,-74.183,120.306,15.13,0.94,28.52,12.07,6.5,1
CELL_38_23,0_24,-16,-75.864,104,-75.864,122.896,15.54,0.99,28.31,12.13,6.76,1
CELL_38_24,0_24,-8,-77.357,104,-77.357,123.798,15.91,1.03,28.12,12.19,7,1
CELL_38_25,0_24,0,-78.788,104,-78.788,123.397,16.24,1.07,27.95,12.25,7.21,1
CELL_38_26,0_24,8,-79.82,104,-79.82,122.517,16.51,1.12,27.81,12.32,7.39,1
CELL_38_27,0_24,16,-80.52,104,-80.52,122.192,16.73,1.15,27.69,12.39,7.53,1
CELL_38_28,0_24,24,-81.14,104,-81.14,123.22,16.88,1.19,27.6,12.46,7.63,1
CELL_38_29,0_24,32,-81.837,104,-81.837,126.102,16.98,1.22,27.55,12.53,7.68,1
CELL_38_30,0_24,40,-82.802,104,-82.802,132.587,17,1.24,27.52,12.6,7.7,1
CELL_38_31,0_24,48,-84.645,104,-84.645,139.371,16.96,1.27,27.53,12.68,7.67,1
CELL_38_32,0_24,56,-88.789,104,-88.789,143.087,16.85,1.29,27.56,12.75,7.6,1
CELL_38_33,0_24,64,-93.478,104,-93.478,143.729,16.68,1.3,27.63,12.83,7.49,1
CELL_38_34,0_24,72,-96.839,104,-96.839,141.69,16.44,1.31,27.73,12.91,7.34,1
CELL_38_35,0_24,80,-98.222,104,-98.222,137.946,16.15,1.32,27.85,12.99,7.16,1
CELL_38_36,0_24,88,-97.782,104,-97.782,137.014,15.81,1.33,28,13.07,6.94,1
CELL_38_37,0_24,96,-97.378,104,-97.378,136.917,15.43,1.33,28.17,13.15,6.69,1
CELL_38_38,0_24,104,-97.91,104,-97.91,,,,,,,0
CELL_38_39,0_24,112,-98.386,104,-98.386,136.692,14.56,1.33,28.56,13.31,6.13,1
CELL_38_40,0_24,120,-98.793,104,-98.793,136.565,14.09,1.33,28.77,13.39,5.83,1
CELL_38_41,0_24,128,-99.078,104,-99.078,136.233,13.61,1.32,28.99,13.47,5.52,1
CELL_38_42,0_24,136,-99.157,104,-99.157,135.532,13.13,1.32,29.2,13.55,5.21,1
CELL_38_43,0_24,144,-98.97,104,-98.97,134.345,12.65,1.32,29.42,13.63,4.9,1
CELL_38_44,0_24,152,-98.573,104,-98.573,132.789,12.19,1.31,29.62,13.7,4.61,1
CELL_38_45,0_24,160,-98.176,104,-98.176,131.293,11.76,1.31,29.82,13.78,4.33,1
CELL_38_46,0_24,168,-96.592,104,-96.592,127.49,11.35,1.31,30,13.85,4.07,1
CELL_38_47,0_24,176,-92.467,104,-92.467,118.684,10.99,1.31,30.16,13.93,3.84,1
CELL_38_48,0_24,184,-89.089,104,-89.089,111.461,10.68,1.32,30.3,14,3.64,1
CELL_38_49,0_24,192,-88.991,104,-88.991,110.906,10.42,1.32,30.41,14.07,3.47,1
CELL_38_50,0_24,200,-90.519,104,-90.519,113.726,10.22,1.33,30.49,14.13,3.34,1
CELL_39_0,0_24,-200,-73.93,112,-73.93,121.305,11.37,0.6,30.38,11.79,4.08,1
CELL_39_1,0_24,-192,-72.4,112,-72.4,113.15,11.01,0.57,30.56,11.75,3.85,1
CELL_39_2,0_24,-184,-67.911,112,-67.911,108.958,10.69,0.54,30.72,11.72,3.65,1
CELL_39_3,0_24,-176,-64.623,112,-64.623,108.112,10.43,0.51,30.85,11.69,3.48,1
CELL_39_4,0_24,-168,-63.583,112,-63.583,108.771,10.23,0.49,30.95,11.67,3.35,1
CELL_39_5,0_24,-160,-63.714,112,-63.714,110.408,10.09,0.47,31.03,11.65,3.26,1
CELL_39_6,0_24,-152,-64.445,112,-64.445,112.943,10.01,0.46,31.06,11.63,3.21,1
CELL_39_7,0_24,-144,-65.7,112,-65.7,115.361,10,0.46,31.07,11.62,3.2,1
CELL_39_8,0_24,-136,-67.345,112,-67.345,116.655,10.06,0.46,31.05,11.61,3.24,1
CELL_39_9,0_24,-128,-68.852,112,-68.852,115.951,10.19,0.46,30.99,11.6,3.32,1
CELL_39_10,0_24,-120,-69.798,112,-69.798,105.908,10.37,0.47,30.9,11.6,3.44,1
CELL_39_11,0_24,-112,-68.684,112,-68.684,95.164,10.62,0.49,30.78,11.6,3.6,1
CELL_39_12,0_24,-104,-63.588,112,-63.588,89.929,10.92,0.51,30.63,11.61,3.79,1
CELL_39_13,0_24,-96,-59.976,112,-59.976,88.431,11.27,0.54,30.46,11.62,4.02,1
CELL_39_14,0_24,-88,-58.874,112,-58.874,88.756,11.66,0.57,30.27,11.64,4.27,1
CELL_39_15,0_24,-80,-59.313,112,-59.313,90.376,12.09,0.6,30.06,11.66,4.54,1
CELL_39_16,0_24,-72,-60.554,112,-60.554,92.858,12.54,0.64,29.84,11.68,4.84,1
CELL_39_17,0_24,-64,-62.174,112,-62.174,95.704,13.02,0.68,29.6,11.71,5.14,1
CELL_39_18,0_24,-56,-63.735,112,-63.735,98.828,13.5,0.72,29.37,11.74,5.45,1
CELL_39_19,0_24,-48,-65.011,112,-65.011,102.377,13.98,0.76,29.13,11.77,5.76,1
CELL_39_20,0_24,-40,-66.184,112,-66.184,106.258,14.46,0.81,28.89,11.81,6.06,1
CELL_39_21,0_24,-32,-67.601,112,-67.601,109.776,14.91,0.85,28.67,11.85,6.36,1
CELL_39_22,0_24,-24,-69.541,112,-69.541,111.735,15.34,0.89,28.45,11.89,6.63,1
CELL_39_23,0_24,-16,-71.983,112,-71.983,113.313,15.73,0.94,28.25,11.94,6.88,1
CELL_39_24,0_24,-8,-74.545,112,-74.545,114.716,16.08,0.98,28.08,11.99,7.11,1
CELL_39_25,0_24,0,-76.698,112,-76.698,115.328,16.38,1.01,27.92,12.05,7.3,1
CELL_39_26,0_24,8,-78.22,112,-78.22,115.316,16.63,1.05,27.79,12.1,7.46,1
CELL_39_27,0_24,16,-79.396,112,-79.396,115.199,16.81,1.08,27.69,12.16,7.58,1
CELL_39_28,0_24,24,-80.339,112,-80.339,115.311,16.94,1.11,27.62,12.23,7.66,1
CELL_39_29,0_24,32,-80.833,112,-80.833,116.06,17,1.14,27.58,12.29,7.7,1
CELL_39_30,0_24,40,-80.747,112,-80.747,118.74,16.99,1.16,27.57,12.36,7.69,1
CELL_39_31,0_24,48,-80.425,112,-80.425,125.819,16.91,1.18,27.6,12.43,7.64,1
CELL_39_32,0_24,56,-80.673,112,-80.673,133.785,16.77,1.19,27.65,12.5,7.55,1
CELL_39_33,0_24,64,-83.727,112,-83.727,139.075,16.57,1.21,27.73,12.57,7.42,1
CELL_39_34,0_24,72,-88.882,112,-88.882,140.492,16.31,1.22,27.84,12.65,7.25,1
CELL_39_35,0_24,80,-93.723,112,-93.723,138.468,15.99,1.22,27.98,12.72,7.05,1
CELL_39_36,0_24,88,-96.477,112,-96.477,136.686,15.63,1.23,28.14,12.8,6.82,1
CELL_39_37,0_24,96,-97.429,112,-97.429,136.725,15.22,1.23,28.32,12.88,6.56,1
CELL_39_38,0_24,104,-98.112,112,-98.112,136.688,14.79,1.23,28.52,12.96,6.28,1
CELL_39_39,0_24,112,-98.58,112,-98.58,,,,,,,0
CELL_39_40,0_24,120,-98.991,112,-98.991,136.18,13.85,1.22,28.94,13.12,5.68,1
CELL_39_41,0_24,128,-99.357,112,-99.357,136.162,13.37,1.22,29.15,13.2,5.37,1
CELL_39_42,0_24,136,-99.632,112,-99.632,136.051,12.89,1.21,29.37,13.28,5.06,1
CELL_39_43,0_24,144,-99.701,112,-99.701,135.615,12.42,1.21,29.58,13.36,4.75,1
CELL_39_44,0_24,152,-99.463,112,-99.463,134.644,11.97,1.21,29.78,13.44,4.47,1
CELL_39_45,0_24,160,-98.927,112,-98.927,133.159,11.55,1.21,29.97,13.52,4.2,1
CELL_39_46,0_24,168,-97.105,112,-97.105,129.181,11.17,1.21,30.14,13.6,3.95,1
CELL_39_47,0_24,176,-92.08,112,-92.08,118.871,10.83,1.22,30.28,13.68,3.73,1
CELL_39_48,0_24,184,-88.134,112,-88.134,110.802,10.54,1.22,30.41,13.75,3.55,1
CELL_39_49,0_24,192,-87.382,112,-87.382,109.203,10.31,1.24,30.5,13.83,3.4,1
CELL_39_50,0_24,200,-87.896,112,-87.896,110.227,10.15,1.25,30.57,13.9,3.29,1
CELL_40_0,0_24,-200,-73.955,120,-73.955,124.26,11.19,0.64,30.44,11.94,3.96,1
CELL_40_1,0_24,-192,-73.432,120,-73.432,115.673,10.85,0.6,30.62,11.89,3.74,1
CELL_40_2,0_24,-184,-70.065,120,-70.065,109.455,10.56,0.57,30.76,11.84,3.56,1
CELL_40_3,0_24,-176,-66.045,120,-66.045,107.49,10.32,0.54,30.88,11.8,3.41,1
CELL_40_4,0_24,-168,-64.018,120,-64.018,107.661,10.15,0.52,30.97,11.77,3.3,1
CELL_40_5,0_24,-160,-63.706,120,-63.706,108.879,10.04,0.5,31.03,11.73,3.23,1
CELL_40_6,0_24,-152,-64.184,120,-64.184,110.998,10,0.48,31.06,11.7,3.2,1
CELL_40_7,0_24,-144,-65.225,120,-65.225,113.715,10.02,0.48,31.05,11.68,3.22,1
CELL_40_8,0_24,-136,-66.672,120,-66.672,115.992,10.12,0.48,31.01,11.65,3.27,1
CELL_40_9,0_24,-128,-68.264,120,-68.264,116.929,10.27,0.48,30.94,11.63,3.37,1
CELL_40_10,0_24,-120,-69.552,120,-69.552,113.384,10.49,0.49,30.84,11.62,3.51,1
CELL_40_11,0_24,-112,-70.199,120,-70.199,102.329,10.76,0.5,30.71,11.61,3.69,1
CELL_40_12,0_24,-104,-66.967,120,-66.967,94.312,11.09,0.52,30.55,11.6,3.9,1
CELL_40_13,0_24,-96,-62.608,120,-62.608,91.157,11.46,0.54,30.37,11.6,4.14,1
CELL_40_14,0_24,-88,-60.257,120,-60.257,90.95,11.87,0.57,30.18,11.6,4.4,1
CELL_40_15,0_24,-80,-60.058,120,-60.058,92.262,12.31,0.6,29.96,11.61,4.69,1
CELL_40_16,0_24,-72,-61.052,120,-61.052,94.263,12.78,0.63,29.74,11.62,4.99,1
CELL_40_17,0_24,-64,-62.56,120,-62.56,96.104,13.26,0.67,29.5,11.63,5.29,1
CELL_40_18,0_24,-56,-63.99,120,-63.99,97.368,13.74,0.71,29.27,11.65,5.61,1
CELL_40_19,0_24,-48,-64.938,120,-64.938,98.428,14.22,0.75,29.03,11.67,5.91,1
CELL_40_20,0_24,-40,-65.313,120,-65.313,99.949,14.69,0.78,28.8,11.69,6.21,1
CELL_40_21,0_24,-32,-65.436,120,-65.436,102.432,15.13,0.82,28.59,11.72,6.5,1
CELL_40_22,0_24,-24,-65.768,120,-65.768,105.782,15.54,0.86,28.38,11.76,6.76,1
CELL_40_23,0_24,-16,-66.693,120,-66.693,109.289,15.91,0.9,28.2,11.79,7,1
CELL_40_24,0_24,-8,-68.339,120,-68.339,111.959,16.24,0.93,28.03,11.83,7.21,1
CELL_40_25,0_24,0,-70.5,120,-70.5,113.377,16.51,0.96,27.89,11.88,7.39,1
CELL_40_26,0_24,8,-72.712,120,-72.712,114.097,16.73,0.99,27.78,11.92,7.53,1
CELL_40_27,0_24,16,-74.514,120,-74.514,114.346,16.88,1.02,27.69,11.97,7.63,1
CELL_40_28,0_24,24,-75.649,120,-75.649,113.728,16.98,1.05,27.64,12.03,7.68,1
CELL_40_29,0_24,32,-75.949,120,-75.949,112.044,17,1.07,27.62,12.08,7.7,1
CELL_40_30,0_24,40,-75.496,120,-75.496,110.036,16.96,1.08,27.63,12.14,7.67,1
CELL_40_31,0_24,48,-74.716,120,-74.716,109.448,16.85,1.1,27.67,12.2,7.6,1
CELL_40_32,0_24,56,-74.196,120,-74.196,114.345,16.68,1.11,27.74,12.27,7.49,1
CELL_40_33,0_24,64,-74.51,120,-74.51,123.158,16.44,1.12,27.84,12.33,7.34,1
CELL_40_34,0_24,72,-76.134,120,-76.134,131.212,16.15,1.12,27.96,12.4,7.16,1
CELL_40_35,0_24,80,-80.392,120,-80.392,135.212,15.81,1.12,28.11,12.47,6.94,1
CELL_40_36,0_24,88,-85.795,120,-85.795,135.9,15.43,1.12,28.29,12.55,6.69,1
CELL_40_37,0_24,96,-90.449,120,-90.449,136.216,15.01,1.12,28.47,12.62,6.42,1
CELL_40_38,0_24,104,-93.754,120,-93.754,136.214,14.56,1.12,28.68,12.7,6.13,1
CELL_40_39,0_24,112,-95.298,120,-95.298,136.191,14.09,1.12,28.89,12.77,5.83,1
CELL_40_40,0_24,120,-96.398,120,-96.398,,,,,,,0
CELL_40_41,0_24,128,-97.421,120,-97.421,131.726,13.13,1.11,29.32,12.93,5.21,1
CELL_40_42,0_24,136,-98.57,120,-98.57,133.562,12.65,1.1,29.53,13.01,4.9,1
CELL_40_43,0_24,144,-99.647,120,-99.647,135.382,12.19,1.1,29.74,13.09,4.61,1
CELL_40_44,0_24,152,-99.84,120,-99.84,135.547,11.76,1.1,29.93,13.17,4.33,1
CELL_40_45,0_24,160,-99.561,120,-99.561,134.874,11.35,1.1,30.11,13.25,4.07,1
CELL_40_46,0_24,168,-98.175,120,-98.175,132.076,10.99,1.11,30.27,13.33,3.84,1
CELL_40_47,0_24,176,-92.707,120,-92.707,121.194,10.68,1.12,30.41,13.41,3.64,1
CELL_40_48,0_24,184,-87.525,120,-87.525,110.955,10.42,1.13,30.52,13.49,3.47,1
CELL_40_49,0_24,192,-86.431,120,-86.431,108.957,10.22,1.14,30.6,13.57,3.34,1
CELL_40_50,0_24,200,-86.35,120,-86.35,109.044,10.08,1.16,30.65,13.65,3.25,1
CELL_41_0,0_24,-200,-75.503,128,-75.503,126.733,11.01,0.69,30.49,12.12,3.85,1
CELL_41_1,0_24,-192,-75.245,128,-75.245,119.971,10.69,0.65,30.66,12.06,3.65,1
CELL_41_2,0_24,-184,-73.476,128,-73.476,112.065,10.43,0.62,30.79,12.01,3.48,1
CELL_41_3,0_24,-176,-69.428,128,-69.428,108.033,10.23,0.59,30.9,11.95,3.35,1
CELL_41_4,0_24,-168,-66.121,128,-66.121,107.239,10.09,0.56,30.98,11.91,3.26,1
CELL_41_5,0_24,-160,-64.76,128,-64.76,107.901,10.01,0.54,31.02,11.86,3.21,1
CELL_41_6,0_24,-152,-64.747,128,-64.747,109.589,10,0.53,31.03,11.82,3.2,1
CELL_41_7,0_24,-144,-65.487,128,-65.487,111.988,10.06,0.52,31.01,11.78,3.24,1
CELL_41_8,0_24,-136,-66.707,128,-66.707,114.561,10.19,0.51,30.96,11.74,3.32,1
CELL_41_9,0_24,-128,-68.061,128,-68.061,116.424,10.37,0.51,30.88,11.71,3.44,1
CELL_41_10,0_24,-120,-69.431,128,-69.431,116.664,10.62,0.52,30.76,11.68,3.6,1
CELL_41_11,0_24,-112,-70.408,128,-70.408,109.256,10.92,0.53,30.62,11.66,3.79,1
CELL_41_12,0_24,-104,-69.497,128,-69.497,99.888,11.27,0.55,30.46,11.64,4.02,1
CELL_41_13,0_24,-96,-65.583,128,-65.583,94.52,11.66,0.57,30.27,11.62,4.27,1
CELL_41_14,0_24,-88,-62.278,128,-62.278,93.309,12.09,0.59,30.07,11.61,4.54,1
CELL_41_15,0_24,-80,-60.837,128,-60.837,94.36,12.54,0.62,29.85,11.6,4.84,1
CELL_41_16,0_24,-72,-61.314,128,-61.314,96.333,13.02,0.64,29.62,11.6,5.14,1
CELL_41_17,0_24,-64,-62.772,128,-62.772,98.056,13.5,0.68,29.39,11.6,5.45,1
CELL_41_18,0_24,-56,-64.368,128,-64.368,98.748,13.98,0.71,29.16,11.6,5.76,1
CELL_41_19,0_24,-48,-65.492,128,-65.492,98.261,14.46,0.74,28.93,11.61,6.06,1
CELL_41_20,0_24,-40,-65.877,128,-65.877,97.242,14.91,0.77,28.71,11.62,6.36,1
CELL_41_21,0_24,-32,-65.509,128,-65.509,96.596,15.34,0.81,28.5,11.64,6.63,1
CELL_41_22,0_24,-24,-64.744,128,-64.744,97.053,15.73,0.84,28.31,11.66,6.88,1
CELL_41_23,0_24,-16,-64.14,128,-64.14,98.82,16.08,0.87,28.13,11.68,7.11,1
CELL_41_24,0_24,-8,-64.165,128,-64.165,101.458,16.38,0.9,27.98,11.71,7.3,1
CELL_41_25,0_24,0,-64.954,128,-64.954,104.067,16.63,0.93,27.86,11.74,7.46,1
CELL_41_26,0_24,8,-66.313,128,-66.313,105.795,16.81,0.95,27.76,11.78,7.58,1
CELL_41_27,0_24,16,-67.863,128,-67.863,106.176,16.94,0.97,27.7,11.82,7.66,1
CELL_41_28,0_24,24,-69.243,128,-69.243,104.901,17,0.99,27.66,11.86,7.7,1
CELL_41_29,0_24,32,-70.149,128,-70.149,102.166,16.99,1,27.66,11.91,7.69,1
CELL_41_30,0_24,40,-70.505,128,-70.505,98.852,16.91,1.02,27.68,11.95,7.64,1
CELL_41_31,0_24,48,-70.583,128,-70.583,96.169,16.77,1.02,27.74,12.01,7.55,1
CELL_41_32,0_24,56,-70.816,128,-70.816,95.379,16.57,1.03,27.83,12.06,7.42,1
CELL_41_33,0_24,64,-71.396,128,-71.396,97.426,16.31,1.03,27.94,12.12,7.25,1
CELL_41_34,0_24,72,-72.198,128,-72.198,104.588,15.99,1.03,28.09,12.18,7.05,1
CELL_41_35,0_24,80,-73.042,128,-73.042,113.86,15.63,1.03,28.25,12.24,6.82,1
CELL_41_36,0_24,88,-75.991,128,-75.991,121.677,15.22,1.03,28.43,12.31,6.56,1
CELL_41_37,0_24,96,-81.28,128,-81.28,126.983,14.79,1.02,28.63,12.38,6.28,1
CELL_41_38,0_24,104,-86.19,128,-86.19,129.091,14.33,1.02,28.83,12.45,5.98,1
CELL_41_39,0_24,112,-89.006,128,-89.006,130.501,13.85,1.01,29.05,12.52,5.68,1
CELL_41_40,0_24,120,-90.375,128,-90.375,131.914,13.37,1.01,29.27,12.59,5.37,1
CELL_41_41,0_24,128,-91.599,128,-91.599,,,,,,,0
CELL_41_42,0_24,136,-93.033,128,-93.033,122.27,12.42,1,29.7,12.74,4.75,1
CELL_41_43,0_24,144,-95.061,128,-95.061,126.215,11.97,1,29.9,12.82,4.47,1
CELL_41_44,0_24,152,-97.636,128,-97.636,131.401,11.55,1,30.08,12.9,4.2,1
CELL_41_45,0_24,160,-99.48,128,-99.48,135.254,11.17,1,30.25,12.98,3.95,1
CELL_41_46,0_24,168,-98.98,128,-98.98,134.527,10.83,1.01,30.4,13.06,3.73,1
CELL_41_47,0_24,176,-94.096,128,-94.096,125.116,10.54,1.01,30.52,13.14,3.55,1
CELL_41_48,0_24,184,-87.978,128,-87.978,113.303,10.31,1.03,30.62,13.22,3.4,1
CELL_41_49,0_24,192,-85.953,128,-85.953,109.723,10.15,1.04,30.69,13.3,3.29,1
CELL_41_50,0_24,200,-85.3,128,-85.3,108.921,10.04,1.06,30.72,13.38,3.23,1
CELL_42_0,0_24,-200,-77.148,136,-77.148,130.53,10.85,0.76,30.53,12.33,3.74,1
CELL_42_1,0_24,-192,-77.494,136,-77.494,126.598,10.56,0.72,30.68,12.27,3.56,1
CELL_42_2,0_24,-184,-77.24,136,-77.24,118.321,10.32,0.68,30.81,12.2,3.41,1
CELL_42_3,0_24,-176,-74.761,136,-74.761,111.612,10.15,0.65,30.9,12.14,3.3,1
CELL_42_4,0_24,-168,-71.328,136,-71.328,108.689,10.04,0.62,30.96,12.08,3.23,1
CELL_42_5,0_24,-160,-68.87,136,-68.87,108.346,10,0.6,31,12.03,3.2,1
CELL_42_6,0_24,-152,-67.956,136,-67.956,109.445,10.02,0.58,30.99,11.97,3.22,1
CELL_42_7,0_24,-144,-68.229,136,-68.229,111.444,10.12,0.57,30.96,11.92,3.27,1
CELL_42_8,0_24,-136,-69.267,136,-69.267,113.677,10.27,0.56,30.89,11.88,3.37,1
CELL_42_9,0_24,-128,-70.533,136,-70.533,115.874,10.49,0.56,30.8,11.83,3.51,1
CELL_42_10,0_24,-120,-71.41,136,-71.41,117.152,10.76,0.57,30.67,11.79,3.69,1
CELL_42_11,0_24,-112,-71.75,136,-71.75,114.444,11.09,0.57,30.52,11.76,3.9,1
CELL_42_12,0_24,-104,-71.659,136,-71.659,106.029,11.46,0.59,30.35,11.72,4.14,1
CELL_42_13,0_24,-96,-68.948,136,-68.948,98.95,11.87,0.6,30.16,11.69,4.4,1
CELL_42_14,0_24,-88,-65.383,136,-65.383,95.565,12.31,0.62,29.95,11.67,4.69,1
CELL_42_15,0_24,-80,-62.948,136,-62.948,95.85,12.78,0.65,29.73,11.65,4.99,1
CELL_42_16,0_24,-72,-62.002,136,-62.002,97.937,13.26,0.67,29.5,11.63,5.29,1
CELL_42_17,0_24,-64,-62.63,136,-62.63,100.157,13.74,0.7,29.27,11.62,5.61,1
CELL_42_18,0_24,-56,-64.394,136,-64.394,101.31,14.22,0.72,29.04,11.61,5.91,1
CELL_42_19,0_24,-48,-66.001,136,-66.001,100.878,14.69,0.75,28.82,11.6,6.21,1
CELL_42_20,0_24,-40,-66.899,136,-66.899,98.863,15.13,0.78,28.61,11.6,6.5,1
CELL_42_21,0_24,-32,-66.952,136,-66.952,95.994,15.54,0.81,28.41,11.6,6.76,1
CELL_42_22,0_24,-24,-66.128,136,-66.128,93.37,15.91,0.83,28.23,11.61,7,1
CELL_42_23,0_24,-16,-64.756,136,-64.756,91.891,16.24,0.86,28.07,11.62,7.21,1
CELL_42_24,0_24,-8,-63.516,136,-63.516,91.793,16.51,0.88,27.94,11.63,7.39,1
CELL_42_25,0_24,0,-63.013,136,-63.013,92.68,16.73,0.9,27.83,11.65,7.53,1
CELL_42_26,0_24,8,-63.379,136,-63.379,93.807,16.88,0.92,27.75,11.68,7.63,1
CELL_42_27,0_24,16,-64.346,136,-64.346,94.487,16.98,0.93,27.7,11.7,7.68,1
CELL_42_28,0_24,24,-65.576,136,-65.576,94.162,17,0.95,27.68,11.73,7.7,1
CELL_42_29,0_24,32,-66.833,136,-66.833,92.741,16.96,0.95,27.7,11.77,7.67,1
CELL_42_30,0_24,40,-67.961,136,-67.961,90.82,16.85,0.96,27.74,11.8,7.6,1
CELL_42_31,0_24,48,-69.042,136,-69.042,89.291,16.68,0.96,27.82,11.84,7.49,1
CELL_42_32,0_24,56,-70.213,136,-70.213,88.574,16.44,0.96,27.92,11.89,7.34,1
CELL_42_33,0_24,64,-71.249,136,-71.249,88.482,16.15,0.96,28.05,11.94,7.16,1
CELL_42_34,0_24,72,-72.143,136,-72.143,88.901,15.81,0.96,28.21,11.99,6.94,1
CELL_42_35,0_24,80,-72.918,136,-72.918,93.649,15.43,0.95,28.38,12.04,6.69,1
CELL_42_36,0_24,88,-73.602,136,-73.602,102.915,15.01,0.94,28.57,12.1,6.42,1
CELL_42_37,0_24,96,-76.63,136,-76.63,111.459,14.56,0.93,28.78,12.16,6.13,1
CELL_42_38,0_24,104,-81.474,136,-81.474,116.077,14.09,0.93,28.99,12.22,5.83,1
CELL_42_39,0_24,112,-85.16,136,-85.16,118.137,13.61,0.92,29.21,12.28,5.52,1
CELL_42_40,0_24,120,-86.531,136,-86.531,120.125,13.13,0.91,29.43,12.35,5.21,1
CELL_42_41,0_24,128,-87.294,136,-87.294,122.731,12.65,0.9,29.65,12.42,4.9,1
CELL_42_42,0_24,136,-88.127,136,-88.127,,,,,,,0
CELL_42_43,0_24,144,-89.407,136,-89.407,115.105,11.76,0.89,30.05,12.56,4.33,1
CELL_42_44,0_24,152,-91.691,136,-91.691,119.93,11.35,0.89,30.23,12.64,4.07,1
CELL_42_45,0_24,160,-95.165,136,-95.165,127.288,10.99,0.9,30.39,12.72,3.84,1
CELL_42_46,0_24,168,-98.38,136,-98.38,134.252,10.68,0.9,30.52,12.79,3.64,1
CELL_42_47,0_24,176,-95.442,136,-95.442,129.003,10.42,0.91,30.63,12.87,3.47,1
CELL_42_48,0_24,184,-89.046,136,-89.046,116.902,10.22,0.93,30.71,12.95,3.34,1
CELL_42_49,0_24,192,-86.107,136,-86.107,111.754,10.08,0.95,30.77,13.03,3.25,1
CELL_42_50,0_24,200,-84.937,136,-84.937,110.157,10.01,0.97,30.79,13.11,3.21,1
CELL_43_0,0_24,-200,-77.749,144,-77.749,135.101,10.69,0.83,30.56,12.57,3.65,1
CELL_43_1,0_24,-192,-78.572,144,-78.572,133.977,10.43,0.79,30.7,12.5,3.48,1
CELL_43_2,0_24,-184,-78.898,144,-78.898,128.455,10.23,0.75,30.81,12.43,3.35,1
CELL_43_3,0_24,-176,-78.14,144,-78.14,121.227,10.09,0.72,30.89,12.36,3.26,1
CELL_43_4,0_24,-168,-76.045,144,-76.045,116.037,10.01,0.69,30.94,12.29,3.21,1
CELL_43_5,0_24,-160,-73.739,144,-73.739,113.9,10,0.67,30.96,12.23,3.2,1
CELL_43_6,0_24,-152,-72.274,144,-72.274,114.096,10.06,0.65,30.94,12.16,3.24,1
CELL_43_7,0_24,-144,-71.992,144,-71.992,115.784,10.19,0.64,30.89,12.1,3.32,1
CELL_43_8,0_24,-136,-72.733,144,-72.733,117.9,10.37,0.63,30.81,12.05,3.44,1
CELL_43_9,0_24,-128,-74.058,144,-74.058,119.264,10.62,0.62,30.71,11.99,3.6,1
CELL_43_10,0_24,-120,-75.322,144,-75.322,119.572,10.92,0.63,30.57,11.94,3.79,1
CELL_43_11,0_24,-112,-75.966,144,-75.966,118.795,11.27,0.63,30.41,11.89,4.02,1
CELL_43_12,0_24,-104,-75.874,144,-75.874,112.847,11.66,0.64,30.23,11.85,4.27,1
CELL_43_13,0_24,-96,-74.161,144,-74.161,105.365,12.09,0.66,30.03,11.81,4.54,1
CELL_43_14,0_24,-88,-70.116,144,-70.116,100.158,12.54,0.67,29.82,11.77,4.84,1
CELL_43_15,0_24,-80,-67.144,144,-67.144,97.885,13.02,0.69,29.6,11.74,5.14,1
CELL_43_16,0_24,-72,-65.455,144,-65.455,98.603,13.5,0.71,29.37,11.71,5.45,1
CELL_43_17,0_24,-64,-64.866,144,-64.866,101.34,13.98,0.73,29.15,11.68,5.76,1
CELL_43_18,0_24,-56,-65.221,144,-65.221,103.579,14.46,0.76,28.92,11.66,6.06,1
CELL_43_19,0_24,-48,-66.22,144,-66.22,104.242,14.91,0.78,28.71,11.64,6.36,1
CELL_43_20,0_24,-40,-67.764,144,-67.764,103.059,15.34,0.8,28.5,11.62,6.63,1
CELL_43_21,0_24,-32,-68.594,144,-68.594,100.004,15.73,0.82,28.32,11.61,6.88,1
CELL_43_22,0_24,-24,-68.635,144,-68.635,95.769,16.08,0.84,28.15,11.6,7.11,1
CELL_43_23,0_24,-16,-67.78,144,-67.78,91.699,16.38,0.86,28.01,11.6,7.3,1
CELL_43_24,0_24,-8,-66.195,144,-66.195,88.961,16.63,0.88,27.89,11.6,7.46,1
CELL_43_25,0_24,0,-64.573,144,-64.573,87.791,16.81,0.89,27.8,11.61,7.58,1
CELL_43_26,0_24,8,-63.669,144,-63.669,87.668,16.94,0.9,27.74,11.62,7.66,1
CELL_43_27,0_24,16,-63.724,144,-63.724,87.948,17,0.91,27.71,11.63,7.7,1
CELL_43_28,0_24,24,-64.493,144,-64.493,88.196,16.99,0.91,27.71,11.65,7.69,1
CELL_43_29,0_24,32,-65.662,144,-65.662,88.156,16.91,0.92,27.74,11.67,7.64,1
CELL_43_30,0_24,40,-66.981,144,-66.981,88.045,16.77,0.92,27.8,11.69,7.55,1
CELL_43_31,0_24,48,-68.382,144,-68.382,88.174,16.57,0.91,27.89,11.72,7.42,1
CELL_43_32,0_24,56,-69.714,144,-69.714,88.166,16.31,0.91,28.01,11.75,7.25,1
CELL_43_33,0_24,64,-70.887,144,-70.887,88.042,15.99,0.9,28.16,11.79,7.05,1
CELL_43_34,0_24,72,-71.892,144,-71.892,87.87,15.63,0.89,28.33,11.83,6.82,1
CELL_43_35,0_24,80,-72.741,144,-72.741,87.994,15.22,0.88,28.51,11.87,6.56,1
CELL_43_36,0_24,88,-73.454,144,-73.454,92.991,14.79,0.87,28.71,11.92,6.28,1
CELL_43_37,0_24,96,-74.275,144,-74.275,101.545,14.33,0.85,28.93,11.97,5.98,1
CELL_43_38,0_24,104,-78.24,144,-78.24,107.903,13.85,0.84,29.14,12.02,5.68,1
CELL_43_39,0_24,112,-83.052,144,-83.052,110.027,13.37,0.83,29.37,12.08,5.37,1
CELL_43_40,0_24,120,-85.535,144,-85.535,111.241,12.89,0.82,29.59,12.13,5.06,1
CELL_43_41,0_24,128,-85.699,144,-85.699,112.845,12.42,0.81,29.8,12.2,4.75,1
CELL_43_42,0_24,136,-85.863,144,-85.863,115.59,11.97,0.8,30,12.26,4.47,1
CELL_43_43,0_24,144,-86.201,144,-86.201,,,,,,,0
CELL_43_44,0_24,152,-87.122,144,-87.122,111.413,11.17,0.8,30.36,12.39,3.95,1
CELL_43_45,0_24,160,-89.381,144,-89.381,116.533,10.83,0.8,30.51,12.46,3.73,1
CELL_43_46,0_24,168,-93.379,144,-93.379,125.269,10.54,0.81,30.64,12.54,3.55,1
CELL_43_47,0_24,176,-95.534,144,-95.534,130.423,10.31,0.82,30.73,12.61,3.4,1
CELL_43_48,0_24,184,-90.199,144,-90.199,120.667,10.15,0.83,30.8,12.69,3.29,1
CELL_43_49,0_24,192,-86.113,144,-86.113,113.44,10.04,0.85,30.84,12.76,3.23,1
CELL_43_50,0_24,200,-84.998,144,-84.998,112.157,10,0.88,30.84,12.84,3.2,1
CELL_44_0,0_24,-200,-74.697,152,-74.697,137.358,10.56,0.91,30.58,12.83,3.56,1
CELL_44_1,0_24,-192,-78.631,152,-78.631,137.314,10.32,0.87,30.7,12.75,3.41,1
CELL_44_2,0_24,-184,-79.172,152,-79.172,135.036,10.15,0.83,30.8,12.68,3.3,1
CELL_44_3,0_24,-176,-79.245,152,-79.245,130.203,10.04,0.8,30.87,12.6,3.23,1
CELL_44_4,0_24,-168,-78.438,152,-78.438,125.12,10,0.77,30.9,12.53,3.2,1
CELL_44_5,0_24,-160,-77.029,152,-77.029,121.825,10.02,0.75,30.9,12.46,3.22,1
CELL_44_6,0_24,-152,-75.781,152,-75.781,120.933,10.12,0.73,30.87,12.39,3.27,1
CELL_44_7,0_24,-144,-75.328,152,-75.328,122.094,10.27,0.71,30.81,12.32,3.37,1
CELL_44_8,0_24,-136,-75.845,152,-75.845,124.407,10.49,0.71,30.72,12.25,3.51,1
CELL_44_9,0_24,-128,-77.032,152,-77.032,126.586,10.76,0.7,30.6,12.19,3.69,1
CELL_44_10,0_24,-120,-78.353,152,-78.353,127.552,11.09,0.7,30.45,12.13,3.9,1
CELL_44_11,0_24,-112,-79.302,152,-79.302,127.019,11.46,0.7,30.29,12.07,4.14,1
CELL_44_12,0_24,-104,-79.764,152,-79.764,123.138,11.87,0.71,30.1,12.01,4.4,1
CELL_44_13,0_24,-96,-79.743,152,-79.743,114.861,12.31,0.72,29.89,11.96,4.69,1
CELL_44_14,0_24,-88,-77.658,152,-77.658,108.694,12.78,0.74,29.68,11.91,4.99,1
CELL_44_15,0_24,-80,-73.782,152,-73.782,105.016,13.26,0.75,29.46,11.87,5.29,1
CELL_44_16,0_24,-72,-71.036,152,-71.036,103.456,13.74,0.77,29.23,11.82,5.61,1
CELL_44_17,0_24,-64,-70.269,152,-70.269,103.648,14.22,0.78,29.01,11.78,5.91,1
CELL_44_18,0_24,-56,-70.358,152,-70.358,104.922,14.69,0.8,28.79,11.75,6.21,1
CELL_44_19,0_24,-48,-70.709,152,-70.709,106.967,15.13,0.82,28.59,11.72,6.5,1
CELL_44_20,0_24,-40,-70.441,152,-70.441,107.39,15.54,0.84,28.4,11.69,6.76,1
CELL_44_21,0_24,-32,-69.951,152,-69.951,106.031,15.91,0.85,28.22,11.66,7,1
CELL_44_22,0_24,-24,-70.631,152,-70.631,102.722,16.24,0.87,28.07,11.64,7.21,1
CELL_44_23,0_24,-16,-70.989,152,-70.989,97.858,16.51,0.88,27.94,11.63,7.39,1
CELL_44_24,0_24,-8,-70.705,152,-70.705,92.839,16.73,0.89,27.84,11.61,7.53,1
CELL_44_25,0_24,0,-69.56,152,-69.56,89.121,16.88,0.89,27.76,11.61,7.63,1
CELL_44_26,0_24,8,-67.954,152,-67.954,87.156,16.98,0.9,27.72,11.6,7.68,1
CELL_44_27,0_24,16,-66.64,152,-66.64,86.475,17,0.9,27.71,11.6,7.7,1
CELL_44_28,0_24,24,-66.085,152,-66.085,86.495,16.96,0.9,27.73,11.6,7.67,1
CELL_44_29,0_24,32,-66.298,152,-66.298,86.775,16.85,0.89,27.78,11.61,7.6,1
CELL_44_30,0_24,40,-66.987,152,-66.987,87.228,16.68,0.89,27.86,11.62,7.49,1
CELL_44_31,0_24,48,-67.892,152,-67.892,87.613,16.44,0.88,27.97,11.64,7.34,1
CELL_44_32,0_24,56,-68.989,152,-68.989,87.793,16.15,0.87,28.1,11.66,7.16,1
CELL_44_33,0_24,64,-70.248,152,-70.248,87.792,15.81,0.85,28.26,11.68,6.94,1
CELL_44_34,0_24,72,-71.346,152,-71.346,87.671,15.43,0.84,28.44,11.71,6.69,1
CELL_44_35,0_24,80,-72.272,152,-72.272,87.52,15.01,0.82,28.64,11.74,6.42,1
CELL_44_36,0_24,88,-73.033,152,-73.033,88.145,14.56,0.8,28.85,11.77,6.13,1
CELL_44_37,0_24,96,-73.652,152,-73.652,95.099,14.09,0.79,29.07,11.81,5.83,1
CELL_44_38,0_24,104,-75.471,152,-75.471,103.709,13.61,0.77,29.29,11.85,5.52,1
CELL_44_39,0_24,112,-80.339,152,-80.339,107.939,13.13,0.75,29.52,11.9,5.21,1
CELL_44_40,0_24,120,-84.328,152,-84.328,108.039,12.65,0.74,29.74,11.95,4.9,1
CELL_44_41,0_24,128,-85.361,152,-85.361,108.408,12.19,0.73,29.95,12,4.61,1
CELL_44_42,0_24,136,-85.21,152,-85.21,109.399,11.76,0.72,30.15,12.05,4.33,1
CELL_44_43,0_24,144,-84.996,152,-84.996,111.83,11.35,0.71,30.33,12.11,4.07,1
CELL_44_44,0_24,152,-84.994,152,-84.994,,,,,,,0
CELL_44_45,0_24,160,-85.732,152,-85.732,110.227,10.68,0.71,30.63,12.24,3.64,1
CELL_44_46,0_24,168,-88.163,152,-88.163,115.967,10.42,0.72,30.74,12.3,3.47,1
CELL_44_47,0_24,176,-91.692,152,-91.692,124.019,10.22,0.73,30.82,12.37,3.34,1
CELL_44_48,0_24,184,-90.854,152,-90.854,123.41,10.08,0.74,30.88,12.44,3.25,1
CELL_44_49,0_24,192,-86.022,152,-86.022,114.851,10.01,0.76,30.9,12.51,3.21,1
CELL_44_50,0_24,200,-84.773,152,-84.773,113.452,10.01,0.79,30.89,12.58,3.2,1
CELL_45_0,0_24,-200,-68.297,160,-68.297,137.621,10.43,0.99,30.58,13.1,3.48,1
CELL_45_1,0_24,-192,-77.376,160,-77.376,137.9,10.23,0.95,30.7,13.02,3.35,1
CELL_45_2,0_24,-184,-79.031,160,-79.031,137.23,10.09,0.92,30.78,12.94,3.26,1
CELL_45_3,0_24,-176,-79.5,160,-79.5,134.851,10.01,0.88,30.83,12.86,3.21,1
CELL_45_4,0_24,-168,-79.56,160,-79.56,131.407,10,0.86,30.85,12.78,3.2,1
CELL_45_5,0_24,-160,-79.144,160,-79.144,128.44,10.06,0.83,30.84,12.71,3.24,1
CELL_45_6,0_24,-152,-78.546,160,-78.546,127.172,10.19,0.82,30.79,12.63,3.32,1
CELL_45_7,0_24,-144,-78.264,160,-78.264,127.904,10.37,0.8,30.72,12.56,3.44,1
CELL_45_8,0_24,-136,-78.624,160,-78.624,130.006,10.62,0.79,30.61,12.48,3.6,1
CELL_45_9,0_24,-128,-79.488,160,-79.488,132.388,10.92,0.79,30.48,12.41,3.79,1
CELL_45_10,0_24,-120,-80.255,160,-80.255,134.046,11.27,0.79,30.33,12.34,4.02,1
CELL_45_11,0_24,-112,-80.447,160,-80.447,134.737,11.66,0.79,30.15,12.28,4.27,1
CELL_45_12,0_24,-104,-80.487,160,-80.487,134.298,12.09,0.79,29.96,12.21,4.54,1
CELL_45_13,0_24,-96,-80.767,160,-80.767,129.712,12.54,0.8,29.75,12.15,4.84,1
CELL_45_14,0_24,-88,-81.085,160,-81.085,121.838,13.02,0.81,29.53,12.09,5.14,1
CELL_45_15,0_24,-80,-79.805,160,-79.805,116.207,13.5,0.82,29.31,12.03,5.45,1
CELL_45_16,0_24,-72,-77.084,160,-77.084,114.305,13.98,0.84,29.09,11.98,5.76,1
CELL_45_17,0_24,-64,-75.236,160,-75.236,113.954,14.46,0.85,28.87,11.93,6.06,1
CELL_45_18,0_24,-56,-75.521,160,-75.521,113.943,14.91,0.86,28.66,11.88,6.36,1
CELL_45_19,0_24,-48,-76.846,160,-76.846,112.609,15.34,0.88,28.46,11.84,6.63,1
CELL_45_20,0_24,-40,-77.928,160,-77.928,110.695,15.73,0.89,28.28,11.8,6.88,1
CELL_45_21,0_24,-32,-77.103,160,-77.103,110.715,16.08,0.9,28.12,11.76,7.11,1
CELL_45_22,0_24,-24,-74.042,160,-74.042,109.837,16.38,0.9,27.98,11.73,7.3,1
CELL_45_23,0_24,-16,-71.954,160,-71.954,107.462,16.63,0.91,27.87,11.7,7.46,1
CELL_45_24,0_24,-8,-72.564,160,-72.564,103.257,16.81,0.91,27.78,11.67,7.58,1
CELL_45_25,0_24,0,-73.312,160,-73.312,98.08,16.94,0.91,27.73,11.65,7.66,1
CELL_45_26,0_24,8,-73.739,160,-73.739,93.417,17,0.91,27.71,11.63,7.7,1
CELL_45_27,0_24,16,-73.296,160,-73.296,90.164,16.99,0.91,27.71,11.62,7.69,1
CELL_45_28,0_24,24,-72.364,160,-72.364,88.338,16.91,0.9,27.75,11.61,7.64,1
CELL_45_29,0_24,32,-71.538,160,-71.538,87.4,16.77,0.89,27.82,11.6,7.55,1
CELL_45_30,0_24,40,-71.05,160,-71.05,86.903,16.57,0.87,27.92,11.6,7.42,1
CELL_45_31,0_24,48,-70.774,160,-70.774,86.836,16.31,0.86,28.04,11.6,7.25,1
CELL_45_32,0_24,56,-70.515,160,-70.515,87.162,15.99,0.84,28.19,11.61,7.05,1
CELL_45_33,0_24,64,-70.312,160,-70.312,87.318,15.63,0.82,28.37,11.62,6.82,1
CELL_45_34,0_24,72,-70.576,160,-70.576,87.32,15.22,0.8,28.56,11.63,6.56,1
CELL_45_35,0_24,80,-71.5,160,-71.5,87.225,14.79,0.78,28.76,11.65,6.28,1
CELL_45_36,0_24,88,-72.308,160,-72.308,87.196,14.33,0.75,28.98,11.67,5.98,1
CELL_45_37,0_24,96,-72.955,160,-72.955,90.065,13.85,0.73,29.21,11.7,5.68,1
CELL_45_38,0_24,104,-73.66,160,-73.66,98.948,13.37,0.71,29.43,11.73,5.37,1
CELL_45_39,0_24,112,-77.637,160,-77.637,106.152,12.89,0.69,29.66,11.76,5.06,1
CELL_45_40,0_24,120,-82.327,160,-82.327,107.878,12.42,0.67,29.88,11.8,4.75,1
CELL_45_41,0_24,128,-84.654,160,-84.654,107.646,11.97,0.66,30.08,11.84,4.47,1
CELL_45_42,0_24,136,-84.74,160,-84.74,107.572,11.55,0.65,30.28,11.88,4.2,1
CELL_45_43,0_24,144,-84.443,160,-84.443,108.202,11.17,0.64,30.45,11.93,3.95,1
CELL_45_44,0_24,152,-84.067,160,-84.067,110.596,10.83,0.63,30.6,11.98,3.73,1
CELL_45_45,0_24,160,-84.005,160,-84.005,,,,,,,0
CELL_45_46,0_24,168,-85.019,160,-85.019,110.941,10.31,0.64,30.83,12.09,3.4,1
CELL_45_47,0_24,176,-87.316,160,-87.316,116.598,10.15,0.65,30.9,12.15,3.29,1
CELL_45_48,0_24,184,-88.624,160,-88.624,120.36,10.04,0.66,30.94,12.21,3.23,1
CELL_45_49,0_24,192,-86.22,160,-86.22,116.741,10,0.68,30.95,12.28,3.2,1
CELL_45_50,0_24,200,-83.967,160,-83.967,113.421,10.03,0.71,30.92,12.34,3.22,1
CELL_46_0,0_24,-200,-62.582,168,-62.582,135.486,10.32,1.08,30.59,13.37,3.41,1
CELL_46_1,0_24,-192,-71.917,168,-71.917,137.769,10.15,1.04,30.68,13.29,3.3,1
CELL_46_2,0_24,-184,-77.206,168,-77.206,137.844,10.04,1.01,30.75,13.21,3.23,1
CELL_46_3,0_24,-176,-78.974,168,-78.974,137.152,10,0.98,30.79,13.13,3.2,1
CELL_46_4,0_24,-168,-79.687,168,-79.687,135.61,10.02,0.95,30.79,13.05,3.22,1
CELL_46_5,0_24,-160,-79.904,168,-79.904,133.85,10.12,0.93,30.76,12.97,3.27,1
CELL_46_6,0_24,-152,-79.944,168,-79.944,132.859,10.27,0.91,30.7,12.89,3.37,1
CELL_46_7,0_24,-144,-80.01,168,-80.01,133.253,10.49,0.9,30.61,12.81,3.51,1
CELL_46_8,0_24,-136,-80.301,168,-80.301,134.703,10.76,0.89,30.5,12.73,3.69,1
CELL_46_9,0_24,-128,-80.663,168,-80.663,136.009,11.09,0.88,30.35,12.66,3.9,1
CELL_46_10,0_24,-120,-80.706,168,-80.706,136.244,11.46,0.88,30.19,12.58,4.14,1
CELL_46_11,0_24,-112,-80.68,168,-80.68,136.204,11.87,0.88,30,12.51,4.4,1
CELL_46_12,0_24,-104,-80.654,168,-80.654,136.588,12.31,0.89,29.8,12.44,4.69,1
CELL_46_13,0_24,-96,-80.743,168,-80.743,136.799,12.78,0.89,29.59,12.37,4.99,1
CELL_46_14,0_24,-88,-81.104,168,-81.104,133.769,13.26,0.9,29.38,12.3,5.29,1
CELL_46_15,0_24,-80,-81.645,168,-81.645,128.072,13.74,0.91,29.16,12.24,5.61,1
CELL_46_16,0_24,-72,-81.376,168,-81.376,124.157,14.22,0.92,28.94,12.17,5.91,1
CELL_46_17,0_24,-64,-79.659,168,-79.659,124.241,14.69,0.93,28.73,12.11,6.21,1
CELL_46_18,0_24,-56,-78.372,168,-78.372,126.128,15.13,0.94,28.52,12.05,6.5,1
CELL_46_19,0_24,-48,-79.04,168,-79.04,127.241,15.54,0.94,28.34,12,6.76,1
CELL_46_20,0_24,-40,-80.7,168,-80.7,124.447,15.91,0.95,28.17,11.95,7,1
CELL_46_21,0_24,-32,-81.915,168,-81.915,117.384,16.24,0.95,28.02,11.9,7.21,1
CELL_46_22,0_24,-24,-81.837,168,-81.837,112.1,16.51,0.96,27.9,11.85,7.39,1
CELL_46_23,0_24,-16,-79.081,168,-79.081,111.668,16.73,0.96,27.8,11.81,7.53,1
CELL_46_24,0_24,-8,-74.901,168,-74.901,111.248,16.88,0.95,27.73,11.77,7.63,1
CELL_46_25,0_24,0,-73.577,168,-73.577,109.987,16.98,0.95,27.69,11.74,7.68,1
CELL_46_26,0_24,8,-74.331,168,-74.331,106.946,17,0.94,27.69,11.71,7.7,1
CELL_46_27,0_24,16,-75.11,168,-75.11,102.93,16.96,0.93,27.71,11.68,7.67,1
CELL_46_28,0_24,24,-75.943,168,-75.943,99.111,16.85,0.91,27.77,11.66,7.6,1
CELL_46_29,0_24,32,-76.901,168,-76.901,95.935,16.68,0.89,27.86,11.64,7.49,1
CELL_46_30,0_24,40,-77.591,168,-77.591,93.183,16.44,0.87,27.97,11.62,7.34,1
CELL_46_31,0_24,48,-77.658,168,-77.658,90.532,16.15,0.85,28.11,11.61,7.16,1
CELL_46_32,0_24,56,-77.131,168,-77.131,88.121,15.81,0.83,28.28,11.6,6.94,1
CELL_46_33,0_24,64,-75.881,168,-75.881,86.757,15.43,0.8,28.46,11.6,6.69,1
CELL_46_34,0_24,72,-73.993,168,-73.993,86.798,15.01,0.77,28.67,11.6,6.42,1
CELL_46_35,0_24,80,-72.132,168,-72.132,86.817,14.56,0.75,28.88,11.61,6.13,1
CELL_46_36,0_24,88,-71.391,168,-71.391,86.777,14.09,0.72,29.11,11.61,5.83,1
CELL_46_37,0_24,96,-71.965,168,-71.965,87.383,13.61,0.69,29.33,11.63,5.52,1
CELL_46_38,0_24,104,-72.485,168,-72.485,94.644,13.13,0.67,29.56,11.64,5.21,1
CELL_46_39,0_24,112,-75.284,168,-75.284,103.338,12.65,0.64,29.79,11.66,4.9,1
CELL_46_40,0_24,120,-80.183,168,-80.183,107.572,12.19,0.62,30.01,11.69,4.61,1
CELL_46_41,0_24,128,-83.247,168,-83.247,107.779,11.76,0.6,30.21,11.72,4.33,1
CELL_46_42,0_24,136,-83.934,168,-83.934,107.518,11.35,0.59,30.4,11.75,4.07,1
CELL_46_43,0_24,144,-83.808,168,-83.808,107.375,10.99,0.58,30.56,11.78,3.84,1
CELL_46_44,0_24,152,-83.407,168,-83.407,108.137,10.68,0.57,30.71,11.82,3.64,1
CELL_46_45,0_24,160,-83.013,168,-83.013,111.268,10.42,0.57,30.82,11.87,3.47,1
CELL_46_46,0_24,168,-83.236,168,-83.236,,,,,,,0
CELL_46_47,0_24,176,-84.006,168,-84.006,111.377,10.08,0.58,30.97,11.96,3.25,1
CELL_46_48,0_24,184,-85.256,168,-85.256,115.02,10.01,0.59,30.99,12.01,3.21,1
CELL_46_49,0_24,192,-85.646,168,-85.646,116.992,10.01,0.61,30.99,12.07,3.2,1
CELL_46_50,0_24,200,-83.167,168,-83.167,113.235,10.07,0.64,30.95,12.13,3.24,1
CELL_47_0,0_24,-200,-59.894,176,-59.894,125.492,10.23,1.16,30.58,13.64,3.35,1
CELL_47_1,0_24,-192,-66.735,176,-66.735,134.666,10.09,1.13,30.66,13.56,3.26,1
CELL_47_2,0_24,-184,-73.629,176,-73.629,137.174,10.01,1.1,30.71,13.48,3.21,1
CELL_47_3,0_24,-176,-75.825,176,-75.825,137.741,10,1.07,30.73,13.4,3.2,1
CELL_47_4,0_24,-168,-77.956,176,-77.956,137.436,10.06,1.05,30.72,13.32,3.24,1
CELL_47_5,0_24,-160,-79.394,176,-79.394,136.889,10.19,1.03,30.68,13.24,3.32,1
CELL_47_6,0_24,-152,-80.022,176,-80.022,136.515,10.37,1.01,30.6,13.16,3.44,1
CELL_47_7,0_24,-144,-80.304,176,-80.304,136.693,10.62,1,30.5,13.08,3.6,1
CELL_47_8,0_24,-136,-80.545,176,-80.545,137.088,10.92,0.99,30.37,13,3.79,1
CELL_47_9,0_24,-128,-80.756,176,-80.756,136.932,11.27,0.99,30.22,12.92,4.02,1
CELL_47_10,0_24,-120,-80.913,176,-80.913,136.649,11.66,0.98,30.04,12.84,4.27,1
CELL_47_11,0_24,-112,-80.977,176,-80.977,136.386,12.09,0.98,29.85,12.76,4.54,1
CELL_47_12,0_24,-104,-80.995,176,-80.995,136.367,12.54,0.99,29.65,12.69,4.84,1
CELL_47_13,0_24,-96,-81.036,176,-81.036,136.845,13.02,0.99,29.43,12.61,5.14,1
CELL_47_14,0_24,-88,-81.242,176,-81.242,137.469,13.5,1,29.22,12.54,5.45,1
CELL_47_15,0_24,-80,-81.726,176,-81.726,136.331,13.98,1,29,12.46,5.76,1
CELL_47_16,0_24,-72,-82.366,176,-82.366,132.459,14.46,1.01,28.78,12.39,6.06,1
CELL_47_17,0_24,-64,-82.408,176,-82.408,129.526,14.91,1.02,28.58,12.33,6.36,1
CELL_47_18,0_24,-56,-81.792,176,-81.792,130.257,15.34,1.02,28.38,12.26,6.63,1
CELL_47_19,0_24,-48,-81.213,176,-81.213,132.664,15.73,1.02,28.21,12.2,6.88,1
CELL_47_20,0_24,-40,-81.804,176,-81.804,133.883,16.08,1.02,28.05,12.13,7.11,1
CELL_47_21,0_24,-32,-82.391,176,-82.391,132.222,16.38,1.02,27.92,12.08,7.3,1
CELL_47_22,0_24,-24,-82.884,176,-82.884,125.336,16.63,1.02,27.81,12.02,7.46,1
CELL_47_23,0_24,-16,-83.389,176,-83.389,115.939,16.81,1.01,27.73,11.97,7.58,1
CELL_47_24,0_24,-8,-83.111,176,-83.111,111.887,16.94,1.01,27.68,11.92,7.66,1
CELL_47_25,0_24,0,-79.067,176,-79.067,111.583,17,0.99,27.66,11.87,7.7,1
CELL_47_26,0_24,8,-75.191,176,-75.191,111.158,16.99,0.98,27.67,11.83,7.69,1
CELL_47_27,0_24,16,-75.309,176,-75.309,110.716,16.91,0.96,27.72,11.79,7.64,1
CELL_47_28,0_24,24,-75.975,176,-75.975,110.435,16.77,0.94,27.79,11.75,7.55,1
CELL_47_29,0_24,32,-76.696,176,-76.696,109.601,16.57,0.91,27.89,11.72,7.42,1
CELL_47_30,0_24,40,-77.529,176,-77.529,107.577,16.31,0.89,28.03,11.69,7.25,1
CELL_47_31,0_24,48,-78.475,176,-78.475,104.437,15.99,0.86,28.18,11.67,7.05,1
CELL_47_32,0_24,56,-79.502,176,-79.502,99.986,15.63,0.83,28.36,11.65,6.82,1
CELL_47_33,0_24,64,-80.556,176,-80.556,94.486,15.22,0.8,28.56,11.63,6.56,1
CELL_47_34,0_24,72,-80.838,176,-80.838,89.3,14.79,0.76,28.77,11.62,6.28,1
CELL_47_35,0_24,80,-78.836,176,-78.836,86.481,14.33,0.73,28.99,11.61,5.98,1
CELL_47_36,0_24,88,-75.283,176,-75.283,86.344,13.85,0.7,29.22,11.6,5.68,1
CELL_47_37,0_24,96,-72.137,176,-72.137,86.495,13.37,0.67,29.46,11.6,5.37,1
CELL_47_38,0_24,104,-71.247,176,-71.247,91.512,12.89,0.64,29.69,11.6,5.06,1
CELL_47_39,0_24,112,-73.122,176,-73.122,100.681,12.42,0.61,29.91,11.61,4.75,1
CELL_47_40,0_24,120,-78.115,176,-78.115,106.394,11.97,0.58,30.12,11.62,4.47,1
CELL_47_41,0_24,128,-81.665,176,-81.665,107.726,11.55,0.56,30.32,11.64,4.2,1
CELL_47_42,0_24,136,-82.706,176,-82.706,107.746,11.17,0.54,30.5,11.66,3.95,1
CELL_47_43,0_24,144,-82.767,176,-82.767,107.48,10.83,0.53,30.66,11.68,3.73,1
CELL_47_44,0_24,152,-82.629,176,-82.629,107.493,10.54,0.52,30.79,11.71,3.55,1
CELL_47_45,0_24,160,-82.016,176,-82.016,108.937,10.31,0.52,30.9,11.74,3.4,1
CELL_47_46,0_24,168,-81.198,176,-81.198,111.646,10.15,0.52,30.97,11.77,3.29,1
CELL_47_47,0_24,176,-81.027,176,-81.027,,,,,,,0
CELL_47_48,0_24,184,-82.02,176,-82.02,109.949,10,0.54,31.03,11.85,3.2,1
CELL_47_49,0_24,192,-83.578,176,-83.578,114.18,10.03,0.55,31.01,11.89,3.22,1
CELL_47_50,0_24,200,-82.819,176,-82.819,113.798,10.12,0.58,30.95,11.94,3.28,1
CELL_48_0,0_24,-200,-58.241,184,-58.241,115.928,10.15,1.25,30.57,13.89,3.3,1
CELL_48_1,0_24,-192,-63.471,184,-63.471,128.314,10.04,1.21,30.64,13.82,3.23,1
CELL_48_2,0_24,-184,-70.731,184,-70.731,131.746,10,1.19,30.67,13.74,3.2,1
CELL_48_3,0_24,-176,-73.312,184,-73.312,135.045,10.02,1.16,30.67,13.67,3.22,1
CELL_48_4,0_24,-168,-74.218,184,-74.218,137.062,10.12,1.14,30.65,13.59,3.27,1
CELL_48_5,0_24,-160,-75.94,184,-75.94,137.613,10.27,1.12,30.59,13.51,3.37,1
CELL_48_6,0_24,-152,-77.808,184,-77.808,137.596,10.49,1.11,30.5,13.43,3.51,1
CELL_48_7,0_24,-144,-79.208,184,-79.208,137.583,10.76,1.1,30.38,13.35,3.69,1
CELL_48_8,0_24,-136,-80.077,184,-80.077,137.575,11.09,1.09,30.24,13.27,3.9,1
CELL_48_9,0_24,-128,-80.621,184,-80.621,137.482,11.46,1.09,30.07,13.19,4.14,1
CELL_48_10,0_24,-120,-80.985,184,-80.985,137.234,11.87,1.09,29.89,13.11,4.4,1
CELL_48_11,0_24,-112,-81.227,184,-81.227,136.91,12.31,1.09,29.69,13.03,4.69,1
CELL_48_12,0_24,-104,-81.389,184,-81.389,136.639,12.78,1.09,29.48,12.95,4.99,1
CELL_48_13,0_24,-96,-81.515,184,-81.515,136.685,13.26,1.1,29.27,12.87,5.29,1
CELL_48_14,0_24,-88,-81.695,184,-81.695,137.227,13.74,1.1,29.05,12.79,5.61,1
CELL_48_15,0_24,-80,-82.061,184,-82.061,137.918,14.22,1.1,28.84,12.72,5.91,1
CELL_48_16,0_24,-72,-82.69,184,-82.69,137.284,14.69,1.11,28.63,12.64,6.21,1
CELL_48_17,0_24,-64,-83.33,184,-83.33,135.355,15.13,1.11,28.43,12.56,6.5,1
CELL_48_18,0_24,-56,-83.158,184,-83.158,133.581,15.54,1.11,28.24,12.49,6.76,1
CELL_48_19,0_24,-48,-82.381,184,-82.381,133.952,15.91,1.11,28.08,12.42,7,1
CELL_48_20,0_24,-40,-82.131,184,-82.131,134.162,16.24,1.11,27.93,12.35,7.21,1
CELL_48_21,0_24,-32,-82.849,184,-82.849,133.992,16.51,1.1,27.81,12.28,7.39,1
CELL_48_22,0_24,-24,-83.443,184,-83.443,133.512,16.73,1.1,27.72,12.22,7.53,1
CELL_48_23,0_24,-16,-83.952,184,-83.952,131.136,16.88,1.08,27.66,12.16,7.63,1
CELL_48_24,0_24,-8,-84.45,184,-84.45,121.746,16.98,1.07,27.63,12.1,7.68,1
CELL_48_25,0_24,0,-84.974,184,-84.974,112.921,17,1.05,27.63,12.04,7.7,1
CELL_48_26,0_24,8,-82.467,184,-82.467,111.548,16.96,1.03,27.66,11.99,7.67,1
CELL_48_27,0_24,16,-77.52,184,-77.52,111.134,16.85,1.01,27.72,11.94,7.6,1
CELL_48_28,0_24,24,-76.118,184,-76.118,110.784,16.68,0.98,27.81,11.89,7.49,1
CELL_48_29,0_24,32,-76.638,184,-76.638,110.605,16.44,0.95,27.93,11.84,7.34,1
CELL_48_30,0_24,40,-77.218,184,-77.218,110.606,16.15,0.92,28.08,11.8,7.16,1
CELL_48_31,0_24,48,-77.894,184,-77.894,110.752,15.81,0.88,28.25,11.77,6.94,1
CELL_48_32,0_24,56,-78.665,184,-78.665,110.921,15.43,0.84,28.44,11.73,6.69,1
CELL_48_33,0_24,64,-79.502,184,-79.502,109.56,15.01,0.81,28.65,11.7,6.42,1
CELL_48_34,0_24,72,-80.358,184,-80.358,103.944,14.56,0.77,28.87,11.68,6.13,1
CELL_48_35,0_24,80,-81.181,184,-81.181,95.66,14.09,0.73,29.1,11.65,5.83,1
CELL_48_36,0_24,88,-81.601,184,-81.601,88.536,13.61,0.69,29.33,11.63,5.52,1
CELL_48_37,0_24,96,-78.358,184,-78.358,86.026,13.13,0.66,29.57,11.62,5.21,1
CELL_48_38,0_24,104,-73.37,184,-73.37,89.263,12.65,0.62,29.8,11.61,4.9,1
CELL_48_39,0_24,112,-71.238,184,-71.238,98.64,12.19,0.59,30.02,11.6,4.61,1
CELL_48_40,0_24,120,-75.936,184,-75.936,105.29,11.76,0.56,30.23,11.6,4.33,1
CELL_48_41,0_24,128,-80.033,184,-80.033,107.269,11.35,0.54,30.42,11.6,4.07,1
CELL_48_42,0_24,136,-81.268,184,-81.268,107.584,10.99,0.52,30.6,11.61,3.84,1
CELL_48_43,0_24,144,-81.363,184,-81.363,107.702,10.68,0.5,30.75,11.62,3.64,1
CELL_48_44,0_24,152,-81.375,184,-81.375,107.121,10.42,0.49,30.87,11.63,3.47,1
CELL_48_45,0_24,160,-80.659,184,-80.659,106.402,10.22,0.48,30.96,11.65,3.34,1
CELL_48_46,0_24,168,-78.714,184,-78.714,107.141,10.08,0.48,31.02,11.67,3.25,1
CELL_48_47,0_24,176,-77.732,184,-77.732,110.23,10.01,0.48,31.05,11.69,3.21,1
CELL_48_48,0_24,184,-78.771,184,-78.771,,,,,,,0
CELL_48_49,0_24,192,-81.144,184,-81.144,110.588,10.07,0.51,31.02,11.76,3.24,1
CELL_48_50,0_24,200,-82.1,184,-82.1,113.498,10.19,0.53,30.95,11.79,3.32,1
CELL_49_0,0_24,-200,-56.858,192,-56.858,110.299,10.09,1.32,30.56,14.12,3.26,1
CELL_49_1,0_24,-192,-60.759,192,-60.759,123.478,10.01,1.3,30.61,14.06,3.21,1
CELL_49_2,0_24,-184,-67.41,192,-67.41,127.566,10,1.27,30.62,13.99,3.2,1
CELL_49_3,0_24,-176,-71.979,192,-71.979,128.631,10.06,1.25,30.61,13.92,3.24,1
CELL_49_4,0_24,-168,-72.899,192,-72.899,131.275,10.19,1.23,30.56,13.84,3.32,1
CELL_49_5,0_24,-160,-73.709,192,-73.709,134.187,10.37,1.22,30.49,13.77,3.44,1
CELL_49_6,0_24,-152,-74.382,192,-74.382,136.227,10.62,1.21,30.38,13.69,3.6,1
CELL_49_7,0_24,-144,-75.709,192,-75.709,137.297,10.92,1.2,30.25,13.62,3.79,1
CELL_49_8,0_24,-136,-77.401,192,-77.401,137.774,11.27,1.2,30.1,13.54,4.02,1
CELL_49_9,0_24,-128,-78.92,192,-78.92,137.926,11.66,1.2,29.93,13.46,4.27,1
CELL_49_10,0_24,-120,-80.153,192,-80.153,137.843,12.09,1.2,29.73,13.38,4.54,1
CELL_49_11,0_24,-112,-81.091,192,-81.091,137.601,12.54,1.2,29.53,13.3,4.84,1
CELL_49_12,0_24,-104,-81.7,192,-81.7,137.277,13.02,1.2,29.32,13.22,5.14,1
CELL_49_13,0_24,-96,-82.025,192,-82.025,137.049,13.5,1.2,29.1,13.14,5.45,1
CELL_49_14,0_24,-88,-82.306,192,-82.306,137.165,13.98,1.21,28.88,13.06,5.76,1
CELL_49_15,0_24,-80,-82.664,192,-82.664,137.736,14.46,1.21,28.67,12.98,6.06,1
CELL_49_16,0_24,-72,-83.207,192,-83.207,138.191,14.91,1.21,28.47,12.9,6.36,1
CELL_49_17,0_24,-64,-83.979,192,-83.979,136.985,15.34,1.21,28.28,12.82,6.63,1
CELL_49_18,0_24,-56,-84.447,192,-84.447,134.613,15.73,1.21,28.1,12.74,6.88,1
CELL_49_19,0_24,-48,-83.858,192,-83.858,133.29,16.08,1.21,27.95,12.67,7.11,1
CELL_49_20,0_24,-40,-82.971,192,-82.971,133.708,16.38,1.2,27.82,12.59,7.3,1
CELL_49_21,0_24,-32,-83.346,192,-83.346,133.812,16.63,1.19,27.71,12.52,7.46,1
CELL_49_22,0_24,-24,-84.001,192,-84.001,133.681,16.81,1.18,27.64,12.45,7.58,1
CELL_49_23,0_24,-16,-84.531,192,-84.531,133.409,16.94,1.16,27.59,12.38,7.66,1
CELL_49_24,0_24,-8,-84.992,192,-84.992,132.714,17,1.14,27.58,12.31,7.7,1
CELL_49_25,0_24,0,-85.435,192,-85.435,126.133,16.99,1.12,27.59,12.24,7.69,1
CELL_49_26,0_24,8,-85.892,192,-85.892,115.351,16.91,1.09,27.64,12.18,7.64,1
CELL_49_27,0_24,16,-84.472,192,-84.472,111.336,16.77,1.06,27.72,12.12,7.55,1
CELL_49_28,0_24,24,-79.2,192,-79.2,110.905,16.57,1.03,27.83,12.06,7.42,1
CELL_49_29,0_24,32,-76.659,192,-76.659,110.58,16.31,1,27.97,12.01,7.25,1
CELL_49_30,0_24,40,-77.019,192,-77.019,110.445,15.99,0.96,28.13,11.95,7.05,1
CELL_49_31,0_24,48,-77.436,192,-77.436,110.515,15.63,0.92,28.31,11.91,6.82,1
CELL_49_32,0_24,56,-77.938,192,-77.938,110.75,15.22,0.88,28.51,11.86,6.56,1
CELL_49_33,0_24,64,-78.524,192,-78.524,111.031,14.79,0.83,28.73,11.82,6.28,1
CELL_49_34,0_24,72,-79.167,192,-79.167,111.179,14.33,0.79,28.96,11.78,5.98,1
CELL_49_35,0_24,80,-79.826,192,-79.826,110.374,13.85,0.75,29.2,11.74,5.68,1
CELL_49_36,0_24,88,-80.457,192,-80.457,102.743,13.37,0.71,29.43,11.71,5.37,1
CELL_49_37,0_24,96,-81.025,192,-81.025,92.296,12.89,0.66,29.67,11.68,5.06,1
CELL_49_38,0_24,104,-79.921,192,-79.921,87.969,12.42,0.63,29.9,11.66,4.75,1
CELL_49_39,0_24,112,-74.385,192,-74.385,96.824,11.97,0.59,30.12,11.64,4.47,1
CELL_49_40,0_24,120,-74.101,192,-74.101,104.492,11.55,0.56,30.33,11.62,4.2,1
CELL_49_41,0_24,128,-78.179,192,-78.179,106.771,11.17,0.53,30.51,11.61,3.95,1
CELL_49_42,0_24,136,-79.725,192,-79.725,107.048,10.83,0.51,30.68,11.6,3.73,1
CELL_49_43,0_24,144,-79.788,192,-79.788,107.315,10.54,0.49,30.81,11.6,3.55,1
CELL_49_44,0_24,152,-79.851,192,-79.851,106.295,10.31,0.47,30.93,11.6,3.4,1
CELL_49_45,0_24,160,-79.173,192,-79.173,103.175,10.15,0.46,31.01,11.6,3.29,1
CELL_49_46,0_24,168,-76.739,192,-76.739,102.164,10.04,0.46,31.06,11.61,3.23,1
CELL_49_47,0_24,176,-74.424,192,-74.424,105.21,10,0.46,31.07,11.62,3.2,1
CELL_49_48,0_24,184,-75.453,192,-75.453,110.783,10.03,0.47,31.06,11.64,3.22,1
CELL_49_49,0_24,192,-78.728,192,-78.728,,,,,,,0
CELL_49_50,0_24,200,-80.943,192,-80.943,112.244,10.28,0.5,30.93,11.68,3.38,1
CELL_50_0,0_24,-200,-55.543,200,-55.543,106.059,10.04,1.39,30.54,14.33,3.23,1
CELL_50_1,0_24,-192,-58.124,200,-58.124,118.242,10,1.37,30.57,14.27,3.2,1
CELL_50_2,0_24,-184,-63.756,200,-63.756,126.081,10.02,1.35,30.57,14.21,3.22,1
CELL_50_3,0_24,-176,-69.758,200,-69.758,127.014,10.12,1.33,30.54,14.15,3.27,1
CELL_50_4,0_24,-168,-71.518,200,-71.518,127.834,10.27,1.32,30.48,14.08,3.37,1
CELL_50_5,0_24,-160,-72.435,200,-72.435,128.484,10.49,1.31,30.39,14.01,3.51,1
CELL_50_6,0_24,-152,-73.299,200,-73.299,130.383,10.76,1.3,30.27,13.94,3.69,1
CELL_50_7,0_24,-144,-74.069,200,-74.069,132.944,11.09,1.3,30.12,13.87,3.9,1
CELL_50_8,0_24,-136,-74.762,200,-74.762,135.149,11.46,1.3,29.96,13.8,4.14,1
CELL_50_9,0_24,-128,-75.911,200,-75.911,136.78,11.87,1.3,29.77,13.72,4.4,1
CELL_50_10,0_24,-120,-77.632,200,-77.632,137.816,12.31,1.3,29.58,13.65,4.69,1
CELL_50_11,0_24,-112,-79.433,200,-79.433,138.189,12.78,1.31,29.37,13.57,4.99,1
CELL_50_12,0_24,-104,-81.054,200,-81.054,137.997,13.26,1.31,29.15,13.49,5.29,1
CELL_50_13,0_24,-96,-82.264,200,-82.264,137.699,13.74,1.31,28.93,13.41,5.61,1
CELL_50_14,0_24,-88,-82.911,200,-82.911,137.536,14.22,1.32,28.72,13.33,5.91,1
CELL_50_15,0_24,-80,-83.364,200,-83.364,137.721,14.69,1.32,28.51,13.25,6.21,1
CELL_50_16,0_24,-72,-83.904,200,-83.904,138.29,15.13,1.32,28.31,13.17,6.5,1
CELL_50_17,0_24,-64,-84.614,200,-84.614,138.152,15.54,1.32,28.13,13.09,6.76,1
CELL_50_18,0_24,-56,-85.474,200,-85.474,135.952,15.91,1.31,27.97,13.01,7,1
CELL_50_19,0_24,-48,-85.508,200,-85.508,133.279,16.24,1.31,27.82,12.93,7.21,1
CELL_50_20,0_24,-40,-84.406,200,-84.406,133.039,16.51,1.3,27.71,12.85,7.39,1
CELL_50_21,0_24,-32,-83.947,200,-83.947,133.297,16.73,1.29,27.62,12.77,7.53,1
CELL_50_22,0_24,-24,-84.624,200,-84.624,133.299,16.88,1.27,27.56,12.7,7.63,1
CELL_50_23,0_24,-16,-85.135,200,-85.135,133.16,16.98,1.25,27.53,12.62,7.68,1
CELL_50_24,0_24,-8,-85.536,200,-85.536,132.969,17,1.23,27.53,12.55,7.7,1
CELL_50_25,0_24,0,-85.886,200,-85.886,132.502,16.96,1.2,27.56,12.47,7.67,1
CELL_50_26,0_24,8,-86.226,200,-86.226,128.128,16.85,1.17,27.63,12.4,7.6,1
CELL_50_27,0_24,16,-86.58,200,-86.58,116.876,16.68,1.13,27.73,12.33,7.49,1
CELL_50_28,0_24,24,-85.187,200,-85.187,111.034,16.44,1.09,27.85,12.27,7.34,1
CELL_50_29,0_24,32,-79.669,200,-79.669,110.648,16.15,1.05,28,12.2,7.16,1
CELL_50_30,0_24,40,-76.884,200,-76.884,110.379,15.81,1.01,28.18,12.14,6.94,1
CELL_50_31,0_24,48,-77.071,200,-77.071,110.29,15.43,0.97,28.37,12.08,6.69,1
CELL_50_32,0_24,56,-77.316,200,-77.316,110.385,15.01,0.92,28.59,12.03,6.42,1
CELL_50_33,0_24,64,-77.643,200,-77.643,110.623,14.56,0.87,28.81,11.97,6.13,1
CELL_50_34,0_24,72,-78.051,200,-78.051,110.933,14.09,0.82,29.05,11.92,5.83,1
CELL_50_35,0_24,80,-78.513,200,-78.513,111.222,13.61,0.78,29.29,11.88,5.52,1
CELL_50_36,0_24,88,-78.993,200,-78.993,111.155,13.13,0.73,29.53,11.83,5.21,1
CELL_50_37,0_24,96,-79.454,200,-79.454,107.688,12.65,0.69,29.76,11.79,4.9,1
CELL_50_38,0_24,104,-79.867,200,-79.867,96.496,12.19,0.64,29.99,11.76,4.61,1
CELL_50_39,0_24,112,-79.81,200,-79.81,95.974,11.76,0.61,30.21,11.72,4.33,1
CELL_50_40,0_24,120,-77.379,200,-77.379,103.609,11.35,0.57,30.41,11.69,4.07,1
CELL_50_41,0_24,128,-76.735,200,-76.735,106.385,10.99,0.54,30.59,11.67,3.84,1
CELL_50_42,0_24,136,-78.082,200,-78.082,106.466,10.68,0.51,30.74,11.65,3.64,1
CELL_50_43,0_24,144,-78.176,200,-78.176,106.66,10.42,0.49,30.87,11.63,3.47,1
CELL_50_44,0_24,152,-78.215,200,-78.215,105.471,10.22,0.47,30.97,11.62,3.34,1
CELL_50_45,0_24,160,-77.874,200,-77.874,101.06,10.08,0.46,31.03,11.61,3.25,1
CELL_50_46,0_24,168,-75.42,200,-75.42,97.262,10.01,0.45,31.07,11.6,3.21,1
CELL_50_47,0_24,176,-71.891,200,-71.891,100.115,10.01,0.45,31.07,11.6,3.2,1
CELL_50_48,0_24,184,-72.246,200,-72.246,107.289,10.07,0.46,31.04,11.6,3.24,1
CELL_50_49,0_24,192,-76.493,200,-76.493,,,,,,,0
CELL_50_50,0_24,200,-80.039,200,-80.039,,,,,,,0