# MineVis GeoVolume surface geometry
o Sandstone_2
v 664.33655 188.71703 338.06845
v 672.79553 76.80671 343.26663
v 623.67053 187.55112 326.33411
v 673.21008 299.73141 343.88748
v 664.33655 188.71703 338.06845
v 623.83936 250.0038 328.12881
v 147.48561 187.52789 425.6665
v 144.815 62.49615 424.98587
v 209.96346 187.53018 412.78088
v 162.42856 312.55414 428.60715
v 147.48561 187.52789 425.6665
v 224.90289 312.56409 415.93878
v 194.17961 435.95938 432.66968
v 162.42856 312.55414 428.60715
v 240.39972 393.21674 419.8757
v 386.56079 187.53867 376.06744
v 388.83041 62.46576 376.29422
v 449.01157 187.53154 363.12082
v 403.25824 312.6167 379.36887
v 386.56079 187.53867 376.06744
v 465.71851 312.63608 366.54736
v 441.4823 436.47321 385.73575
v 403.25824 312.6167 379.36887
v 486.02701 393.96976 372.01181
v 30.35981 562.5235 473.54022
v 9.47838 476.61234 470.34726
v 92.85787 562.51825 462.987
v 68.64969 686.40021 477.88815
v 30.35981 562.5235 473.54022
v 114.36944 644.00842 467.05914
v 165.13681 812.47943 474.28793
v 139.37827 727.34033 470.81052
v 227.63977 812.46295 466.24387
v 198.55476 930.69696 476.56946
v 165.13681 812.47943 474.28793
v 247.39603 884.48462 468.49246
v 307.93408 572.11877 427.47778
v 263.37149 476.56256 424.10739
v 346.6814 536.76672 416.4808
v 427.7319 697.84375 425.68527
v 379.58481 620.0592 422.55371
v 462.90417 662.97107 416.40948
v 791.76428 187.31004 394.84726
v 788.07739 61.63408 396.4552
v 765.30713 187.30704 367.20413
v 812.97986 187.16882 441.59711
v 809.15875 61.46851 443.30322
v 791.76428 187.31004 394.84726
v 848.85986 187.10979 472.77386
v 847.19061 61.56163 475.31314
v 812.97986 187.16882 441.59711
v 982.88367 186.63844 535.38434
v 977.97839 60.8882 537.15173
v 922.11945 187.05186 494.68658
v 789.39728 314.11124 395.28836
v 791.76428 187.31004 394.84726
v 764.13672 313.93607 367.9794
v 810.76355 314.14136 442.07059
v 812.97986 187.16882 441.59711
v 789.39728 314.11124 395.28836
v 781.08954 438.99402 396.78885
v 789.39728 314.11124 395.28836
v 760.24103 438.92087 370.60861
v 802.62537 439.06644 443.61307
v 810.76355 314.14136 442.07059
v 781.08954 438.99402 396.78885
v 847.73981 313.95963 473.59619
v 848.85986 187.10979 472.77386
v 810.76355 314.14136 442.07059
v 843.73456 438.83624 476.38535
v 847.73981 313.95963 473.59619
v 802.62537 439.06644 443.61307
v 981.36841 313.957 536.25806
v 982.88367 186.63844 535.38434
v 921.31616 314.09167 495.84277
v 974.06995 439.11087 537.55811
v 981.36841 313.957 536.25806
v 918.323 439.12845 499.29446
v 996.39648 186.96483 560.41895
v 993.94104 61.44251 562.6571
v 982.88367 186.63844 535.38434
v 995.61517 313.40759 561.40875
v 996.39648 186.96483 560.41895
v 981.36841 313.957 536.25806
v 991.94299 438.409 563.55804
v 995.61517 313.40759 561.40875
v 974.06995 439.11087 537.55811
v 561.66821 561.13904 385.3421
v 519.54236 477.33813 377.92953
v 602.8952 518.43396 371.07071
v 696.61261 676.90643 391.37201
v 660.84723 601.77179 379.41507
v 744.21918 628.4751 374.89551
v 553.41351 816.36957 425.63297
v 505.5954 746.31036 422.39563
v 588.92078 777.146 418.29572
v 691.83081 936.04822 429.35303
v 652.79065 860.4577 424.12817
v 736.15601 893.12292 421.53992
v 769.0545 562.7417 397.97882
v 781.08954 438.99402 396.78885
v 754.27692 562.76617 373.5571
v 790.82587 562.84076 444.81445
v 802.62537 439.06644 443.61307
v 769.0545 562.7417 397.97882
v 757.21265 676.72772 399.34341
v 769.0545 562.7417 397.97882
v 750.3634 628.47528 374.89722
v 778.4903 686.67267 445.78238
v 790.82587 562.84076 444.81445
v 757.21265 676.72772 399.34341
v 838.00671 562.7616 479.39984
v 843.73456 438.83624 476.38535
v 790.82587 562.84076 444.81445
v 832.42444 686.8111 482.38428
v 838.00671 562.7616 479.39984
v 778.4903 686.67267 445.78238
v 963.97339 563.16199 538.62018
v 974.06995 439.11087 537.55811
v 913.78876 563.06921 502.73096
v 953.41644 687.13452 539.58185
v 963.97339 563.16199 538.62018
v 908.81842 687.01935 505.7446
v 768.11938 811.00323 446.99478
v 778.4903 686.67267 445.78238
v 753.37494 811.53705 417.43469
v 760.43219 935.74646 444.10315
v 768.11938 811.00323 446.99478
v 750.49249 893.07837 421.42236
v 828.33026 811.33948 485.34372
v 832.42444 686.8111 482.38428
v 768.11938 811.00323 446.99478
v 826.39868 936.93085 487.79608
v 828.33026 811.33948 485.34372
v 760.43219 935.74646 444.10315
v 944.72736 811.6153 540.53015
v 953.41644 687.13452 539.58185
v 904.77448 811.48236 508.33649
v 940.17639 937.07361 541.50555
v 944.72736 811.6153 540.53015
v 902.83124 937.0047 510.2662
v 987.03345 562.6795 565.99927
v 991.94299 438.409 563.55804
v 963.97339 563.16199 538.62018
v 982.01947 686.92554 568.42163
v 987.03345 562.6795 565.99927
v 953.41644 687.13452 539.58185
v 978.01819 811.64722 570.48889
v 982.01947 686.92554 568.42163
v 944.72736 811.6153 540.53015
v 976.04651 937.12292 571.96307
v 978.01819 811.64722 570.48889
v 940.17639 937.07361 541.50555
v 417.67661 1812.40906 336.03482
v 445.5657 1692.6366 341.55054
v 480.15872 1812.41003 322.6174
v 407.40753 1937.48035 333.28738
v 417.67661 1812.40906 336.03482
v 469.90247 1937.49634 321.09729
v 517.17908 1654.57349 331.21579
v 560.09692 1559.31201 337.91077
v 560.0246 1692.56348 316.08841
v 691.36414 1685.45032 341.88553
v 675.32483 1558.0929 342.58469
v 630.18182 1686.58093 314.3945
v 693.59479 1811.09802 341.54556
v 691.36414 1685.45032 341.88553
v 632.47925 1812.13721 309.61981
v 693.7215 1936.58032 342.50809
v 693.59479 1811.09802 341.54556
v 632.56006 1937.47766 310.17886
v 153.12682 1187.55408 472.80365
v 195.87225 1064.04529 476.1683
v 215.64427 1187.59229 464.87933
v 11.70174 1390.76208 470.63004
v 57.03294 1301.91882 473.91623
v 57.06363 1434.49023 457.8186
v 127.8082 1253.20056 469.15195
v 153.12682 1187.55408 472.80365
v 176.82974 1302.05457 456.42081
v 257.84381 1023.35974 470.29849
v 257.88223 967.80426 470.61661
v 305.68945 1063.96155 465.18668
v 272.34985 1398.70862 425.69974
v 313.48645 1313.49414 433.16925
v 313.39258 1439.20886 411.1911
v 401.0076 1272.39941 425.74835
v 440.72299 1188.96863 431.61719
v 440.65515 1313.52625 412.52127
v 40.05761 1687.453 429.44977
v 72.94207 1571.99902 436.97333
v 102.52583 1687.43262 416.64487
v 151.03725 1536.61536 426.5264
v 190.66547 1439.23792 433.78143
v 190.55867 1571.90552 413.53458
v 15.23728 1788.40942 424.63434
v 40.05761 1687.453 429.44977
v 59.08244 1823.01074 412.58484
v 166.16504 1937.46985 382.81598
v 193.87085 1809.06519 385.28336
v 228.64279 1937.4679 369.80139
v 275.729 1687.3866 379.68475
v 317.36694 1565.44214 388.5925
v 338.1936 1687.36292 365.89963
v 396.63983 1525.78235 379.08438
v 437.95126 1438.89746 387.72922
v 437.81287 1565.3009 362.82968
v 255.45963 1765.15466 376.11328
v 275.729 1687.3866 379.68475
v 303.08224 1809.05627 361.39032
v 627.47009 1126.02124 422.06033
v 676.68073 1057.33691 428.23709
v 676.79468 1176.29626 411.69257
v 530.5379 1398.19983 379.72208
v 568.44659 1320.64282 391.78857
v 568.18854 1438.74097 363.08768
v 773.01398 1190.17017 447.04666
v 761.67236 1059.41687 444.2308
v 755.98859 1189.17505 412.72879
v 826.88336 1063.88928 487.73419
v 826.39868 936.93085 487.79608
v 761.67236 1059.41687 444.2308
v 830.22845 1189.82446 484.61255
v 826.88336 1063.88928 487.73419
v 773.01398 1190.17017 447.04666
v 941.23218 1063.53174 541.71069
v 940.17639 937.07361 541.50555
v 903.33252 1063.70605 510.31085
v 948.26801 1189.13794 540.68842
v 941.23218 1063.53174 541.71069
v 906.4798 1189.48975 507.79022
v 787.47876 1313.66382 445.38028
v 773.01398 1190.17017 447.04666
v 763.73315 1308.5116 395.95679
v 781.95111 1436.0647 397.21869
v 763.73315 1308.5116 395.95679
v 760.83911 1436.16492 371.06735
v 803.41858 1435.95874 443.9523
v 787.47876 1313.66382 445.38028
v 781.95111 1436.0647 397.21869
v 836.46106 1313.69824 480.5257
v 830.22845 1189.82446 484.61255
v 787.47876 1313.66382 445.38028
v 844.1665 1436.17493 476.55081
v 836.46106 1313.69824 480.5257
v 803.41858 1435.95874 443.9523
v 960.12195 1313.02185 539.32599
v 948.26801 1189.13794 540.68842
v 911.95819 1313.26904 503.85657
v 974.16223 1435.98669 537.95856
v 960.12195 1313.02185 539.32599
v 918.20703 1435.78613 499.17117
v 976.52216 1063.37 572.01996
v 976.04651 937.12292 571.96307
v 941.23218 1063.53174 541.71069
v 979.58868 1189.10046 570.18976
v 976.52216 1063.37 572.01996
v 948.26801 1189.13794 540.68842
v 985.02533 1313.50232 567.24768
v 979.58868 1189.10046 570.18976
v 960.12195 1313.02185 539.32599
v 991.83795 1436.90613 563.96106
v 985.02533 1313.50232 567.24768
v 974.16223 1435.98669 537.95856
v 795.72809 1559.62427 395.82062
v 781.95111 1436.0647 397.21869
v 767.36639 1559.97864 367.58734
v 816.9104 1559.61609 442.56223
v 803.41858 1435.95874 443.9523
v 795.72809 1559.62427 395.82062
v 804.41058 1685.75281 395.02878
v 795.72809 1559.62427 395.82062
v 771.46265 1685.88367 365.3858
v 825.38556 1685.88342 441.85101
v 816.9104 1559.61609 442.56223
v 804.41058 1685.75281 395.02878
v 850.8327 1559.90454 473.2063
v 844.1665 1436.17493 476.55081
v 816.9104 1559.61609 442.56223
v 855.13184 1686.11121 471.39246
v 850.8327 1559.90454 473.2063
v 825.38556 1685.88342 441.85101
v 988.84906 1566.55103 540.44006
v 974.16223 1435.98669 537.95856
v 923.74664 1559.59839 494.96014
v 992.5816 1686.79907 530.13672
v 988.84906 1566.55103 540.44006
v 927.4126 1685.81592 492.73654
v 807.16235 1812.45667 395.6535
v 804.41058 1685.75281 395.02878
v 772.99536 1812.32336 365.34088
v 827.9212 1812.61218 442.50974
v 825.38556 1685.88342 441.85101
v 807.16235 1812.45667 395.6535
v 804.65649 1937.82947 396.91647
v 807.16235 1812.45667 395.6535
v 772.05878 1937.78394 366.73105
v 825.22681 1937.95862 443.77005
v 827.9212 1812.61218 442.50974
v 804.65649 1937.82947 396.91647
v 856.5517 1812.68005 471.81931
v 855.13184 1686.11121 471.39246
v 827.9212 1812.61218 442.50974
v 855.27295 1937.95959 473.57098
v 856.5517 1812.68005 471.81931
v 825.22681 1937.95862 443.77005
v 993.14227 1812.88794 529.93372
v 992.5816 1686.79907 530.13672
v 928.49237 1812.44592 493.51013
v 997.28717 1531.25476 562.39502
v 991.83795 1436.90613 563.96106
v 988.84906 1566.55103 540.44006
v 1120.8324 687.33289 618.79681
v 1123.55469 602.42554 612.53241
v 1057.09058 688.28589 591.34888
v 1117.64343 812.2392 626.58154
v 1120.8324 687.33289 618.79681
v 1053.96936 812.54987 593.27911
v 1115.89087 937.3855 630.99951
v 1117.64343 812.2392 626.58154
v 1052.32104 937.3623 594.55487
v 1345.71167 639.19586 608.01654
v 1262.37915 620.00751 609.91125
v 1307.43066 683.5022 614.31708
v 1116.24512 1062.72498 630.45227
v 1115.89087 937.3855 630.99951
v 1052.6449 1062.6178 594.60535
v 1118.7688 1187.98633 624.44281
v 1116.24512 1062.72498 630.45227
v 1054.99915 1187.44373 593.10901
v 1122.01147 1286.29224 616.25848
v 1118.7688 1187.98633 624.44281
v 1071.20862 1320.29297 593.58301
v 1433.7948 1303.45898 602.4223
v 1433.82593 1190.21582 614.16034
v 1389.63586 1255.75549 610.07318
v 993.14227 1812.88794 529.93372
v 927.14465 1937.77734 495.91299
v 992.40131 1943.52881 540.78058
v 1801.8075 73.22926 615.89716
v 1772.4248 187.45581 606.47186
v 1834.93469 187.44447 611.56458
v 1834.93469 187.44447 611.56458
v 1795.11548 312.49313 604.40002
v 1857.60632 312.49362 610.03619
v 1857.60632 312.49362 610.03619
v 1792.74756 437.52142 604.66193
v 1855.24072 437.51712 610.29907
v 1855.24072 437.51712 610.29907
v 1764.46082 575.2663 607.48157
v 1803.76624 583.58362 610.6756
v 1803.76624 583.58362 610.6756
v 1750.24329 625.35559 609.35956
v 1791.83679 666.8714 614.37799
v 1198.92419 1570.20837 568.43103
v 1207.53772 1667.30078 555.85193
v 1248.13501 1626.10193 562.56787
v 1352.10632 1847.43945 562.83307
v 1268.75305 1882.53809 561.71448
v 1311.2749 1929.57983 566.9176
v 1431.81677 1693.25159 563.99664
v 1386.30872 1764.06177 561.8999
v 1431.82556 1808.49048 564.10266
v 1804.21716 1195.78503 615.68945
v 1804.27563 1317.42529 605.23029
v 1840.38184 1279.10107 611.50592
v 1931.60107 1317.46021 616.24341
v 1931.0968 1449.93872 605.34912
v 1976.32434 1437.45837 611.07928
v 1976.32434 1437.45837 611.07928
v 1957.95728 1542.70178 602.27606
v 1999.05493 1502.11743 609.47601
v 451.29257 62.4376 364.19608
v 449.01157 187.53154 363.12082
v 388.83041 62.46576 376.29422
v 449.01157 187.53154 363.12082
v 465.71851 312.63608 366.54736
v 386.56079 187.53867 376.06744
v 465.71851 312.63608 366.54736
v 486.02701 393.96976 372.01181
v 403.25824 312.6167 379.36887
v 624.18457 125.0038 328.12881
v 623.67053 187.55112 326.33411
v 672.79553 76.80671 343.26663
v 623.67053 187.55112 326.33411
v 623.83936 250.0038 328.12881
v 664.33655 188.71703 338.06845
v 561.52808 436.59265 363.3757
v 602.8952 518.43396 371.07071
v 519.54236 477.33813 377.92953
v 763.86523 61.5472 369.08725
v 765.30713 187.30704 367.20413
v 788.07739 61.63408 396.4552
v 765.30713 187.30704 367.20413
v 764.13672 313.93607 367.9794
v 791.76428 187.31004 394.84726
v 764.13672 313.93607 367.9794
v 760.24103 438.92087 370.60861
v 789.39728 314.11124 395.28836
v 760.24103 438.92087 370.60861
v 754.27692 562.76617 373.5571
v 781.08954 438.99402 396.78885
v 696.49408 561.05469 370.97562
v 744.21918 628.4751 374.89551
v 660.84723 601.77179 379.41507
v 754.27692 562.76617 373.5571
v 750.3634 628.47528 374.89722
v 769.0545 562.7417 397.97882
v 207.29643 62.48862 412.42856
v 209.96346 187.53018 412.78088
v 144.815 62.49615 424.98587
v 209.96346 187.53018 412.78088
v 224.90289 312.56409 415.93878
v 147.48561 187.52789 425.6665
v 55.64724 435.99155 458.65762
v 92.85787 562.51825 462.987
v 9.47838 476.61234 470.34726
v 224.90289 312.56409 415.93878
v 240.39972 393.21674 419.8757
v 162.42856 312.55414 428.60715
v 307.92072 436.01248 410.95804
v 346.6814 536.76672 416.4808
v 263.37149 476.56256 424.10739
v 92.85787 562.51825 462.987
v 114.36944 644.00842 467.05914
v 30.35981 562.5235 473.54022
v 183.65233 686.37939 460.61279
v 227.63977 812.46295 466.24387
v 139.37827 727.34033 470.81052
v 227.63977 812.46295 466.24387
v 247.39603 884.48462 468.49246
v 165.13681 812.47943 474.28793
v 427.73459 572.05878 408.01382
v 462.90417 662.97107 416.40948
v 379.58481 620.0592 422.55371
v 305.58832 930.828 465.45242
v 305.68945 1063.96155 465.18668
v 257.88223 967.80426 470.61661
v 788.07739 61.63408 396.4552
v 791.76428 187.31004 394.84726
v 809.15875 61.46851 443.30322
v 809.15875 61.46851 443.30322
v 812.97986 187.16882 441.59711
v 847.19061 61.56163 475.31314
v 791.76428 187.31004 394.84726
v 789.39728 314.11124 395.28836
v 812.97986 187.16882 441.59711
v 812.97986 187.16882 441.59711
v 810.76355 314.14136 442.07059
v 848.85986 187.10979 472.77386
v 920.60931 61.49828 498.06686
v 922.11945 187.05186 494.68658
v 977.97839 60.8882 537.15173
v 977.97839 60.8882 537.15173
v 982.88367 186.63844 535.38434
v 993.94104 61.44251 562.6571
v 922.11945 187.05186 494.68658
v 921.31616 314.09167 495.84277
v 982.88367 186.63844 535.38434
v 982.88367 186.63844 535.38434
v 981.36841 313.957 536.25806
v 996.39648 186.96483 560.41895
v 789.39728 314.11124 395.28836
v 781.08954 438.99402 396.78885
v 810.76355 314.14136 442.07059
v 810.76355 314.14136 442.07059
v 802.62537 439.06644 443.61307
v 847.73981 313.95963 473.59619
v 781.08954 438.99402 396.78885
v 769.0545 562.7417 397.97882
v 802.62537 439.06644 443.61307
v 802.62537 439.06644 443.61307
v 790.82587 562.84076 444.81445
v 843.73456 438.83624 476.38535
v 921.31616 314.09167 495.84277
v 918.323 439.12845 499.29446
v 981.36841 313.957 536.25806
v 981.36841 313.957 536.25806
v 974.06995 439.11087 537.55811
v 995.61517 313.40759 561.40875
v 918.323 439.12845 499.29446
v 913.78876 563.06921 502.73096
v 974.06995 439.11087 537.55811
v 974.06995 439.11087 537.55811
v 963.97339 563.16199 538.62018
v 991.94299 438.409 563.55804
v 553.46661 697.63586 410.74026
v 588.92078 777.146 418.29572
v 505.5954 746.31036 422.39563
v 691.91333 815.94299 416.83362
v 736.15601 893.12292 421.53992
v 652.79065 860.4577 424.12817
v 769.0545 562.7417 397.97882
v 757.21265 676.72772 399.34341
v 790.82587 562.84076 444.81445
v 790.82587 562.84076 444.81445
v 778.4903 686.67267 445.78238
v 838.00671 562.7616 479.39984
v 757.21265 676.72772 399.34341
v 753.37494 811.53705 417.43469
v 778.4903 686.67267 445.78238
v 778.4903 686.67267 445.78238
v 768.11938 811.00323 446.99478
v 832.42444 686.8111 482.38428
v 913.78876 563.06921 502.73096
v 908.81842 687.01935 505.7446
v 963.97339 563.16199 538.62018
v 963.97339 563.16199 538.62018
v 953.41644 687.13452 539.58185
v 987.03345 562.6795 565.99927
v 908.81842 687.01935 505.7446
v 904.77448 811.48236 508.33649
v 953.41644 687.13452 539.58185
v 953.41644 687.13452 539.58185
v 944.72736 811.6153 540.53015
v 982.01947 686.92554 568.42163
v 753.37494 811.53705 417.43469
v 750.49249 893.07837 421.42236
v 768.11938 811.00323 446.99478
v 768.11938 811.00323 446.99478
v 760.43219 935.74646 444.10315
v 828.33026 811.33948 485.34372
v 760.43219 935.74646 444.10315
v 761.67236 1059.41687 444.2308
v 826.39868 936.93085 487.79608
v 904.77448 811.48236 508.33649
v 902.83124 937.0047 510.2662
v 944.72736 811.6153 540.53015
v 944.72736 811.6153 540.53015
v 940.17639 937.07361 541.50555
v 978.01819 811.64722 570.48889
v 902.83124 937.0047 510.2662
v 903.33252 1063.70605 510.31085
v 940.17639 937.07361 541.50555
v 940.17639 937.07361 541.50555
v 941.23218 1063.53174 541.71069
v 976.04651 937.12292 571.96307
v 480.00287 1481.58484 370.79614
v 437.81287 1565.3009 362.82968
v 437.95126 1438.89746 387.72922
v 239.92528 1848.48584 372.57458
v 228.64279 1937.4679 369.80139
v 193.87085 1809.06519 385.28336
v 362.40701 1609.16431 372.17676
v 338.1936 1687.36292 365.89963
v 317.36694 1565.44214 388.5925
v 338.1936 1687.36292 365.89963
v 303.08224 1809.05627 361.39032
v 275.729 1687.3866 379.68475
v 493.02365 1738.00842 326.50531
v 480.15872 1812.41003 322.6174
v 445.5657 1692.6366 341.55054
v 480.15872 1812.41003 322.6174
v 469.90247 1937.49634 321.09729
v 417.67661 1812.40906 336.03482
v 613.92944 1367.58813 373.14169
v 568.18854 1438.74097 363.08768
v 568.44659 1320.64282 391.78857
v 754.40881 1345.90527 373.8833
v 760.83911 1436.16492 371.06735
v 763.73315 1308.5116 395.95679
v 760.83911 1436.16492 371.06735
v 767.36639 1559.97864 367.58734
v 781.95111 1436.0647 397.21869
v 560.09692 1559.31201 337.91077
v 560.0246 1692.56348 316.08841
v 600.51758 1599.13818 322.22888
v 627.49304 1598.92627 322.35193
v 630.18182 1686.58093 314.3945
v 675.32483 1558.0929 342.58469
v 630.18182 1686.58093 314.3945
v 632.47925 1812.13721 309.61981
v 691.36414 1685.45032 341.88553
v 632.47925 1812.13721 309.61981
v 632.56006 1937.47766 310.17886
v 693.59479 1811.09802 341.54556
v 767.36639 1559.97864 367.58734
v 771.46265 1685.88367 365.3858
v 795.72809 1559.62427 395.82062
v 771.46265 1685.88367 365.3858
v 772.99536 1812.32336 365.34088
v 804.41058 1685.75281 395.02878
v 772.99536 1812.32336 365.34088
v 772.05878 1937.78394 366.73105
v 807.16235 1812.45667 395.6535
v 242.94432 1106.72668 468.17798
v 215.64427 1187.59229 464.87933
v 195.87225 1064.04529 476.1683
v 215.64427 1187.59229 464.87933
v 176.82974 1302.05457 456.42081
v 153.12682 1187.55408 472.80365
v 95.06142 1336.55823 464.1308
v 57.06363 1434.49023 457.8186
v 57.03294 1301.91882 473.91623
v 234.4248 1482.04553 418.85703
v 190.55867 1571.90552 413.53458
v 190.66547 1439.23792 433.78143
v 484.37601 1231.4856 419.72702
v 440.65515 1313.52625 412.52127
v 440.72299 1188.96863 431.61719
v 355.70184 1355.73938 418.56003
v 313.39258 1439.20886 411.1911
v 313.48645 1313.49414 433.16925
v 121.55596 1619.99341 421.19162
v 102.52583 1687.43262 416.64487
v 72.94207 1571.99902 436.97333
v 102.52583 1687.43262 416.64487
v 59.08244 1823.01074 412.58484
v 40.05761 1687.453 429.44977
v 710.97266 1095.66235 420.953
v 676.79468 1176.29626 411.69257
v 676.68073 1057.33691 428.23709
v 751.55206 1095.87451 420.41449
v 755.98859 1189.17505 412.72879
v 761.67236 1059.41687 444.2308
v 761.67236 1059.41687 444.2308
v 773.01398 1190.17017 447.04666
v 826.88336 1063.88928 487.73419
v 755.98859 1189.17505 412.72879
v 763.73315 1308.5116 395.95679
v 773.01398 1190.17017 447.04666
v 773.01398 1190.17017 447.04666
v 787.47876 1313.66382 445.38028
v 830.22845 1189.82446 484.61255
v 903.33252 1063.70605 510.31085
v 906.4798 1189.48975 507.79022
v 941.23218 1063.53174 541.71069
v 941.23218 1063.53174 541.71069
v 948.26801 1189.13794 540.68842
v 976.52216 1063.37 572.01996
v 906.4798 1189.48975 507.79022
v 911.95819 1313.26904 503.85657
v 948.26801 1189.13794 540.68842
v 948.26801 1189.13794 540.68842
v 960.12195 1313.02185 539.32599
v 979.58868 1189.10046 570.18976
v 763.73315 1308.5116 395.95679
v 781.95111 1436.0647 397.21869
v 787.47876 1313.66382 445.38028
v 787.47876 1313.66382 445.38028
v 803.41858 1435.95874 443.9523
v 836.46106 1313.69824 480.5257
v 781.95111 1436.0647 397.21869
v 795.72809 1559.62427 395.82062
v 803.41858 1435.95874 443.9523
v 803.41858 1435.95874 443.9523
v 816.9104 1559.61609 442.56223
v 844.1665 1436.17493 476.55081
v 911.95819 1313.26904 503.85657
v 918.20703 1435.78613 499.17117
v 960.12195 1313.02185 539.32599
v 960.12195 1313.02185 539.32599
v 974.16223 1435.98669 537.95856
v 985.02533 1313.50232 567.24768
v 918.20703 1435.78613 499.17117
v 923.74664 1559.59839 494.96014
v 974.16223 1435.98669 537.95856
v 974.16223 1435.98669 537.95856
v 988.84906 1566.55103 540.44006
v 991.83795 1436.90613 563.96106
v 795.72809 1559.62427 395.82062
v 804.41058 1685.75281 395.02878
v 816.9104 1559.61609 442.56223
v 816.9104 1559.61609 442.56223
v 825.38556 1685.88342 441.85101
v 850.8327 1559.90454 473.2063
v 804.41058 1685.75281 395.02878
v 807.16235 1812.45667 395.6535
v 825.38556 1685.88342 441.85101
v 825.38556 1685.88342 441.85101
v 827.9212 1812.61218 442.50974
v 855.13184 1686.11121 471.39246
v 923.74664 1559.59839 494.96014
v 927.4126 1685.81592 492.73654
v 988.84906 1566.55103 540.44006
v 927.4126 1685.81592 492.73654
v 928.49237 1812.44592 493.51013
v 992.5816 1686.79907 530.13672
v 807.16235 1812.45667 395.6535
v 804.65649 1937.82947 396.91647
v 827.9212 1812.61218 442.50974
v 827.9212 1812.61218 442.50974
v 825.22681 1937.95862 443.77005
v 856.5517 1812.68005 471.81931
v 928.49237 1812.44592 493.51013
v 927.14465 1937.77734 495.91299
v 993.14227 1812.88794 529.93372
v 1072.55615 563.33087 591.41034
v 1057.09058 688.28589 591.34888
v 1123.55469 602.42554 612.53241
v 1057.09058 688.28589 591.34888
v 1053.96936 812.54987 593.27911
v 1120.8324 687.33289 618.79681
v 1053.96936 812.54987 593.27911
v 1052.32104 937.3623 594.55487
v 1117.64343 812.2392 626.58154
v 1052.32104 937.3623 594.55487
v 1052.6449 1062.6178 594.60535
v 1115.89087 937.3855 630.99951
v 1262.37915 620.00751 609.91125
v 1345.71167 639.19586 608.01654
v 1307.42358 572.05157 602.56543
v 1052.6449 1062.6178 594.60535
v 1054.99915 1187.44373 593.10901
v 1116.24512 1062.72498 630.45227
v 1054.99915 1187.44373 593.10901
v 1071.20862 1320.29297 593.58301
v 1118.7688 1187.98633 624.44281
v 1433.82593 1190.21582 614.16034
v 1433.7948 1303.45898 602.4223
v 1472.97107 1233.59265 608.02332
v 1772.4248 187.45581 606.47186
v 1801.8075 73.22926 615.89716
v 1752.88245 122.18482 609.14185
v 1795.11548 312.49313 604.40002
v 1834.93469 187.44447 611.56458
v 1772.4248 187.45581 606.47186
v 1792.74756 437.52142 604.66193
v 1857.60632 312.49362 610.03619
v 1795.11548 312.49313 604.40002
v 1764.46082 575.2663 607.48157
v 1855.24072 437.51712 610.29907
v 1792.74756 437.52142 604.66193
v 1750.24329 625.35559 609.35956
v 1803.76624 583.58362 610.6756
v 1764.46082 575.2663 607.48157
v 1207.53772 1667.30078 555.85193
v 1198.92419 1570.20837 568.43103
v 1186.1084 1619.21863 561.30841
v 1386.30872 1764.06177 561.8999
v 1431.81677 1693.25159 563.99664
v 1386.30811 1738.88599 561.93817
v 1268.75305 1882.53809 561.71448
v 1352.10632 1847.43945 562.83307
v 1311.31628 1808.52942 558.85797
v 1804.27563 1317.42529 605.23029
v 1804.21716 1195.78503 615.68945
v 1757.02173 1242.99316 608.85907
v 1931.0968 1449.93872 605.34912
v 1931.60107 1317.46021 616.24341
v 1885.96191 1362.46191 608.24866
v 1957.95728 1542.70178 602.27606
v 1976.32434 1437.45837 611.07928
v 1931.0968 1449.93872 605.34912
v 445.5657 1692.6366 341.55054
v 517.17908 1654.57349 331.21579
v 560.0246 1692.56348 316.08841
v 627.49304 1598.92627 322.35193
v 675.32483 1558.0929 342.58469
v 560.09692 1559.31201 337.91077
v 57.03294 1301.91882 473.91623
v 127.8082 1253.20056 469.15195
v 176.82974 1302.05457 456.42081
v 195.87225 1064.04529 476.1683
v 257.84381 1023.35974 470.29849
v 305.68945 1063.96155 465.18668
v 190.66547 1439.23792 433.78143
v 272.34985 1398.70862 425.69974
v 313.39258 1439.20886 411.1911
v 313.48645 1313.49414 433.16925
v 401.0076 1272.39941 425.74835
v 440.65515 1313.52625 412.52127
v 72.94207 1571.99902 436.97333
v 151.03725 1536.61536 426.5264
v 190.55867 1571.90552 413.53458
v 317.36694 1565.44214 388.5925
v 396.63983 1525.78235 379.08438
v 437.81287 1565.3009 362.82968
v 193.87085 1809.06519 385.28336
v 255.45963 1765.15466 376.11328
v 303.08224 1809.05627 361.39032
v 440.72299 1188.96863 431.61719
v 562.34546 1142.95923 423.10791
v 562.48157 1205.74573 414.7627
v 562.34546 1142.95923 423.10791
v 627.47009 1126.02124 422.06033
v 676.79468 1176.29626 411.69257
v 437.95126 1438.89746 387.72922
v 530.5379 1398.19983 379.72208
v 568.18854 1438.74097 363.08768
v 568.44659 1320.64282 391.78857
v 687.47687 1284.92261 384.12915
v 687.55847 1347.76929 372.27271
v 751.55206 1095.87451 420.41449
v 761.67236 1059.41687 444.2308
v 676.68073 1057.33691 428.23709
v 754.40881 1345.90527 373.8833
v 763.73315 1308.5116 395.95679
v 687.47687 1284.92261 384.12915
v 1687.55188 98.96587 606.25244
v 1687.56726 36.4678 611.51453
v 1603.53564 9.85149 610.12756
v 1752.88245 122.18482 609.14185
v 1801.8075 73.22926 615.89716
v 1687.56726 36.4678 611.51453
v 1187.51831 1356.85059 606.78528
v 1187.5199 1294.41455 617.23706
v 1122.01147 1286.29224 616.25848
v 1312.52344 1334.08936 604.23004
v 1312.51001 1271.57886 612.56897
v 1187.5199 1294.41455 617.23706
v 1433.7948 1303.45898 602.4223
v 1389.63586 1255.75549 610.07318
v 1312.51001 1271.57886 612.56897
v 1062.49097 1611.77637 558.67157
v 1062.2074 1548.57642 566.0556
v 997.28717 1531.25476 562.39502
v 1186.1084 1619.21863 561.30841
v 1198.92419 1570.20837 568.43103
v 1062.2074 1548.57642 566.0556
v 1300.07886 1693.74438 558.69171
v 1312.53992 1648.68848 562.60089
v 1248.13501 1626.10193 562.56787
v 1386.30811 1738.88599 561.93817
v 1431.81677 1693.25159 563.99664
v 1312.53992 1648.68848 562.60089
v 1562.49036 1217.92102 606.164
v 1562.50061 1155.42383 610.7804
v 1433.82593 1190.21582 614.16034
v 1687.52954 1224.96021 606.62329
v 1687.50793 1162.48071 611.22156
v 1562.50061 1155.42383 610.7804
v 1757.02173 1242.99316 608.85907
v 1804.21716 1195.78503 615.68945
v 1687.50793 1162.48071 611.22156
v 1885.96191 1362.46191 608.24866
v 1931.60107 1317.46021 616.24341
v 1840.38184 1279.10107 611.50592
v 194.17961 435.95938 432.66968
v 307.92072 436.01248 410.95804
v 263.37149 476.56256 424.10739
v 68.64969 686.40021 477.88815
v 183.65233 686.37939 460.61279
v 139.37827 727.34033 470.81052
v 307.93408 572.11877 427.47778
v 427.73459 572.05878 408.01382
v 379.58481 620.0592 422.55371
v 198.55476 930.69696 476.56946
v 305.58832 930.828 465.45242
v 257.88223 967.80426 470.61661
v 441.4823 436.47321 385.73575
v 561.52808 436.59265 363.3757
v 519.54236 477.33813 377.92953
v 427.7319 697.84375 425.68527
v 553.46661 697.63586 410.74026
v 505.5954 746.31036 422.39563
v 561.66821 561.13904 385.3421
v 696.49408 561.05469 370.97562
v 660.84723 601.77179 379.41507
v 553.41351 816.36957 425.63297
v 691.91333 815.94299 416.83362
v 652.79065 860.4577 424.12817
v 757.21265 676.72772 399.34341
v 750.3634 628.47528 374.89722
v 696.61261 676.90643 391.37201
v 760.43219 935.74646 444.10315
v 750.49249 893.07837 421.42236
v 691.83081 936.04822 429.35303
v 1187.48486 604.33154 611.99701
v 1187.50464 541.83209 604.01624
v 1123.55469 602.42554 612.53241
v 1262.37915 620.00751 609.91125
v 1307.42358 572.05157 602.56543
v 1187.48486 604.33154 611.99701
v 1437.49072 721.42493 611.3891
v 1437.49622 658.93311 606.3429
v 1307.43066 683.5022 614.31708
v 1562.50366 734.93243 609.39709
v 1562.50574 672.42688 605.42615
v 1437.49072 721.42493 611.3891
v 1700.01807 694.56409 610.01898
v 1687.54443 649.43817 606.90637
v 1562.50366 734.93243 609.39709
v 1803.76624 583.58362 610.6756
v 1764.46082 575.2663 607.48157
v 1750.00378 625.60303 609.34998
v 1791.83679 666.8714 614.37799
v 1750.24329 625.35559 609.35956
v 1700.01807 694.56409 610.01898
v 1062.48608 1976.32654 563.80096
v 1062.51111 1913.83789 557.09747
v 999.48254 1988.53381 562.63629
v 1187.5177 1959.28723 566.30353
v 1187.51575 1896.7887 559.81921
v 1062.48608 1976.32654 563.80096
v 1311.2749 1929.57983 566.9176
v 1268.75305 1882.53809 561.71448
v 1187.5177 1959.28723 566.30353
v 1431.82556 1808.49048 564.10266
v 1386.30872 1764.06177 561.8999
v 1352.10632 1847.43945 562.83307
v 568.18854 1438.74097 363.08768
v 480.00287 1481.58484 370.79614
v 437.95126 1438.89746 387.72922
v 303.08224 1809.05627 361.39032
v 239.92528 1848.48584 372.57458
v 193.87085 1809.06519 385.28336
v 437.81287 1565.3009 362.82968
v 362.40701 1609.16431 372.17676
v 317.36694 1565.44214 388.5925
v 560.0246 1692.56348 316.08841
v 493.02365 1738.00842 326.50531
v 445.5657 1692.6366 341.55054
v 687.55847 1347.76929 372.27271
v 613.92944 1367.58813 373.14169
v 568.44659 1320.64282 391.78857
v 754.40881 1345.90527 373.8833
v 687.55847 1347.76929 372.27271
v 687.47687 1284.92261 384.12915
v 560.09692 1559.31201 337.91077
v 600.51758 1599.13818 322.22888
v 627.49304 1598.92627 322.35193
v 305.68945 1063.96155 465.18668
v 242.94432 1106.72668 468.17798
v 195.87225 1064.04529 476.1683
v 176.82974 1302.05457 456.42081
v 95.06142 1336.55823 464.1308
v 57.03294 1301.91882 473.91623
v 313.39258 1439.20886 411.1911
v 234.4248 1482.04553 418.85703
v 190.66547 1439.23792 433.78143
v 562.48157 1205.74573 414.7627
v 484.37601 1231.4856 419.72702
v 440.72299 1188.96863 431.61719
v 440.65515 1313.52625 412.52127
v 355.70184 1355.73938 418.56003
v 313.48645 1313.49414 433.16925
v 190.55867 1571.90552 413.53458
v 121.55596 1619.99341 421.19162
v 72.94207 1571.99902 436.97333
v 676.79468 1176.29626 411.69257
v 562.48157 1205.74573 414.7627
v 562.34546 1142.95923 423.10791
v 676.68073 1057.33691 428.23709
v 710.97266 1095.66235 420.953
v 751.55206 1095.87451 420.41449
v 997.28717 1531.25476 562.39502
v 988.84906 1566.55103 540.44006
v 1062.49097 1611.77637 558.67157
v 1603.53564 9.85149 610.12756
v 1562.16553 55.83812 603.26868
v 1687.55188 98.96587 606.25244
v 1687.56726 36.4678 611.51453
v 1687.55188 98.96587 606.25244
v 1752.88245 122.18482 609.14185
v 1122.01147 1286.29224 616.25848
v 1071.20862 1320.29297 593.58301
v 1187.51831 1356.85059 606.78528
v 1187.5199 1294.41455 617.23706
v 1187.51831 1356.85059 606.78528
v 1312.52344 1334.08936 604.23004
v 1433.82593 1190.21582 614.16034
v 1472.97107 1233.59265 608.02332
v 1562.49036 1217.92102 606.164
v 1312.51001 1271.57886 612.56897
v 1312.52344 1334.08936 604.23004
v 1433.7948 1303.45898 602.4223
v 1062.2074 1548.57642 566.0556
v 1062.49097 1611.77637 558.67157
v 1186.1084 1619.21863 561.30841
v 1248.13501 1626.10193 562.56787
v 1207.53772 1667.30078 555.85193
v 1300.07886 1693.74438 558.69171
v 1312.53992 1648.68848 562.60089
v 1300.07886 1693.74438 558.69171
v 1386.30811 1738.88599 561.93817
v 1562.50061 1155.42383 610.7804
v 1562.49036 1217.92102 606.164
v 1687.52954 1224.96021 606.62329
v 1687.50793 1162.48071 611.22156
v 1687.52954 1224.96021 606.62329
v 1757.02173 1242.99316 608.85907
v 1840.38184 1279.10107 611.50592
v 1804.27563 1317.42529 605.23029
v 1885.96191 1362.46191 608.24866
v 561.52808 436.59265 363.3757
v 441.4823 436.47321 385.73575
v 486.02701 393.96976 372.01181
v 696.49408 561.05469 370.97562
v 561.66821 561.13904 385.3421
v 602.8952 518.43396 371.07071
v 744.21918 628.4751 374.89551
v 696.61261 676.90643 391.37201
v 750.3634 628.47528 374.89722
v 307.92072 436.01248 410.95804
v 194.17961 435.95938 432.66968
v 240.39972 393.21674 419.8757
v 183.65233 686.37939 460.61279
v 68.64969 686.40021 477.88815
v 114.36944 644.00842 467.05914
v 305.58832 930.828 465.45242
v 198.55476 930.69696 476.56946
v 247.39603 884.48462 468.49246
v 427.73459 572.05878 408.01382
v 307.93408 572.11877 427.47778
v 346.6814 536.76672 416.4808
v 553.46661 697.63586 410.74026
v 427.7319 697.84375 425.68527
v 462.90417 662.97107 416.40948
v 691.91333 815.94299 416.83362
v 553.41351 816.36957 425.63297
v 588.92078 777.146 418.29572
v 736.15601 893.12292 421.53992
v 691.83081 936.04822 429.35303
v 750.49249 893.07837 421.42236
v 992.40131 1943.52881 540.78058
v 999.48254 1988.53381 562.63629
v 1062.51111 1913.83789 557.09747
v 1072.55615 563.33087 591.41034
v 1123.55469 602.42554 612.53241
v 1187.50464 541.83209 604.01624
v 1187.50464 541.83209 604.01624
v 1187.48486 604.33154 611.99701
v 1307.42358 572.05157 602.56543
v 1345.71167 639.19586 608.01654
v 1307.43066 683.5022 614.31708
v 1437.49622 658.93311 606.3429
v 1437.49622 658.93311 606.3429
v 1437.49072 721.42493 611.3891
v 1562.50574 672.42688 605.42615
v 1562.50574 672.42688 605.42615
v 1562.50366 734.93243 609.39709
v 1687.54443 649.43817 606.90637
v 1700.0553 575.30426 603.17596
v 1750.00378 625.60303 609.34998
v 1764.46082 575.2663 607.48157
v 1687.54443 649.43817 606.90637
v 1700.01807 694.56409 610.01898
v 1750.24329 625.35559 609.35956
v 1062.51111 1913.83789 557.09747
v 1062.48608 1976.32654 563.80096
v 1187.51575 1896.7887 559.81921
v 1187.51575 1896.7887 559.81921
v 1187.5177 1959.28723 566.30353
v 1268.75305 1882.53809 561.71448
v 1311.31628 1808.52942 558.85797
v 1352.10632 1847.43945 562.83307
v 1386.30872 1764.06177 561.8999
v 449.01157 187.53154 363.12082
v 562.16443 62.36607 343.62796
v 562.07727 187.5092 340.09045
v 562.07727 187.5092 340.09045
v 672.79553 76.80671 343.26663
v 664.33655 188.71703 338.06845
v 465.71851 312.63608 366.54736
v 562.07727 187.5092 340.09045
v 562.11377 312.67963 346.93982
v 486.02701 393.96976 372.01181
v 562.11377 312.67963 346.93982
v 561.52808 436.59265 363.3757
v 562.11377 312.67963 346.93982
v 664.33655 188.71703 338.06845
v 673.21008 299.73141 343.88748
v 561.52808 436.59265 363.3757
v 673.21008 299.73141 343.88748
v 686.87811 437.64597 359.3616
v 765.30713 187.30704 367.20413
v 763.86523 61.5472 369.08725
v 664.33655 188.71703 338.06845
v 764.13672 313.93607 367.9794
v 765.30713 187.30704 367.20413
v 673.21008 299.73141 343.88748
v 760.24103 438.92087 370.60861
v 764.13672 313.93607 367.9794
v 686.87811 437.64597 359.3616
v 602.8952 518.43396 371.07071
v 686.87811 437.64597 359.3616
v 696.49408 561.05469 370.97562
v 754.27692 562.76617 373.5571
v 760.24103 438.92087 370.60861
v 696.49408 561.05469 370.97562
v 750.3634 628.47528 374.89722
v 754.27692 562.76617 373.5571
v 744.21918 628.4751 374.89551
v 62.37414 187.51953 443.09479
v 144.815 62.49615 424.98587
v 147.48561 187.52789 425.6665
v 62.4068 312.5325 448.6749
v 147.48561 187.52789 425.6665
v 162.42856 312.55414 428.60715
v 55.64724 435.99155 458.65762
v 162.42856 312.55414 428.60715
v 194.17961 435.95938 432.66968
v 209.96346 187.53018 412.78088
v 312.26544 62.46475 391.37253
v 312.25375 187.52852 391.52487
v 312.25375 187.52852 391.52487
v 388.83041 62.46576 376.29422
v 386.56079 187.53867 376.06744
v 224.90289 312.56409 415.93878
v 312.25375 187.52852 391.52487
v 312.29529 312.58084 398.11813
v 240.39972 393.21674 419.8757
v 312.29529 312.58084 398.11813
v 307.92072 436.01248 410.95804
v 312.29529 312.58084 398.11813
v 386.56079 187.53867 376.06744
v 403.25824 312.6167 379.36887
v 307.92072 436.01248 410.95804
v 403.25824 312.6167 379.36887
v 441.4823 436.47321 385.73575
v 92.85787 562.51825 462.987
v 194.17961 435.95938 432.66968
v 187.49474 562.50916 446.98141
v 114.36944 644.00842 467.05914
v 187.49474 562.50916 446.98141
v 183.65233 686.37939 460.61279
v 62.59309 812.46466 487.76273
v 139.37827 727.34033 470.81052
v 165.13681 812.47943 474.28793
v 62.61124 937.48718 492.4606
v 165.13681 812.47943 474.28793
v 198.55476 930.69696 476.56946
v 187.49474 562.50916 446.98141
v 263.37149 476.56256 424.10739
v 307.93408 572.11877 427.47778
v 183.65233 686.37939 460.61279
v 307.93408 572.11877 427.47778
v 312.5647 687.45142 441.55872
v 346.6814 536.76672 416.4808
v 441.4823 436.47321 385.73575
v 427.73459 572.05878 408.01382
v 312.5647 687.45142 441.55872
v 379.58481 620.0592 422.55371
v 427.7319 697.84375 425.68527
v 227.63977 812.46295 466.24387
v 312.5647 687.45142 441.55872
v 312.72162 812.43103 455.216
v 247.39603 884.48462 468.49246
v 312.72162 812.43103 455.216
v 305.58832 930.828 465.45242
v 312.72162 812.43103 455.216
v 427.7319 697.84375 425.68527
v 437.50385 812.4212 436.78525
v 305.58832 930.828 465.45242
v 437.50385 812.4212 436.78525
v 437.69583 937.3501 441.57974
v 922.11945 187.05186 494.68658
v 920.60931 61.49828 498.06686
v 848.85986 187.10979 472.77386
v 921.31616 314.09167 495.84277
v 922.11945 187.05186 494.68658
v 847.73981 313.95963 473.59619
v 918.323 439.12845 499.29446
v 921.31616 314.09167 495.84277
v 843.73456 438.83624 476.38535
v 427.73459 572.05878 408.01382
v 519.54236 477.33813 377.92953
v 561.66821 561.13904 385.3421
v 462.90417 662.97107 416.40948
v 561.66821 561.13904 385.3421
v 553.46661 697.63586 410.74026
v 553.46661 697.63586 410.74026
v 660.84723 601.77179 379.41507
v 696.61261 676.90643 391.37201
v 437.50385 812.4212 436.78525
v 505.5954 746.31036 422.39563
v 553.41351 816.36957 425.63297
v 437.69583 937.3501 441.57974
v 553.41351 816.36957 425.63297
v 562.4353 937.40015 432.88205
v 588.92078 777.146 418.29572
v 696.61261 676.90643 391.37201
v 691.91333 815.94299 416.83362
v 562.4353 937.40015 432.88205
v 652.79065 860.4577 424.12817
v 691.83081 936.04822 429.35303
v 913.78876 563.06921 502.73096
v 918.323 439.12845 499.29446
v 838.00671 562.7616 479.39984
v 908.81842 687.01935 505.7446
v 913.78876 563.06921 502.73096
v 832.42444 686.8111 482.38428
v 753.37494 811.53705 417.43469
v 757.21265 676.72772 399.34341
v 691.91333 815.94299 416.83362
v 750.49249 893.07837 421.42236
v 753.37494 811.53705 417.43469
v 736.15601 893.12292 421.53992
v 904.77448 811.48236 508.33649
v 908.81842 687.01935 505.7446
v 828.33026 811.33948 485.34372
v 902.83124 937.0047 510.2662
v 904.77448 811.48236 508.33649
v 826.39868 936.93085 487.79608
v 338.1936 1687.36292 365.89963
v 437.81287 1565.3009 362.82968
v 445.5657 1692.6366 341.55054
v 228.64279 1937.4679 369.80139
v 303.08224 1809.05627 361.39032
v 312.27014 1937.48108 352.43979
v 303.08224 1809.05627 361.39032
v 445.5657 1692.6366 341.55054
v 417.67661 1812.40906 336.03482
v 312.27014 1937.48108 352.43979
v 417.67661 1812.40906 336.03482
v 407.40753 1937.48035 333.28738
v 568.18854 1438.74097 363.08768
v 687.55847 1347.76929 372.27271
v 687.33221 1437.67664 360.1293
v 760.83911 1436.16492 371.06735
v 754.40881 1345.90527 373.8833
v 687.33221 1437.67664 360.1293
v 437.81287 1565.3009 362.82968
v 568.18854 1438.74097 363.08768
v 560.09692 1559.31201 337.91077
v 445.5657 1692.6366 341.55054
v 560.09692 1559.31201 337.91077
v 517.17908 1654.57349 331.21579
v 675.32483 1558.0929 342.58469
v 687.33221 1437.67664 360.1293
v 560.09692 1559.31201 337.91077
v 630.18182 1686.58093 314.3945
v 627.49304 1598.92627 322.35193
v 560.0246 1692.56348 316.08841
v 562.08411 1812.42444 305.40482
v 560.0246 1692.56348 316.08841
v 480.15872 1812.41003 322.6174
v 562.17975 1937.54236 303.95078
v 562.08411 1812.42444 305.40482
v 469.90247 1937.49634 321.09729
v 632.47925 1812.13721 309.61981
v 630.18182 1686.58093 314.3945
v 562.08411 1812.42444 305.40482
v 632.56006 1937.47766 310.17886
v 632.47925 1812.13721 309.61981
v 562.17975 1937.54236 303.95078
v 767.36639 1559.97864 367.58734
v 760.83911 1436.16492 371.06735
v 675.32483 1558.0929 342.58469
v 771.46265 1685.88367 365.3858
v 767.36639 1559.97864 367.58734
v 691.36414 1685.45032 341.88553
v 772.99536 1812.32336 365.34088
v 771.46265 1685.88367 365.3858
v 693.59479 1811.09802 341.54556
v 772.05878 1937.78394 366.73105
v 772.99536 1812.32336 365.34088
v 693.7215 1936.58032 342.50809
v 62.62346 1062.54175 491.56564
v 198.55476 930.69696 476.56946
v 195.87225 1064.04529 476.1683
v 62.62738 1187.58472 484.51123
v 195.87225 1064.04529 476.1683
v 153.12682 1187.55408 472.80365
v 57.06363 1434.49023 457.8186
v 176.82974 1302.05457 456.42081
v 190.66547 1439.23792 433.78143
v 57.03294 1301.91882 473.91623
v 153.12682 1187.55408 472.80365
v 127.8082 1253.20056 469.15195
v 215.64427 1187.59229 464.87933
v 305.68945 1063.96155 465.18668
v 312.80817 1187.67346 452.23871
v 305.68945 1063.96155 465.18668
v 437.69583 937.3501 441.57974
v 437.82785 1062.67224 440.93503
v 312.80817 1187.67346 452.23871
v 437.82785 1062.67224 440.93503
v 440.72299 1188.96863 431.61719
v 195.87225 1064.04529 476.1683
v 257.88223 967.80426 470.61661
v 257.84381 1023.35974 470.29849
v 176.82974 1302.05457 456.42081
v 312.80817 1187.67346 452.23871
v 313.48645 1313.49414 433.16925
v 190.66547 1439.23792 433.78143
v 313.48645 1313.49414 433.16925
v 272.34985 1398.70862 425.69974
v 313.48645 1313.49414 433.16925
v 440.72299 1188.96863 431.61719
v 401.0076 1272.39941 425.74835
v 313.39258 1439.20886 411.1911
v 440.65515 1313.52625 412.52127
v 437.95126 1438.89746 387.72922
v 72.94207 1571.99902 436.97333
v 190.66547 1439.23792 433.78143
v 151.03725 1536.61536 426.5264
v 102.52583 1687.43262 416.64487
v 190.55867 1571.90552 413.53458
v 187.38094 1687.43921 398.92639
v 59.08244 1823.01074 412.58484
v 187.38094 1687.43921 398.92639
v 193.87085 1809.06519 385.28336
v 62.37872 1937.47742 404.29651
v 193.87085 1809.06519 385.28336
v 166.16504 1937.46985 382.81598
v 190.55867 1571.90552 413.53458
v 313.39258 1439.20886 411.1911
v 317.36694 1565.44214 388.5925
v 187.38094 1687.43921 398.92639
v 317.36694 1565.44214 388.5925
v 275.729 1687.3866 379.68475
v 317.36694 1565.44214 388.5925
v 437.95126 1438.89746 387.72922
v 396.63983 1525.78235 379.08438
v 193.87085 1809.06519 385.28336
v 275.729 1687.3866 379.68475
v 255.45963 1765.15466 376.11328
v 437.82785 1062.67224 440.93503
v 562.4353 937.40015 432.88205
v 562.45154 1062.72607 431.15256
v 440.72299 1188.96863 431.61719
v 562.45154 1062.72607 431.15256
v 562.34546 1142.95923 423.10791
v 562.45154 1062.72607 431.15256
v 691.83081 936.04822 429.35303
v 676.68073 1057.33691 428.23709
v 562.34546 1142.95923 423.10791
v 676.68073 1057.33691 428.23709
v 627.47009 1126.02124 422.06033
v 440.65515 1313.52625 412.52127
v 562.48157 1205.74573 414.7627
v 568.44659 1320.64282 391.78857
v 437.95126 1438.89746 387.72922
v 568.44659 1320.64282 391.78857
v 530.5379 1398.19983 379.72208
v 568.44659 1320.64282 391.78857
v 676.79468 1176.29626 411.69257
v 687.47687 1284.92261 384.12915
v 761.67236 1059.41687 444.2308
v 760.43219 935.74646 444.10315
v 676.68073 1057.33691 428.23709
v 755.98859 1189.17505 412.72879
v 751.55206 1095.87451 420.41449
v 676.79468 1176.29626 411.69257
v 903.33252 1063.70605 510.31085
v 902.83124 937.0047 510.2662
v 826.88336 1063.88928 487.73419
v 906.4798 1189.48975 507.79022
v 903.33252 1063.70605 510.31085
v 830.22845 1189.82446 484.61255
v 763.73315 1308.5116 395.95679
v 755.98859 1189.17505 412.72879
v 687.47687 1284.92261 384.12915
v 911.95819 1313.26904 503.85657
v 906.4798 1189.48975 507.79022
v 836.46106 1313.69824 480.5257
v 918.20703 1435.78613 499.17117
v 911.95819 1313.26904 503.85657
v 844.1665 1436.17493 476.55081
v 923.74664 1559.59839 494.96014
v 918.20703 1435.78613 499.17117
v 850.8327 1559.90454 473.2063
v 927.4126 1685.81592 492.73654
v 923.74664 1559.59839 494.96014
v 855.13184 1686.11121 471.39246
v 928.49237 1812.44592 493.51013
v 927.4126 1685.81592 492.73654
v 856.5517 1812.68005 471.81931
v 927.14465 1937.77734 495.91299
v 928.49237 1812.44592 493.51013
v 855.27295 1937.95959 473.57098
v 1062.03455 187.12907 569.25879
v 1061.87158 61.4968 576.49554
v 996.39648 186.96483 560.41895
v 1187.56067 187.41562 580.59851
v 1187.53503 62.32486 590.86426
v 1062.03455 187.12907 569.25879
v 1061.93823 313.35605 571.22339
v 1062.03455 187.12907 569.25879
v 995.61517 313.40759 561.40875
v 1061.54211 439.01596 578.92273
v 1061.93823 313.35605 571.22339
v 991.94299 438.409 563.55804
v 1187.52405 312.58109 581.93335
v 1187.56067 187.41562 580.59851
v 1061.93823 313.35605 571.22339
v 1187.47632 437.62613 591.67389
v 1187.52405 312.58109 581.93335
v 1061.54211 439.01596 578.92273
v 1312.55042 187.44344 584.68762
v 1312.53748 62.36643 594.06653
v 1187.56067 187.41562 580.59851
v 1437.54993 187.44414 588.69861
v 1437.54285 62.38792 597.81665
v 1312.55042 187.44344 584.68762
v 1312.52332 312.54395 583.8905
v 1312.55042 187.44344 584.68762
v 1187.52405 312.58109 581.93335
v 1312.49231 437.58493 590.2735
v 1312.52332 312.54395 583.8905
v 1187.47632 437.62613 591.67389
v 1437.53345 312.52039 586.28564
v 1437.54993 187.44414 588.69861
v 1312.52332 312.54395 583.8905
v 1437.50891 437.56702 590.07117
v 1437.53345 312.52039 586.28564
v 1312.49231 437.58493 590.2735
v 1072.55615 563.33087 591.41034
v 1061.54211 439.01596 578.92273
v 987.03345 562.6795 565.99927
v 1057.09058 688.28589 591.34888
v 1072.55615 563.33087 591.41034
v 982.01947 686.92554 568.42163
v 1187.50464 541.83209 604.01624
v 1187.47632 437.62613 591.67389
v 1072.55615 563.33087 591.41034
v 1187.50232 687.50342 622.44458
v 1187.48486 604.33154 611.99701
v 1120.8324 687.33289 618.79681
v 1053.96936 812.54987 593.27911
v 1057.09058 688.28589 591.34888
v 978.01819 811.64722 570.48889
v 1052.32104 937.3623 594.55487
v 1053.96936 812.54987 593.27911
v 976.04651 937.12292 571.96307
v 1187.55432 812.46301 635.87439
v 1187.50232 687.50342 622.44458
v 1117.64343 812.2392 626.58154
v 1187.60559 937.48755 643.35522
v 1187.55432 812.46301 635.87439
v 1115.89087 937.3855 630.99951
v 1307.42358 572.05157 602.56543
v 1312.49231 437.58493 590.2735
v 1187.50464 541.83209 604.01624
v 1307.43066 683.5022 614.31708
v 1262.37915 620.00751 609.91125
v 1187.50232 687.50342 622.44458
v 1437.49219 562.56952 598.3858
v 1437.50891 437.56702 590.07117
v 1307.42358 572.05157 602.56543
v 1437.49622 658.93311 606.3429
v 1437.49219 562.56952 598.3858
v 1345.71167 639.19586 608.01654
v 1312.54358 812.47662 625.685
v 1307.43066 683.5022 614.31708
v 1187.55432 812.46301 635.87439
v 1312.58704 937.49152 632.16431
v 1312.54358 812.47662 625.685
v 1187.60559 937.48755 643.35522
v 1437.51892 812.49731 617.98566
v 1437.49072 721.42493 611.3891
v 1312.54358 812.47662 625.685
v 1437.54846 937.4967 623.05872
v 1437.51892 812.49731 617.98566
v 1312.58704 937.49152 632.16431
v 1562.56458 187.44061 593.57611
v 1562.16553 55.83812 603.26868
v 1437.54993 187.44414 588.69861
v 1687.58716 187.4409 600.32043
v 1687.55188 98.96587 606.25244
v 1562.56458 187.44061 593.57611
v 1562.5575 312.50281 590.08972
v 1562.56458 187.44061 593.57611
v 1437.53345 312.52039 586.28564
v 1562.53992 437.55353 591.97375
v 1562.5575 312.50281 590.08972
v 1437.50891 437.56702 590.07117
v 1687.59119 312.49268 596.33575
v 1687.58716 187.4409 600.32043
v 1562.5575 312.50281 590.08972
v 1687.58813 437.54831 597.00348
v 1687.59119 312.49268 596.33575
v 1562.53992 437.55353 591.97375
v 1772.4248 187.45581 606.47186
v 1752.88245 122.18482 609.14185
v 1687.58716 187.4409 600.32043
v 1937.60645 187.46056 621.09241
v 1937.59058 62.43751 628.16522
v 1834.93469 187.44447 611.56458
v 1795.11548 312.49313 604.40002
v 1772.4248 187.45581 606.47186
v 1687.59119 312.49268 596.33575
v 1792.74756 437.52142 604.66193
v 1795.11548 312.49313 604.40002
v 1687.58813 437.54831 597.00348
v 1937.61279 312.4917 617.79529
v 1937.60645 187.46056 621.09241
v 1857.60632 312.49362 610.03619
v 1937.60339 437.52023 618.36914
v 1937.61279 312.4917 617.79529
v 1855.24072 437.51712 610.29907
v 1562.51965 562.57153 598.17273
v 1562.53992 437.55353 591.97375
v 1437.49219 562.56952 598.3858
v 1562.50574 672.42688 605.42615
v 1562.51965 562.57153 598.17273
v 1437.49622 658.93311 606.3429
v 1700.0553 575.30426 603.17596
v 1687.58813 437.54831 597.00348
v 1562.51965 562.57153 598.17273
v 1687.54443 649.43817 606.90637
v 1700.0553 575.30426 603.17596
v 1562.50574 672.42688 605.42615
v 1562.50366 812.51715 613.82758
v 1562.50366 734.93243 609.39709
v 1437.51892 812.49731 617.98566
v 1562.51416 937.49768 617.30652
v 1562.50366 812.51715 613.82758
v 1437.54846 937.4967 623.05872
v 1687.51733 812.52026 615.60052
v 1700.01807 694.56409 610.01898
v 1562.50366 812.51715 613.82758
v 1687.50146 937.50275 618.50549
v 1687.51733 812.52026 615.60052
v 1562.51416 937.49768 617.30652
v 1764.46082 575.2663 607.48157
v 1792.74756 437.52142 604.66193
v 1700.0553 575.30426 603.17596
v 1750.24329 625.35559 609.35956
v 1764.46082 575.2663 607.48157
v 1687.54443 649.43817 606.90637
v 1791.83679 666.8714 614.37799
v 1803.76624 583.58362 610.6756
v 1700.01807 694.56409 610.01898
v 1937.57251 562.53015 622.34167
v 1937.60339 437.52023 618.36914
v 1803.76624 583.58362 610.6756
v 1937.52466 687.51489 628.33252
v 1937.57251 562.53015 622.34167
v 1791.83679 666.8714 614.37799
v 1812.50159 812.51001 623.27026
v 1791.83679 666.8714 614.37799
v 1687.51733 812.52026 615.60052
v 1812.46265 937.50818 626.43018
v 1812.50159 812.51001 623.27026
v 1687.50146 937.50275 618.50549
v 1937.47144 812.49817 634.13013
v 1937.52466 687.51489 628.33252
v 1812.50159 812.51001 623.27026
v 1937.42236 937.51099 637.18018
v 1937.47144 812.49817 634.13013
v 1812.46265 937.50818 626.43018
v 1052.6449 1062.6178 594.60535
v 1052.32104 937.3623 594.55487
v 976.52216 1063.37 572.01996
v 1054.99915 1187.44373 593.10901
v 1052.6449 1062.6178 594.60535
v 979.58868 1189.10046 570.18976
v 1187.62036 1062.56665 642.35309
v 1187.60559 937.48755 643.35522
v 1116.24512 1062.72498 630.45227
v 1187.58557 1187.63037 632.18805
v 1187.62036 1062.56665 642.35309
v 1118.7688 1187.98633 624.44281
v 1071.20862 1320.29297 593.58301
v 1054.99915 1187.44373 593.10901
v 985.02533 1313.50232 567.24768
v 1061.56787 1436.09033 579.9436
v 1071.20862 1320.29297 593.58301
v 991.83795 1436.90613 563.96106
v 1187.5199 1294.41455 617.23706
v 1187.58557 1187.63037 632.18805
v 1122.01147 1286.29224 616.25848
v 1187.50354 1437.54504 592.37421
v 1187.51831 1356.85059 606.78528
v 1061.56787 1436.09033 579.9436
v 1312.59912 1062.55273 631.27057
v 1312.58704 937.49152 632.16431
v 1187.62036 1062.56665 642.35309
v 1312.5708 1187.59265 622.45679
v 1312.59912 1062.55273 631.27057
v 1187.58557 1187.63037 632.18805
v 1437.5553 1062.52844 621.93518
v 1437.54846 937.4967 623.05872
v 1312.59912 1062.55273 631.27057
v 1433.82593 1190.21582 614.16034
v 1437.5553 1062.52844 621.93518
v 1312.5708 1187.59265 622.45679
v 1312.51001 1271.57886 612.56897
v 1312.5708 1187.59265 622.45679
v 1187.5199 1294.41455 617.23706
v 1312.50195 1437.49976 589.01941
v 1312.52344 1334.08936 604.23004
v 1187.50354 1437.54504 592.37421
v 1389.63586 1255.75549 610.07318
v 1433.82593 1190.21582 614.16034
v 1312.51001 1271.57886 612.56897
v 1437.49438 1437.44019 585.9292
v 1433.7948 1303.45898 602.4223
v 1312.50195 1437.49976 589.01941
v 1062.53174 1687.18445 548.04138
v 1062.49097 1611.77637 558.67157
v 992.5816 1686.79907 530.13672
v 1207.53772 1667.30078 555.85193
v 1186.1084 1619.21863 561.30841
v 1062.53174 1687.18445 548.04138
v 1062.54028 1812.547 547.29193
v 1062.53174 1687.18445 548.04138
v 993.14227 1812.88794 529.93372
v 1062.51111 1913.83789 557.09747
v 1062.54028 1812.547 547.29193
v 992.40131 1943.52881 540.78058
v 1187.60364 1812.54956 552.68396
v 1207.53772 1667.30078 555.85193
v 1062.54028 1812.547 547.29193
v 1187.51575 1896.7887 559.81921
v 1187.60364 1812.54956 552.68396
v 1062.51111 1913.83789 557.09747
v 1300.07886 1693.74438 558.69171
v 1250.00378 1625.00378 562.7002
v 1207.53772 1667.30078 555.85193
v 1311.31628 1808.52942 558.85797
v 1300.07886 1693.74438 558.69171
v 1187.60364 1812.54956 552.68396
v 1268.75305 1882.53809 561.71448
v 1311.31628 1808.52942 558.85797
v 1187.51575 1896.7887 559.81921
v 1386.30872 1764.06177 561.8999
v 1386.30811 1738.88599 561.93817
v 1311.31628 1808.52942 558.85797
v 1062.2074 1548.57642 566.0556
v 1061.56787 1436.09033 579.9436
v 997.28717 1531.25476 562.39502
v 1198.92419 1570.20837 568.43103
v 1187.50354 1437.54504 592.37421
v 1062.2074 1548.57642 566.0556
v 1312.51624 1562.38489 571.15399
v 1312.50195 1437.49976 589.01941
v 1198.92419 1570.20837 568.43103
v 1312.53992 1648.68848 562.60089
v 1312.51624 1562.38489 571.15399
v 1248.13501 1626.10193 562.56787
v 1437.5116 1562.39502 572.24323
v 1437.49438 1437.44019 585.9292
v 1312.51624 1562.38489 571.15399
v 1431.81677 1693.25159 563.99664
v 1437.5116 1562.39502 572.24323
v 1312.53992 1648.68848 562.60089
v 1437.53381 1937.56726 571.58533
v 1431.82556 1808.49048 564.10266
v 1311.2749 1929.57983 566.9176
v 1562.51794 1062.50269 615.80371
v 1562.51416 937.49768 617.30652
v 1437.5553 1062.52844 621.93518
v 1562.50061 1155.42383 610.7804
v 1562.51794 1062.50269 615.80371
v 1433.82593 1190.21582 614.16034
v 1687.50195 1062.49622 616.64642
v 1687.50146 937.50275 618.50549
v 1562.51794 1062.50269 615.80371
v 1687.50793 1162.48071 611.22156
v 1687.50195 1062.49622 616.64642
v 1562.50061 1155.42383 610.7804
v 1562.50464 1312.44592 597.70068
v 1562.49036 1217.92102 606.164
v 1433.7948 1303.45898 602.4223
v 1562.5127 1437.40027 584.77295
v 1562.50464 1312.44592 597.70068
v 1437.49438 1437.44019 585.9292
v 1687.5365 1312.42505 599.15375
v 1687.52954 1224.96021 606.62329
v 1562.50464 1312.44592 597.70068
v 1687.57178 1437.38281 587.40265
v 1687.5365 1312.42505 599.15375
v 1562.5127 1437.40027 584.77295
v 1812.46277 1062.51355 624.33044
v 1812.46265 937.50818 626.43018
v 1687.50195 1062.49622 616.64642
v 1804.21716 1195.78503 615.68945
v 1812.46277 1062.51355 624.33044
v 1687.50793 1162.48071 611.22156
v 1937.42322 1062.52905 634.95752
v 1937.42236 937.51099 637.18018
v 1812.46277 1062.51355 624.33044
v 1937.47534 1187.52014 627.43188
v 1937.42322 1062.52905 634.95752
v 1804.21716 1195.78503 615.68945
v 1804.27563 1317.42529 605.23029
v 1757.02173 1242.99316 608.85907
v 1687.5365 1312.42505 599.15375
v 1812.59387 1437.41028 595.25189
v 1804.27563 1317.42529 605.23029
v 1687.57178 1437.38281 587.40265
v 1931.60107 1317.46021 616.24341
v 1937.47534 1187.52014 627.43188
v 1840.38184 1279.10107 611.50592
v 1931.0968 1449.93872 605.34912
v 1885.96191 1362.46191 608.24866
v 1812.59387 1437.41028 595.25189
v 1562.53479 1562.40295 574.10791
v 1562.5127 1437.40027 584.77295
v 1437.5116 1562.39502 572.24323
v 1562.55908 1687.46252 568.59845
v 1562.53479 1562.40295 574.10791
v 1431.81677 1693.25159 563.99664
v 1687.58728 1562.40002 578.51794
v 1687.57178 1437.38281 587.40265
v 1562.53479 1562.40295 574.10791
v 1687.58984 1687.47485 574.61108
v 1687.58728 1562.40002 578.51794
v 1562.55908 1687.46252 568.59845
v 1562.56213 1812.53699 569.45178
v 1562.55908 1687.46252 568.59845
v 1431.82556 1808.49048 564.10266
v 1562.54443 1937.56836 576.08051
v 1562.56213 1812.53699 569.45178
v 1437.53381 1937.56726 571.58533
v 1687.58118 1812.53577 575.88422
v 1687.58984 1687.47485 574.61108
v 1562.56213 1812.53699 569.45178
v 1687.56042 1937.56482 581.90869
v 1687.58118 1812.53577 575.88422
v 1562.54443 1937.56836 576.08051
v 1812.6189 1562.4303 587.13135
v 1812.59387 1437.41028 595.25189
v 1687.58728 1562.40002 578.51794
v 1812.61682 1687.48328 583.51617
v 1812.6189 1562.4303 587.13135
v 1687.58984 1687.47485 574.61108
v 1957.95728 1542.70178 602.27606
v 1931.0968 1449.93872 605.34912
v 1812.6189 1562.4303 587.13135
v 1937.6178 1687.48694 595.27216
v 1957.95728 1542.70178 602.27606
v 1812.61682 1687.48328 583.51617
v 1812.59985 1812.53027 584.52509
v 1812.61682 1687.48328 583.51617
v 1687.58118 1812.53577 575.88422
v 1812.57556 1937.55603 589.69287
v 1812.59985 1812.53027 584.52509
v 1687.56042 1937.56482 581.90869
v 1937.60425 1812.52136 595.53912
v 1937.6178 1687.48694 595.27216
v 1812.59985 1812.53027 584.52509
v 1937.58252 1937.54346 599.57916
v 1937.60425 1812.52136 595.53912
v 1812.57556 1937.55603 589.69287
v 562.16443 62.36607 343.62796
v 449.01157 187.53154 363.12082
v 451.29257 62.4376 364.19608
v 562.07727 187.5092 340.09045
v 465.71851 312.63608 366.54736
v 449.01157 187.53154 363.12082
v 562.11377 312.67963 346.93982
v 486.02701 393.96976 372.01181
v 465.71851 312.63608 366.54736
v 672.79553 76.80671 343.26663
v 562.07727 187.5092 340.09045
v 562.16443 62.36607 343.62796
v 664.33655 188.71703 338.06845
v 562.11377 312.67963 346.93982
v 562.07727 187.5092 340.09045
v 672.79553 76.80671 343.26663
v 664.33655 188.71703 338.06845
v 763.86523 61.5472 369.08725
v 664.33655 188.71703 338.06845
v 673.21008 299.73141 343.88748
v 765.30713 187.30704 367.20413
v 673.21008 299.73141 343.88748
v 561.52808 436.59265 363.3757
v 562.11377 312.67963 346.93982
v 686.87811 437.64597 359.3616
v 602.8952 518.43396 371.07071
v 561.52808 436.59265 363.3757
v 673.21008 299.73141 343.88748
v 686.87811 437.64597 359.3616
v 764.13672 313.93607 367.9794
v 686.87811 437.64597 359.3616
v 696.49408 561.05469 370.97562
v 760.24103 438.92087 370.60861
v 696.49408 561.05469 370.97562
v 744.21918 628.4751 374.89551
v 754.27692 562.76617 373.5571
v 144.815 62.49615 424.98587
v 62.37414 187.51953 443.09479
v 62.3637 62.49594 441.53723
v 147.48561 187.52789 425.6665
v 62.4068 312.5325 448.6749
v 62.37414 187.51953 443.09479
v 312.26544 62.46475 391.37253
v 209.96346 187.53018 412.78088
v 207.29643 62.48862 412.42856
v 312.25375 187.52852 391.52487
v 224.90289 312.56409 415.93878
v 209.96346 187.53018 412.78088
v 162.42856 312.55414 428.60715
v 55.64724 435.99155 458.65762
v 62.4068 312.5325 448.6749
v 194.17961 435.95938 432.66968
v 92.85787 562.51825 462.987
v 55.64724 435.99155 458.65762
v 312.29529 312.58084 398.11813
v 240.39972 393.21674 419.8757
v 224.90289 312.56409 415.93878
v 263.37149 476.56256 424.10739
v 187.49474 562.50916 446.98141
v 194.17961 435.95938 432.66968
v 388.83041 62.46576 376.29422
v 312.25375 187.52852 391.52487
v 312.26544 62.46475 391.37253
v 386.56079 187.53867 376.06744
v 312.29529 312.58084 398.11813
v 312.25375 187.52852 391.52487
v 403.25824 312.6167 379.36887
v 307.92072 436.01248 410.95804
v 312.29529 312.58084 398.11813
v 441.4823 436.47321 385.73575
v 346.6814 536.76672 416.4808
v 307.92072 436.01248 410.95804
v 519.54236 477.33813 377.92953
v 427.73459 572.05878 408.01382
v 441.4823 436.47321 385.73575
v 187.49474 562.50916 446.98141
v 114.36944 644.00842 467.05914
v 92.85787 562.51825 462.987
v 307.93408 572.11877 427.47778
v 183.65233 686.37939 460.61279
v 187.49474 562.50916 446.98141
v 312.5647 687.45142 441.55872
v 227.63977 812.46295 466.24387
v 183.65233 686.37939 460.61279
v 139.37827 727.34033 470.81052
v 62.59309 812.46466 487.76273
v 68.64969 686.40021 477.88815
v 312.72162 812.43103 455.216
v 247.39603 884.48462 468.49246
v 227.63977 812.46295 466.24387
v 165.13681 812.47943 474.28793
v 62.61124 937.48718 492.4606
v 62.59309 812.46466 487.76273
v 198.55476 930.69696 476.56946
v 62.62346 1062.54175 491.56564
v 62.61124 937.48718 492.4606
v 257.88223 967.80426 470.61661
v 195.87225 1064.04529 476.1683
v 198.55476 930.69696 476.56946
v 379.58481 620.0592 422.55371
v 312.5647 687.45142 441.55872
v 307.93408 572.11877 427.47778
v 427.7319 697.84375 425.68527
v 312.72162 812.43103 455.216
v 312.5647 687.45142 441.55872
v 561.66821 561.13904 385.3421
v 462.90417 662.97107 416.40948
v 427.73459 572.05878 408.01382
v 505.5954 746.31036 422.39563
v 437.50385 812.4212 436.78525
v 427.7319 697.84375 425.68527
v 437.50385 812.4212 436.78525
v 305.58832 930.828 465.45242
v 312.72162 812.43103 455.216
v 437.69583 937.3501 441.57974
v 305.68945 1063.96155 465.18668
v 305.58832 930.828 465.45242
v 553.41351 816.36957 425.63297
v 437.69583 937.3501 441.57974
v 437.50385 812.4212 436.78525
v 562.4353 937.40015 432.88205
v 437.82785 1062.67224 440.93503
v 437.69583 937.3501 441.57974
v 847.19061 61.56163 475.31314
v 848.85986 187.10979 472.77386
v 920.60931 61.49828 498.06686
v 848.85986 187.10979 472.77386
v 847.73981 313.95963 473.59619
v 922.11945 187.05186 494.68658
v 847.73981 313.95963 473.59619
v 843.73456 438.83624 476.38535
v 921.31616 314.09167 495.84277
v 843.73456 438.83624 476.38535
v 838.00671 562.7616 479.39984
v 918.323 439.12845 499.29446
v 993.94104 61.44251 562.6571
v 996.39648 186.96483 560.41895
v 1061.87158 61.4968 576.49554
v 996.39648 186.96483 560.41895
v 995.61517 313.40759 561.40875
v 1062.03455 187.12907 569.25879
v 995.61517 313.40759 561.40875
v 991.94299 438.409 563.55804
v 1061.93823 313.35605 571.22339
v 991.94299 438.409 563.55804
v 987.03345 562.6795 565.99927
v 1061.54211 439.01596 578.92273
v 660.84723 601.77179 379.41507
v 553.46661 697.63586 410.74026
v 561.66821 561.13904 385.3421
v 696.61261 676.90643 391.37201
v 588.92078 777.146 418.29572
v 553.46661 697.63586 410.74026
v 696.61261 676.90643 391.37201
v 691.91333 815.94299 416.83362
v 757.21265 676.72772 399.34341
v 652.79065 860.4577 424.12817
v 562.4353 937.40015 432.88205
v 553.41351 816.36957 425.63297
v 691.83081 936.04822 429.35303
v 562.45154 1062.72607 431.15256
v 562.4353 937.40015 432.88205
v 691.91333 815.94299 416.83362
v 736.15601 893.12292 421.53992
v 753.37494 811.53705 417.43469
v 691.83081 936.04822 429.35303
v 676.68073 1057.33691 428.23709
v 760.43219 935.74646 444.10315
v 838.00671 562.7616 479.39984
v 832.42444 686.8111 482.38428
v 913.78876 563.06921 502.73096
v 832.42444 686.8111 482.38428
v 828.33026 811.33948 485.34372
v 908.81842 687.01935 505.7446
v 828.33026 811.33948 485.34372
v 826.39868 936.93085 487.79608
v 904.77448 811.48236 508.33649
v 826.39868 936.93085 487.79608
v 826.88336 1063.88928 487.73419
v 902.83124 937.0047 510.2662
v 987.03345 562.6795 565.99927
v 982.01947 686.92554 568.42163
v 1072.55615 563.33087 591.41034
v 982.01947 686.92554 568.42163
v 978.01819 811.64722 570.48889
v 1057.09058 688.28589 591.34888
v 978.01819 811.64722 570.48889
v 976.04651 937.12292 571.96307
v 1053.96936 812.54987 593.27911
v 976.04651 937.12292 571.96307
v 976.52216 1063.37 572.01996
v 1052.32104 937.3623 594.55487
v 568.18854 1438.74097 363.08768
v 437.81287 1565.3009 362.82968
v 480.00287 1481.58484 370.79614
v 303.08224 1809.05627 361.39032
v 228.64279 1937.4679 369.80139
v 239.92528 1848.48584 372.57458
v 437.81287 1565.3009 362.82968
v 338.1936 1687.36292 365.89963
v 362.40701 1609.16431 372.17676
v 445.5657 1692.6366 341.55054
v 303.08224 1809.05627 361.39032
v 338.1936 1687.36292 365.89963
v 560.09692 1559.31201 337.91077
v 445.5657 1692.6366 341.55054
v 437.81287 1565.3009 362.82968
v 560.0246 1692.56348 316.08841
v 480.15872 1812.41003 322.6174
v 493.02365 1738.00842 326.50531
v 417.67661 1812.40906 336.03482
v 312.27014 1937.48108 352.43979
v 303.08224 1809.05627 361.39032
v 480.15872 1812.41003 322.6174
v 469.90247 1937.49634 321.09729
v 562.08411 1812.42444 305.40482
v 687.55847 1347.76929 372.27271
v 568.18854 1438.74097 363.08768
v 613.92944 1367.58813 373.14169
v 687.33221 1437.67664 360.1293
v 560.09692 1559.31201 337.91077
v 568.18854 1438.74097 363.08768
v 754.40881 1345.90527 373.8833
v 687.33221 1437.67664 360.1293
v 687.55847 1347.76929 372.27271
v 687.33221 1437.67664 360.1293
v 675.32483 1558.0929 342.58469
v 760.83911 1436.16492 371.06735
v 600.51758 1599.13818 322.22888
v 560.0246 1692.56348 316.08841
v 627.49304 1598.92627 322.35193
v 560.0246 1692.56348 316.08841
v 562.08411 1812.42444 305.40482
v 630.18182 1686.58093 314.3945
v 675.32483 1558.0929 342.58469
v 691.36414 1685.45032 341.88553
v 767.36639 1559.97864 367.58734
v 691.36414 1685.45032 341.88553
v 693.59479 1811.09802 341.54556
v 771.46265 1685.88367 365.3858
v 562.08411 1812.42444 305.40482
v 562.17975 1937.54236 303.95078
v 632.47925 1812.13721 309.61981
v 693.59479 1811.09802 341.54556
v 693.7215 1936.58032 342.50809
v 772.99536 1812.32336 365.34088
v 305.68945 1063.96155 465.18668
v 215.64427 1187.59229 464.87933
v 242.94432 1106.72668 468.17798
v 312.80817 1187.67346 452.23871
v 176.82974 1302.05457 456.42081
v 215.64427 1187.59229 464.87933
v 195.87225 1064.04529 476.1683
v 62.62738 1187.58472 484.51123
v 62.62346 1062.54175 491.56564
v 153.12682 1187.55408 472.80365
v 57.03294 1301.91882 473.91623
v 62.62738 1187.58472 484.51123
v 176.82974 1302.05457 456.42081
v 57.06363 1434.49023 457.8186
v 95.06142 1336.55823 464.1308
v 190.66547 1439.23792 433.78143
v 72.94207 1571.99902 436.97333
v 57.06363 1434.49023 457.8186
v 313.48645 1313.49414 433.16925
v 190.66547 1439.23792 433.78143
v 176.82974 1302.05457 456.42081
v 313.39258 1439.20886 411.1911
v 190.55867 1571.90552 413.53458
v 234.4248 1482.04553 418.85703
v 437.82785 1062.67224 440.93503
v 312.80817 1187.67346 452.23871
v 305.68945 1063.96155 465.18668
v 440.72299 1188.96863 431.61719
v 313.48645 1313.49414 433.16925
v 312.80817 1187.67346 452.23871
v 562.45154 1062.72607 431.15256
v 440.72299 1188.96863 431.61719
v 437.82785 1062.67224 440.93503
v 562.48157 1205.74573 414.7627
v 440.65515 1313.52625 412.52127
v 484.37601 1231.4856 419.72702
v 440.65515 1313.52625 412.52127
v 313.39258 1439.20886 411.1911
v 355.70184 1355.73938 418.56003
v 437.95126 1438.89746 387.72922
v 317.36694 1565.44214 388.5925
v 313.39258 1439.20886 411.1911
v 568.44659 1320.64282 391.78857
v 437.95126 1438.89746 387.72922
v 440.65515 1313.52625 412.52127
v 190.55867 1571.90552 413.53458
v 102.52583 1687.43262 416.64487
v 121.55596 1619.99341 421.19162
v 187.38094 1687.43921 398.92639
v 59.08244 1823.01074 412.58484
v 102.52583 1687.43262 416.64487
v 317.36694 1565.44214 388.5925
v 187.38094 1687.43921 398.92639
v 190.55867 1571.90552 413.53458
v 275.729 1687.3866 379.68475
v 193.87085 1809.06519 385.28336
v 187.38094 1687.43921 398.92639
v 193.87085 1809.06519 385.28336
v 62.37872 1937.47742 404.29651
v 59.08244 1823.01074 412.58484
v 676.68073 1057.33691 428.23709
v 562.34546 1142.95923 423.10791
v 562.45154 1062.72607 431.15256
v 676.79468 1176.29626 411.69257
v 568.44659 1320.64282 391.78857
v 562.48157 1205.74573 414.7627
v 710.97266 1095.66235 420.953
v 676.79468 1176.29626 411.69257
v 751.55206 1095.87451 420.41449
v 676.79468 1176.29626 411.69257
v 687.47687 1284.92261 384.12915
v 755.98859 1189.17505 412.72879
v 826.88336 1063.88928 487.73419
v 830.22845 1189.82446 484.61255
v 903.33252 1063.70605 510.31085
v 830.22845 1189.82446 484.61255
v 836.46106 1313.69824 480.5257
v 906.4798 1189.48975 507.79022
v 836.46106 1313.69824 480.5257
v 844.1665 1436.17493 476.55081
v 911.95819 1313.26904 503.85657
v 844.1665 1436.17493 476.55081
v 850.8327 1559.90454 473.2063
v 918.20703 1435.78613 499.17117
v 976.52216 1063.37 572.01996
v 979.58868 1189.10046 570.18976
v 1052.6449 1062.6178 594.60535
v 979.58868 1189.10046 570.18976
v 985.02533 1313.50232 567.24768
v 1054.99915 1187.44373 593.10901
v 985.02533 1313.50232 567.24768
v 991.83795 1436.90613 563.96106
v 1071.20862 1320.29297 593.58301
v 991.83795 1436.90613 563.96106
v 997.28717 1531.25476 562.39502
v 1061.56787 1436.09033 579.9436
v 850.8327 1559.90454 473.2063
v 855.13184 1686.11121 471.39246
v 923.74664 1559.59839 494.96014
v 855.13184 1686.11121 471.39246
v 856.5517 1812.68005 471.81931
v 927.4126 1685.81592 492.73654
v 988.84906 1566.55103 540.44006
v 992.5816 1686.79907 530.13672
v 1062.49097 1611.77637 558.67157
v 992.5816 1686.79907 530.13672
v 993.14227 1812.88794 529.93372
v 1062.53174 1687.18445 548.04138
v 856.5517 1812.68005 471.81931
v 855.27295 1937.95959 473.57098
v 928.49237 1812.44592 493.51013
v 993.14227 1812.88794 529.93372
v 992.40131 1943.52881 540.78058
v 1062.54028 1812.547 547.29193
v 1061.87158 61.4968 576.49554
v 1062.03455 187.12907 569.25879
v 1187.53503 62.32486 590.86426
v 1062.03455 187.12907 569.25879
v 1061.93823 313.35605 571.22339
v 1187.56067 187.41562 580.59851
v 1187.53503 62.32486 590.86426
v 1187.56067 187.41562 580.59851
v 1312.53748 62.36643 594.06653
v 1187.56067 187.41562 580.59851
v 1187.52405 312.58109 581.93335
v 1312.55042 187.44344 584.68762
v 1061.93823 313.35605 571.22339
v 1061.54211 439.01596 578.92273
v 1187.52405 312.58109 581.93335
v 1061.54211 439.01596 578.92273
v 1072.55615 563.33087 591.41034
v 1187.47632 437.62613 591.67389
v 1187.52405 312.58109 581.93335
v 1187.47632 437.62613 591.67389
v 1312.52332 312.54395 583.8905
v 1187.47632 437.62613 591.67389
v 1187.50464 541.83209 604.01624
v 1312.49231 437.58493 590.2735
v 1312.53748 62.36643 594.06653
v 1312.55042 187.44344 584.68762
v 1437.54285 62.38792 597.81665
v 1312.55042 187.44344 584.68762
v 1312.52332 312.54395 583.8905
v 1437.54993 187.44414 588.69861
v 1437.54285 62.38792 597.81665
v 1437.54993 187.44414 588.69861
v 1562.16553 55.83812 603.26868
v 1437.54993 187.44414 588.69861
v 1437.53345 312.52039 586.28564
v 1562.56458 187.44061 593.57611
v 1312.52332 312.54395 583.8905
v 1312.49231 437.58493 590.2735
v 1437.53345 312.52039 586.28564
v 1312.49231 437.58493 590.2735
v 1307.42358 572.05157 602.56543
v 1437.50891 437.56702 590.07117
v 1437.53345 312.52039 586.28564
v 1437.50891 437.56702 590.07117
v 1562.5575 312.50281 590.08972
v 1437.50891 437.56702 590.07117
v 1437.49219 562.56952 598.3858
v 1562.53992 437.55353 591.97375
v 1123.55469 602.42554 612.53241
v 1120.8324 687.33289 618.79681
v 1187.48486 604.33154 611.99701
v 1120.8324 687.33289 618.79681
v 1117.64343 812.2392 626.58154
v 1187.50232 687.50342 622.44458
v 1187.48486 604.33154 611.99701
v 1187.50232 687.50342 622.44458
v 1262.37915 620.00751 609.91125
v 1187.50232 687.50342 622.44458
v 1187.55432 812.46301 635.87439
v 1307.43066 683.5022 614.31708
v 1117.64343 812.2392 626.58154
v 1115.89087 937.3855 630.99951
v 1187.55432 812.46301 635.87439
v 1115.89087 937.3855 630.99951
v 1116.24512 1062.72498 630.45227
v 1187.60559 937.48755 643.35522
v 1187.55432 812.46301 635.87439
v 1187.60559 937.48755 643.35522
v 1312.54358 812.47662 625.685
v 1187.60559 937.48755 643.35522
v 1187.62036 1062.56665 642.35309
v 1312.58704 937.49152 632.16431
v 1307.42358 572.05157 602.56543
v 1345.71167 639.19586 608.01654
v 1437.49219 562.56952 598.3858
v 1307.43066 683.5022 614.31708
v 1312.54358 812.47662 625.685
v 1437.49072 721.42493 611.3891
v 1437.49219 562.56952 598.3858
v 1437.49622 658.93311 606.3429
v 1562.51965 562.57153 598.17273
v 1437.49072 721.42493 611.3891
v 1437.51892 812.49731 617.98566
v 1562.50366 734.93243 609.39709
v 1312.54358 812.47662 625.685
v 1312.58704 937.49152 632.16431
v 1437.51892 812.49731 617.98566
v 1312.58704 937.49152 632.16431
v 1312.59912 1062.55273 631.27057
v 1437.54846 937.4967 623.05872
v 1437.51892 812.49731 617.98566
v 1437.54846 937.4967 623.05872
v 1562.50366 812.51715 613.82758
v 1437.54846 937.4967 623.05872
v 1437.5553 1062.52844 621.93518
v 1562.51416 937.49768 617.30652
v 1562.16553 55.83812 603.26868
v 1562.56458 187.44061 593.57611
v 1687.55188 98.96587 606.25244
v 1562.56458 187.44061 593.57611
v 1562.5575 312.50281 590.08972
v 1687.58716 187.4409 600.32043
v 1687.55188 98.96587 606.25244
v 1687.58716 187.4409 600.32043
v 1752.88245 122.18482 609.14185
v 1687.58716 187.4409 600.32043
v 1687.59119 312.49268 596.33575
v 1772.4248 187.45581 606.47186
v 1562.5575 312.50281 590.08972
v 1562.53992 437.55353 591.97375
v 1687.59119 312.49268 596.33575
v 1562.53992 437.55353 591.97375
v 1562.51965 562.57153 598.17273
v 1687.58813 437.54831 597.00348
v 1687.59119 312.49268 596.33575
v 1687.58813 437.54831 597.00348
v 1795.11548 312.49313 604.40002
v 1687.58813 437.54831 597.00348
v 1700.0553 575.30426 603.17596
v 1792.74756 437.52142 604.66193
v 1801.8075 73.22926 615.89716
v 1834.93469 187.44447 611.56458
v 1937.59058 62.43751 628.16522
v 1834.93469 187.44447 611.56458
v 1857.60632 312.49362 610.03619
v 1937.60645 187.46056 621.09241
v 1857.60632 312.49362 610.03619
v 1855.24072 437.51712 610.29907
v 1937.61279 312.4917 617.79529
v 1855.24072 437.51712 610.29907
v 1803.76624 583.58362 610.6756
v 1937.60339 437.52023 618.36914
v 1562.51965 562.57153 598.17273
v 1562.50574 672.42688 605.42615
v 1700.0553 575.30426 603.17596
v 1562.50366 734.93243 609.39709
v 1562.50366 812.51715 613.82758
v 1700.01807 694.56409 610.01898
v 1700.0553 575.30426 603.17596
v 1687.54443 649.43817 606.90637
v 1764.46082 575.2663 607.48157
v 1750.00378 625.60303 609.34998
v 1700.01807 694.56409 610.01898
v 1803.76624 583.58362 610.6756
v 1700.01807 694.56409 610.01898
v 1687.51733 812.52026 615.60052
v 1791.83679 666.8714 614.37799
v 1562.50366 812.51715 613.82758
v 1562.51416 937.49768 617.30652
v 1687.51733 812.52026 615.60052
v 1562.51416 937.49768 617.30652
v 1562.51794 1062.50269 615.80371
v 1687.50146 937.50275 618.50549
v 1687.51733 812.52026 615.60052
v 1687.50146 937.50275 618.50549
v 1812.50159 812.51001 623.27026
v 1687.50146 937.50275 618.50549
v 1687.50195 1062.49622 616.64642
v 1812.46265 937.50818 626.43018
v 1803.76624 583.58362 610.6756
v 1791.83679 666.8714 614.37799
v 1937.57251 562.53015 622.34167
v 1791.83679 666.8714 614.37799
v 1812.50159 812.51001 623.27026
v 1937.52466 687.51489 628.33252
v 1812.50159 812.51001 623.27026
v 1812.46265 937.50818 626.43018
v 1937.47144 812.49817 634.13013
v 1812.46265 937.50818 626.43018
v 1812.46277 1062.51355 624.33044
v 1937.42236 937.51099 637.18018
v 1116.24512 1062.72498 630.45227
v 1118.7688 1187.98633 624.44281
v 1187.62036 1062.56665 642.35309
v 1118.7688 1187.98633 624.44281
v 1122.01147 1286.29224 616.25848
v 1187.58557 1187.63037 632.18805
v 1187.62036 1062.56665 642.35309
v 1187.58557 1187.63037 632.18805
v 1312.59912 1062.55273 631.27057
v 1187.58557 1187.63037 632.18805
v 1187.5199 1294.41455 617.23706
v 1312.5708 1187.59265 622.45679
v 1071.20862 1320.29297 593.58301
v 1061.56787 1436.09033 579.9436
v 1187.51831 1356.85059 606.78528
v 1061.56787 1436.09033 579.9436
v 1062.2074 1548.57642 566.0556
v 1187.50354 1437.54504 592.37421
v 1187.51831 1356.85059 606.78528
v 1187.50354 1437.54504 592.37421
v 1312.52344 1334.08936 604.23004
v 1187.50354 1437.54504 592.37421
v 1198.92419 1570.20837 568.43103
v 1312.50195 1437.49976 589.01941
v 1312.59912 1062.55273 631.27057
v 1312.5708 1187.59265 622.45679
v 1437.5553 1062.52844 621.93518
v 1312.5708 1187.59265 622.45679
v 1312.51001 1271.57886 612.56897
v 1433.82593 1190.21582 614.16034
v 1437.5553 1062.52844 621.93518
v 1433.82593 1190.21582 614.16034
v 1562.51794 1062.50269 615.80371
v 1472.97107 1233.59265 608.02332
v 1433.7948 1303.45898 602.4223
v 1562.49036 1217.92102 606.164
v 1312.52344 1334.08936 604.23004
v 1312.50195 1437.49976 589.01941
v 1433.7948 1303.45898 602.4223
v 1312.50195 1437.49976 589.01941
v 1312.51624 1562.38489 571.15399
v 1437.49438 1437.44019 585.9292
v 1433.7948 1303.45898 602.4223
v 1437.49438 1437.44019 585.9292
v 1562.50464 1312.44592 597.70068
v 1437.49438 1437.44019 585.9292
v 1437.5116 1562.39502 572.24323
v 1562.5127 1437.40027 584.77295
v 1062.49097 1611.77637 558.67157
v 1062.53174 1687.18445 548.04138
v 1186.1084 1619.21863 561.30841
v 1062.53174 1687.18445 548.04138
v 1062.54028 1812.547 547.29193
v 1207.53772 1667.30078 555.85193
v 1186.1084 1619.21863 561.30841
v 1207.53772 1667.30078 555.85193
v 1250.00378 1625.00378 562.7002
v 1207.53772 1667.30078 555.85193
v 1187.60364 1812.54956 552.68396
v 1300.07886 1693.74438 558.69171
v 1062.54028 1812.547 547.29193
v 1062.51111 1913.83789 557.09747
v 1187.60364 1812.54956 552.68396
v 1187.60364 1812.54956 552.68396
v 1187.51575 1896.7887 559.81921
v 1311.31628 1808.52942 558.85797
v 1300.07886 1693.74438 558.69171
v 1311.31628 1808.52942 558.85797
v 1386.30811 1738.88599 561.93817
v 1198.92419 1570.20837 568.43103
v 1248.13501 1626.10193 562.56787
v 1312.51624 1562.38489 571.15399
v 1312.51624 1562.38489 571.15399
v 1312.53992 1648.68848 562.60089
v 1437.5116 1562.39502 572.24323
v 1437.5116 1562.39502 572.24323
v 1431.81677 1693.25159 563.99664
v 1562.53479 1562.40295 574.10791
v 1431.81677 1693.25159 563.99664
v 1431.82556 1808.49048 564.10266
v 1562.55908 1687.46252 568.59845
v 1352.10632 1847.43945 562.83307
v 1311.2749 1929.57983 566.9176
v 1431.82556 1808.49048 564.10266
v 1431.82556 1808.49048 564.10266
v 1437.53381 1937.56726 571.58533
v 1562.56213 1812.53699 569.45178
v 1562.51794 1062.50269 615.80371
v 1562.50061 1155.42383 610.7804
v 1687.50195 1062.49622 616.64642
v 1562.49036 1217.92102 606.164
v 1562.50464 1312.44592 597.70068
v 1687.52954 1224.96021 606.62329
v 1687.50195 1062.49622 616.64642
v 1687.50793 1162.48071 611.22156
v 1812.46277 1062.51355 624.33044
v 1687.52954 1224.96021 606.62329
v 1687.5365 1312.42505 599.15375
v 1757.02173 1242.99316 608.85907
v 1562.50464 1312.44592 597.70068
v 1562.5127 1437.40027 584.77295
v 1687.5365 1312.42505 599.15375
v 1562.5127 1437.40027 584.77295
v 1562.53479 1562.40295 574.10791
v 1687.57178 1437.38281 587.40265
v 1687.5365 1312.42505 599.15375
v 1687.57178 1437.38281 587.40265
v 1804.27563 1317.42529 605.23029
v 1687.57178 1437.38281 587.40265
v 1687.58728 1562.40002 578.51794
v 1812.59387 1437.41028 595.25189
v 1812.46277 1062.51355 624.33044
v 1804.21716 1195.78503 615.68945
v 1937.42322 1062.52905 634.95752
v 1804.21716 1195.78503 615.68945
v 1840.38184 1279.10107 611.50592
v 1937.47534 1187.52014 627.43188
v 1804.27563 1317.42529 605.23029
v 1812.59387 1437.41028 595.25189
v 1885.96191 1362.46191 608.24866
v 1812.59387 1437.41028 595.25189
v 1812.6189 1562.4303 587.13135
v 1931.0968 1449.93872 605.34912
v 1562.53479 1562.40295 574.10791
v 1562.55908 1687.46252 568.59845
v 1687.58728 1562.40002 578.51794
v 1562.55908 1687.46252 568.59845
v 1562.56213 1812.53699 569.45178
v 1687.58984 1687.47485 574.61108
v 1687.58728 1562.40002 578.51794
v 1687.58984 1687.47485 574.61108
v 1812.6189 1562.4303 587.13135
v 1687.58984 1687.47485 574.61108
v 1687.58118 1812.53577 575.88422
v 1812.61682 1687.48328 583.51617
v 1562.56213 1812.53699 569.45178
v 1562.54443 1937.56836 576.08051
v 1687.58118 1812.53577 575.88422
v 1687.58118 1812.53577 575.88422
v 1687.56042 1937.56482 581.90869
v 1812.59985 1812.53027 584.52509
v 1812.6189 1562.4303 587.13135
v 1812.61682 1687.48328 583.51617
v 1957.95728 1542.70178 602.27606
v 1812.61682 1687.48328 583.51617
v 1812.59985 1812.53027 584.52509
v 1937.6178 1687.48694 595.27216
v 1812.59985 1812.53027 584.52509
v 1812.57556 1937.55603 589.69287
v 1937.60425 1812.52136 595.53912
f 1 2 3
f 4 5 6
f 7 8 9
f 10 11 12
f 13 14 15
f 16 17 18
f 19 20 21
f 22 23 24
f 25 26 27
f 28 29 30
f 31 32 33
f 34 35 36
f 37 38 39
f 40 41 42
f 43 44 45
f 46 47 48
f 49 50 51
f 52 53 54
f 55 56 57
f 58 59 60
f 61 62 63
f 64 65 66
f 67 68 69
f 70 71 72
f 73 74 75
f 76 77 78
f 79 80 81
f 82 83 84
f 85 86 87
f 88 89 90
f 91 92 93
f 94 95 96
f 97 98 99
f 100 101 102
f 103 104 105
f 106 107 108
f 109 110 111
f 112 113 114
f 115 116 117
f 118 119 120
f 121 122 123
f 124 125 126
f 127 128 129
f 130 131 132
f 133 134 135
f 136 137 138
f 139 140 141
f 142 143 144
f 145 146 147
f 148 149 150
f 151 152 153
f 154 155 156
f 157 158 159
f 160 161 162
f 163 164 165
f 166 167 168
f 169 170 171
f 172 173 174
f 175 176 177
f 178 179 180
f 181 182 183
f 184 185 186
f 187 188 189
f 190 191 192
f 193 194 195
f 196 197 198
f 199 200 201
f 202 203 204
f 205 206 207
f 208 209 210
f 211 212 213
f 214 215 216
f 217 218 219
f 220 221 222
f 223 224 225
f 226 227 228
f 229 230 231
f 232 233 234
f 235 236 237
f 238 239 240
f 241 242 243
f 244 245 246
f 247 248 249
f 250 251 252
f 253 254 255
f 256 257 258
f 259 260 261
f 262 263 264
f 265 266 267
f 268 269 270
f 271 272 273
f 274 275 276
f 277 278 279
f 280 281 282
f 283 284 285
f 286 287 288
f 289 290 291
f 292 293 294
f 295 296 297
f 298 299 300
f 301 302 303
f 304 305 306
f 307 308 309
f 310 311 312
f 313 314 315
f 316 317 318
f 319 320 321
f 322 323 324
f 325 326 327
f 328 329 330
f 331 332 333
f 334 335 336
f 337 338 339
f 340 341 342
f 343 344 345
f 346 347 348
f 349 350 351
f 352 353 354
f 355 356 357
f 358 359 360
f 361 362 363
f 364 365 366
f 367 368 369
f 370 371 372
f 373 374 375
f 376 377 378
f 379 380 381
f 382 383 384
f 385 386 387
f 388 389 390
f 391 392 393
f 394 395 396
f 397 398 399
f 400 401 402
f 403 404 405
f 406 407 408
f 409 410 411
f 412 413 414
f 415 416 417
f 418 419 420
f 421 422 423
f 424 425 426
f 427 428 429
f 430 431 432
f 433 434 435
f 436 437 438
f 439 440 441
f 442 443 444
f 445 446 447
f 448 449 450
f 451 452 453
f 454 455 456
f 457 458 459
f 460 461 462
f 463 464 465
f 466 467 468
f 469 470 471
f 472 473 474
f 475 476 477
f 478 479 480
f 481 482 483
f 484 485 486
f 487 488 489
f 490 491 492
f 493 494 495
f 496 497 498
f 499 500 501
f 502 503 504
f 505 506 507
f 508 509 510
f 511 512 513
f 514 515 516
f 517 518 519
f 520 521 522
f 523 524 525
f 526 527 528
f 529 530 531
f 532 533 534
f 535 536 537
f 538 539 540
f 541 542 543
f 544 545 546
f 547 548 549
f 550 551 552
f 553 554 555
f 556 557 558
f 559 560 561
f 562 563 564
f 565 566 567
f 568 569 570
f 571 572 573
f 574 575 576
f 577 578 579
f 580 581 582
f 583 584 585
f 586 587 588
f 589 590 591
f 592 593 594
f 595 596 597
f 598 599 600
f 601 602 603
f 604 605 606
f 607 608 609
f 610 611 612
f 613 614 615
f 616 617 618
f 619 620 621
f 622 623 624
f 625 626 627
f 628 629 630
f 631 632 633
f 634 635 636
f 637 638 639
f 640 641 642
f 643 644 645
f 646 647 648
f 649 650 651
f 652 653 654
f 655 656 657
f 658 659 660
f 661 662 663
f 664 665 666
f 667 668 669
f 670 671 672
f 673 674 675
f 676 677 678
f 679 680 681
f 682 683 684
f 685 686 687
f 688 689 690
f 691 692 693
f 694 695 696
f 697 698 699
f 700 701 702
f 703 704 705
f 706 707 708
f 709 710 711
f 712 713 714
f 715 716 717
f 718 719 720
f 721 722 723
f 724 725 726
f 727 728 729
f 730 731 732
f 733 734 735
f 736 737 738
f 739 740 741
f 742 743 744
f 745 746 747
f 748 749 750
f 751 752 753
f 754 755 756
f 757 758 759
f 760 761 762
f 763 764 765
f 766 767 768
f 769 770 771
f 772 773 774
f 775 776 777
f 778 779 780
f 781 782 783
f 784 785 786
f 787 788 789
f 790 791 792
f 793 794 795
f 796 797 798
f 799 800 801
f 802 803 804
f 805 806 807
f 808 809 810
f 811 812 813
f 814 815 816
f 817 818 819
f 820 821 822
f 823 824 825
f 826 827 828
f 829 830 831
f 832 833 834
f 835 836 837
f 838 839 840
f 841 842 843
f 844 845 846
f 847 848 849
f 850 851 852
f 853 854 855
f 856 857 858
f 859 860 861
f 862 863 864
f 865 866 867
f 868 869 870
f 871 872 873
f 874 875 876
f 877 878 879
f 880 881 882
f 883 884 885
f 886 887 888
f 889 890 891
f 892 893 894
f 895 896 897
f 898 899 900
f 901 902 903
f 904 905 906
f 907 908 909
f 910 911 912
f 913 914 915
f 916 917 918
f 919 920 921
f 922 923 924
f 925 926 927
f 928 929 930
f 931 932 933
f 934 935 936
f 937 938 939
f 940 941 942
f 943 944 945
f 946 947 948
f 949 950 951
f 952 953 954
f 955 956 957
f 958 959 960
f 961 962 963
f 964 965 966
f 967 968 969
f 970 971 972
f 973 974 975
f 976 977 978
f 979 980 981
f 982 983 984
f 985 986 987
f 988 989 990
f 991 992 993
f 994 995 996
f 997 998 999
f 1000 1001 1002
f 1003 1004 1005
f 1006 1007 1008
f 1009 1010 1011
f 1012 1013 1014
f 1015 1016 1017
f 1018 1019 1020
f 1021 1022 1023
f 1024 1025 1026
f 1027 1028 1029
f 1030 1031 1032
f 1033 1034 1035
f 1036 1037 1038
f 1039 1040 1041
f 1042 1043 1044
f 1045 1046 1047
f 1048 1049 1050
f 1051 1052 1053
f 1054 1055 1056
f 1057 1058 1059
f 1060 1061 1062
f 1063 1064 1065
f 1066 1067 1068
f 1069 1070 1071
f 1072 1073 1074
f 1075 1076 1077
f 1078 1079 1080
f 1081 1082 1083
f 1084 1085 1086
f 1087 1088 1089
f 1090 1091 1092
f 1093 1094 1095
f 1096 1097 1098
f 1099 1100 1101
f 1102 1103 1104
f 1105 1106 1107
f 1108 1109 1110
f 1111 1112 1113
f 1114 1115 1116
f 1117 1118 1119
f 1120 1121 1122
f 1123 1124 1125
f 1126 1127 1128
f 1129 1130 1131
f 1132 1133 1134
f 1135 1136 1137
f 1138 1139 1140
f 1141 1142 1143
f 1144 1145 1146
f 1147 1148 1149
f 1150 1151 1152
f 1153 1154 1155
f 1156 1157 1158
f 1159 1160 1161
f 1162 1163 1164
f 1165 1166 1167
f 1168 1169 1170
f 1171 1172 1173
f 1174 1175 1176
f 1177 1178 1179
f 1180 1181 1182
f 1183 1184 1185
f 1186 1187 1188
f 1189 1190 1191
f 1192 1193 1194
f 1195 1196 1197
f 1198 1199 1200
f 1201 1202 1203
f 1204 1205 1206
f 1207 1208 1209
f 1210 1211 1212
f 1213 1214 1215
f 1216 1217 1218
f 1219 1220 1221
f 1222 1223 1224
f 1225 1226 1227
f 1228 1229 1230
f 1231 1232 1233
f 1234 1235 1236
f 1237 1238 1239
f 1240 1241 1242
f 1243 1244 1245
f 1246 1247 1248
f 1249 1250 1251
f 1252 1253 1254
f 1255 1256 1257
f 1258 1259 1260
f 1261 1262 1263
f 1264 1265 1266
f 1267 1268 1269
f 1270 1271 1272
f 1273 1274 1275
f 1276 1277 1278
f 1279 1280 1281
f 1282 1283 1284
f 1285 1286 1287
f 1288 1289 1290
f 1291 1292 1293
f 1294 1295 1296
f 1297 1298 1299
f 1300 1301 1302
f 1303 1304 1305
f 1306 1307 1308
f 1309 1310 1311
f 1312 1313 1314
f 1315 1316 1317
f 1318 1319 1320
f 1321 1322 1323
f 1324 1325 1326
f 1327 1328 1329
f 1330 1331 1332
f 1333 1334 1335
f 1336 1337 1338
f 1339 1340 1341
f 1342 1343 1344
f 1345 1346 1347
f 1348 1349 1350
f 1351 1352 1353
f 1354 1355 1356
f 1357 1358 1359
f 1360 1361 1362
f 1363 1364 1365
f 1366 1367 1368
f 1369 1370 1371
f 1372 1373 1374
f 1375 1376 1377
f 1378 1379 1380
f 1381 1382 1383
f 1384 1385 1386
f 1387 1388 1389
f 1390 1391 1392
f 1393 1394 1395
f 1396 1397 1398
f 1399 1400 1401
f 1402 1403 1404
f 1405 1406 1407
f 1408 1409 1410
f 1411 1412 1413
f 1414 1415 1416
f 1417 1418 1419
f 1420 1421 1422
f 1423 1424 1425
f 1426 1427 1428
f 1429 1430 1431
f 1432 1433 1434
f 1435 1436 1437
f 1438 1439 1440
f 1441 1442 1443
f 1444 1445 1446
f 1447 1448 1449
f 1450 1451 1452
f 1453 1454 1455
f 1456 1457 1458
f 1459 1460 1461
f 1462 1463 1464
f 1465 1466 1467
f 1468 1469 1470
f 1471 1472 1473
f 1474 1475 1476
f 1477 1478 1479
f 1480 1481 1482
f 1483 1484 1485
f 1486 1487 1488
f 1489 1490 1491
f 1492 1493 1494
f 1495 1496 1497
f 1498 1499 1500
f 1501 1502 1503
f 1504 1505 1506
f 1507 1508 1509
f 1510 1511 1512
f 1513 1514 1515
f 1516 1517 1518
f 1519 1520 1521
f 1522 1523 1524
f 1525 1526 1527
f 1528 1529 1530
f 1531 1532 1533
f 1534 1535 1536
f 1537 1538 1539
f 1540 1541 1542
f 1543 1544 1545
f 1546 1547 1548
f 1549 1550 1551
f 1552 1553 1554
f 1555 1556 1557
f 1558 1559 1560
f 1561 1562 1563
f 1564 1565 1566
f 1567 1568 1569
f 1570 1571 1572
f 1573 1574 1575
f 1576 1577 1578
f 1579 1580 1581
f 1582 1583 1584
f 1585 1586 1587
f 1588 1589 1590
f 1591 1592 1593
f 1594 1595 1596
f 1597 1598 1599
f 1600 1601 1602
f 1603 1604 1605
f 1606 1607 1608
f 1609 1610 1611
f 1612 1613 1614
f 1615 1616 1617
f 1618 1619 1620
f 1621 1622 1623
f 1624 1625 1626
f 1627 1628 1629
f 1630 1631 1632
f 1633 1634 1635
f 1636 1637 1638
f 1639 1640 1641
f 1642 1643 1644
f 1645 1646 1647
f 1648 1649 1650
f 1651 1652 1653
f 1654 1655 1656
f 1657 1658 1659
f 1660 1661 1662
f 1663 1664 1665
f 1666 1667 1668
f 1669 1670 1671
f 1672 1673 1674
f 1675 1676 1677
f 1678 1679 1680
f 1681 1682 1683
f 1684 1685 1686
f 1687 1688 1689
f 1690 1691 1692
f 1693 1694 1695
f 1696 1697 1698
f 1699 1700 1701
f 1702 1703 1704
f 1705 1706 1707
f 1708 1709 1710
f 1711 1712 1713
f 1714 1715 1716
f 1717 1718 1719
f 1720 1721 1722
f 1723 1724 1725
f 1726 1727 1728
f 1729 1730 1731
f 1732 1733 1734
f 1735 1736 1737
f 1738 1739 1740
f 1741 1742 1743
f 1744 1745 1746
f 1747 1748 1749
f 1750 1751 1752
f 1753 1754 1755
f 1756 1757 1758
f 1759 1760 1761
f 1762 1763 1764
f 1765 1766 1767
f 1768 1769 1770
f 1771 1772 1773
f 1774 1775 1776
f 1777 1778 1779
f 1780 1781 1782
f 1783 1784 1785
f 1786 1787 1788
f 1789 1790 1791
f 1792 1793 1794
f 1795 1796 1797
f 1798 1799 1800
f 1801 1802 1803
f 1804 1805 1806
f 1807 1808 1809
f 1810 1811 1812
f 1813 1814 1815
f 1816 1817 1818
f 1819 1820 1821
f 1822 1823 1824
f 1825 1826 1827
f 1828 1829 1830
f 1831 1832 1833
f 1834 1835 1836
f 1837 1838 1839
f 1840 1841 1842
f 1843 1844 1845
f 1846 1847 1848
f 1849 1850 1851
f 1852 1853 1854
f 1855 1856 1857
f 1858 1859 1860
f 1861 1862 1863
f 1864 1865 1866
f 1867 1868 1869
f 1870 1871 1872
f 1873 1874 1875
f 1876 1877 1878
f 1879 1880 1881
f 1882 1883 1884
f 1885 1886 1887
f 1888 1889 1890
f 1891 1892 1893
f 1894 1895 1896
f 1897 1898 1899
f 1900 1901 1902
f 1903 1904 1905
f 1906 1907 1908
f 1909 1910 1911
f 1912 1913 1914
f 1915 1916 1917
f 1918 1919 1920
f 1921 1922 1923
f 1924 1925 1926
f 1927 1928 1929
f 1930 1931 1932
f 1933 1934 1935
f 1936 1937 1938
f 1939 1940 1941
f 1942 1943 1944
f 1945 1946 1947
f 1948 1949 1950
f 1951 1952 1953
f 1954 1955 1956
f 1957 1958 1959
f 1960 1961 1962
f 1963 1964 1965
f 1966 1967 1968
f 1969 1970 1971
f 1972 1973 1974
f 1975 1976 1977
f 1978 1979 1980
f 1981 1982 1983
f 1984 1985 1986
f 1987 1988 1989
f 1990 1991 1992
f 1993 1994 1995
f 1996 1997 1998
f 1999 2000 2001
f 2002 2003 2004
f 2005 2006 2007
f 2008 2009 2010
f 2011 2012 2013
f 2014 2015 2016
f 2017 2018 2019
f 2020 2021 2022
f 2023 2024 2025
f 2026 2027 2028
f 2029 2030 2031
f 2032 2033 2034
f 2035 2036 2037
f 2038 2039 2040
f 2041 2042 2043
f 2044 2045 2046
f 2047 2048 2049
f 2050 2051 2052
f 2053 2054 2055
f 2056 2057 2058
f 2059 2060 2061
f 2062 2063 2064
f 2065 2066 2067
f 2068 2069 2070
f 2071 2072 2073
f 2074 2075 2076
f 2077 2078 2079
f 2080 2081 2082
f 2083 2084 2085
f 2086 2087 2088
f 2089 2090 2091
f 2092 2093 2094
f 2095 2096 2097
f 2098 2099 2100
f 2101 2102 2103
f 2104 2105 2106
f 2107 2108 2109
f 2110 2111 2112
f 2113 2114 2115
f 2116 2117 2118
f 2119 2120 2121
f 2122 2123 2124
f 2125 2126 2127
f 2128 2129 2130
f 2131 2132 2133
f 2134 2135 2136
f 2137 2138 2139
f 2140 2141 2142
f 2143 2144 2145
f 2146 2147 2148
f 2149 2150 2151
f 2152 2153 2154
f 2155 2156 2157
f 2158 2159 2160
f 2161 2162 2163
f 2164 2165 2166
f 2167 2168 2169
f 2170 2171 2172
f 2173 2174 2175
f 2176 2177 2178
f 2179 2180 2181
f 2182 2183 2184
f 2185 2186 2187
f 2188 2189 2190
f 2191 2192 2193
f 2194 2195 2196
f 2197 2198 2199
f 2200 2201 2202
f 2203 2204 2205
f 2206 2207 2208
f 2209 2210 2211
f 2212 2213 2214
f 2215 2216 2217
f 2218 2219 2220
f 2221 2222 2223
f 2224 2225 2226
f 2227 2228 2229
f 2230 2231 2232
f 2233 2234 2235
f 2236 2237 2238
f 2239 2240 2241
f 2242 2243 2244
f 2245 2246 2247
f 2248 2249 2250
f 2251 2252 2253
f 2254 2255 2256
f 2257 2258 2259
f 2260 2261 2262
f 2263 2264 2265
f 2266 2267 2268
f 2269 2270 2271
f 2272 2273 2274
f 2275 2276 2277
f 2278 2279 2280
f 2281 2282 2283
f 2284 2285 2286
f 2287 2288 2289
f 2290 2291 2292
f 2293 2294 2295
f 2296 2297 2298
f 2299 2300 2301
f 2302 2303 2304
f 2305 2306 2307
f 2308 2309 2310
f 2311 2312 2313
f 2314 2315 2316
f 2317 2318 2319
f 2320 2321 2322
f 2323 2324 2325
f 2326 2327 2328
f 2329 2330 2331
f 2332 2333 2334
f 2335 2336 2337
f 2338 2339 2340
f 2341 2342 2343
f 2344 2345 2346
f 2347 2348 2349
f 2350 2351 2352
f 2353 2354 2355
f 2356 2357 2358
f 2359 2360 2361
f 2362 2363 2364
f 2365 2366 2367
f 2368 2369 2370
f 2371 2372 2373
f 2374 2375 2376
f 2377 2378 2379
f 2380 2381 2382
f 2383 2384 2385
f 2386 2387 2388
f 2389 2390 2391
f 2392 2393 2394
f 2395 2396 2397
f 2398 2399 2400
o Siltstone
v 275.14926 187.53519 332.19812
v 274.36209 62.48473 331.8064
v 337.61819 187.53682 319.38391
v 291.60892 312.58582 335.36978
v 275.14926 187.53519 332.19812
v 354.08035 312.59668 322.75519
v 321.51285 430.43469 341.01599
v 291.60892 312.58582 335.36978
v 369.3421 383.94888 326.99088
v 438.93393 561.23969 338.29852
v 398.24426 467.353 331.56903
v 481.6521 518.63654 324.8194
v 518.0296 187.54167 283.02347
v 526.09686 62.41486 283.89267
v 580.4776 187.52573 270.8522
v 628.70465 187.58968 270.81201
v 642.24579 62.15368 302.86606
v 644.22235 187.77608 302.16837
v 644.22235 187.77608 302.16837
v 700.92493 62.64268 340.36826
v 701.88196 187.99355 339.0369
v 535.99579 312.68179 286.34406
v 518.0296 187.54167 283.02347
v 598.46173 312.69257 274.18533
v 570.49249 430.0014 294.95239
v 535.99579 312.68179 286.34406
v 617.79248 383.04083 279.85086
v 627.17456 313.1778 274.2663
v 644.22235 187.77608 302.16837
v 641.25507 313.65213 302.42001
v 641.25507 313.65213 302.42001
v 701.88196 187.99355 339.0369
v 700.51337 313.62311 339.73428
v 625.66199 383.05478 279.87
v 641.25507 313.65213 302.42001
v 633.28906 430.25101 302.14377
v 633.28906 430.25101 302.14377
v 700.51337 313.62311 339.73428
v 696.96222 438.09122 342.04922
v 567.61877 680.19989 340.75119
v 529.23126 601.99792 331.68631
v 612.60675 633.76068 326.46631
v 629.56207 562.57397 319.21298
v 696.96222 438.09122 342.04922
v 692.02881 561.67639 345.00726
v 625.80219 633.74219 326.51385
v 692.02881 561.67639 345.00726
v 676.20801 678.59723 347.89063
v 34.09668 187.52209 381.1593
v 30.20213 62.50132 380.26547
v 96.57519 187.52573 368.60178
v 48.46326 312.53729 383.84845
v 34.09668 187.52209 381.1593
v 110.93565 312.54553 371.53705
v 73.32089 428.62479 387.40134
v 48.46326 312.53729 383.84845
v 122.25356 381.00952 374.47119
v 185.37587 572.04852 381.02295
v 142.36838 464.37228 377.75787
v 225.72221 536.68109 370.44586
v 24.73181 812.48126 425.65601
v 7.85371 734.57642 423.01373
v 87.2339 812.47327 417.30255
v 42.14138 937.49518 428.10355
v 24.73181 812.48126 425.65601
v 104.65116 937.49164 420.39276
v 281.43283 687.50427 379.38757
v 253.80354 619.98608 375.58798
v 343.93903 687.4812 370.45163
v 323.02118 803.06281 386.56393
v 281.43283 687.50427 379.38757
v 371.43851 755.16461 374.53699
v 419.24225 937.41156 381.61432
v 401.46039 838.45972 378.9444
v 481.83691 937.45502 373.68985
v 780.69635 187.45384 362.11493
v 819.16608 61.56322 396.47916
v 823.25555 187.17448 394.59393
v 823.25555 187.17448 394.59393
v 840.20282 61.38515 443.32507
v 844.40704 187.02202 441.34781
v 844.40704 187.02202 441.34781
v 863.09363 61.3837 470.8063
v 864.99573 186.93613 468.13797
v 779.6142 313.9548 362.9592
v 823.25555 187.17448 394.59393
v 820.99451 314.18015 395.13583
v 820.99451 314.18015 395.13583
v 844.40704 187.02202 441.34781
v 842.29352 314.20438 441.93179
v 775.75116 438.84482 365.71033
v 820.99451 314.18015 395.13583
v 812.50037 439.0311 396.77902
v 812.50037 439.0311 396.77902
v 842.29352 314.20438 441.93179
v 833.97241 439.09723 443.60764
v 842.29352 314.20438 441.93179
v 864.99573 186.93613 468.13797
v 863.96851 313.96613 469.03918
v 833.97241 439.09723 443.60764
v 863.96851 313.96613 469.03918
v 859.82654 438.80032 471.87189
v 952.27966 421.10168 499.77695
v 1000.46222 375.00381 515.62878
v 997.51837 439.64221 519.6748
v 769.8714 562.71118 368.75745
v 812.50037 439.0311 396.77902
v 800.29199 562.77747 397.98929
v 800.29199 562.77747 397.98929
v 833.97241 439.09723 443.60764
v 822.00452 562.87036 444.82855
v 763.52106 686.57513 371.6586
v 800.29199 562.77747 397.98929
v 787.66083 686.60364 398.93298
v 787.66083 686.60364 398.93298
v 822.00452 562.87036 444.82855
v 809.63855 686.7428 445.77124
v 822.00452 562.87036 444.82855
v 859.82654 438.80032 471.87189
v 853.81091 562.67096 474.80246
v 809.63855 686.7428 445.77124
v 853.81091 562.67096 474.80246
v 847.81445 686.7052 477.62143
v 928.65546 563.62183 497.62265
v 997.51837 439.64221 519.6748
v 994.09235 575.35498 537.99017
v 924.24799 687.54645 500.82635
v 994.09235 575.35498 537.99017
v 988.77368 668.38495 546.8219
v 758.01733 810.89307 374.49338
v 787.66083 686.60364 398.93298
v 777.13269 810.85834 400.16663
v 777.13269 810.85834 400.16663
v 809.63855 686.7428 445.77124
v 799.41174 811.06482 446.9527
v 754.68701 936.68738 376.99222
v 777.13269 810.85834 400.16663
v 771.16522 936.64716 401.85269
v 771.16522 936.64716 401.85269
v 799.41174 811.06482 446.9527
v 793.76813 936.7619 448.55176
v 799.41174 811.06482 446.9527
v 847.81445 686.7052 477.62143
v 843.2478 811.21985 480.37149
v 793.76813 936.7619 448.55176
v 843.2478 811.21985 480.37149
v 841.05408 936.87872 482.68506
v 920.69745 811.93787 503.4292
v 988.77368 668.38495 546.8219
v 976.28656 811.67126 540.53259
v 919.0744 937.16254 505.24054
v 976.28656 811.67126 540.53259
v 971.93726 937.10706 541.42505
v 988.77368 668.38495 546.8219
v 1000.55853 625.00385 562.33295
v 998.02795 677.15558 563.5578
v 976.28656 811.67126 540.53259
v 998.02795 677.15558 563.5578
v 993.901 811.5661 565.79858
v 971.93726 937.10706 541.42505
v 993.901 811.5661 565.79858
v 992.03625 937.10822 567.25928
v 408.40948 1404.54187 333.44022
v 445.17862 1321.1145 344.27936
v 444.95923 1442.62146 318.86301
v 165.10289 1687.42285 335.77829
v 198.21765 1572.64087 344.40714
v 227.56596 1687.39832 322.55231
v 52.60455 1937.47607 338.23904
v 74.06106 1822.89612 341.54105
v 115.07365 1937.46716 325.45148
v 139.81032 1788.19568 330.77771
v 165.10289 1687.42285 335.77829
v 183.79128 1822.86658 318.39682
v 279.62885 1537.69946 333.38644
v 317.83795 1442.76746 342.64218
v 317.6655 1572.49731 319.811
v 399.67477 1687.33887 285.34705
v 442.17258 1566.15906 295.21085
v 462.12686 1687.31262 271.73563
v 293.15683 1937.46973 288.99847
v 318.8013 1807.74927 290.87878
v 355.65167 1937.47449 276.42346
v 379.34216 1762.98962 282.1004
v 399.67477 1687.33887 285.34705
v 427.34149 1807.7644 267.53418
v 634.26489 1442.37878 303.8992
v 678.98303 1308.57336 344.00253
v 697.70264 1437.43213 342.59833
v 525.87872 1527.05371 285.7908
v 565.48999 1442.61633 296.83249
v 565.27911 1565.95862 269.34299
v 630.27966 1561.37317 268.87207
v 634.26489 1442.37878 303.8992
v 647.41553 1560.55273 302.9523
v 647.41553 1560.55273 302.9523
v 697.70264 1437.43213 342.59833
v 703.73962 1560.54749 339.3783
v 633.16962 1695.33276 253.60915
v 647.41553 1560.55273 302.9523
v 656.65082 1685.80676 302.25461
v 656.65082 1685.80676 302.25461
v 703.73962 1560.54749 339.3783
v 708.07715 1685.6936 337.33572
v 549.27032 1812.39563 242.20152
v 572.1958 1695.71313 247.31161
v 611.75043 1812.26025 232.32309
v 546.48883 1937.52405 240.51366
v 549.27032 1812.39563 242.20152
v 609.05383 1937.5686 232.55713
v 625.73737 1812.10779 232.19849
v 633.16962 1695.33276 253.60915
v 638.31335 1811.77893 255.67706
v 626.18713 1937.69336 232.70122
v 638.31335 1811.77893 255.67706
v 638.54468 1937.33606 256.29813
v 638.31335 1811.77893 255.67706
v 656.65082 1685.80676 302.25461
v 661.02539 1811.85803 302.40656
v 661.02539 1811.85803 302.40656
v 708.07715 1685.6936 337.33572
v 710.2995 1811.72437 337.09213
v 638.54468 1937.33606 256.29813
v 661.02539 1811.85803 302.40656
v 660.7934 1937.4303 303.13257
v 660.7934 1937.4303 303.13257
v 710.2995 1811.72437 337.09213
v 710.25854 1937.23706 338.17264
v 37.99725 1062.53479 427.63815
v 42.14138 937.49518 428.10355
v 100.50653 1062.53955 420.0127
v 19.53515 1157.573 424.67542
v 37.99725 1062.53479 427.63815
v 61.77262 1194.57849 416.56024
v 148.70447 1402.53418 378.82336
v 189.2762 1313.45349 385.25162
v 189.21204 1441.51172 365.97998
v 414.39325 1062.67651 381.76111
v 419.24225 937.41156 381.61432
v 476.86542 1062.60425 373.06689
v 394.76196 1146.36816 378.09933
v 414.39325 1062.67651 381.76111
v 436.98666 1187.93701 367.67322
v 273.41418 1272.39075 378.49768
v 314.23206 1187.90344 385.06659
v 314.1109 1313.51929 366.09216
v 24.82104 1562.45361 379.14459
v 68.3701 1441.54602 387.17313
v 87.31972 1562.45203 367.34012
v 2.62308 1629.87854 375.51553
v 24.82104 1562.45361 379.14459
v 51.51719 1677.90344 360.33197
v 755.49927 1064.31909 376.9718
v 771.16522 936.64716 401.85269
v 772.62817 1064.42798 402.04166
v 772.62817 1064.42798 402.04166
v 793.76813 936.7619 448.55176
v 795.16071 1064.26611 448.72342
v 760.80011 1190.26477 373.9039
v 772.62817 1064.42798 402.04166
v 782.14697 1190.43469 400.25317
v 782.14697 1190.43469 400.25317
v 795.16071 1064.26611 448.72342
v 804.20245 1190.16394 447.0141
v 795.16071 1064.26611 448.72342
v 841.05408 936.87872 482.68506
v 841.61206 1063.98596 482.67712
v 804.20245 1190.16394 447.0141
v 841.61206 1063.98596 482.67712
v 845.36072 1189.97986 479.75827
v 919.49182 1063.38293 505.30261
v 971.93726 937.10706 541.42505
v 972.92035 1063.41589 541.64917
v 922.08612 1188.85095 502.84973
v 972.92035 1063.41589 541.64917
v 979.60767 1188.99255 540.72455
v 768.48285 1313.68933 370.05316
v 782.14697 1190.43469 400.25317
v 796.96265 1313.75916 398.56439
v 796.96265 1313.75916 398.56439
v 804.20245 1190.16394 447.0141
v 818.61664 1313.61755 445.35129
v 776.42719 1436.20215 366.16077
v 796.96265 1313.75916 398.56439
v 813.42352 1435.91333 397.15314
v 813.42352 1435.91333 397.15314
v 818.61664 1313.61755 445.35129
v 834.79724 1435.83508 443.87811
v 818.61664 1313.61755 445.35129
v 845.36072 1189.97986 479.75827
v 852.16766 1313.77368 475.91339
v 834.79724 1435.83508 443.87811
v 852.16766 1313.77368 475.91339
v 860.28735 1436.16016 472.0311
v 926.72675 1312.53601 498.70398
v 979.60767 1188.99255 540.72455
v 991.27856 1307.17749 540.02563
v 943.474 1441.0166 495.53705
v 991.27856 1307.17749 540.02563
v 996.21954 1405.30127 523.65845
v 972.92035 1063.41589 541.64917
v 992.03625 937.10822 567.25928
v 992.47742 1063.42004 567.32385
v 979.60767 1188.99255 540.72455
v 992.47742 1063.42004 567.32385
v 995.3642 1189.20496 565.50171
v 991.27856 1307.17749 540.02563
v 995.3642 1189.20496 565.50171
v 998.75446 1261.52576 562.93481
v 782.7901 1559.90393 362.51639
v 813.42352 1435.91333 397.15314
v 827.40765 1559.48877 395.66696
v 827.40765 1559.48877 395.66696
v 834.79724 1435.83508 443.87811
v 848.5119 1559.51074 442.41031
v 786.67413 1685.63904 360.18552
v 827.40765 1559.48877 395.66696
v 836.05017 1685.78345 394.83798
v 836.05017 1685.78345 394.83798
v 848.5119 1559.51074 442.41031
v 856.97302 1685.93677 441.68643
v 848.5119 1559.51074 442.41031
v 860.28735 1436.16016 472.0311
v 867.0575 1559.91357 468.61295
v 856.97302 1685.93677 441.68643
v 867.0575 1559.91357 468.61295
v 871.24628 1686.21265 466.71454
v 787.98175 1811.96838 360.14215
v 836.05017 1685.78345 394.83798
v 838.44806 1812.59106 395.58279
v 838.44806 1812.59106 395.58279
v 856.97302 1685.93677 441.68643
v 859.15735 1812.74634 442.45117
v 786.87128 1937.44617 361.61832
v 838.44806 1812.59106 395.58279
v 835.43219 1937.8717 396.9642
v 835.43219 1937.8717 396.9642
v 859.15735 1812.74634 442.45117
v 855.96533 1938.00598 443.8085
v 859.15735 1812.74634 442.45117
v 871.24628 1686.21265 466.71454
v 872.42041 1812.81604 467.16342
v 855.96533 1938.00598 443.8085
v 872.42041 1812.81604 467.16342
v 870.87195 1938.04175 468.96857
v 1184.6001 814.88727 567.84076
v 1140.9082 740.38287 563.81635
v 1224.26099 774.93024 560.4823
v 1291.56824 937.4751 567.09814
v 1270.23389 858.28302 564.04523
v 1354.06238 937.47632 562.5575
v 1028.56506 1261.40833 562.84467
v 1066.53308 1195.02185 567.12042
v 1067.25562 1306.99438 552.42853
v 1283.46362 1062.58203 566.72632
v 1291.56824 937.4751 567.09814
v 1345.95288 1062.56934 562.08868
v 1259.40161 1130.93628 563.19379
v 1283.46362 1062.58203 566.72632
v 1305.70117 1178.67578 555.69696
v 1338.53247 158.31348 516.29059
v 1303.16687 194.88945 512.53986
v 1303.13416 73.78152 521.57056
v 1309.92773 426.71338 518.82275
v 1266.56824 377.68256 515.3421
v 1349.90662 353.9408 515.56018
v 1430.5907 312.35788 516.14734
v 1384.25586 270.57047 514.94043
v 1430.60498 194.9259 517.89856
v 1999.2229 127.08236 562.57867
v 1958.03735 167.69012 555.98975
v 1976.2262 62.44186 563.72864
v 1973.2146 687.50812 564.97467
v 1910.72351 687.51178 558.82092
v 1992.5437 606.24017 563.19189
v 1865.17236 937.50775 564.3172
v 1802.71179 937.50818 558.88885
v 1870.10791 865.36145 562.91321
v 1933.01514 819.20905 567.11261
v 1888.38757 782.01947 561.42816
v 1973.2146 687.50812 564.97467
v 1866.89844 1015.42163 563.27643
v 1820.11487 1059.2627 558.00336
v 1865.17236 937.50775 564.3172
v 1970.6311 1161.69299 565.33618
v 1932.37866 1197.01233 559.31317
v 1932.31775 1059.28687 567.84991
v 1725.25366 1523.87158 516.51355
v 1685.20398 1564.27002 511.08252
v 1685.18237 1443.98816 519.86609
v 1835.81506 1687.48096 517.83881
v 1773.29614 1687.48645 512.63251
v 1807.05225 1564.27148 519.50079
v 1833.00562 1812.52783 517.96924
v 1770.4906 1812.52454 512.97571
v 1835.81506 1687.48096 517.83881
v 1804.77576 1931.49219 520.1944
v 1757.84839 1885.73962 514.95251
v 1833.00562 1812.52783 517.96924
v 92.68585 62.49896 367.89188
v 96.57519 187.52573 368.60178
v 30.20213 62.50132 380.26547
v 96.57519 187.52573 368.60178
v 110.93565 312.54553 371.53705
v 34.09668 187.52209 381.1593
v 110.93565 312.54553 371.53705
v 122.25356 381.00952 374.47119
v 48.46326 312.53729 383.84845
v 185.34636 428.6781 366.30893
v 225.72221 536.68109 370.44586
v 142.36838 464.37228 377.75787
v 336.8392 62.4737 319.51758
v 337.61819 187.53682 319.38391
v 274.36209 62.48473 331.8064
v 337.61819 187.53682 319.38391
v 354.08035 312.59668 322.75519
v 275.14926 187.53519 332.19812
v 354.08035 312.59668 322.75519
v 369.3421 383.94888 326.99088
v 291.60892 312.58582 335.36978
v 438.80362 430.55341 318.91391
v 481.6521 518.63654 324.8194
v 398.24426 467.353 331.56903
v 302.27139 572.00165 361.91086
v 343.93903 687.4812 370.45163
v 253.80354 619.98608 375.58798
v 343.93903 687.4812 370.45163
v 371.43851 755.16461 374.53699
v 281.43283 687.50427 379.38757
v 440.93008 803.12122 371.15137
v 481.83691 937.45502 373.68985
v 401.46039 838.45972 378.9444
v 481.83691 937.45502 373.68985
v 476.86542 1062.60425 373.06689
v 419.24225 937.41156 381.61432
v 588.57312 62.40099 273.03036
v 580.4776 187.52573 270.8522
v 526.09686 62.41486 283.89267
v 580.4776 187.52573 270.8522
v 598.46173 312.69257 274.18533
v 518.0296 187.54167 283.02347
v 642.24579 62.15368 302.86606
v 628.70465 187.58968 270.81201
v 627.91541 62.13877 273.38565
v 644.22235 187.77608 302.16837
v 627.17456 313.1778 274.2663
v 628.70465 187.58968 270.81201
v 700.92493 62.64268 340.36826
v 644.22235 187.77608 302.16837
v 642.24579 62.15368 302.86606
v 701.88196 187.99355 339.0369
v 641.25507 313.65213 302.42001
v 644.22235 187.77608 302.16837
v 598.46173 312.69257 274.18533
v 617.79248 383.04083 279.85086
v 535.99579 312.68179 286.34406
v 641.25507 313.65213 302.42001
v 625.66199 383.05478 279.87
v 627.17456 313.1778 274.2663
v 700.51337 313.62311 339.73428
v 633.28906 430.25101 302.14377
v 641.25507 313.65213 302.42001
v 696.96222 438.09122 342.04922
v 629.56207 562.57397 319.21298
v 633.28906 430.25101 302.14377
v 819.16608 61.56322 396.47916
v 780.69635 187.45384 362.11493
v 779.06396 61.80943 364.11075
v 823.25555 187.17448 394.59393
v 779.6142 313.9548 362.9592
v 780.69635 187.45384 362.11493
v 820.99451 314.18015 395.13583
v 775.75116 438.84482 365.71033
v 779.6142 313.9548 362.9592
v 812.50037 439.0311 396.77902
v 769.8714 562.71118 368.75745
v 775.75116 438.84482 365.71033
v 567.4516 561.29144 318.53137
v 612.60675 633.76068 326.46631
v 529.23126 601.99792 331.68631
v 692.02881 561.67639 345.00726
v 625.80219 633.74219 326.51385
v 629.56207 562.57397 319.21298
v 800.29199 562.77747 397.98929
v 763.52106 686.57513 371.6586
v 769.8714 562.71118 368.75745
v 787.66083 686.60364 398.93298
v 758.01733 810.89307 374.49338
v 763.52106 686.57513 371.6586
v 777.13269 810.85834 400.16663
v 754.68701 936.68738 376.99222
v 758.01733 810.89307 374.49338
v 771.16522 936.64716 401.85269
v 755.49927 1064.31909 376.9718
v 754.68701 936.68738 376.99222
v 54.75113 690.72119 413.03265
v 87.2339 812.47327 417.30255
v 7.85371 734.57642 423.01373
v 87.2339 812.47327 417.30255
v 104.65116 937.49164 420.39276
v 24.73181 812.48126 425.65601
v 104.65116 937.49164 420.39276
v 100.50653 1062.53955 420.0127
v 42.14138 937.49518 428.10355
v 840.20282 61.38515 443.32507
v 823.25555 187.17448 394.59393
v 819.16608 61.56322 396.47916
v 863.09363 61.3837 470.8063
v 844.40704 187.02202 441.34781
v 840.20282 61.38515 443.32507
v 844.40704 187.02202 441.34781
v 820.99451 314.18015 395.13583
v 823.25555 187.17448 394.59393
v 864.99573 186.93613 468.13797
v 842.29352 314.20438 441.93179
v 844.40704 187.02202 441.34781
v 842.29352 314.20438 441.93179
v 812.50037 439.0311 396.77902
v 820.99451 314.18015 395.13583
v 863.96851 313.96613 469.03918
v 833.97241 439.09723 443.60764
v 842.29352 314.20438 441.93179
v 833.97241 439.09723 443.60764
v 800.29199 562.77747 397.98929
v 812.50037 439.0311 396.77902
v 859.82654 438.80032 471.87189
v 822.00452 562.87036 444.82855
v 833.97241 439.09723 443.60764
v 1000.46222 375.00381 515.62878
v 952.27966 421.10168 499.77695
v 946.28009 325.54346 491.44955
v 997.51837 439.64221 519.6748
v 928.65546 563.62183 497.62265
v 952.27966 421.10168 499.77695
v 822.00452 562.87036 444.82855
v 787.66083 686.60364 398.93298
v 800.29199 562.77747 397.98929
v 853.81091 562.67096 474.80246
v 809.63855 686.7428 445.77124
v 822.00452 562.87036 444.82855
v 809.63855 686.7428 445.77124
v 777.13269 810.85834 400.16663
v 787.66083 686.60364 398.93298
v 847.81445 686.7052 477.62143
v 799.41174 811.06482 446.9527
v 809.63855 686.7428 445.77124
v 994.09235 575.35498 537.99017
v 924.24799 687.54645 500.82635
v 928.65546 563.62183 497.62265
v 1000.55853 625.00385 562.33295
v 988.77368 668.38495 546.8219
v 994.09235 575.35498 537.99017
v 988.77368 668.38495 546.8219
v 920.69745 811.93787 503.4292
v 924.24799 687.54645 500.82635
v 998.02795 677.15558 563.5578
v 976.28656 811.67126 540.53259
v 988.77368 668.38495 546.8219
v 799.41174 811.06482 446.9527
v 771.16522 936.64716 401.85269
v 777.13269 810.85834 400.16663
v 843.2478 811.21985 480.37149
v 793.76813 936.7619 448.55176
v 799.41174 811.06482 446.9527
v 793.76813 936.7619 448.55176
v 772.62817 1064.42798 402.04166
v 771.16522 936.64716 401.85269
v 841.05408 936.87872 482.68506
v 795.16071 1064.26611 448.72342
v 793.76813 936.7619 448.55176
v 976.28656 811.67126 540.53259
v 919.0744 937.16254 505.24054
v 920.69745 811.93787 503.4292
v 993.901 811.5661 565.79858
v 971.93726 937.10706 541.42505
v 976.28656 811.67126 540.53259
v 971.93726 937.10706 541.42505
v 919.49182 1063.38293 505.30261
v 919.0744 937.16254 505.24054
v 992.03625 937.10822 567.25928
v 972.92035 1063.41589 541.64917
v 971.93726 937.10706 541.42505
v 113.9017 1485.87708 372.97592
v 87.31972 1562.45203 367.34012
v 68.3701 1441.54602 387.17313
v 232.05475 1355.71667 372.06677
v 189.21204 1441.51172 365.97998
v 189.2762 1313.45349 385.25162
v 356.77161 1229.73254 372.61832
v 314.1109 1313.51929 366.09216
v 314.23206 1187.90344 385.06659
v 476.86542 1062.60425 373.06689
v 436.98666 1187.93701 367.67322
v 414.39325 1062.67651 381.76111
v 363.06433 1487.94067 325.76947
v 317.6655 1572.49731 319.811
v 317.83795 1442.76746 342.64218
v 491.80472 1368.34961 326.74216
v 444.95923 1442.62146 318.86301
v 445.17862 1321.1145 344.27936
v 87.31972 1562.45203 367.34012
v 51.51719 1677.90344 360.33197
v 24.82104 1562.45361 379.14459
v 247.08249 1621.11536 327.52795
v 227.56596 1687.39832 322.55231
v 198.21765 1572.64087 344.40714
v 227.56596 1687.39832 322.55231
v 183.79128 1822.86658 318.39682
v 165.10289 1687.42285 335.77829
v 123.60986 1871.56995 327.83978
v 115.07365 1937.46716 325.45148
v 74.06106 1822.89612 341.54105
v 487.20361 1610.48975 278.3913
v 462.12686 1687.31262 271.73563
v 442.17258 1566.15906 295.21085
v 462.12686 1687.31262 271.73563
v 427.34149 1807.7644 267.53418
v 399.67477 1687.33887 285.34705
v 364.88364 1846.31567 278.72568
v 355.65167 1937.47449 276.42346
v 318.8013 1807.74927 290.87878
v 609.29565 1487.88257 278.0791
v 565.27911 1565.95862 269.34299
v 565.48999 1442.61633 296.83249
v 634.26489 1442.37878 303.8992
v 630.27966 1561.37317 268.87207
v 626.5199 1487.86755 278.15558
v 678.98303 1308.57336 344.00253
v 634.26489 1442.37878 303.8992
v 629.29028 1342.45288 320.29666
v 697.70264 1437.43213 342.59833
v 647.41553 1560.55273 302.9523
v 634.26489 1442.37878 303.8992
v 772.62817 1064.42798 402.04166
v 760.80011 1190.26477 373.9039
v 755.49927 1064.31909 376.9718
v 782.14697 1190.43469 400.25317
v 768.48285 1313.68933 370.05316
v 760.80011 1190.26477 373.9039
v 796.96265 1313.75916 398.56439
v 776.42719 1436.20215 366.16077
v 768.48285 1313.68933 370.05316
v 813.42352 1435.91333 397.15314
v 782.7901 1559.90393 362.51639
v 776.42719 1436.20215 366.16077
v 620.9873 1743.33118 234.22083
v 611.75043 1812.26025 232.32309
v 572.1958 1695.71313 247.31161
v 647.41553 1560.55273 302.9523
v 633.16962 1695.33276 253.60915
v 630.27966 1561.37317 268.87207
v 633.16962 1695.33276 253.60915
v 625.73737 1812.10779 232.19849
v 625.39264 1743.32166 234.21875
v 656.65082 1685.80676 302.25461
v 638.31335 1811.77893 255.67706
v 633.16962 1695.33276 253.60915
v 703.73962 1560.54749 339.3783
v 656.65082 1685.80676 302.25461
v 647.41553 1560.55273 302.9523
v 708.07715 1685.6936 337.33572
v 661.02539 1811.85803 302.40656
v 656.65082 1685.80676 302.25461
v 611.75043 1812.26025 232.32309
v 609.05383 1937.5686 232.55713
v 549.27032 1812.39563 242.20152
v 638.31335 1811.77893 255.67706
v 626.18713 1937.69336 232.70122
v 625.73737 1812.10779 232.19849
v 661.02539 1811.85803 302.40656
v 638.54468 1937.33606 256.29813
v 638.31335 1811.77893 255.67706
v 710.2995 1811.72437 337.09213
v 660.7934 1937.4303 303.13257
v 661.02539 1811.85803 302.40656
v 827.40765 1559.48877 395.66696
v 786.67413 1685.63904 360.18552
v 782.7901 1559.90393 362.51639
v 836.05017 1685.78345 394.83798
v 787.98175 1811.96838 360.14215
v 786.67413 1685.63904 360.18552
v 838.44806 1812.59106 395.58279
v 786.87128 1937.44617 361.61832
v 787.98175 1811.96838 360.14215
v 100.50653 1062.53955 420.0127
v 61.77262 1194.57849 416.56024
v 37.99725 1062.53479 427.63815
v 795.16071 1064.26611 448.72342
v 782.14697 1190.43469 400.25317
v 772.62817 1064.42798 402.04166
v 841.61206 1063.98596 482.67712
v 804.20245 1190.16394 447.0141
v 795.16071 1064.26611 448.72342
v 804.20245 1190.16394 447.0141
v 796.96265 1313.75916 398.56439
v 782.14697 1190.43469 400.25317
v 845.36072 1189.97986 479.75827
v 818.61664 1313.61755 445.35129
v 804.20245 1190.16394 447.0141
v 972.92035 1063.41589 541.64917
v 922.08612 1188.85095 502.84973
v 919.49182 1063.38293 505.30261
v 992.47742 1063.42004 567.32385
v 979.60767 1188.99255 540.72455
v 972.92035 1063.41589 541.64917
v 979.60767 1188.99255 540.72455
v 926.72675 1312.53601 498.70398
v 922.08612 1188.85095 502.84973
v 995.3642 1189.20496 565.50171
v 991.27856 1307.17749 540.02563
v 979.60767 1188.99255 540.72455
v 818.61664 1313.61755 445.35129
v 813.42352 1435.91333 397.15314
v 796.96265 1313.75916 398.56439
v 852.16766 1313.77368 475.91339
v 834.79724 1435.83508 443.87811
v 818.61664 1313.61755 445.35129
v 834.79724 1435.83508 443.87811
v 827.40765 1559.48877 395.66696
v 813.42352 1435.91333 397.15314
v 860.28735 1436.16016 472.0311
v 848.5119 1559.51074 442.41031
v 834.79724 1435.83508 443.87811
v 991.27856 1307.17749 540.02563
v 943.474 1441.0166 495.53705
v 926.72675 1312.53601 498.70398
v 848.5119 1559.51074 442.41031
v 836.05017 1685.78345 394.83798
v 827.40765 1559.48877 395.66696
v 867.0575 1559.91357 468.61295
v 856.97302 1685.93677 441.68643
v 848.5119 1559.51074 442.41031
v 856.97302 1685.93677 441.68643
v 838.44806 1812.59106 395.58279
v 836.05017 1685.78345 394.83798
v 871.24628 1686.21265 466.71454
v 859.15735 1812.74634 442.45117
v 856.97302 1685.93677 441.68643
v 859.15735 1812.74634 442.45117
v 835.43219 1937.8717 396.9642
v 838.44806 1812.59106 395.58279
v 872.42041 1812.81604 467.16342
v 855.96533 1938.00598 443.8085
v 859.15735 1812.74634 442.45117
v 1184.55566 694.2298 554.24817
v 1224.26099 774.93024 560.4823
v 1140.9082 740.38287 563.81635
v 1312.17249 814.95599 558.08234
v 1354.06238 937.47632 562.5575
v 1270.23389 858.28302 564.04523
v 1354.06238 937.47632 562.5575
v 1345.95288 1062.56934 562.08868
v 1291.56824 937.4751 567.09814
v 1111.96802 1240.94263 561.31061
v 1067.25562 1306.99438 552.42853
v 1066.53308 1195.02185 567.12042
v 1345.95288 1062.56934 562.08868
v 1305.70117 1178.67578 555.69696
v 1283.46362 1062.58203 566.72632
v 1255.1665 123.24122 515.41333
v 1303.13416 73.78152 521.57056
v 1303.16687 194.88945 512.53986
v 1384.2439 241.69743 515.21588
v 1430.60498 194.9259 517.89856
v 1384.25586 270.57047 514.94043
v 1309.97058 312.42291 512.56403
v 1349.90662 353.9408 515.56018
v 1266.56824 377.68256 515.3421
v 1931.01892 74.91968 558.41937
v 1976.2262 62.44186 563.72864
v 1958.03735 167.69012 555.98975
v 1945.58301 563.76843 556.11823
v 1992.5437 606.24017 563.19189
v 1910.72351 687.51178 558.82092
v 1910.72351 687.51178 558.82092
v 1973.2146 687.50812 564.97467
v 1888.38757 782.01947 561.42816
v 1822.0647 819.22394 557.23157
v 1870.10791 865.36145 562.91321
v 1802.71179 937.50818 558.88885
v 1802.71179 937.50818 558.88885
v 1865.17236 937.50775 564.3172
v 1820.11487 1059.2627 558.00336
v 1641.90002 1490.12585 514.58527
v 1685.18237 1443.98816 519.86609
v 1685.20398 1564.27002 511.08252
v 1887.29321 1098.77856 561.71594
v 1932.31775 1059.28687 567.84991
v 1932.37866 1197.01233 559.31317
v 1761.59082 1607.22778 514.46429
v 1807.05225 1564.27148 519.50079
v 1773.29614 1687.48645 512.63251
v 1773.29614 1687.48645 512.63251
v 1835.81506 1687.48096 517.83881
v 1770.4906 1812.52454 512.97571
v 1770.4906 1812.52454 512.97571
v 1833.00562 1812.52783 517.96924
v 1757.84839 1885.73962 514.95251
v 317.83795 1442.76746 342.64218
v 408.40948 1404.54187 333.44022
v 444.95923 1442.62146 318.86301
v 74.06106 1822.89612 341.54105
v 139.81032 1788.19568 330.77771
v 183.79128 1822.86658 318.39682
v 198.21765 1572.64087 344.40714
v 279.62885 1537.69946 333.38644
v 317.6655 1572.49731 319.811
v 318.8013 1807.74927 290.87878
v 379.34216 1762.98962 282.1004
v 427.34149 1807.7644 267.53418
v 445.17862 1321.1145 344.27936
v 562.43591 1282.73535 334.72192
v 562.45728 1345.27881 320.52036
v 562.43591 1282.73535 334.72192
v 678.98303 1308.57336 344.00253
v 629.29028 1342.45288 320.29666
v 565.48999 1442.61633 296.83249
v 634.26489 1442.37878 303.8992
v 626.5199 1487.86755 278.15558
v 572.1958 1695.71313 247.31161
v 633.16962 1695.33276 253.60915
v 625.39264 1743.32166 234.21875
v 442.17258 1566.15906 295.21085
v 525.87872 1527.05371 285.7908
v 565.27911 1565.95862 269.34299
v 68.3701 1441.54602 387.17313
v 148.70447 1402.53418 378.82336
v 189.21204 1441.51172 365.97998
v 314.23206 1187.90344 385.06659
v 394.76196 1146.36816 378.09933
v 436.98666 1187.93701 367.67322
v 189.2762 1313.45349 385.25162
v 273.41418 1272.39075 378.49768
v 314.1109 1313.51929 366.09216
v 998.11279 26.65535 519.67035
v 1062.50513 41.5102 520.73309
v 1062.49915 104.06055 510.96194
v 1062.50513 41.5102 520.73309
v 1187.5415 51.38317 520.91473
v 1187.52039 113.9942 513.62054
v 1187.5415 51.38317 520.91473
v 1303.13416 73.78152 521.57056
v 1255.1665 123.24122 515.41333
v 1338.53247 158.31348 516.29059
v 1430.60498 194.9259 517.89856
v 1384.2439 241.69743 515.21588
v 996.21954 1405.30127 523.65845
v 1062.46484 1419.13525 525.86438
v 1062.46228 1481.57727 510.27109
v 1062.46484 1419.13525 525.86438
v 1187.4939 1416.92029 524.08551
v 1187.505 1479.42041 511.6463
v 1187.4939 1416.92029 524.08551
v 1312.49683 1414.00867 521.81714
v 1312.50562 1476.50427 511.82788
v 1312.49683 1414.00867 521.81714
v 1437.495 1411.30725 519.80878
v 1437.5072 1473.81641 511.92734
v 1066.53308 1195.02185 567.12042
v 1187.52454 1153.97595 566.58508
v 1187.53491 1216.41345 558.96222
v 998.75446 1261.52576 562.93481
v 1028.56506 1261.40833 562.84467
v 1067.25562 1306.99438 552.42853
v 1187.52454 1153.97595 566.58508
v 1259.40161 1130.93628 563.19379
v 1305.70117 1178.67578 555.69696
v 1437.495 1411.30725 519.80878
v 1562.51941 1416.53003 518.81335
v 1562.52209 1479.04944 512.64673
v 1562.51941 1416.53003 518.81335
v 1685.18237 1443.98816 519.86609
v 1641.90002 1490.12585 514.58527
v 1866.89844 1015.42163 563.27643
v 1932.31775 1059.28687 567.84991
v 1887.29321 1098.77856 561.71594
v 1725.25366 1523.87158 516.51355
v 1807.05225 1564.27148 519.50079
v 1761.59082 1607.22778 514.46429
v 321.51285 430.43469 341.01599
v 438.80362 430.55341 318.91391
v 398.24426 467.353 331.56903
v 570.49249 430.0014 294.95239
v 625.66199 383.05478 279.87
v 633.28906 430.25101 302.14377
v 438.93393 561.23969 338.29852
v 567.4516 561.29144 318.53137
v 529.23126 601.99792 331.68631
v 567.61877 680.19989 340.75119
v 625.80219 633.74219 326.51385
v 676.20801 678.59723 347.89063
v 73.32089 428.62479 387.40134
v 185.34636 428.6781 366.30893
v 142.36838 464.37228 377.75787
v 185.37587 572.04852 381.02295
v 302.27139 572.00165 361.91086
v 253.80354 619.98608 375.58798
v 323.02118 803.06281 386.56393
v 440.93008 803.12122 371.15137
v 401.46039 838.45972 378.9444
v 997.51837 439.64221 519.6748
v 1062.46741 380.48816 513.9704
v 1062.44006 443.10352 522.75513
v 1062.44006 443.10352 522.75513
v 1187.50549 380.82849 514.7511
v 1187.47876 443.43893 520.84174
v 1187.47876 443.43893 520.84174
v 1266.56824 377.68256 515.3421
v 1309.92773 426.71338 518.82275
v 1349.90662 353.9408 515.56018
v 1384.25586 270.57047 514.94043
v 1430.5907 312.35788 516.14734
v 998.02795 677.15558 563.5578
v 1062.52173 652.64972 558.5788
v 1049.72607 696.85175 564.35901
v 1049.72607 696.85175 564.35901
v 1184.55566 694.2298 554.24817
v 1140.9082 740.38287 563.81635
v 1184.6001 814.88727 567.84076
v 1312.17249 814.95599 558.08234
v 1270.23389 858.28302 564.04523
v 1870.10791 865.36145 562.91321
v 1888.38757 782.01947 561.42816
v 1933.01514 819.20905 567.11261
v 1717.12231 1969.10864 516.84149
v 1757.84839 1885.73962 514.95251
v 1804.77576 1931.49219 520.1944
v 1062.49915 104.06055 510.96194
v 946.37939 65.4231 495.31451
v 998.11279 26.65535 519.67035
v 189.21204 1441.51172 365.97998
v 113.9017 1485.87708 372.97592
v 68.3701 1441.54602 387.17313
v 314.1109 1313.51929 366.09216
v 232.05475 1355.71667 372.06677
v 189.2762 1313.45349 385.25162
v 436.98666 1187.93701 367.67322
v 356.77161 1229.73254 372.61832
v 314.23206 1187.90344 385.06659
v 444.95923 1442.62146 318.86301
v 363.06433 1487.94067 325.76947
v 317.83795 1442.76746 342.64218
v 562.45728 1345.27881 320.52036
v 491.80472 1368.34961 326.74216
v 445.17862 1321.1145 344.27936
v 317.6655 1572.49731 319.811
v 247.08249 1621.11536 327.52795
v 198.21765 1572.64087 344.40714
v 183.79128 1822.86658 318.39682
v 123.60986 1871.56995 327.83978
v 74.06106 1822.89612 341.54105
v 565.27911 1565.95862 269.34299
v 487.20361 1610.48975 278.3913
v 442.17258 1566.15906 295.21085
v 427.34149 1807.7644 267.53418
v 364.88364 1846.31567 278.72568
v 318.8013 1807.74927 290.87878
v 626.5199 1487.86755 278.15558
v 609.29565 1487.88257 278.0791
v 565.48999 1442.61633 296.83249
v 629.29028 1342.45288 320.29666
v 562.45728 1345.27881 320.52036
v 562.43591 1282.73535 334.72192
v 625.39264 1743.32166 234.21875
v 620.9873 1743.33118 234.22083
v 572.1958 1695.71313 247.31161
v 1067.25562 1306.99438 552.42853
v 991.27856 1307.17749 540.02563
v 998.75446 1261.52576 562.93481
v 1062.46228 1481.57727 510.27109
v 943.474 1441.0166 495.53705
v 996.21954 1405.30127 523.65845
v 1187.52039 113.9942 513.62054
v 1062.49915 104.06055 510.96194
v 1062.50513 41.5102 520.73309
v 1255.1665 123.24122 515.41333
v 1187.52039 113.9942 513.62054
v 1187.5415 51.38317 520.91473
v 1384.2439 241.69743 515.21588
v 1303.16687 194.88945 512.53986
v 1338.53247 158.31348 516.29059
v 1187.53491 1216.41345 558.96222
v 1111.96802 1240.94263 561.31061
v 1066.53308 1195.02185 567.12042
v 1305.70117 1178.67578 555.69696
v 1187.53491 1216.41345 558.96222
v 1187.52454 1153.97595 566.58508
v 1187.505 1479.42041 511.6463
v 1062.46228 1481.57727 510.27109
v 1062.46484 1419.13525 525.86438
v 1312.50562 1476.50427 511.82788
v 1187.505 1479.42041 511.6463
v 1187.4939 1416.92029 524.08551
v 1437.5072 1473.81641 511.92734
v 1312.50562 1476.50427 511.82788
v 1312.49683 1414.00867 521.81714
v 1562.52209 1479.04944 512.64673
v 1437.5072 1473.81641 511.92734
v 1437.495 1411.30725 519.80878
v 1641.90002 1490.12585 514.58527
v 1562.52209 1479.04944 512.64673
v 1562.51941 1416.53003 518.81335
v 1887.29321 1098.77856 561.71594
v 1820.11487 1059.2627 558.00336
v 1866.89844 1015.42163 563.27643
v 1761.59082 1607.22778 514.46429
v 1685.20398 1564.27002 511.08252
v 1725.25366 1523.87158 516.51355
v 185.34636 428.6781 366.30893
v 73.32089 428.62479 387.40134
v 122.25356 381.00952 374.47119
v 438.80362 430.55341 318.91391
v 321.51285 430.43469 341.01599
v 369.3421 383.94888 326.99088
v 302.27139 572.00165 361.91086
v 185.37587 572.04852 381.02295
v 225.72221 536.68109 370.44586
v 567.4516 561.29144 318.53137
v 438.93393 561.23969 338.29852
v 481.6521 518.63654 324.8194
v 440.93008 803.12122 371.15137
v 323.02118 803.06281 386.56393
v 371.43851 755.16461 374.53699
v 625.66199 383.05478 279.87
v 570.49249 430.0014 294.95239
v 617.79248 383.04083 279.85086
v 625.80219 633.74219 326.51385
v 567.61877 680.19989 340.75119
v 612.60675 633.76068 326.46631
v 1062.46741 380.48816 513.9704
v 997.51837 439.64221 519.6748
v 952.27966 421.10168 499.77695
v 1062.52173 652.64972 558.5788
v 998.02795 677.15558 563.5578
v 988.77368 668.38495 546.8219
v 1187.50549 380.82849 514.7511
v 1062.44006 443.10352 522.75513
v 1062.46741 380.48816 513.9704
v 1266.56824 377.68256 515.3421
v 1187.47876 443.43893 520.84174
v 1187.50549 380.82849 514.7511
v 1384.25586 270.57047 514.94043
v 1349.90662 353.9408 515.56018
v 1309.97058 312.42291 512.56403
v 1184.55566 694.2298 554.24817
v 1049.72607 696.85175 564.35901
v 1062.52173 652.64972 558.5788
v 1312.17249 814.95599 558.08234
v 1184.6001 814.88727 567.84076
v 1224.26099 774.93024 560.4823
v 1888.38757 782.01947 561.42816
v 1870.10791 865.36145 562.91321
v 1822.0647 819.22394 557.23157
v 1757.84839 1885.73962 514.95251
v 1717.12231 1969.10864 516.84149
v 1680.31689 1931.51538 511.92722
v 96.57519 187.52573 368.60178
v 187.31683 62.48631 349.08353
v 187.31953 187.5262 350.21457
v 110.93565 312.54553 371.53705
v 187.31953 187.5262 350.21457
v 187.35573 312.55392 356.40021
v 122.25356 381.00952 374.47119
v 187.35573 312.55392 356.40021
v 185.34636 428.6781 366.30893
v 187.31953 187.5262 350.21457
v 274.36209 62.48473 331.8064
v 275.14926 187.53519 332.19812
v 337.61819 187.53682 319.38391
v 437.21451 62.43231 300.13992
v 437.17734 187.52946 299.06717
v 187.35573 312.55392 356.40021
v 275.14926 187.53519 332.19812
v 291.60892 312.58582 335.36978
v 185.34636 428.6781 366.30893
v 291.60892 312.58582 335.36978
v 321.51285 430.43469 341.01599
v 354.08035 312.59668 322.75519
v 437.17734 187.52946 299.06717
v 437.21713 312.6243 306.01862
v 369.3421 383.94888 326.99088
v 437.21713 312.6243 306.01862
v 438.80362 430.55341 318.91391
v 225.72221 536.68109 370.44586
v 321.51285 430.43469 341.01599
v 302.27139 572.00165 361.91086
v 302.27139 572.00165 361.91086
v 398.24426 467.353 331.56903
v 438.93393 561.23969 338.29852
v 343.93903 687.4812 370.45163
v 438.93393 561.23969 338.29852
v 437.54996 687.44354 357.63815
v 371.43851 755.16461 374.53699
v 437.54996 687.44354 357.63815
v 440.93008 803.12122 371.15137
v 580.4776 187.52573 270.8522
v 627.91541 62.13877 273.38565
v 628.70465 187.58968 270.81201
v 437.17734 187.52946 299.06717
v 526.09686 62.41486 283.89267
v 518.0296 187.54167 283.02347
v 598.46173 312.69257 274.18533
v 628.70465 187.58968 270.81201
v 627.17456 313.1778 274.2663
v 617.79248 383.04083 279.85086
v 627.17456 313.1778 274.2663
v 625.66199 383.05478 279.87
v 437.21713 312.6243 306.01862
v 518.0296 187.54167 283.02347
v 535.99579 312.68179 286.34406
v 438.80362 430.55341 318.91391
v 535.99579 312.68179 286.34406
v 570.49249 430.0014 294.95239
v 701.88196 187.99355 339.0369
v 779.06396 61.80943 364.11075
v 780.69635 187.45384 362.11493
v 700.51337 313.62311 339.73428
v 780.69635 187.45384 362.11493
v 779.6142 313.9548 362.9592
v 696.96222 438.09122 342.04922
v 779.6142 313.9548 362.9592
v 775.75116 438.84482 365.71033
v 481.6521 518.63654 324.8194
v 570.49249 430.0014 294.95239
v 567.4516 561.29144 318.53137
v 437.54996 687.44354 357.63815
v 529.23126 601.99792 331.68631
v 567.61877 680.19989 340.75119
v 567.4516 561.29144 318.53137
v 633.28906 430.25101 302.14377
v 629.56207 562.57397 319.21298
v 612.60675 633.76068 326.46631
v 629.56207 562.57397 319.21298
v 625.80219 633.74219 326.51385
v 440.93008 803.12122 371.15137
v 567.61877 680.19989 340.75119
v 562.61609 812.32025 360.37369
v 481.83691 937.45502 373.68985
v 562.61609 812.32025 360.37369
v 562.47113 937.38477 368.22235
v 562.61609 812.32025 360.37369
v 676.20801 678.59723 347.89063
v 688.66132 810.89038 364.89175
v 562.47113 937.38477 368.22235
v 688.66132 810.89038 364.89175
v 688.55713 936.88416 372.47171
v 692.02881 561.67639 345.00726
v 775.75116 438.84482 365.71033
v 769.8714 562.71118 368.75745
v 676.20801 678.59723 347.89063
v 769.8714 562.71118 368.75745
v 763.52106 686.57513 371.6586
v 688.66132 810.89038 364.89175
v 763.52106 686.57513 371.6586
v 758.01733 810.89307 374.49338
v 688.55713 936.88416 372.47171
v 758.01733 810.89307 374.49338
v 754.68701 936.68738 376.99222
v 62.50445 562.50452 400.82748
v 142.36838 464.37228 377.75787
v 185.37587 572.04852 381.02295
v 54.75113 690.72119 413.03265
v 185.37587 572.04852 381.02295
v 187.54883 687.4729 393.13486
v 87.2339 812.47327 417.30255
v 187.54883 687.4729 393.13486
v 187.59384 812.45099 404.31793
v 104.65116 937.49164 420.39276
v 187.59384 812.45099 404.31793
v 187.61058 937.45721 410.76877
v 187.54883 687.4729 393.13486
v 253.80354 619.98608 375.58798
v 281.43283 687.50427 379.38757
v 187.59384 812.45099 404.31793
v 281.43283 687.50427 379.38757
v 323.02118 803.06281 386.56393
v 187.61058 937.45721 410.76877
v 323.02118 803.06281 386.56393
v 313.29727 937.58582 398.76041
v 313.29727 937.58582 398.76041
v 401.46039 838.45972 378.9444
v 419.24225 937.41156 381.61432
v 864.99573 186.93613 468.13797
v 946.37939 65.4231 495.31451
v 934.56616 187.35735 483.74786
v 863.96851 313.96613 469.03918
v 934.56616 187.35735 483.74786
v 946.28009 325.54346 491.44955
v 859.82654 438.80032 471.87189
v 946.28009 325.54346 491.44955
v 952.27966 421.10168 499.77695
v 853.81091 562.67096 474.80246
v 952.27966 421.10168 499.77695
v 928.65546 563.62183 497.62265
v 847.81445 686.7052 477.62143
v 928.65546 563.62183 497.62265
v 924.24799 687.54645 500.82635
v 843.2478 811.21985 480.37149
v 924.24799 687.54645 500.82635
v 920.69745 811.93787 503.4292
v 841.05408 936.87872 482.68506
v 920.69745 811.93787 503.4292
v 919.0744 937.16254 505.24054
v 189.21204 1441.51172 365.97998
v 314.1109 1313.51929 366.09216
v 317.83795 1442.76746 342.64218
v 314.1109 1313.51929 366.09216
v 436.98666 1187.93701 367.67322
v 445.17862 1321.1145 344.27936
v 317.83795 1442.76746 342.64218
v 445.17862 1321.1145 344.27936
v 408.40948 1404.54187 333.44022
v 87.31972 1562.45203 367.34012
v 189.21204 1441.51172 365.97998
v 198.21765 1572.64087 344.40714
v 51.51719 1677.90344 360.33197
v 198.21765 1572.64087 344.40714
v 165.10289 1687.42285 335.77829
v 74.06106 1822.89612 341.54105
v 165.10289 1687.42285 335.77829
v 139.81032 1788.19568 330.77771
v 115.07365 1937.46716 325.45148
v 183.79128 1822.86658 318.39682
v 187.32617 1937.47339 310.62329
v 198.21765 1572.64087 344.40714
v 317.83795 1442.76746 342.64218
v 279.62885 1537.69946 333.38644
v 227.56596 1687.39832 322.55231
v 317.6655 1572.49731 319.811
v 312.29565 1687.39075 304.41241
v 317.6655 1572.49731 319.811
v 444.95923 1442.62146 318.86301
v 442.17258 1566.15906 295.21085
v 312.29565 1687.39075 304.41241
v 442.17258 1566.15906 295.21085
v 399.67477 1687.33887 285.34705
v 355.65167 1937.47449 276.42346
v 427.34149 1807.7644 267.53418
v 437.22043 1937.4967 260.33527
v 183.79128 1822.86658 318.39682
v 312.29565 1687.39075 304.41241
v 318.8013 1807.74927 290.87878
v 187.32617 1937.47339 310.62329
v 318.8013 1807.74927 290.87878
v 293.15683 1937.46973 288.99847
v 318.8013 1807.74927 290.87878
v 399.67477 1687.33887 285.34705
v 379.34216 1762.98962 282.1004
v 476.86542 1062.60425 373.06689
v 562.47113 937.38477 368.22235
v 562.51563 1062.72778 366.45694
v 436.98666 1187.93701 367.67322
v 562.51563 1062.72778 366.45694
v 562.68616 1187.79553 353.51089
v 562.51563 1062.72778 366.45694
v 688.55713 936.88416 372.47171
v 688.61658 1063.80823 371.06552
v 562.68616 1187.79553 353.51089
v 688.61658 1063.80823 371.06552
v 688.73846 1190.18848 359.82559
v 445.17862 1321.1145 344.27936
v 562.68616 1187.79553 353.51089
v 562.43591 1282.73535 334.72192
v 444.95923 1442.62146 318.86301
v 562.45728 1345.27881 320.52036
v 565.48999 1442.61633 296.83249
v 562.43591 1282.73535 334.72192
v 688.73846 1190.18848 359.82559
v 678.98303 1308.57336 344.00253
v 565.48999 1442.61633 296.83249
v 629.29028 1342.45288 320.29666
v 634.26489 1442.37878 303.8992
v 688.61658 1063.80823 371.06552
v 754.68701 936.68738 376.99222
v 755.49927 1064.31909 376.9718
v 688.73846 1190.18848 359.82559
v 755.49927 1064.31909 376.9718
v 760.80011 1190.26477 373.9039
v 678.98303 1308.57336 344.00253
v 760.80011 1190.26477 373.9039
v 768.48285 1313.68933 370.05316
v 697.70264 1437.43213 342.59833
v 768.48285 1313.68933 370.05316
v 776.42719 1436.20215 366.16077
v 462.12686 1687.31262 271.73563
v 565.27911 1565.95862 269.34299
v 572.1958 1695.71313 247.31161
v 565.27911 1565.95862 269.34299
v 626.5199 1487.86755 278.15558
v 630.27966 1561.37317 268.87207
v 572.1958 1695.71313 247.31161
v 630.27966 1561.37317 268.87207
v 633.16962 1695.33276 253.60915
v 442.17258 1566.15906 295.21085
v 565.48999 1442.61633 296.83249
v 525.87872 1527.05371 285.7908
v 427.34149 1807.7644 267.53418
v 572.1958 1695.71313 247.31161
v 549.27032 1812.39563 242.20152
v 437.22043 1937.4967 260.33527
v 549.27032 1812.39563 242.20152
v 546.48883 1937.52405 240.51366
v 611.75043 1812.26025 232.32309
v 625.39264 1743.32166 234.21875
v 625.73737 1812.10779 232.19849
v 609.05383 1937.5686 232.55713
v 625.73737 1812.10779 232.19849
v 626.18713 1937.69336 232.70122
v 703.73962 1560.54749 339.3783
v 776.42719 1436.20215 366.16077
v 782.7901 1559.90393 362.51639
v 708.07715 1685.6936 337.33572
v 782.7901 1559.90393 362.51639
v 786.67413 1685.63904 360.18552
v 710.2995 1811.72437 337.09213
v 786.67413 1685.63904 360.18552
v 787.98175 1811.96838 360.14215
v 710.25854 1937.23706 338.17264
v 787.98175 1811.96838 360.14215
v 786.87128 1937.44617 361.61832
v 100.50653 1062.53955 420.0127
v 187.61058 937.45721 410.76877
v 187.63318 1062.58691 410.08261
v 61.77262 1194.57849 416.56024
v 187.63318 1062.58691 410.08261
v 187.64987 1187.62451 401.20389
v 62.59691 1312.57568 404.51025
v 187.64987 1187.62451 401.20389
v 189.2762 1313.45349 385.25162
v 68.3701 1441.54602 387.17313
v 189.2762 1313.45349 385.25162
v 148.70447 1402.53418 378.82336
v 187.63318 1062.58691 410.08261
v 313.29727 937.58582 398.76041
v 313.38318 1062.47156 398.36456
v 187.64987 1187.62451 401.20389
v 313.38318 1062.47156 398.36456
v 314.23206 1187.90344 385.06659
v 313.38318 1062.47156 398.36456
v 419.24225 937.41156 381.61432
v 414.39325 1062.67651 381.76111
v 314.23206 1187.90344 385.06659
v 414.39325 1062.67651 381.76111
v 394.76196 1146.36816 378.09933
v 189.2762 1313.45349 385.25162
v 314.23206 1187.90344 385.06659
v 273.41418 1272.39075 378.49768
v 841.61206 1063.98596 482.67712
v 919.0744 937.16254 505.24054
v 919.49182 1063.38293 505.30261
v 845.36072 1189.97986 479.75827
v 919.49182 1063.38293 505.30261
v 922.08612 1188.85095 502.84973
v 852.16766 1313.77368 475.91339
v 922.08612 1188.85095 502.84973
v 926.72675 1312.53601 498.70398
v 860.28735 1436.16016 472.0311
v 926.72675 1312.53601 498.70398
v 943.474 1441.0166 495.53705
v 867.0575 1559.91357 468.61295
v 943.474 1441.0166 495.53705
v 934.87537 1560.36755 478.22684
v 871.24628 1686.21265 466.71454
v 934.87537 1560.36755 478.22684
v 936.20203 1686.43567 467.43457
v 872.42041 1812.81604 467.16342
v 936.20203 1686.43567 467.43457
v 936.7262 1812.56177 467.94952
v 870.87195 1938.04175 468.96857
v 936.7262 1812.56177 467.94952
v 936.66479 1937.71814 476.17599
v 934.56616 187.35735 483.74786
v 1062.49915 104.06055 510.96194
v 1062.48267 187.31636 501.75882
v 1062.48267 187.31636 501.75882
v 1187.52039 113.9942 513.62054
v 1187.60046 187.3877 507.42084
v 946.28009 325.54346 491.44955
v 1062.48267 187.31636 501.75882
v 1062.46118 312.7471 505.57236
v 952.27966 421.10168 499.77695
v 1062.46118 312.7471 505.57236
v 1062.46741 380.48816 513.9704
v 1062.46118 312.7471 505.57236
v 1187.60046 187.3877 507.42084
v 1187.5448 312.60037 509.11017
v 1062.46741 380.48816 513.9704
v 1187.5448 312.60037 509.11017
v 1187.50549 380.82849 514.7511
v 1187.60046 187.3877 507.42084
v 1255.1665 123.24122 515.41333
v 1303.16687 194.88945 512.53986
v 1338.53247 158.31348 516.29059
v 1437.55115 62.38119 527.7016
v 1430.60498 194.9259 517.89856
v 1187.5448 312.60037 509.11017
v 1303.16687 194.88945 512.53986
v 1309.97058 312.42291 512.56403
v 1187.50549 380.82849 514.7511
v 1309.97058 312.42291 512.56403
v 1266.56824 377.68256 515.3421
v 1309.97058 312.42291 512.56403
v 1384.2439 241.69743 515.21588
v 1384.25586 270.57047 514.94043
v 1309.92773 426.71338 518.82275
v 1430.5907 312.35788 516.14734
v 1437.51868 437.57632 520.54071
v 994.09235 575.35498 537.99017
v 1062.44006 443.10352 522.75513
v 1062.4729 562.61761 543.04755
v 988.77368 668.38495 546.8219
v 1062.4729 562.61761 543.04755
v 1062.52173 652.64972 558.5788
v 1062.4729 562.61761 543.04755
v 1187.47876 443.43893 520.84174
v 1187.46912 562.58466 536.05066
v 1062.52173 652.64972 558.5788
v 1187.46912 562.58466 536.05066
v 1184.55566 694.2298 554.24817
v 1187.46912 562.58466 536.05066
v 1309.92773 426.71338 518.82275
v 1312.4845 562.5741 531.69818
v 1184.55566 694.2298 554.24817
v 1312.4845 562.5741 531.69818
v 1312.50256 687.51691 545.56738
v 1312.4845 562.5741 531.69818
v 1437.51868 437.57632 520.54071
v 1437.49878 562.5755 529.54999
v 1312.50256 687.51691 545.56738
v 1437.49878 562.5755 529.54999
v 1437.49878 687.53607 540.6203
v 1224.26099 774.93024 560.4823
v 1312.50256 687.51691 545.56738
v 1312.17249 814.95599 558.08234
v 1312.17249 814.95599 558.08234
v 1437.49878 687.53607 540.6203
v 1437.52527 812.49243 550.70728
v 1354.06238 937.47632 562.5575
v 1437.52527 812.49243 550.70728
v 1437.56445 937.49158 556.52283
v 998.02795 677.15558 563.5578
v 1000.00378 625.00378 562.16217
v 1049.72607 696.85175 564.35901
v 993.901 811.5661 565.79858
v 1049.72607 696.85175 564.35901
v 1061.82776 812.43433 569.9151
v 992.03625 937.10822 567.25928
v 1061.82776 812.43433 569.9151
v 1061.6377 937.43591 574.9762
v 1061.82776 812.43433 569.9151
v 1140.9082 740.38287 563.81635
v 1184.6001 814.88727 567.84076
v 1061.6377 937.43591 574.9762
v 1184.6001 814.88727 567.84076
v 1187.57727 937.48828 575.31799
v 1187.57727 937.48828 575.31799
v 1270.23389 858.28302 564.04523
v 1291.56824 937.4751 567.09814
v 1430.60498 194.9259 517.89856
v 1562.56189 62.39556 533.15143
v 1562.57483 187.44177 524.1972
v 1562.57483 187.44177 524.1972
v 1687.5769 62.40701 540.1239
v 1687.59338 187.44379 531.63593
v 1430.5907 312.35788 516.14734
v 1562.57483 187.44177 524.1972
v 1562.56982 312.50928 521.06165
v 1437.51868 437.57632 520.54071
v 1562.56982 312.50928 521.06165
v 1562.54797 437.5611 523.59216
v 1562.56982 312.50928 521.06165
v 1687.59338 187.44379 531.63593
v 1687.59668 312.49817 528.12701
v 1562.54797 437.5611 523.59216
v 1687.59668 312.49817 528.12701
v 1687.57825 437.5387 529.70868
v 1687.59338 187.44379 531.63593
v 1812.58911 62.42115 549.04846
v 1812.60767 187.45116 541.25952
v 1812.60767 187.45116 541.25952
v 1931.01892 74.91968 558.41937
v 1958.03735 167.69012 555.98975
v 1687.59668 312.49817 528.12701
v 1812.60767 187.45116 541.25952
v 1812.61572 312.49545 537.81769
v 1687.57825 437.5387 529.70868
v 1812.61572 312.49545 537.81769
v 1812.60547 437.53384 538.82428
v 1812.61572 312.49545 537.81769
v 1958.03735 167.69012 555.98975
v 1937.6145 312.49524 550.0611
v 1812.60547 437.53384 538.82428
v 1937.6145 312.49524 550.0611
v 1937.60291 437.52322 550.96545
v 1437.49878 562.5755 529.54999
v 1562.54797 437.5611 523.59216
v 1562.52527 562.57428 530.28705
v 1437.49878 687.53607 540.6203
v 1562.52527 562.57428 530.28705
v 1562.50793 687.55176 538.90723
v 1562.52527 562.57428 530.28705
v 1687.57825 437.5387 529.70868
v 1687.55383 562.56024 534.96002
v 1562.50793 687.55176 538.90723
v 1687.55383 562.56024 534.96002
v 1687.53699 687.54834 541.99023
v 1437.52527 812.49243 550.70728
v 1562.50793 687.55176 538.90723
v 1562.50439 812.51636 546.60889
v 1437.56445 937.49158 556.52283
v 1562.50439 812.51636 546.60889
v 1562.51721 937.49915 550.50122
v 1562.50439 812.51636 546.60889
v 1687.53699 687.54834 541.99023
v 1687.51758 812.52063 548.43304
v 1562.51721 937.49915 550.50122
v 1687.51758 812.52063 548.43304
v 1687.5022 937.5025 551.47845
v 1687.55383 562.56024 534.96002
v 1812.60547 437.53384 538.82428
v 1812.58142 562.54742 543.40491
v 1687.53699 687.54834 541.99023
v 1812.58142 562.54742 543.40491
v 1812.54468 687.53363 549.97717
v 1812.58142 562.54742 543.40491
v 1937.60291 437.52322 550.96545
v 1945.58301 563.76843 556.11823
v 1812.54468 687.53363 549.97717
v 1945.58301 563.76843 556.11823
v 1910.72351 687.51178 558.82092
v 1687.51758 812.52063 548.43304
v 1812.54468 687.53363 549.97717
v 1822.0647 819.22394 557.23157
v 1687.5022 937.5025 551.47845
v 1822.0647 819.22394 557.23157
v 1802.71179 937.50818 558.88885
v 1822.0647 819.22394 557.23157
v 1910.72351 687.51178 558.82092
v 1888.38757 782.01947 561.42816
v 1865.17236 937.50775 564.3172
v 1933.01514 819.20905 567.11261
v 1937.41516 937.51239 570.54724
v 996.21954 1405.30127 523.65845
v 1067.25562 1306.99438 552.42853
v 1062.46484 1419.13525 525.86438
v 1067.25562 1306.99438 552.42853
v 1187.53491 1216.41345 558.96222
v 1187.51929 1312.63184 543.93457
v 1062.46484 1419.13525 525.86438
v 1187.51929 1312.63184 543.93457
v 1187.4939 1416.92029 524.08551
v 1345.95288 1062.56934 562.08868
v 1437.56445 937.49158 556.52283
v 1437.5719 1062.53992 555.32544
v 1305.70117 1178.67578 555.69696
v 1437.5719 1062.53992 555.32544
v 1437.54028 1187.55212 546.6319
v 1187.51929 1312.63184 543.93457
v 1305.70117 1178.67578 555.69696
v 1312.5271 1312.57813 537.7608
v 1187.4939 1416.92029 524.08551
v 1312.5271 1312.57813 537.7608
v 1312.49683 1414.00867 521.81714
v 1312.5271 1312.57813 537.7608
v 1437.54028 1187.55212 546.6319
v 1437.50916 1312.50549 532.51727
v 1312.49683 1414.00867 521.81714
v 1437.50916 1312.50549 532.51727
v 1437.495 1411.30725 519.80878
v 992.47742 1063.42004 567.32385
v 1061.6377 937.43591 574.9762
v 1061.70935 1062.5835 574.33447
v 995.3642 1189.20496 565.50171
v 1061.70935 1062.5835 574.33447
v 1066.53308 1195.02185 567.12042
v 1061.70935 1062.5835 574.33447
v 1187.57727 937.48828 575.31799
v 1187.59753 1062.57141 574.25513
v 1066.53308 1195.02185 567.12042
v 1187.59753 1062.57141 574.25513
v 1187.52454 1153.97595 566.58508
v 998.75446 1261.52576 562.93481
v 1066.53308 1195.02185 567.12042
v 1028.56506 1261.40833 562.84467
v 1187.59753 1062.57141 574.25513
v 1291.56824 937.4751 567.09814
v 1283.46362 1062.58203 566.72632
v 1187.52454 1153.97595 566.58508
v 1283.46362 1062.58203 566.72632
v 1259.40161 1130.93628 563.19379
v 934.87537 1560.36755 478.22684
v 1062.46228 1481.57727 510.27109
v 1062.47314 1561.93921 490.61484
v 936.20203 1686.43567 467.43457
v 1062.47314 1561.93921 490.61484
v 1062.55688 1687.1593 471.52917
v 1062.47314 1561.93921 490.61484
v 1187.505 1479.42041 511.6463
v 1187.59277 1562.29712 495.05295
v 1062.55688 1687.1593 471.52917
v 1187.59277 1562.29712 495.05295
v 1187.67786 1687.3208 478.466
v 936.7262 1812.56177 467.94952
v 1062.55688 1687.1593 471.52917
v 1062.5531 1812.57349 472.30164
v 936.66479 1937.71814 476.17599
v 1062.5531 1812.57349 472.30164
v 1062.51477 1937.63477 486.48737
v 1062.5531 1812.57349 472.30164
v 1187.67786 1687.3208 478.466
v 1187.63831 1812.57288 478.76712
v 1062.51477 1937.63477 486.48737
v 1187.63831 1812.57288 478.76712
v 1187.53967 1937.55054 491.31042
v 1187.59277 1562.29712 495.05295
v 1312.50562 1476.50427 511.82788
v 1312.53308 1562.35461 498.7673
v 1187.67786 1687.3208 478.466
v 1312.53308 1562.35461 498.7673
v 1312.61731 1687.39075 486.64224
v 1312.53308 1562.35461 498.7673
v 1437.5072 1473.81641 511.92734
v 1437.52661 1562.38 501.711
v 1312.61731 1687.39075 486.64224
v 1437.52661 1562.38 501.711
v 1437.57556 1687.4342 493.14487
v 1187.63831 1812.57288 478.76712
v 1312.61731 1687.39075 486.64224
v 1312.59656 1812.56519 486.4393
v 1187.53967 1937.55054 491.31042
v 1312.59656 1812.56519 486.4393
v 1312.53552 1937.56482 496.02481
v 1312.59656 1812.56519 486.4393
v 1437.57556 1687.4342 493.14487
v 1437.57397 1812.54529 493.19177
v 1312.53552 1937.56482 496.02481
v 1437.57397 1812.54529 493.19177
v 1437.54004 1937.57153 500.85278
v 1437.5719 1062.53992 555.32544
v 1562.51721 937.49915 550.50122
v 1562.521 1062.50317 548.94031
v 1437.54028 1187.55212 546.6319
v 1562.521 1062.50317 548.94031
v 1562.50952 1187.49194 541.62177
v 1562.521 1062.50317 548.94031
v 1687.5022 937.5025 551.47845
v 1687.50342 1062.49512 549.57758
v 1562.50952 1187.49194 541.62177
v 1687.50342 1062.49512 549.57758
v 1687.51855 1187.47241 542.56995
v 1437.50916 1312.50549 532.51727
v 1562.50952 1187.49194 541.62177
v 1562.50684 1312.44653 529.80267
v 1437.495 1411.30725 519.80878
v 1562.50684 1312.44653 529.80267
v 1562.51941 1416.53003 518.81335
v 1562.50684 1312.44653 529.80267
v 1687.51855 1187.47241 542.56995
v 1687.53638 1312.42957 531.83435
v 1562.51941 1416.53003 518.81335
v 1687.53638 1312.42957 531.83435
v 1685.18237 1443.98816 519.86609
v 1687.50342 1062.49512 549.57758
v 1802.71179 937.50818 558.88885
v 1820.11487 1059.2627 558.00336
v 1687.51855 1187.47241 542.56995
v 1820.11487 1059.2627 558.00336
v 1812.50427 1187.49255 549.78925
v 1812.50427 1187.49255 549.78925
v 1887.29321 1098.77856 561.71594
v 1932.37866 1197.01233 559.31317
v 1687.53638 1312.42957 531.83435
v 1812.50427 1187.49255 549.78925
v 1812.54956 1312.44714 539.09326
v 1685.18237 1443.98816 519.86609
v 1812.54956 1312.44714 539.09326
v 1812.58875 1437.41663 528.24872
v 1812.54956 1312.44714 539.09326
v 1932.37866 1197.01233 559.31317
v 1937.53296 1312.47778 550.09283
v 1812.58875 1437.41663 528.24872
v 1937.53296 1312.47778 550.09283
v 1937.58215 1437.44617 539.73376
v 1866.89844 1015.42163 563.27643
v 1937.41516 937.51239 570.54724
v 1932.31775 1059.28687 567.84991
v 1437.52661 1562.38 501.711
v 1562.52209 1479.04944 512.64673
v 1562.547 1562.39587 505.27328
v 1437.57556 1687.4342 493.14487
v 1562.547 1562.39587 505.27328
v 1562.57629 1687.4563 499.07761
v 1562.547 1562.39587 505.27328
v 1641.90002 1490.12585 514.58527
v 1685.20398 1564.27002 511.08252
v 1562.57629 1687.4563 499.07761
v 1685.20398 1564.27002 511.08252
v 1687.59741 1687.47009 506.18787
v 1437.57397 1812.54529 493.19177
v 1562.57629 1687.4563 499.07761
v 1562.57434 1812.53687 499.58929
v 1437.54004 1937.57153 500.85278
v 1562.57434 1812.53687 499.58929
v 1562.55066 1937.56995 506.1756
v 1562.57434 1812.53687 499.58929
v 1687.59741 1687.47009 506.18787
v 1687.5885 1812.53259 506.90091
v 1562.55066 1937.56995 506.1756
v 1687.5885 1812.53259 506.90091
v 1680.31689 1931.51538 511.92722
v 1725.25366 1523.87158 516.51355
v 1812.58875 1437.41663 528.24872
v 1807.05225 1564.27148 519.50079
v 1687.59741 1687.47009 506.18787
v 1761.59082 1607.22778 514.46429
v 1773.29614 1687.48645 512.63251
v 1807.05225 1564.27148 519.50079
v 1937.58215 1437.44617 539.73376
v 1937.61182 1562.45056 531.737
v 1835.81506 1687.48096 517.83881
v 1937.61182 1562.45056 531.737
v 1937.61841 1687.48267 527.48065
v 1687.5885 1812.53259 506.90091
v 1773.29614 1687.48645 512.63251
v 1770.4906 1812.52454 512.97571
v 1680.31689 1931.51538 511.92722
v 1770.4906 1812.52454 512.97571
v 1757.84839 1885.73962 514.95251
v 1833.00562 1812.52783 517.96924
v 1937.61841 1687.48267 527.48065
v 1937.60596 1812.51868 527.40472
v 1804.77576 1931.49219 520.1944
v 1937.60596 1812.51868 527.40472
v 1937.58435 1937.54211 531.19897
v 187.31683 62.48631 349.08353
v 96.57519 187.52573 368.60178
v 92.68585 62.49896 367.89188
v 187.31953 187.5262 350.21457
v 110.93565 312.54553 371.53705
v 96.57519 187.52573 368.60178
v 274.36209 62.48473 331.8064
v 187.31953 187.5262 350.21457
v 187.31683 62.48631 349.08353
v 275.14926 187.53519 332.19812
v 187.35573 312.55392 356.40021
v 187.31953 187.5262 350.21457
v 187.35573 312.55392 356.40021
v 122.25356 381.00952 374.47119
v 110.93565 312.54553 371.53705
v 291.60892 312.58582 335.36978
v 185.34636 428.6781 366.30893
v 187.35573 312.55392 356.40021
v 321.51285 430.43469 341.01599
v 225.72221 536.68109 370.44586
v 185.34636 428.6781 366.30893
v 437.21451 62.43231 300.13992
v 337.61819 187.53682 319.38391
v 336.8392 62.4737 319.51758
v 437.17734 187.52946 299.06717
v 354.08035 312.59668 322.75519
v 337.61819 187.53682 319.38391
v 526.09686 62.41486 283.89267
v 437.17734 187.52946 299.06717
v 437.21451 62.43231 300.13992
v 518.0296 187.54167 283.02347
v 437.21713 312.6243 306.01862
v 437.17734 187.52946 299.06717
v 437.21713 312.6243 306.01862
v 369.3421 383.94888 326.99088
v 354.08035 312.59668 322.75519
v 398.24426 467.353 331.56903
v 302.27139 572.00165 361.91086
v 321.51285 430.43469 341.01599
v 535.99579 312.68179 286.34406
v 438.80362 430.55341 318.91391
v 437.21713 312.6243 306.01862
v 570.49249 430.0014 294.95239
v 481.6521 518.63654 324.8194
v 438.80362 430.55341 318.91391
v 438.93393 561.23969 338.29852
v 343.93903 687.4812 370.45163
v 302.27139 572.00165 361.91086
v 437.54996 687.44354 357.63815
v 371.43851 755.16461 374.53699
v 343.93903 687.4812 370.45163
v 529.23126 601.99792 331.68631
v 437.54996 687.44354 357.63815
v 438.93393 561.23969 338.29852
v 567.61877 680.19989 340.75119
v 440.93008 803.12122 371.15137
v 437.54996 687.44354 357.63815
v 562.61609 812.32025 360.37369
v 481.83691 937.45502 373.68985
v 440.93008 803.12122 371.15137
v 562.47113 937.38477 368.22235
v 476.86542 1062.60425 373.06689
v 481.83691 937.45502 373.68985
v 627.91541 62.13877 273.38565
v 580.4776 187.52573 270.8522
v 588.57312 62.40099 273.03036
v 628.70465 187.58968 270.81201
v 598.46173 312.69257 274.18533
v 580.4776 187.52573 270.8522
v 779.06396 61.80943 364.11075
v 701.88196 187.99355 339.0369
v 700.92493 62.64268 340.36826
v 780.69635 187.45384 362.11493
v 700.51337 313.62311 339.73428
v 701.88196 187.99355 339.0369
v 627.17456 313.1778 274.2663
v 617.79248 383.04083 279.85086
v 598.46173 312.69257 274.18533
v 633.28906 430.25101 302.14377
v 567.4516 561.29144 318.53137
v 570.49249 430.0014 294.95239
v 779.6142 313.9548 362.9592
v 696.96222 438.09122 342.04922
v 700.51337 313.62311 339.73428
v 775.75116 438.84482 365.71033
v 692.02881 561.67639 345.00726
v 696.96222 438.09122 342.04922
v 629.56207 562.57397 319.21298
v 612.60675 633.76068 326.46631
v 567.4516 561.29144 318.53137
v 676.20801 678.59723 347.89063
v 562.61609 812.32025 360.37369
v 567.61877 680.19989 340.75119
v 769.8714 562.71118 368.75745
v 676.20801 678.59723 347.89063
v 692.02881 561.67639 345.00726
v 763.52106 686.57513 371.6586
v 688.66132 810.89038 364.89175
v 676.20801 678.59723 347.89063
v 688.66132 810.89038 364.89175
v 562.47113 937.38477 368.22235
v 562.61609 812.32025 360.37369
v 688.55713 936.88416 372.47171
v 562.51563 1062.72778 366.45694
v 562.47113 937.38477 368.22235
v 758.01733 810.89307 374.49338
v 688.55713 936.88416 372.47171
v 688.66132 810.89038 364.89175
v 754.68701 936.68738 376.99222
v 688.61658 1063.80823 371.06552
v 688.55713 936.88416 372.47171
v 142.36838 464.37228 377.75787
v 62.50445 562.50452 400.82748
v 73.32089 428.62479 387.40134
v 185.37587 572.04852 381.02295
v 54.75113 690.72119 413.03265
v 62.50445 562.50452 400.82748
v 187.54883 687.4729 393.13486
v 87.2339 812.47327 417.30255
v 54.75113 690.72119 413.03265
v 253.80354 619.98608 375.58798
v 187.54883 687.4729 393.13486
v 185.37587 572.04852 381.02295
v 281.43283 687.50427 379.38757
v 187.59384 812.45099 404.31793
v 187.54883 687.4729 393.13486
v 187.59384 812.45099 404.31793
v 104.65116 937.49164 420.39276
v 87.2339 812.47327 417.30255
v 187.61058 937.45721 410.76877
v 100.50653 1062.53955 420.0127
v 104.65116 937.49164 420.39276
v 323.02118 803.06281 386.56393
v 187.61058 937.45721 410.76877
v 187.59384 812.45099 404.31793
v 313.29727 937.58582 398.76041
v 187.63318 1062.58691 410.08261
v 187.61058 937.45721 410.76877
v 401.46039 838.45972 378.9444
v 313.29727 937.58582 398.76041
v 323.02118 803.06281 386.56393
v 419.24225 937.41156 381.61432
v 313.38318 1062.47156 398.36456
v 313.29727 937.58582 398.76041
v 946.37939 65.4231 495.31451
v 864.99573 186.93613 468.13797
v 863.09363 61.3837 470.8063
v 934.56616 187.35735 483.74786
v 863.96851 313.96613 469.03918
v 864.99573 186.93613 468.13797
v 1062.49915 104.06055 510.96194
v 934.56616 187.35735 483.74786
v 946.37939 65.4231 495.31451
v 1062.48267 187.31636 501.75882
v 946.28009 325.54346 491.44955
v 934.56616 187.35735 483.74786
v 946.28009 325.54346 491.44955
v 859.82654 438.80032 471.87189
v 863.96851 313.96613 469.03918
v 952.27966 421.10168 499.77695
v 853.81091 562.67096 474.80246
v 859.82654 438.80032 471.87189
v 1062.46118 312.7471 505.57236
v 952.27966 421.10168 499.77695
v 946.28009 325.54346 491.44955
v 1062.44006 443.10352 522.75513
v 994.09235 575.35498 537.99017
v 997.51837 439.64221 519.6748
v 928.65546 563.62183 497.62265
v 847.81445 686.7052 477.62143
v 853.81091 562.67096 474.80246
v 924.24799 687.54645 500.82635
v 843.2478 811.21985 480.37149
v 847.81445 686.7052 477.62143
v 1062.4729 562.61761 543.04755
v 988.77368 668.38495 546.8219
v 994.09235 575.35498 537.99017
v 920.69745 811.93787 503.4292
v 841.05408 936.87872 482.68506
v 843.2478 811.21985 480.37149
v 919.0744 937.16254 505.24054
v 841.61206 1063.98596 482.67712
v 841.05408 936.87872 482.68506
v 1000.00378 625.00378 562.16217
v 998.02795 677.15558 563.5578
v 1000.55853 625.00385 562.33295
v 1049.72607 696.85175 564.35901
v 993.901 811.5661 565.79858
v 998.02795 677.15558 563.5578
v 1061.82776 812.43433 569.9151
v 992.03625 937.10822 567.25928
v 993.901 811.5661 565.79858
v 1061.6377 937.43591 574.9762
v 992.47742 1063.42004 567.32385
v 992.03625 937.10822 567.25928
v 189.21204 1441.51172 365.97998
v 87.31972 1562.45203 367.34012
v 113.9017 1485.87708 372.97592
v 314.1109 1313.51929 366.09216
v 189.21204 1441.51172 365.97998
v 232.05475 1355.71667 372.06677
v 317.83795 1442.76746 342.64218
v 198.21765 1572.64087 344.40714
v 189.21204 1441.51172 365.97998
v 436.98666 1187.93701 367.67322
v 314.1109 1313.51929 366.09216
v 356.77161 1229.73254 372.61832
v 562.51563 1062.72778 366.45694
v 436.98666 1187.93701 367.67322
v 476.86542 1062.60425 373.06689
v 562.68616 1187.79553 353.51089
v 445.17862 1321.1145 344.27936
v 436.98666 1187.93701 367.67322
v 445.17862 1321.1145 344.27936
v 317.83795 1442.76746 342.64218
v 314.1109 1313.51929 366.09216
v 444.95923 1442.62146 318.86301
v 317.6655 1572.49731 319.811
v 363.06433 1487.94067 325.76947
v 562.45728 1345.27881 320.52036
v 444.95923 1442.62146 318.86301
v 491.80472 1368.34961 326.74216
v 565.48999 1442.61633 296.83249
v 442.17258 1566.15906 295.21085
v 444.95923 1442.62146 318.86301
v 198.21765 1572.64087 344.40714
v 51.51719 1677.90344 360.33197
v 87.31972 1562.45203 367.34012
v 165.10289 1687.42285 335.77829
v 74.06106 1822.89612 341.54105
v 51.51719 1677.90344 360.33197
v 317.6655 1572.49731 319.811
v 227.56596 1687.39832 322.55231
v 247.08249 1621.11536 327.52795
v 312.29565 1687.39075 304.41241
v 183.79128 1822.86658 318.39682
v 227.56596 1687.39832 322.55231
v 183.79128 1822.86658 318.39682
v 115.07365 1937.46716 325.45148
v 123.60986 1871.56995 327.83978
v 318.8013 1807.74927 290.87878
v 187.32617 1937.47339 310.62329
v 183.79128 1822.86658 318.39682
v 565.27911 1565.95862 269.34299
v 462.12686 1687.31262 271.73563
v 487.20361 1610.48975 278.3913
v 572.1958 1695.71313 247.31161
v 427.34149 1807.7644 267.53418
v 462.12686 1687.31262 271.73563
v 442.17258 1566.15906 295.21085
v 312.29565 1687.39075 304.41241
v 317.6655 1572.49731 319.811
v 399.67477 1687.33887 285.34705
v 318.8013 1807.74927 290.87878
v 312.29565 1687.39075 304.41241
v 427.34149 1807.7644 267.53418
v 355.65167 1937.47449 276.42346
v 364.88364 1846.31567 278.72568
v 549.27032 1812.39563 242.20152
v 437.22043 1937.4967 260.33527
v 427.34149 1807.7644 267.53418
v 688.61658 1063.80823 371.06552
v 562.68616 1187.79553 353.51089
v 562.51563 1062.72778 366.45694
v 688.73846 1190.18848 359.82559
v 562.43591 1282.73535 334.72192
v 562.68616 1187.79553 353.51089
v 755.49927 1064.31909 376.9718
v 688.73846 1190.18848 359.82559
v 688.61658 1063.80823 371.06552
v 760.80011 1190.26477 373.9039
v 678.98303 1308.57336 344.00253
v 688.73846 1190.18848 359.82559
v 626.5199 1487.86755 278.15558
v 565.27911 1565.95862 269.34299
v 609.29565 1487.88257 278.0791
v 629.29028 1342.45288 320.29666
v 565.48999 1442.61633 296.83249
v 562.45728 1345.27881 320.52036
v 768.48285 1313.68933 370.05316
v 697.70264 1437.43213 342.59833
v 678.98303 1308.57336 344.00253
v 776.42719 1436.20215 366.16077
v 703.73962 1560.54749 339.3783
v 697.70264 1437.43213 342.59833
v 630.27966 1561.37317 268.87207
v 572.1958 1695.71313 247.31161
v 565.27911 1565.95862 269.34299
v 625.39264 1743.32166 234.21875
v 611.75043 1812.26025 232.32309
v 620.9873 1743.33118 234.22083
v 782.7901 1559.90393 362.51639
v 708.07715 1685.6936 337.33572
v 703.73962 1560.54749 339.3783
v 786.67413 1685.63904 360.18552
v 710.2995 1811.72437 337.09213
v 708.07715 1685.6936 337.33572
v 625.73737 1812.10779 232.19849
v 609.05383 1937.5686 232.55713
v 611.75043 1812.26025 232.32309
v 787.98175 1811.96838 360.14215
v 710.25854 1937.23706 338.17264
v 710.2995 1811.72437 337.09213
v 187.63318 1062.58691 410.08261
v 61.77262 1194.57849 416.56024
v 100.50653 1062.53955 420.0127
v 187.64987 1187.62451 401.20389
v 62.59691 1312.57568 404.51025
v 61.77262 1194.57849 416.56024
v 313.38318 1062.47156 398.36456
v 187.64987 1187.62451 401.20389
v 187.63318 1062.58691 410.08261
v 314.23206 1187.90344 385.06659
v 189.2762 1313.45349 385.25162
v 187.64987 1187.62451 401.20389
v 189.2762 1313.45349 385.25162
v 68.3701 1441.54602 387.17313
v 62.59691 1312.57568 404.51025
v 414.39325 1062.67651 381.76111
v 314.23206 1187.90344 385.06659
v 313.38318 1062.47156 398.36456
v 919.49182 1063.38293 505.30261
v 845.36072 1189.97986 479.75827
v 841.61206 1063.98596 482.67712
v 922.08612 1188.85095 502.84973
v 852.16766 1313.77368 475.91339
v 845.36072 1189.97986 479.75827
v 926.72675 1312.53601 498.70398
v 860.28735 1436.16016 472.0311
v 852.16766 1313.77368 475.91339
v 943.474 1441.0166 495.53705
v 867.0575 1559.91357 468.61295
v 860.28735 1436.16016 472.0311
v 1067.25562 1306.99438 552.42853
v 996.21954 1405.30127 523.65845
v 991.27856 1307.17749 540.02563
v 1062.46228 1481.57727 510.27109
v 934.87537 1560.36755 478.22684
v 943.474 1441.0166 495.53705
v 1061.70935 1062.5835 574.33447
v 995.3642 1189.20496 565.50171
v 992.47742 1063.42004 567.32385
v 1066.53308 1195.02185 567.12042
v 998.75446 1261.52576 562.93481
v 995.3642 1189.20496 565.50171
v 934.87537 1560.36755 478.22684
v 871.24628 1686.21265 466.71454
v 867.0575 1559.91357 468.61295
v 936.20203 1686.43567 467.43457
v 872.42041 1812.81604 467.16342
v 871.24628 1686.21265 466.71454
v 1062.47314 1561.93921 490.61484
v 936.20203 1686.43567 467.43457
v 934.87537 1560.36755 478.22684
v 1062.55688 1687.1593 471.52917
v 936.7262 1812.56177 467.94952
v 936.20203 1686.43567 467.43457
v 936.7262 1812.56177 467.94952
v 870.87195 1938.04175 468.96857
v 872.42041 1812.81604 467.16342
v 1062.5531 1812.57349 472.30164
v 936.66479 1937.71814 476.17599
v 936.7262 1812.56177 467.94952
v 1187.52039 113.9942 513.62054
v 1062.48267 187.31636 501.75882
v 1062.49915 104.06055 510.96194
v 1187.60046 187.3877 507.42084
v 1062.46118 312.7471 505.57236
v 1062.48267 187.31636 501.75882
v 1255.1665 123.24122 515.41333
v 1187.60046 187.3877 507.42084
v 1187.52039 113.9942 513.62054
v 1303.16687 194.88945 512.53986
v 1187.5448 312.60037 509.11017
v 1187.60046 187.3877 507.42084
v 1187.5448 312.60037 509.11017
v 1062.46741 380.48816 513.9704
v 1062.46118 312.7471 505.57236
v 1187.47876 443.43893 520.84174
v 1062.4729 562.61761 543.04755
v 1062.44006 443.10352 522.75513
v 1309.97058 312.42291 512.56403
v 1187.50549 380.82849 514.7511
v 1187.5448 312.60037 509.11017
v 1309.92773 426.71338 518.82275
v 1187.46912 562.58466 536.05066
v 1187.47876 443.43893 520.84174
v 1437.55115 62.38119 527.7016
v 1338.53247 158.31348 516.29059
v 1303.13416 73.78152 521.57056
v 1384.2439 241.69743 515.21588
v 1309.97058 312.42291 512.56403
v 1303.16687 194.88945 512.53986
v 1562.56189 62.39556 533.15143
v 1430.60498 194.9259 517.89856
v 1437.55115 62.38119 527.7016
v 1562.57483 187.44177 524.1972
v 1430.5907 312.35788 516.14734
v 1430.60498 194.9259 517.89856
v 1430.5907 312.35788 516.14734
v 1309.92773 426.71338 518.82275
v 1349.90662 353.9408 515.56018
v 1437.51868 437.57632 520.54071
v 1312.4845 562.5741 531.69818
v 1309.92773 426.71338 518.82275
v 1562.56982 312.50928 521.06165
v 1437.51868 437.57632 520.54071
v 1430.5907 312.35788 516.14734
v 1562.54797 437.5611 523.59216
v 1437.49878 562.5755 529.54999
v 1437.51868 437.57632 520.54071
v 1187.46912 562.58466 536.05066
v 1062.52173 652.64972 558.5788
v 1062.4729 562.61761 543.04755
v 1312.4845 562.5741 531.69818
v 1184.55566 694.2298 554.24817
v 1187.46912 562.58466 536.05066
v 1312.50256 687.51691 545.56738
v 1224.26099 774.93024 560.4823
v 1184.55566 694.2298 554.24817
v 1437.49878 562.5755 529.54999
v 1312.50256 687.51691 545.56738
v 1312.4845 562.5741 531.69818
v 1437.49878 687.53607 540.6203
v 1312.17249 814.95599 558.08234
v 1312.50256 687.51691 545.56738
v 1562.52527 562.57428 530.28705
v 1437.49878 687.53607 540.6203
v 1437.49878 562.5755 529.54999
v 1562.50793 687.55176 538.90723
v 1437.52527 812.49243 550.70728
v 1437.49878 687.53607 540.6203
v 1437.52527 812.49243 550.70728
v 1354.06238 937.47632 562.5575
v 1312.17249 814.95599 558.08234
v 1437.56445 937.49158 556.52283
v 1345.95288 1062.56934 562.08868
v 1354.06238 937.47632 562.5575
v 1562.50439 812.51636 546.60889
v 1437.56445 937.49158 556.52283
v 1437.52527 812.49243 550.70728
v 1562.51721 937.49915 550.50122
v 1437.5719 1062.53992 555.32544
v 1437.56445 937.49158 556.52283
v 1140.9082 740.38287 563.81635
v 1061.82776 812.43433 569.9151
v 1049.72607 696.85175 564.35901
v 1184.6001 814.88727 567.84076
v 1061.6377 937.43591 574.9762
v 1061.82776 812.43433 569.9151
v 1187.57727 937.48828 575.31799
v 1061.70935 1062.5835 574.33447
v 1061.6377 937.43591 574.9762
v 1270.23389 858.28302 564.04523
v 1187.57727 937.48828 575.31799
v 1184.6001 814.88727 567.84076
v 1291.56824 937.4751 567.09814
v 1187.59753 1062.57141 574.25513
v 1187.57727 937.48828 575.31799
v 1687.5769 62.40701 540.1239
v 1562.57483 187.44177 524.1972
v 1562.56189 62.39556 533.15143
v 1687.59338 187.44379 531.63593
v 1562.56982 312.50928 521.06165
v 1562.57483 187.44177 524.1972
v 1812.58911 62.42115 549.04846
v 1687.59338 187.44379 531.63593
v 1687.5769 62.40701 540.1239
v 1812.60767 187.45116 541.25952
v 1687.59668 312.49817 528.12701
v 1687.59338 187.44379 531.63593
v 1687.59668 312.49817 528.12701
v 1562.54797 437.5611 523.59216
v 1562.56982 312.50928 521.06165
v 1687.57825 437.5387 529.70868
v 1562.52527 562.57428 530.28705
v 1562.54797 437.5611 523.59216
v 1812.61572 312.49545 537.81769
v 1687.57825 437.5387 529.70868
v 1687.59668 312.49817 528.12701
v 1812.60547 437.53384 538.82428
v 1687.55383 562.56024 534.96002
v 1687.57825 437.5387 529.70868
v 1931.01892 74.91968 558.41937
v 1812.60767 187.45116 541.25952
v 1812.58911 62.42115 549.04846
v 1958.03735 167.69012 555.98975
v 1812.61572 312.49545 537.81769
v 1812.60767 187.45116 541.25952
v 1937.6145 312.49524 550.0611
v 1812.60547 437.53384 538.82428
v 1812.61572 312.49545 537.81769
v 1937.60291 437.52322 550.96545
v 1812.58142 562.54742 543.40491
v 1812.60547 437.53384 538.82428
v 1687.55383 562.56024 534.96002
v 1562.50793 687.55176 538.90723
v 1562.52527 562.57428 530.28705
v 1687.53699 687.54834 541.99023
v 1562.50439 812.51636 546.60889
v 1562.50793 687.55176 538.90723
v 1812.58142 562.54742 543.40491
v 1687.53699 687.54834 541.99023
v 1687.55383 562.56024 534.96002
v 1812.54468 687.53363 549.97717
v 1687.51758 812.52063 548.43304
v 1687.53699 687.54834 541.99023
v 1687.51758 812.52063 548.43304
v 1562.51721 937.49915 550.50122
v 1562.50439 812.51636 546.60889
v 1687.5022 937.5025 551.47845
v 1562.521 1062.50317 548.94031
v 1562.51721 937.49915 550.50122
v 1822.0647 819.22394 557.23157
v 1687.5022 937.5025 551.47845
v 1687.51758 812.52063 548.43304
v 1802.71179 937.50818 558.88885
v 1687.50342 1062.49512 549.57758
v 1687.5022 937.5025 551.47845
v 1945.58301 563.76843 556.11823
v 1812.54468 687.53363 549.97717
v 1812.58142 562.54742 543.40491
v 1910.72351 687.51178 558.82092
v 1822.0647 819.22394 557.23157
v 1812.54468 687.53363 549.97717
v 1933.01514 819.20905 567.11261
v 1865.17236 937.50775 564.3172
v 1870.10791 865.36145 562.91321
v 1937.41516 937.51239 570.54724
v 1866.89844 1015.42163 563.27643
v 1865.17236 937.50775 564.3172
v 1187.53491 1216.41345 558.96222
v 1067.25562 1306.99438 552.42853
v 1111.96802 1240.94263 561.31061
v 1305.70117 1178.67578 555.69696
v 1187.51929 1312.63184 543.93457
v 1187.53491 1216.41345 558.96222
v 1187.51929 1312.63184 543.93457
v 1062.46484 1419.13525 525.86438
v 1067.25562 1306.99438 552.42853
v 1187.505 1479.42041 511.6463
v 1062.47314 1561.93921 490.61484
v 1062.46228 1481.57727 510.27109
v 1312.5271 1312.57813 537.7608
v 1187.4939 1416.92029 524.08551
v 1187.51929 1312.63184 543.93457
v 1312.50562 1476.50427 511.82788
v 1187.59277 1562.29712 495.05295
v 1187.505 1479.42041 511.6463
v 1437.5719 1062.53992 555.32544
v 1305.70117 1178.67578 555.69696
v 1345.95288 1062.56934 562.08868
v 1437.54028 1187.55212 546.6319
v 1312.5271 1312.57813 537.7608
v 1305.70117 1178.67578 555.69696
v 1562.521 1062.50317 548.94031
v 1437.54028 1187.55212 546.6319
v 1437.5719 1062.53992 555.32544
v 1562.50952 1187.49194 541.62177
v 1437.50916 1312.50549 532.51727
v 1437.54028 1187.55212 546.6319
v 1437.50916 1312.50549 532.51727
v 1312.49683 1414.00867 521.81714
v 1312.5271 1312.57813 537.7608
v 1437.5072 1473.81641 511.92734
v 1312.53308 1562.35461 498.7673
v 1312.50562 1476.50427 511.82788
v 1562.50684 1312.44653 529.80267
v 1437.495 1411.30725 519.80878
v 1437.50916 1312.50549 532.51727
v 1562.52209 1479.04944 512.64673
v 1437.52661 1562.38 501.711
v 1437.5072 1473.81641 511.92734
v 1187.59753 1062.57141 574.25513
v 1066.53308 1195.02185 567.12042
v 1061.70935 1062.5835 574.33447
v 1283.46362 1062.58203 566.72632
v 1187.52454 1153.97595 566.58508
v 1187.59753 1062.57141 574.25513
v 1187.59277 1562.29712 495.05295
v 1062.55688 1687.1593 471.52917
v 1062.47314 1561.93921 490.61484
v 1187.67786 1687.3208 478.466
v 1062.5531 1812.57349 472.30164
v 1062.55688 1687.1593 471.52917
v 1312.53308 1562.35461 498.7673
v 1187.67786 1687.3208 478.466
v 1187.59277 1562.29712 495.05295
v 1312.61731 1687.39075 486.64224
v 1187.63831 1812.57288 478.76712
v 1187.67786 1687.3208 478.466
v 1187.63831 1812.57288 478.76712
v 1062.51477 1937.63477 486.48737
v 1062.5531 1812.57349 472.30164
v 1312.59656 1812.56519 486.4393
v 1187.53967 1937.55054 491.31042
v 1187.63831 1812.57288 478.76712
v 1437.52661 1562.38 501.711
v 1312.61731 1687.39075 486.64224
v 1312.53308 1562.35461 498.7673
v 1437.57556 1687.4342 493.14487
v 1312.59656 1812.56519 486.4393
v 1312.61731 1687.39075 486.64224
v 1562.547 1562.39587 505.27328
v 1437.57556 1687.4342 493.14487
v 1437.52661 1562.38 501.711
v 1562.57629 1687.4563 499.07761
v 1437.57397 1812.54529 493.19177
v 1437.57556 1687.4342 493.14487
v 1437.57397 1812.54529 493.19177
v 1312.53552 1937.56482 496.02481
v 1312.59656 1812.56519 486.4393
v 1562.57434 1812.53687 499.58929
v 1437.54004 1937.57153 500.85278
v 1437.57397 1812.54529 493.19177
v 1687.50342 1062.49512 549.57758
v 1562.50952 1187.49194 541.62177
v 1562.521 1062.50317 548.94031
v 1687.51855 1187.47241 542.56995
v 1562.50684 1312.44653 529.80267
v 1562.50952 1187.49194 541.62177
v 1820.11487 1059.2627 558.00336
v 1687.51855 1187.47241 542.56995
v 1687.50342 1062.49512 549.57758
v 1812.50427 1187.49255 549.78925
v 1687.53638 1312.42957 531.83435
v 1687.51855 1187.47241 542.56995
v 1687.53638 1312.42957 531.83435
v 1562.51941 1416.53003 518.81335
v 1562.50684 1312.44653 529.80267
v 1641.90002 1490.12585 514.58527
v 1562.547 1562.39587 505.27328
v 1562.52209 1479.04944 512.64673
v 1812.54956 1312.44714 539.09326
v 1685.18237 1443.98816 519.86609
v 1687.53638 1312.42957 531.83435
v 1812.58875 1437.41663 528.24872
v 1725.25366 1523.87158 516.51355
v 1685.18237 1443.98816 519.86609
v 1887.29321 1098.77856 561.71594
v 1812.50427 1187.49255 549.78925
v 1820.11487 1059.2627 558.00336
v 1932.37866 1197.01233 559.31317
v 1812.54956 1312.44714 539.09326
v 1812.50427 1187.49255 549.78925
v 1937.53296 1312.47778 550.09283
v 1812.58875 1437.41663 528.24872
v 1812.54956 1312.44714 539.09326
v 1937.58215 1437.44617 539.73376
v 1807.05225 1564.27148 519.50079
v 1812.58875 1437.41663 528.24872
v 1685.20398 1564.27002 511.08252
v 1562.57629 1687.4563 499.07761
v 1562.547 1562.39587 505.27328
v 1687.59741 1687.47009 506.18787
v 1562.57434 1812.53687 499.58929
v 1562.57629 1687.4563 499.07761
v 1761.59082 1607.22778 514.46429
v 1687.59741 1687.47009 506.18787
v 1685.20398 1564.27002 511.08252
v 1773.29614 1687.48645 512.63251
v 1687.5885 1812.53259 506.90091
v 1687.59741 1687.47009 506.18787
v 1687.5885 1812.53259 506.90091
v 1562.55066 1937.56995 506.1756
v 1562.57434 1812.53687 499.58929
v 1770.4906 1812.52454 512.97571
v 1680.31689 1931.51538 511.92722
v 1687.5885 1812.53259 506.90091
v 1937.61182 1562.45056 531.737
v 1835.81506 1687.48096 517.83881
v 1807.05225 1564.27148 519.50079
v 1937.61841 1687.48267 527.48065
v 1833.00562 1812.52783 517.96924
v 1835.81506 1687.48096 517.83881
v 1937.60596 1812.51868 527.40472
v 1804.77576 1931.49219 520.1944
v 1833.00562 1812.52783 517.96924
f 2401 2402 2403
f 2404 2405 2406
f 2407 2408 2409
f 2410 2411 2412
f 2413 2414 2415
f 2416 2417 2418
f 2419 2420 2421
f 2422 2423 2424
f 2425 2426 2427
f 2428 2429 2430
f 2431 2432 2433
f 2434 2435 2436
f 2437 2438 2439
f 2440 2441 2442
f 2443 2444 2445
f 2446 2447 2448
f 2449 2450 2451
f 2452 2453 2454
f 2455 2456 2457
f 2458 2459 2460
f 2461 2462 2463
f 2464 2465 2466
f 2467 2468 2469
f 2470 2471 2472
f 2473 2474 2475
f 2476 2477 2478
f 2479 2480 2481
f 2482 2483 2484
f 2485 2486 2487
f 2488 2489 2490
f 2491 2492 2493
f 2494 2495 2496
f 2497 2498 2499
f 2500 2501 2502
f 2503 2504 2505
f 2506 2507 2508
f 2509 2510 2511
f 2512 2513 2514
f 2515 2516 2517
f 2518 2519 2520
f 2521 2522 2523
f 2524 2525 2526
f 2527 2528 2529
f 2530 2531 2532
f 2533 2534 2535
f 2536 2537 2538
f 2539 2540 2541
f 2542 2543 2544
f 2545 2546 2547
f 2548 2549 2550
f 2551 2552 2553
f 2554 2555 2556
f 2557 2558 2559
f 2560 2561 2562
f 2563 2564 2565
f 2566 2567 2568
f 2569 2570 2571
f 2572 2573 2574
f 2575 2576 2577
f 2578 2579 2580
f 2581 2582 2583
f 2584 2585 2586
f 2587 2588 2589
f 2590 2591 2592
f 2593 2594 2595
f 2596 2597 2598
f 2599 2600 2601
f 2602 2603 2604
f 2605 2606 2607
f 2608 2609 2610
f 2611 2612 2613
f 2614 2615 2616
f 2617 2618 2619
f 2620 2621 2622
f 2623 2624 2625
f 2626 2627 2628
f 2629 2630 2631
f 2632 2633 2634
f 2635 2636 2637
f 2638 2639 2640
f 2641 2642 2643
f 2644 2645 2646
f 2647 2648 2649
f 2650 2651 2652
f 2653 2654 2655
f 2656 2657 2658
f 2659 2660 2661
f 2662 2663 2664
f 2665 2666 2667
f 2668 2669 2670
f 2671 2672 2673
f 2674 2675 2676
f 2677 2678 2679
f 2680 2681 2682
f 2683 2684 2685
f 2686 2687 2688
f 2689 2690 2691
f 2692 2693 2694
f 2695 2696 2697
f 2698 2699 2700
f 2701 2702 2703
f 2704 2705 2706
f 2707 2708 2709
f 2710 2711 2712
f 2713 2714 2715
f 2716 2717 2718
f 2719 2720 2721
f 2722 2723 2724
f 2725 2726 2727
f 2728 2729 2730
f 2731 2732 2733
f 2734 2735 2736
f 2737 2738 2739
f 2740 2741 2742
f 2743 2744 2745
f 2746 2747 2748
f 2749 2750 2751
f 2752 2753 2754
f 2755 2756 2757
f 2758 2759 2760
f 2761 2762 2763
f 2764 2765 2766
f 2767 2768 2769
f 2770 2771 2772
f 2773 2774 2775
f 2776 2777 2778
f 2779 2780 2781
f 2782 2783 2784
f 2785 2786 2787
f 2788 2789 2790
f 2791 2792 2793
f 2794 2795 2796
f 2797 2798 2799
f 2800 2801 2802
f 2803 2804 2805
f 2806 2807 2808
f 2809 2810 2811
f 2812 2813 2814
f 2815 2816 2817
f 2818 2819 2820
f 2821 2822 2823
f 2824 2825 2826
f 2827 2828 2829
f 2830 2831 2832
f 2833 2834 2835
f 2836 2837 2838
f 2839 2840 2841
f 2842 2843 2844
f 2845 2846 2847
f 2848 2849 2850
f 2851 2852 2853
f 2854 2855 2856
f 2857 2858 2859
f 2860 2861 2862
f 2863 2864 2865
f 2866 2867 2868
f 2869 2870 2871
f 2872 2873 2874
f 2875 2876 2877
f 2878 2879 2880
f 2881 2882 2883
f 2884 2885 2886
f 2887 2888 2889
f 2890 2891 2892
f 2893 2894 2895
f 2896 2897 2898
f 2899 2900 2901
f 2902 2903 2904
f 2905 2906 2907
f 2908 2909 2910
f 2911 2912 2913
f 2914 2915 2916
f 2917 2918 2919
f 2920 2921 2922
f 2923 2924 2925
f 2926 2927 2928
f 2929 2930 2931
f 2932 2933 2934
f 2935 2936 2937
f 2938 2939 2940
f 2941 2942 2943
f 2944 2945 2946
f 2947 2948 2949
f 2950 2951 2952
f 2953 2954 2955
f 2956 2957 2958
f 2959 2960 2961
f 2962 2963 2964
f 2965 2966 2967
f 2968 2969 2970
f 2971 2972 2973
f 2974 2975 2976
f 2977 2978 2979
f 2980 2981 2982
f 2983 2984 2985
f 2986 2987 2988
f 2989 2990 2991
f 2992 2993 2994
f 2995 2996 2997
f 2998 2999 3000
f 3001 3002 3003
f 3004 3005 3006
f 3007 3008 3009
f 3010 3011 3012
f 3013 3014 3015
f 3016 3017 3018
f 3019 3020 3021
f 3022 3023 3024
f 3025 3026 3027
f 3028 3029 3030
f 3031 3032 3033
f 3034 3035 3036
f 3037 3038 3039
f 3040 3041 3042
f 3043 3044 3045
f 3046 3047 3048
f 3049 3050 3051
f 3052 3053 3054
f 3055 3056 3057
f 3058 3059 3060
f 3061 3062 3063
f 3064 3065 3066
f 3067 3068 3069
f 3070 3071 3072
f 3073 3074 3075
f 3076 3077 3078
f 3079 3080 3081
f 3082 3083 3084
f 3085 3086 3087
f 3088 3089 3090
f 3091 3092 3093
f 3094 3095 3096
f 3097 3098 3099
f 3100 3101 3102
f 3103 3104 3105
f 3106 3107 3108
f 3109 3110 3111
f 3112 3113 3114
f 3115 3116 3117
f 3118 3119 3120
f 3121 3122 3123
f 3124 3125 3126
f 3127 3128 3129
f 3130 3131 3132
f 3133 3134 3135
f 3136 3137 3138
f 3139 3140 3141
f 3142 3143 3144
f 3145 3146 3147
f 3148 3149 3150
f 3151 3152 3153
f 3154 3155 3156
f 3157 3158 3159
f 3160 3161 3162
f 3163 3164 3165
f 3166 3167 3168
f 3169 3170 3171
f 3172 3173 3174
f 3175 3176 3177
f 3178 3179 3180
f 3181 3182 3183
f 3184 3185 3186
f 3187 3188 3189
f 3190 3191 3192
f 3193 3194 3195
f 3196 3197 3198
f 3199 3200 3201
f 3202 3203 3204
f 3205 3206 3207
f 3208 3209 3210
f 3211 3212 3213
f 3214 3215 3216
f 3217 3218 3219
f 3220 3221 3222
f 3223 3224 3225
f 3226 3227 3228
f 3229 3230 3231
f 3232 3233 3234
f 3235 3236 3237
f 3238 3239 3240
f 3241 3242 3243
f 3244 3245 3246
f 3247 3248 3249
f 3250 3251 3252
f 3253 3254 3255
f 3256 3257 3258
f 3259 3260 3261
f 3262 3263 3264
f 3265 3266 3267
f 3268 3269 3270
f 3271 3272 3273
f 3274 3275 3276
f 3277 3278 3279
f 3280 3281 3282
f 3283 3284 3285
f 3286 3287 3288
f 3289 3290 3291
f 3292 3293 3294
f 3295 3296 3297
f 3298 3299 3300
f 3301 3302 3303
f 3304 3305 3306
f 3307 3308 3309
f 3310 3311 3312
f 3313 3314 3315
f 3316 3317 3318
f 3319 3320 3321
f 3322 3323 3324
f 3325 3326 3327
f 3328 3329 3330
f 3331 3332 3333
f 3334 3335 3336
f 3337 3338 3339
f 3340 3341 3342
f 3343 3344 3345
f 3346 3347 3348
f 3349 3350 3351
f 3352 3353 3354
f 3355 3356 3357
f 3358 3359 3360
f 3361 3362 3363
f 3364 3365 3366
f 3367 3368 3369
f 3370 3371 3372
f 3373 3374 3375
f 3376 3377 3378
f 3379 3380 3381
f 3382 3383 3384
f 3385 3386 3387
f 3388 3389 3390
f 3391 3392 3393
f 3394 3395 3396
f 3397 3398 3399
f 3400 3401 3402
f 3403 3404 3405
f 3406 3407 3408
f 3409 3410 3411
f 3412 3413 3414
f 3415 3416 3417
f 3418 3419 3420
f 3421 3422 3423
f 3424 3425 3426
f 3427 3428 3429
f 3430 3431 3432
f 3433 3434 3435
f 3436 3437 3438
f 3439 3440 3441
f 3442 3443 3444
f 3445 3446 3447
f 3448 3449 3450
f 3451 3452 3453
f 3454 3455 3456
f 3457 3458 3459
f 3460 3461 3462
f 3463 3464 3465
f 3466 3467 3468
f 3469 3470 3471
f 3472 3473 3474
f 3475 3476 3477
f 3478 3479 3480
f 3481 3482 3483
f 3484 3485 3486
f 3487 3488 3489
f 3490 3491 3492
f 3493 3494 3495
f 3496 3497 3498
f 3499 3500 3501
f 3502 3503 3504
f 3505 3506 3507
f 3508 3509 3510
f 3511 3512 3513
f 3514 3515 3516
f 3517 3518 3519
f 3520 3521 3522
f 3523 3524 3525
f 3526 3527 3528
f 3529 3530 3531
f 3532 3533 3534
f 3535 3536 3537
f 3538 3539 3540
f 3541 3542 3543
f 3544 3545 3546
f 3547 3548 3549
f 3550 3551 3552
f 3553 3554 3555
f 3556 3557 3558
f 3559 3560 3561
f 3562 3563 3564
f 3565 3566 3567
f 3568 3569 3570
f 3571 3572 3573
f 3574 3575 3576
f 3577 3578 3579
f 3580 3581 3582
f 3583 3584 3585
f 3586 3587 3588
f 3589 3590 3591
f 3592 3593 3594
f 3595 3596 3597
f 3598 3599 3600
f 3601 3602 3603
f 3604 3605 3606
f 3607 3608 3609
f 3610 3611 3612
f 3613 3614 3615
f 3616 3617 3618
f 3619 3620 3621
f 3622 3623 3624
f 3625 3626 3627
f 3628 3629 3630
f 3631 3632 3633
f 3634 3635 3636
f 3637 3638 3639
f 3640 3641 3642
f 3643 3644 3645
f 3646 3647 3648
f 3649 3650 3651
f 3652 3653 3654
f 3655 3656 3657
f 3658 3659 3660
f 3661 3662 3663
f 3664 3665 3666
f 3667 3668 3669
f 3670 3671 3672
f 3673 3674 3675
f 3676 3677 3678
f 3679 3680 3681
f 3682 3683 3684
f 3685 3686 3687
f 3688 3689 3690
f 3691 3692 3693
f 3694 3695 3696
f 3697 3698 3699
f 3700 3701 3702
f 3703 3704 3705
f 3706 3707 3708
f 3709 3710 3711
f 3712 3713 3714
f 3715 3716 3717
f 3718 3719 3720
f 3721 3722 3723
f 3724 3725 3726
f 3727 3728 3729
f 3730 3731 3732
f 3733 3734 3735
f 3736 3737 3738
f 3739 3740 3741
f 3742 3743 3744
f 3745 3746 3747
f 3748 3749 3750
f 3751 3752 3753
f 3754 3755 3756
f 3757 3758 3759
f 3760 3761 3762
f 3763 3764 3765
f 3766 3767 3768
f 3769 3770 3771
f 3772 3773 3774
f 3775 3776 3777
f 3778 3779 3780
f 3781 3782 3783
f 3784 3785 3786
f 3787 3788 3789
f 3790 3791 3792
f 3793 3794 3795
f 3796 3797 3798
f 3799 3800 3801
f 3802 3803 3804
f 3805 3806 3807
f 3808 3809 3810
f 3811 3812 3813
f 3814 3815 3816
f 3817 3818 3819
f 3820 3821 3822
f 3823 3824 3825
f 3826 3827 3828
f 3829 3830 3831
f 3832 3833 3834
f 3835 3836 3837
f 3838 3839 3840
f 3841 3842 3843
f 3844 3845 3846
f 3847 3848 3849
f 3850 3851 3852
f 3853 3854 3855
f 3856 3857 3858
f 3859 3860 3861
f 3862 3863 3864
f 3865 3866 3867
f 3868 3869 3870
f 3871 3872 3873
f 3874 3875 3876
f 3877 3878 3879
f 3880 3881 3882
f 3883 3884 3885
f 3886 3887 3888
f 3889 3890 3891
f 3892 3893 3894
f 3895 3896 3897
f 3898 3899 3900
f 3901 3902 3903
f 3904 3905 3906
f 3907 3908 3909
f 3910 3911 3912
f 3913 3914 3915
f 3916 3917 3918
f 3919 3920 3921
f 3922 3923 3924
f 3925 3926 3927
f 3928 3929 3930
f 3931 3932 3933
f 3934 3935 3936
f 3937 3938 3939
f 3940 3941 3942
f 3943 3944 3945
f 3946 3947 3948
f 3949 3950 3951
f 3952 3953 3954
f 3955 3956 3957
f 3958 3959 3960
f 3961 3962 3963
f 3964 3965 3966
f 3967 3968 3969
f 3970 3971 3972
f 3973 3974 3975
f 3976 3977 3978
f 3979 3980 3981
f 3982 3983 3984
f 3985 3986 3987
f 3988 3989 3990
f 3991 3992 3993
f 3994 3995 3996
f 3997 3998 3999
f 4000 4001 4002
f 4003 4004 4005
f 4006 4007 4008
f 4009 4010 4011
f 4012 4013 4014
f 4015 4016 4017
f 4018 4019 4020
f 4021 4022 4023
f 4024 4025 4026
f 4027 4028 4029
f 4030 4031 4032
f 4033 4034 4035
f 4036 4037 4038
f 4039 4040 4041
f 4042 4043 4044
f 4045 4046 4047
f 4048 4049 4050
f 4051 4052 4053
f 4054 4055 4056
f 4057 4058 4059
f 4060 4061 4062
f 4063 4064 4065
f 4066 4067 4068
f 4069 4070 4071
f 4072 4073 4074
f 4075 4076 4077
f 4078 4079 4080
f 4081 4082 4083
f 4084 4085 4086
f 4087 4088 4089
f 4090 4091 4092
f 4093 4094 4095
f 4096 4097 4098
f 4099 4100 4101
f 4102 4103 4104
f 4105 4106 4107
f 4108 4109 4110
f 4111 4112 4113
f 4114 4115 4116
f 4117 4118 4119
f 4120 4121 4122
f 4123 4124 4125
f 4126 4127 4128
f 4129 4130 4131
f 4132 4133 4134
f 4135 4136 4137
f 4138 4139 4140
f 4141 4142 4143
f 4144 4145 4146
f 4147 4148 4149
f 4150 4151 4152
f 4153 4154 4155
f 4156 4157 4158
f 4159 4160 4161
f 4162 4163 4164
f 4165 4166 4167
f 4168 4169 4170
f 4171 4172 4173
f 4174 4175 4176
f 4177 4178 4179
f 4180 4181 4182
f 4183 4184 4185
f 4186 4187 4188
f 4189 4190 4191
f 4192 4193 4194
f 4195 4196 4197
f 4198 4199 4200
f 4201 4202 4203
f 4204 4205 4206
f 4207 4208 4209
f 4210 4211 4212
f 4213 4214 4215
f 4216 4217 4218
f 4219 4220 4221
f 4222 4223 4224
f 4225 4226 4227
f 4228 4229 4230
f 4231 4232 4233
f 4234 4235 4236
f 4237 4238 4239
f 4240 4241 4242
f 4243 4244 4245
f 4246 4247 4248
f 4249 4250 4251
f 4252 4253 4254
f 4255 4256 4257
f 4258 4259 4260
f 4261 4262 4263
f 4264 4265 4266
f 4267 4268 4269
f 4270 4271 4272
f 4273 4274 4275
f 4276 4277 4278
f 4279 4280 4281
f 4282 4283 4284
f 4285 4286 4287
f 4288 4289 4290
f 4291 4292 4293
f 4294 4295 4296
f 4297 4298 4299
f 4300 4301 4302
f 4303 4304 4305
f 4306 4307 4308
f 4309 4310 4311
f 4312 4313 4314
f 4315 4316 4317
f 4318 4319 4320
f 4321 4322 4323
f 4324 4325 4326
f 4327 4328 4329
f 4330 4331 4332
f 4333 4334 4335
f 4336 4337 4338
f 4339 4340 4341
f 4342 4343 4344
f 4345 4346 4347
f 4348 4349 4350
f 4351 4352 4353
f 4354 4355 4356
f 4357 4358 4359
f 4360 4361 4362
f 4363 4364 4365
f 4366 4367 4368
f 4369 4370 4371
f 4372 4373 4374
f 4375 4376 4377
f 4378 4379 4380
f 4381 4382 4383
f 4384 4385 4386
f 4387 4388 4389
f 4390 4391 4392
f 4393 4394 4395
f 4396 4397 4398
f 4399 4400 4401
f 4402 4403 4404
f 4405 4406 4407
f 4408 4409 4410
f 4411 4412 4413
f 4414 4415 4416
f 4417 4418 4419
f 4420 4421 4422
f 4423 4424 4425
f 4426 4427 4428
f 4429 4430 4431
f 4432 4433 4434
f 4435 4436 4437
f 4438 4439 4440
f 4441 4442 4443
f 4444 4445 4446
f 4447 4448 4449
f 4450 4451 4452
f 4453 4454 4455
f 4456 4457 4458
f 4459 4460 4461
f 4462 4463 4464
f 4465 4466 4467
f 4468 4469 4470
f 4471 4472 4473
f 4474 4475 4476
f 4477 4478 4479
f 4480 4481 4482
f 4483 4484 4485
f 4486 4487 4488
f 4489 4490 4491
f 4492 4493 4494
f 4495 4496 4497
f 4498 4499 4500
f 4501 4502 4503
f 4504 4505 4506
f 4507 4508 4509
f 4510 4511 4512
f 4513 4514 4515
f 4516 4517 4518
f 4519 4520 4521
f 4522 4523 4524
f 4525 4526 4527
f 4528 4529 4530
f 4531 4532 4533
f 4534 4535 4536
f 4537 4538 4539
f 4540 4541 4542
f 4543 4544 4545
f 4546 4547 4548
f 4549 4550 4551
f 4552 4553 4554
f 4555 4556 4557
f 4558 4559 4560
f 4561 4562 4563
f 4564 4565 4566
f 4567 4568 4569
f 4570 4571 4572
f 4573 4574 4575
f 4576 4577 4578
f 4579 4580 4581
f 4582 4583 4584
f 4585 4586 4587
f 4588 4589 4590
f 4591 4592 4593
f 4594 4595 4596
f 4597 4598 4599
f 4600 4601 4602
f 4603 4604 4605
f 4606 4607 4608
f 4609 4610 4611
f 4612 4613 4614
f 4615 4616 4617
f 4618 4619 4620
f 4621 4622 4623
f 4624 4625 4626
f 4627 4628 4629
f 4630 4631 4632
f 4633 4634 4635
f 4636 4637 4638
f 4639 4640 4641
f 4642 4643 4644
f 4645 4646 4647
f 4648 4649 4650
f 4651 4652 4653
f 4654 4655 4656
f 4657 4658 4659
f 4660 4661 4662
f 4663 4664 4665
f 4666 4667 4668
f 4669 4670 4671
f 4672 4673 4674
f 4675 4676 4677
f 4678 4679 4680
f 4681 4682 4683
f 4684 4685 4686
f 4687 4688 4689
f 4690 4691 4692
f 4693 4694 4695
f 4696 4697 4698
f 4699 4700 4701
f 4702 4703 4704
f 4705 4706 4707
f 4708 4709 4710
f 4711 4712 4713
f 4714 4715 4716
f 4717 4718 4719
f 4720 4721 4722
f 4723 4724 4725
f 4726 4727 4728
f 4729 4730 4731
f 4732 4733 4734
f 4735 4736 4737
f 4738 4739 4740
f 4741 4742 4743
f 4744 4745 4746
f 4747 4748 4749
f 4750 4751 4752
f 4753 4754 4755
f 4756 4757 4758
f 4759 4760 4761
f 4762 4763 4764
f 4765 4766 4767
f 4768 4769 4770
f 4771 4772 4773
f 4774 4775 4776
f 4777 4778 4779
f 4780 4781 4782
f 4783 4784 4785
f 4786 4787 4788
f 4789 4790 4791
f 4792 4793 4794
f 4795 4796 4797
f 4798 4799 4800
f 4801 4802 4803
f 4804 4805 4806
f 4807 4808 4809
f 4810 4811 4812
o Shale
v 166.59897 187.5285 288.70901
v 163.93246 62.49412 287.96609
v 229.0746 187.53261 276.15125
v 20.89054 437.5358 331.40952
v 5.15449 356.99777 329.02328
v 83.38454 437.539 320.05643
v 193.40686 318.01675 289.99741
v 166.59897 187.5285 288.70901
v 239.16559 279.99387 278.70886
v 410.45132 187.54181 239.90958
v 413.19763 62.45413 239.9109
v 472.92676 187.54164 227.66652
v 440.52896 320.34427 241.6734
v 410.45132 187.54181 239.90958
v 484.49307 283.84952 230.51669
v 275.40561 437.59955 284.84033
v 254.33865 363.31064 282.02927
v 337.88721 437.60657 273.45172
v 63.62488 570.66473 334.97946
v 20.89054 437.5358 331.40952
v 106.1005 534.40283 324.69269
v 152.89003 687.51013 331.91489
v 129.51901 617.72278 328.82153
v 215.38371 687.49408 323.00571
v 194.65543 809.05707 336.53635
v 152.89003 687.51013 331.91489
v 241.00836 765.11096 326.98813
v 317.80011 558.75598 292.31323
v 275.40561 437.59955 284.84033
v 363.05786 514.54541 279.13974
v 441.39893 682.67816 291.92267
v 402.24609 597.91284 284.75629
v 485.62079 637.82452 279.22183
v 288.70355 937.49329 333.85757
v 268.82233 848.44122 330.47171
v 351.2558 937.49268 327.55814
v 632.86206 187.62321 229.83804
v 650.7973 62.21067 256.034
v 652.7536 187.80048 255.36525
v 652.7536 187.80048 255.36525
v 673.43091 62.09504 302.83182
v 675.76556 187.73883 302.00977
v 675.76556 187.73883 302.00977
v 717.04822 62.06592 335.99118
v 718.06714 187.65631 334.50949
v 551.70325 450.24649 236.9326
v 503.81604 367.11728 235.03598
v 596.13269 438.11047 231.95218
v 631.35815 313.53909 230.53091
v 652.7536 187.80048 255.36525
v 649.74475 313.6218 255.61771
v 627.76794 438.60837 232.52016
v 649.74475 313.6218 255.61771
v 638.94745 451.50476 251.92543
v 649.74475 313.6218 255.61771
v 675.76556 187.73883 302.00977
v 672.87921 313.7417 302.27832
v 672.87921 313.7417 302.27832
v 718.06714 187.65631 334.50949
v 716.68518 313.75192 335.20444
v 638.94745 451.50476 251.92543
v 672.87921 313.7417 302.27832
v 665.01215 438.59454 303.3114
v 665.01215 438.59454 303.3114
v 716.68518 313.75192 335.20444
v 712.97345 438.5192 337.58688
v 583.09802 541.86481 248.56425
v 551.70325 450.24649 236.9326
v 624.57007 500.35754 234.36855
v 630.64716 541.62018 253.6635
v 638.94745 451.50476 251.92543
v 625.03796 500.35754 234.36861
v 630.64716 541.62018 253.6635
v 665.01215 438.59454 303.3114
v 653.88141 562.4649 304.37277
v 653.88141 562.4649 304.37277
v 712.97345 438.5192 337.58688
v 707.68127 562.22552 340.51904
v 628.00323 685.48334 276.41684
v 653.88141 562.4649 304.37277
v 637.33398 705.28082 297.55139
v 637.33398 705.28082 297.55139
v 707.68127 562.22552 340.51904
v 702.35724 685.81934 343.6185
v 632.02051 799.67084 305.59656
v 637.33398 705.28082 297.55139
v 624.47949 750.00378 281.25381
v 698.17902 810.06537 346.78802
v 702.35724 685.81934 343.6185
v 632.02051 799.67084 305.59656
v 695.922 936.40253 349.2543
v 698.17902 810.06537 346.78802
v 631.47046 937.17224 316.86948
v 795.50616 187.72554 356.91165
v 849.73578 61.50568 396.52396
v 854.23193 187.02252 394.32819
v 854.23193 187.02252 394.32819
v 867.62427 61.81535 436.6387
v 869.93695 187.11441 428.36087
v 794.50195 313.95956 357.84351
v 854.23193 187.02252 394.32819
v 852.07465 314.23328 395.00122
v 852.07465 314.23328 395.00122
v 869.93695 187.11441 428.36087
v 868.87323 313.51639 431.19742
v 790.74365 438.71521 360.74957
v 852.07465 314.23328 395.00122
v 843.3783 439.04126 396.78516
v 843.3783 439.04126 396.78516
v 868.87323 313.51639 431.19742
v 865.44733 441.0004 445.62387
v 785.11804 562.62329 363.97134
v 843.3783 439.04126 396.78516
v 830.9928 562.79645 398.01239
v 830.9928 562.79645 398.01239
v 865.44733 441.0004 445.62387
v 852.6615 562.88574 444.85254
v 779.06616 686.52301 367.00803
v 830.9928 562.79645 398.01239
v 818.33923 686.69019 398.92175
v 818.33923 686.69019 398.92175
v 852.6615 562.88574 444.85254
v 840.24927 686.80695 445.77213
v 852.6615 562.88574 444.85254
v 873.47736 483.48462 469.08499
v 869.25012 562.59204 470.19711
v 840.24927 686.80695 445.77213
v 869.25012 562.59204 470.19711
v 863.0451 686.60266 472.95065
v 944.85913 552.63678 473.98724
v 909.4071 483.58487 468.5791
v 992.88763 503.36862 468.05185
v 807.96942 810.96234 400.1066
v 818.33923 686.69019 398.92175
v 773.80426 810.81671 369.9342
v 830.13306 811.15674 446.8941
v 840.24927 686.80695 445.77213
v 807.96942 810.96234 400.1066
v 802.21198 936.6618 401.83002
v 807.96942 810.96234 400.1066
v 770.58258 936.61969 372.54404
v 824.6969 936.79633 448.43347
v 830.13306 811.15674 446.8941
v 802.21198 936.6618 401.83002
v 858.19257 811.10876 475.5827
v 863.0451 686.60266 472.95065
v 830.13306 811.15674 446.8941
v 855.82568 936.83276 477.80634
v 858.19257 811.10876 475.5827
v 824.6969 936.79633 448.43347
v 998.67572 815.4834 520.35358
v 1000.78748 750.00378 515.62878
v 956.90155 793.56451 503.78534
v 996.6748 937.26373 525.57257
v 998.67572 815.4834 520.35358
v 934.80225 937.38739 500.07288
v 24.58592 1407.40808 331.98236
v 64.79691 1311.99219 337.22464
v 64.74471 1444.44299 320.58551
v 143.46898 1269.95923 330.65753
v 186.14839 1182.88098 334.6059
v 186.13646 1312.04321 319.32816
v 284.01929 1062.55066 333.56976
v 288.70355 937.49329 333.85757
v 346.59644 1062.57385 327.34506
v 262.52786 1138.08313 329.646
v 284.01929 1062.55066 333.56976
v 307.68732 1183.04016 320.3551
v 288.11118 1412.81897 287.09662
v 323.01532 1323.22571 297.45413
v 322.79645 1447.61609 274.73965
v 158.91925 1562.41504 287.03421
v 198.01688 1447.76514 297.24072
v 221.40105 1562.40308 274.87286
v 132.08237 1637.60266 282.64185
v 158.91925 1562.41504 287.03421
v 179.13934 1682.50671 267.36935
v 25.14277 1812.45496 285.7915
v 65.11232 1682.53455 290.53043
v 87.62623 1812.44727 273.05173
v 8.31257 1905.72412 282.68436
v 25.14277 1812.45496 285.7915
v 54.9142 1943.41748 271.04593
v 403.01486 1562.28491 238.58289
v 447.33395 1447.67676 252.56084
v 447.3179 1574.69812 227.32033
v 375.4129 1625.68689 234.46451
v 403.01486 1562.28491 238.58289
v 416.60165 1666.93481 219.38811
v 263.82584 1812.42542 236.3839
v 310.10175 1675.30701 240.79468
v 326.29205 1812.4209 223.28142
v 251.49956 1883.04089 234.65915
v 263.82584 1812.42542 236.3839
v 300.69638 1929.82996 222.0901
v 494.03214 1937.49036 185.26894
v 447.72379 1818.56274 197.96622
v 431.48499 1937.48621 196.54788
v 696.48999 1064.63513 349.1199
v 695.922 936.40253 349.2543
v 632.16907 1063.30872 315.7728
v 700.30328 1191.14539 345.97968
v 696.48999 1064.63513 349.1199
v 635.52521 1190.07996 304.05679
v 511.27762 1256.5105 282.5835
v 556.86859 1188.18665 289.74695
v 556.86523 1304.06982 266.90002
v 632.14526 1313.35193 268.7066
v 635.52521 1190.07996 304.05679
v 650.50916 1314.14099 305.22507
v 706.53235 1314.54089 341.91879
v 700.30328 1191.14539 345.97968
v 650.50916 1314.14099 305.22507
v 640.07477 1428.26624 253.62042
v 650.50916 1314.14099 305.22507
v 665.75024 1436.83252 303.97421
v 713.64423 1436.82324 338.13248
v 706.53235 1314.54089 341.91879
v 665.75024 1436.83252 303.97421
v 634.61383 1560.72705 230.1886
v 640.07477 1428.26624 253.62042
v 656.05835 1560.57935 256.16547
v 639.06964 1686.09033 228.12633
v 656.05835 1560.57935 256.16547
v 665.37909 1685.80334 255.44891
v 656.05835 1560.57935 256.16547
v 665.75024 1436.83252 303.97421
v 679.19672 1560.35059 302.82379
v 719.97089 1560.30347 334.85568
v 713.64423 1436.82324 338.13248
v 679.19672 1560.35059 302.82379
v 665.37909 1685.80334 255.44891
v 679.19672 1560.35059 302.82379
v 688.42816 1685.73633 302.08618
v 724.40344 1685.87134 332.78235
v 719.97089 1560.30347 334.85568
v 688.42816 1685.73633 302.08618
v 500.29541 1937.48376 185.25276
v 549.01587 1817.46509 201.85599
v 561.65619 1936.09814 204.18747
v 641.38824 1812.03162 227.47804
v 665.37909 1685.80334 255.44891
v 669.78046 1811.81458 255.58578
v 641.5863 1937.5979 227.99185
v 669.78046 1811.81458 255.58578
v 669.55157 1937.37134 256.30048
v 669.78046 1811.81458 255.58578
v 688.42816 1685.73633 302.08618
v 692.51917 1811.91431 302.31061
v 726.5564 1812.16614 332.61584
v 724.40344 1685.87134 332.78235
v 692.51917 1811.91431 302.31061
v 669.55157 1937.37134 256.30048
v 692.51917 1811.91431 302.31061
v 691.8125 1937.47278 303.14197
v 726.31171 1937.67883 333.79431
v 726.5564 1812.16614 332.61584
v 691.8125 1937.47278 303.14197
v 803.60773 1064.43481 402.0524
v 802.21198 936.6618 401.83002
v 771.35211 1064.41931 372.53558
v 826.03271 1064.22961 448.63858
v 824.6969 936.79633 448.43347
v 803.60773 1064.43481 402.0524
v 812.86627 1190.38989 400.2121
v 803.60773 1064.43481 402.0524
v 776.49072 1190.43225 369.31973
v 834.8053 1190.11157 446.97849
v 826.03271 1064.22961 448.63858
v 812.86627 1190.38989 400.2121
v 856.42517 1064.07153 477.83978
v 855.82568 936.83276 477.80634
v 826.03271 1064.22961 448.63858
v 860.42212 1190.12549 475.04221
v 856.42517 1064.07153 477.83978
v 834.8053 1190.11157 446.97849
v 997.18988 1063.11047 524.78046
v 996.6748 937.26373 525.57257
v 935.1427 1062.92529 500.15121
v 998.64832 1141.72363 518.84607
v 997.18988 1063.11047 524.78046
v 948.78827 1184.81165 498.99585
v 827.62109 1313.69714 398.54172
v 812.86627 1190.38989 400.2121
v 783.89185 1313.84888 365.30591
v 849.1803 1313.58533 445.3425
v 834.8053 1190.11157 446.97849
v 827.62109 1313.69714 398.54172
v 844.33856 1435.80005 397.09738
v 827.62109 1313.69714 398.54172
v 791.51294 1436.29138 361.20517
v 865.52936 1433.39026 444.24408
v 849.1803 1313.58533 445.3425
v 844.33856 1435.80005 397.09738
v 867.55206 1313.86426 471.30869
v 860.42212 1190.12549 475.04221
v 849.1803 1313.58533 445.3425
v 872.9024 1390.60303 469.31436
v 867.55206 1313.86426 471.30869
v 865.52936 1433.39026 444.24408
v 861.13965 1567.63257 399.76755
v 844.33856 1435.80005 397.09738
v 797.57239 1559.80762 357.32965
v 871.1394 1534.93738 428.16736
v 865.52936 1433.39026 444.24408
v 861.13965 1567.63257 399.76755
v 865.47205 1686.4502 390.29608
v 861.13965 1567.63257 399.76755
v 801.21552 1685.27087 354.82837
v 866.72058 1812.60925 389.71637
v 865.47205 1686.4502 390.29608
v 802.34033 1811.43738 354.7869
v 866.4425 1942.71814 399.91565
v 866.72058 1812.60925 389.71637
v 801.13245 1936.96704 356.38126
v 1051.32837 937.42908 524.55536
v 1030.12268 837.96002 520.94116
v 1113.84583 937.45184 515.63379
v 1333.22156 666.75378 474.36276
v 1324.86877 618.37543 469.23788
v 1374.80554 625.06854 468.74716
v 1045.005 1062.71887 524.00873
v 1051.32837 937.42908 524.55536
v 1107.48901 1062.64563 515.09583
v 1021.50189 1141.60168 518.80579
v 1045.005 1062.71887 524.00873
v 1063.02393 1185.11499 507.20749
v 1053.00366 1425.0946 452.15039
v 1053.09766 1320.13123 480.63849
v 1005.00098 1375.86597 468.98489
v 1730.36133 155.27538 469.63571
v 1688.27441 193.1225 464.18536
v 1688.26685 64.47441 472.6778
v 1823.41443 312.49478 472.20828
v 1760.88513 312.4964 466.86441
v 1803.52917 193.12776 473.37726
v 1805.3208 441.31558 472.01321
v 1758.72412 402.15665 467.6832
v 1823.41443 312.49478 472.20828
v 1566.68005 678.73492 471.54843
v 1527.81824 631.15771 467.9389
v 1611.15637 620.74847 468.9072
v 1695.97461 572.51782 469.39645
v 1659.91345 537.44855 465.91589
v 1743.21826 485.48773 469.09863
v 1316.16748 1568.80969 427.21713
v 1316.25061 1686.81177 416.24689
v 1360.22595 1644.86023 422.30606
v 1362.7312 1857.2312 422.29904
v 1279.39832 1889.43726 420.04691
v 1317.68079 1933.7229 425.85623
v 1433.79492 1686.90625 423.73694
v 1389.56592 1773.86499 420.50308
v 1433.7926 1814.34033 423.80051
v 1814.53918 1312.2179 472.97861
v 1814.56616 1435.49829 462.5433
v 1857.51746 1392.58655 469.94849
v 1935.81213 1435.50977 473.57315
v 1917.27649 1562.46228 463.44629
v 1979.76404 1562.46765 470.09119
v 1979.76404 1562.46765 470.09119
v 1948.10217 1684.98865 462.17505
v 1996.69031 1641.66321 469.00378
v 226.41655 62.49172 275.72314
v 229.0746 187.53261 276.15125
v 163.93246 62.49412 287.96609
v 229.0746 187.53261 276.15125
v 239.16559 279.99387 278.70886
v 166.59897 187.5285 288.70901
v 53.01506 314.22522 317.12204
v 83.38454 437.539 320.05643
v 5.15449 356.99777 329.02328
v 83.38454 437.539 320.05643
v 106.1005 534.40283 324.69269
v 20.89054 437.5358 331.40952
v 475.69257 62.45188 228.48146
v 472.92676 187.54164 227.66652
v 413.19763 62.45413 239.9109
v 472.92676 187.54164 227.66652
v 484.49307 283.84952 230.51669
v 410.45132 187.54181 239.90958
v 302.43005 318.04459 268.55136
v 337.88721 437.60657 273.45172
v 254.33865 363.31064 282.02927
v 337.88721 437.60657 273.45172
v 363.05786 514.54541 279.13974
v 275.40561 437.59955 284.84033
v 177.70686 570.64069 316.38745
v 215.38371 687.49408 323.00571
v 129.51901 617.72278 328.82153
v 215.38371 687.49408 323.00571
v 241.00836 765.11096 326.98813
v 152.89003 687.51013 331.91489
v 441.27594 558.815 272.79129
v 485.62079 637.82452 279.22183
v 402.24609 597.91284 284.75629
v 311.35239 809.01593 322.72717
v 351.2558 937.49268 327.55814
v 268.82233 848.44122 330.47171
v 351.2558 937.49268 327.55814
v 346.59644 1062.57385 327.34506
v 288.70355 937.49329 333.85757
v 650.7973 62.21067 256.034
v 632.86206 187.62321 229.83804
v 632.19568 61.9274 230.65977
v 673.43091 62.09504 302.83182
v 652.7536 187.80048 255.36525
v 650.7973 62.21067 256.034
v 652.7536 187.80048 255.36525
v 631.35815 313.53909 230.53091
v 632.86206 187.62321 229.83804
v 675.76556 187.73883 302.00977
v 649.74475 313.6218 255.61771
v 652.7536 187.80048 255.36525
v 717.04822 62.06592 335.99118
v 675.76556 187.73883 302.00977
v 673.43091 62.09504 302.83182
v 718.06714 187.65631 334.50949
v 672.87921 313.7417 302.27832
v 675.76556 187.73883 302.00977
v 551.83405 320.76114 229.42934
v 596.13269 438.11047 231.95218
v 503.81604 367.11728 235.03598
v 596.13269 438.11047 231.95218
v 624.57007 500.35754 234.36855
v 551.70325 450.24649 236.9326
v 649.74475 313.6218 255.61771
v 627.76794 438.60837 232.52016
v 631.35815 313.53909 230.53091
v 672.87921 313.7417 302.27832
v 638.94745 451.50476 251.92543
v 649.74475 313.6218 255.61771
v 638.94745 451.50476 251.92543
v 625.03796 500.35754 234.36861
v 627.76794 438.60837 232.52016
v 665.01215 438.59454 303.3114
v 630.64716 541.62018 253.6635
v 638.94745 451.50476 251.92543
v 716.68518 313.75192 335.20444
v 665.01215 438.59454 303.3114
v 672.87921 313.7417 302.27832
v 712.97345 438.5192 337.58688
v 653.88141 562.4649 304.37277
v 665.01215 438.59454 303.3114
v 849.73578 61.50568 396.52396
v 795.50616 187.72554 356.91165
v 793.71735 62.27509 359.03217
v 854.23193 187.02252 394.32819
v 794.50195 313.95956 357.84351
v 795.50616 187.72554 356.91165
v 852.07465 314.23328 395.00122
v 790.74365 438.71521 360.74957
v 794.50195 313.95956 357.84351
v 843.3783 439.04126 396.78516
v 785.11804 562.62329 363.97134
v 790.74365 438.71521 360.74957
v 653.88141 562.4649 304.37277
v 628.00323 685.48334 276.41684
v 630.64716 541.62018 253.6635
v 628.00323 685.48334 276.41684
v 624.47949 750.00378 281.25381
v 637.33398 705.28082 297.55139
v 707.68127 562.22552 340.51904
v 637.33398 705.28082 297.55139
v 653.88141 562.4649 304.37277
v 637.33398 705.28082 297.55139
v 632.02051 799.67084 305.59656
v 702.35724 685.81934 343.6185
v 632.02051 799.67084 305.59656
v 631.47046 937.17224 316.86948
v 698.17902 810.06537 346.78802
v 631.47046 937.17224 316.86948
v 632.16907 1063.30872 315.7728
v 695.922 936.40253 349.2543
v 830.9928 562.79645 398.01239
v 779.06616 686.52301 367.00803
v 785.11804 562.62329 363.97134
v 779.06616 686.52301 367.00803
v 773.80426 810.81671 369.9342
v 818.33923 686.69019 398.92175
v 773.80426 810.81671 369.9342
v 770.58258 936.61969 372.54404
v 807.96942 810.96234 400.1066
v 770.58258 936.61969 372.54404
v 771.35211 1064.41931 372.53558
v 802.21198 936.6618 401.83002
v 867.62427 61.81535 436.6387
v 854.23193 187.02252 394.32819
v 849.73578 61.50568 396.52396
v 869.93695 187.11441 428.36087
v 852.07465 314.23328 395.00122
v 854.23193 187.02252 394.32819
v 868.87323 313.51639 431.19742
v 843.3783 439.04126 396.78516
v 852.07465 314.23328 395.00122
v 865.44733 441.0004 445.62387
v 830.9928 562.79645 398.01239
v 843.3783 439.04126 396.78516
v 873.47736 483.48462 469.08499
v 852.6615 562.88574 444.85254
v 865.44733 441.0004 445.62387
v 945.57599 440.32394 458.24976
v 992.88763 503.36862 468.05185
v 909.4071 483.58487 468.5791
v 852.6615 562.88574 444.85254
v 818.33923 686.69019 398.92175
v 830.9928 562.79645 398.01239
v 869.25012 562.59204 470.19711
v 840.24927 686.80695 445.77213
v 852.6615 562.88574 444.85254
v 818.33923 686.69019 398.92175
v 807.96942 810.96234 400.1066
v 840.24927 686.80695 445.77213
v 840.24927 686.80695 445.77213
v 830.13306 811.15674 446.8941
v 863.0451 686.60266 472.95065
v 949.83514 701.13092 495.41479
v 956.90155 793.56451 503.78534
v 1000.78748 750.00378 515.62878
v 807.96942 810.96234 400.1066
v 802.21198 936.6618 401.83002
v 830.13306 811.15674 446.8941
v 830.13306 811.15674 446.8941
v 824.6969 936.79633 448.43347
v 858.19257 811.10876 475.5827
v 802.21198 936.6618 401.83002
v 803.60773 1064.43481 402.0524
v 824.6969 936.79633 448.43347
v 824.6969 936.79633 448.43347
v 826.03271 1064.22961 448.63858
v 855.82568 936.83276 477.80634
v 956.90155 793.56451 503.78534
v 934.80225 937.38739 500.07288
v 998.67572 815.4834 520.35358
v 934.80225 937.38739 500.07288
v 935.1427 1062.92529 500.15121
v 996.6748 937.26373 525.57257
v 226.83582 1221.45374 325.25723
v 186.13646 1312.04321 319.32816
v 186.14839 1182.88098 334.6059
v 246.62816 1496.224 280.63187
v 221.40105 1562.40308 274.87286
v 198.01688 1447.76514 297.24072
v 107.93536 1353.29712 325.44781
v 64.74471 1444.44299 320.58551
v 64.79691 1311.99219 337.22464
v 346.59644 1062.57385 327.34506
v 307.68732 1183.04016 320.3551
v 284.01929 1062.55066 333.56976
v 371.51767 1371.85571 280.69012
v 322.79645 1447.61609 274.73965
v 323.01532 1323.22571 297.45413
v 495.59705 1496.18335 233.53831
v 447.3179 1574.69812 227.32033
v 447.33395 1447.67676 252.56084
v 496.68896 1864.48743 186.80229
v 494.03214 1937.49036 185.26894
v 447.72379 1818.56274 197.96622
v 108.59699 1720.91589 277.68097
v 87.62623 1812.44727 273.05173
v 65.11232 1682.53455 290.53043
v 221.40105 1562.40308 274.87286
v 179.13934 1682.50671 267.36935
v 158.91925 1562.41504 287.03421
v 87.62623 1812.44727 273.05173
v 54.9142 1943.41748 271.04593
v 25.14277 1812.45496 285.7915
v 356.40848 1687.87402 229.44785
v 326.29205 1812.4209 223.28142
v 310.10175 1675.30701 240.79468
v 447.3179 1574.69812 227.32033
v 416.60165 1666.93481 219.38811
v 403.01486 1562.28491 238.58289
v 326.29205 1812.4209 223.28142
v 300.69638 1929.82996 222.0901
v 263.82584 1812.42542 236.3839
v 594.62933 1230.28394 277.57651
v 556.86523 1304.06982 266.90002
v 556.86859 1188.18665 289.74695
v 635.52521 1190.07996 304.05679
v 632.14526 1313.35193 268.7066
v 626.86377 1230.49658 277.93335
v 632.16907 1063.30872 315.7728
v 635.52521 1190.07996 304.05679
v 696.48999 1064.63513 349.1199
v 635.52521 1190.07996 304.05679
v 650.50916 1314.14099 305.22507
v 700.30328 1191.14539 345.97968
v 650.50916 1314.14099 305.22507
v 640.07477 1428.26624 253.62042
v 632.14526 1313.35193 268.7066
v 640.07477 1428.26624 253.62042
v 634.61383 1560.72705 230.1886
v 629.64099 1464.46814 232.79799
v 665.75024 1436.83252 303.97421
v 656.05835 1560.57935 256.16547
v 640.07477 1428.26624 253.62042
v 650.50916 1314.14099 305.22507
v 665.75024 1436.83252 303.97421
v 706.53235 1314.54089 341.91879
v 665.75024 1436.83252 303.97421
v 679.19672 1560.35059 302.82379
v 713.64423 1436.82324 338.13248
v 771.35211 1064.41931 372.53558
v 776.49072 1190.43225 369.31973
v 803.60773 1064.43481 402.0524
v 776.49072 1190.43225 369.31973
v 783.89185 1313.84888 365.30591
v 812.86627 1190.38989 400.2121
v 783.89185 1313.84888 365.30591
v 791.51294 1436.29138 361.20517
v 827.62109 1313.69714 398.54172
v 791.51294 1436.29138 361.20517
v 797.57239 1559.80762 357.32965
v 844.33856 1435.80005 397.09738
v 549.01587 1817.46509 201.85599
v 500.29541 1937.48376 185.25276
v 500.30292 1864.47803 186.79568
v 656.05835 1560.57935 256.16547
v 639.06964 1686.09033 228.12633
v 634.61383 1560.72705 230.1886
v 679.19672 1560.35059 302.82379
v 665.37909 1685.80334 255.44891
v 656.05835 1560.57935 256.16547
v 665.37909 1685.80334 255.44891
v 641.38824 1812.03162 227.47804
v 639.06964 1686.09033 228.12633
v 688.42816 1685.73633 302.08618
v 669.78046 1811.81458 255.58578
v 665.37909 1685.80334 255.44891
v 679.19672 1560.35059 302.82379
v 688.42816 1685.73633 302.08618
v 719.97089 1560.30347 334.85568
v 688.42816 1685.73633 302.08618
v 692.51917 1811.91431 302.31061
v 724.40344 1685.87134 332.78235
v 669.78046 1811.81458 255.58578
v 641.5863 1937.5979 227.99185
v 641.38824 1812.03162 227.47804
v 692.51917 1811.91431 302.31061
v 669.55157 1937.37134 256.30048
v 669.78046 1811.81458 255.58578
v 692.51917 1811.91431 302.31061
v 691.8125 1937.47278 303.14197
v 726.5564 1812.16614 332.61584
v 797.57239 1559.80762 357.32965
v 801.21552 1685.27087 354.82837
v 861.13965 1567.63257 399.76755
v 801.21552 1685.27087 354.82837
v 802.34033 1811.43738 354.7869
v 865.47205 1686.4502 390.29608
v 802.34033 1811.43738 354.7869
v 801.13245 1936.96704 356.38126
v 866.72058 1812.60925 389.71637
v 803.60773 1064.43481 402.0524
v 812.86627 1190.38989 400.2121
v 826.03271 1064.22961 448.63858
v 826.03271 1064.22961 448.63858
v 834.8053 1190.11157 446.97849
v 856.42517 1064.07153 477.83978
v 812.86627 1190.38989 400.2121
v 827.62109 1313.69714 398.54172
v 834.8053 1190.11157 446.97849
v 834.8053 1190.11157 446.97849
v 849.1803 1313.58533 445.3425
v 860.42212 1190.12549 475.04221
v 935.1427 1062.92529 500.15121
v 948.78827 1184.81165 498.99585
v 997.18988 1063.11047 524.78046
v 827.62109 1313.69714 398.54172
v 844.33856 1435.80005 397.09738
v 849.1803 1313.58533 445.3425
v 849.1803 1313.58533 445.3425
v 865.52936 1433.39026 444.24408
v 867.55206 1313.86426 471.30869
v 844.33856 1435.80005 397.09738
v 861.13965 1567.63257 399.76755
v 865.52936 1433.39026 444.24408
v 1068.16101 802.82214 511.83395
v 1113.84583 937.45184 515.63379
v 1030.12268 837.96002 520.94116
v 1113.84583 937.45184 515.63379
v 1107.48901 1062.64563 515.09583
v 1051.32837 937.42908 524.55536
v 1333.24292 577.79413 464.52078
v 1374.80554 625.06854 468.74716
v 1324.86877 618.37543 469.23788
v 1107.48901 1062.64563 515.09583
v 1063.02393 1185.11499 507.20749
v 1045.005 1062.71887 524.00873
v 1053.09766 1320.13123 480.63849
v 1053.00366 1425.0946 452.15039
v 1088.31653 1366.43481 466.62805
v 1647.00623 107.59052 466.97687
v 1688.26685 64.47441 472.6778
v 1688.27441 193.1225 464.18536
v 1695.98816 441.31876 463.7709
v 1743.21826 485.48773 469.09863
v 1659.91345 537.44855 465.91589
v 1755.72131 238.63484 468.17569
v 1803.52917 193.12776 473.37726
v 1760.88513 312.4964 466.86441
v 1760.88513 312.4964 466.86441
v 1823.41443 312.49478 472.20828
v 1758.72412 402.15665 467.6832
v 1566.71667 572.50696 464.07623
v 1611.15637 620.74847 468.9072
v 1527.81824 631.15771 467.9389
v 1316.25061 1686.81177 416.24689
v 1316.16748 1568.80969 427.21713
v 1276.88171 1614.97351 420.23297
v 1389.56592 1773.86499 420.50308
v 1433.79492 1686.90625 423.73694
v 1389.5636 1728.25403 420.54294
v 1279.39832 1889.43726 420.04691
v 1362.7312 1857.2312 422.29904
v 1317.73083 1814.38989 416.54956
v 1814.56616 1435.49829 462.5433
v 1814.53918 1312.2179 472.97861
v 1774.18359 1353.75574 466.66061
v 1917.27649 1562.46228 463.44629
v 1935.81213 1435.50977 473.57315
v 1892.92175 1475.91589 466.69598
v 1948.10217 1684.98865 462.17505
v 1979.76404 1562.46765 470.09119
v 1917.27649 1562.46228 463.44629
v 64.79691 1311.99219 337.22464
v 143.46898 1269.95923 330.65753
v 186.13646 1312.04321 319.32816
v 186.14839 1182.88098 334.6059
v 262.52786 1138.08313 329.646
v 307.68732 1183.04016 320.3551
v 198.01688 1447.76514 297.24072
v 288.11118 1412.81897 287.09662
v 322.79645 1447.61609 274.73965
v 323.01532 1323.22571 297.45413
v 437.45984 1283.703 287.14014
v 437.47275 1346.24023 275.05035
v 65.11232 1682.53455 290.53043
v 132.08237 1637.60266 282.64185
v 179.13934 1682.50671 267.36935
v 310.10175 1675.30701 240.79468
v 375.4129 1625.68689 234.46451
v 416.60165 1666.93481 219.38811
v 195.87906 1929.80847 243.3073
v 251.49956 1883.04089 234.65915
v 300.69638 1929.82996 222.0901
v 556.86859 1188.18665 289.74695
v 635.52521 1190.07996 304.05679
v 626.86377 1230.49658 277.93335
v 447.33395 1447.67676 252.56084
v 562.34106 1408.15796 241.03049
v 562.47009 1470.68787 231.95766
v 562.34106 1408.15796 241.03049
v 640.07477 1428.26624 253.62042
v 629.64099 1464.46814 232.79799
v 437.45984 1283.703 287.14014
v 511.27762 1256.5105 282.5835
v 556.86523 1304.06982 266.90002
v 447.72379 1818.56274 197.96622
v 549.01587 1817.46509 201.85599
v 500.30292 1864.47803 186.79568
v 937.3421 1449.3075 451.93033
v 937.11456 1386.91077 468.15677
v 872.9024 1390.60303 469.31436
v 937.29938 1603.0636 414.54703
v 937.13251 1540.22546 427.22787
v 871.1394 1534.93738 428.16736
v 1496.82385 1.24902 468.87158
v 1562.53418 19.07324 469.83966
v 1550.0625 65.18706 464.30621
v 1562.53418 19.07324 469.83966
v 1688.26685 64.47441 472.6778
v 1647.00623 107.59052 466.97687
v 1730.36133 155.27538 469.63571
v 1803.52917 193.12776 473.37726
v 1755.72131 238.63484 468.17569
v 1063.02393 1185.11499 507.20749
v 1021.50189 1141.60168 518.80579
v 998.64832 1141.72363 518.84607
v 1053.00366 1425.0946 452.15039
v 1005.00098 1375.86597 468.98489
v 937.11456 1386.91077 468.15677
v 1187.5022 1355.75513 465.19366
v 1187.50171 1293.32947 477.33359
v 1053.09766 1320.13123 480.63849
v 1312.50745 1341.96008 463.70285
v 1312.50952 1279.4696 473.61121
v 1187.50171 1293.32947 477.33359
v 1437.50671 1327.03198 462.48004
v 1437.49609 1264.5166 470.47797
v 1312.50952 1279.4696 473.61121
v 1062.48279 1591.83228 412.89597
v 1062.43372 1529.20825 425.99811
v 937.13251 1540.22546 427.22787
v 1187.54614 1601.67212 416.95419
v 1187.54199 1539.14551 427.66193
v 1062.43372 1529.20825 425.99811
v 1276.88171 1614.97351 420.23297
v 1316.16748 1568.80969 427.21713
v 1187.54199 1539.14551 427.66193
v 1389.5636 1728.25403 420.54294
v 1433.79492 1686.90625 423.73694
v 1360.22595 1644.86023 422.30606
v 1562.50598 1317.77417 462.02594
v 1562.50183 1255.24304 468.40698
v 1437.49609 1264.5166 470.47797
v 1687.53894 1329.62488 463.6315
v 1687.5354 1267.10974 469.22449
v 1562.50183 1255.24304 468.40698
v 1774.18359 1353.75574 466.66061
v 1814.53918 1312.2179 472.97861
v 1687.5354 1267.10974 469.22449
v 1892.92175 1475.91589 466.69598
v 1935.81213 1435.50977 473.57315
v 1857.51746 1392.58655 469.94849
v 193.40686 318.01675 289.99741
v 302.43005 318.04459 268.55136
v 254.33865 363.31064 282.02927
v 63.62488 570.66473 334.97946
v 177.70686 570.64069 316.38745
v 129.51901 617.72278 328.82153
v 317.80011 558.75598 292.31323
v 441.27594 558.815 272.79129
v 402.24609 597.91284 284.75629
v 194.65543 809.05707 336.53635
v 311.35239 809.01593 322.72717
v 268.82233 848.44122 330.47171
v 440.52896 320.34427 241.6734
v 551.83405 320.76114 229.42934
v 503.81604 367.11728 235.03598
v 583.09802 541.86481 248.56425
v 625.03796 500.35754 234.36861
v 630.64716 541.62018 253.6635
v 441.39893 682.67816 291.92267
v 562.49146 664.38617 274.04843
v 562.45508 726.95868 284.5105
v 562.45508 726.95868 284.5105
v 628.00323 685.48334 276.41684
v 637.33398 705.28082 297.55139
v 873.47736 483.48462 469.08499
v 945.57599 440.32394 458.24976
v 909.4071 483.58487 468.5791
v 937.47675 1987.31567 421.97501
v 937.41528 1924.8573 413.56619
v 874.42584 1987.89795 423.17902
v 944.85913 552.63678 473.98724
v 1062.47375 515.7851 465.57388
v 1062.46289 578.24524 477.09027
v 1062.46289 578.24524 477.09027
v 1187.4967 536.06934 463.35873
v 1187.47107 598.57178 472.32233
v 998.67572 815.4834 520.35358
v 1068.16101 802.82214 511.83395
v 1030.12268 837.96002 520.94116
v 1187.47107 598.57178 472.32233
v 1333.24292 577.79413 464.52078
v 1324.86877 618.37543 469.23788
v 1324.86877 618.37543 469.23788
v 1425.01624 575.12561 462.72168
v 1375.00378 625.10583 468.74387
v 1333.22156 666.75378 474.36276
v 1437.49915 629.69385 467.87546
v 1425.00879 678.729 472.83646
v 1743.21826 485.48773 469.09863
v 1758.72412 402.15665 467.6832
v 1805.3208 441.31558 472.01321
v 1425.00879 678.729 472.83646
v 1527.81824 631.15771 467.9389
v 1566.68005 678.73492 471.54843
v 1611.15637 620.74847 468.9072
v 1659.91345 537.44855 465.91589
v 1695.97461 572.51782 469.39645
v 1062.50635 1986.48975 423.10214
v 1062.51282 1924.05737 414.11734
v 937.47675 1987.31567 421.97501
v 1187.51953 1969.79431 425.11569
v 1187.53125 1907.32324 417.27579
v 1062.50635 1986.48975 423.10214
v 1317.68079 1933.7229 425.85623
v 1279.39832 1889.43726 420.04691
v 1187.51953 1969.79431 425.11569
v 1433.7926 1814.34033 423.80051
v 1389.56592 1773.86499 420.50308
v 1362.7312 1857.2312 422.29904
v 307.68732 1183.04016 320.3551
v 226.83582 1221.45374 325.25723
v 186.14839 1182.88098 334.6059
v 322.79645 1447.61609 274.73965
v 246.62816 1496.224 280.63187
v 198.01688 1447.76514 297.24072
v 186.13646 1312.04321 319.32816
v 107.93536 1353.29712 325.44781
v 64.79691 1311.99219 337.22464
v 437.47275 1346.24023 275.05035
v 371.51767 1371.85571 280.69012
v 323.01532 1323.22571 297.45413
v 556.86523 1304.06982 266.90002
v 437.47275 1346.24023 275.05035
v 437.45984 1283.703 287.14014
v 562.47009 1470.68787 231.95766
v 495.59705 1496.18335 233.53831
v 447.33395 1447.67676 252.56084
v 500.30292 1864.47803 186.79568
v 496.68896 1864.48743 186.80229
v 447.72379 1818.56274 197.96622
v 179.13934 1682.50671 267.36935
v 108.59699 1720.91589 277.68097
v 65.11232 1682.53455 290.53043
v 300.69638 1929.82996 222.0901
v 243.26236 1966.36096 232.62518
v 195.87906 1929.80847 243.3073
v 416.60165 1666.93481 219.38811
v 356.40848 1687.87402 229.44785
v 310.10175 1675.30701 240.79468
v 626.86377 1230.49658 277.93335
v 594.62933 1230.28394 277.57651
v 556.86859 1188.18665 289.74695
v 629.64099 1464.46814 232.79799
v 562.47009 1470.68787 231.95766
v 562.34106 1408.15796 241.03049
v 998.64832 1141.72363 518.84607
v 948.78827 1184.81165 498.99585
v 1063.02393 1185.11499 507.20749
v 872.9024 1390.60303 469.31436
v 865.52936 1433.39026 444.24408
v 937.3421 1449.3075 451.93033
v 937.11456 1386.91077 468.15677
v 937.3421 1449.3075 451.93033
v 1053.00366 1425.0946 452.15039
v 871.1394 1534.93738 428.16736
v 861.13965 1567.63257 399.76755
v 937.29938 1603.0636 414.54703
v 937.13251 1540.22546 427.22787
v 937.29938 1603.0636 414.54703
v 1062.48279 1591.83228 412.89597
v 1550.0625 65.18706 464.30621
v 1456.8009 42.21818 462.06857
v 1496.82385 1.24902 468.87158
v 1647.00623 107.59052 466.97687
v 1550.0625 65.18706 464.30621
v 1562.53418 19.07324 469.83966
v 1755.72131 238.63484 468.17569
v 1688.27441 193.1225 464.18536
v 1730.36133 155.27538 469.63571
v 1053.09766 1320.13123 480.63849
v 1088.31653 1366.43481 466.62805
v 1187.5022 1355.75513 465.19366
v 1187.50171 1293.32947 477.33359
v 1187.5022 1355.75513 465.19366
v 1312.50745 1341.96008 463.70285
v 1312.50952 1279.4696 473.61121
v 1312.50745 1341.96008 463.70285
v 1437.50671 1327.03198 462.48004
v 1437.49609 1264.5166 470.47797
v 1437.50671 1327.03198 462.48004
v 1562.50598 1317.77417 462.02594
v 1062.43372 1529.20825 425.99811
v 1062.48279 1591.83228 412.89597
v 1187.54614 1601.67212 416.95419
v 1187.54199 1539.14551 427.66193
v 1187.54614 1601.67212 416.95419
v 1276.88171 1614.97351 420.23297
v 1360.22595 1644.86023 422.30606
v 1316.25061 1686.81177 416.24689
v 1389.5636 1728.25403 420.54294
v 1562.50183 1255.24304 468.40698
v 1562.50598 1317.77417 462.02594
v 1687.53894 1329.62488 463.6315
v 1687.5354 1267.10974 469.22449
v 1687.53894 1329.62488 463.6315
v 1774.18359 1353.75574 466.66061
v 1857.51746 1392.58655 469.94849
v 1814.56616 1435.49829 462.5433
v 1892.92175 1475.91589 466.69598
v 302.43005 318.04459 268.55136
v 193.40686 318.01675 289.99741
v 239.16559 279.99387 278.70886
v 551.83405 320.76114 229.42934
v 440.52896 320.34427 241.6734
v 484.49307 283.84952 230.51669
v 177.70686 570.64069 316.38745
v 63.62488 570.66473 334.97946
v 106.1005 534.40283 324.69269
v 311.35239 809.01593 322.72717
v 194.65543 809.05707 336.53635
v 241.00836 765.11096 326.98813
v 441.27594 558.815 272.79129
v 317.80011 558.75598 292.31323
v 363.05786 514.54541 279.13974
v 562.49146 664.38617 274.04843
v 441.39893 682.67816 291.92267
v 485.62079 637.82452 279.22183
v 625.03796 500.35754 234.36861
v 583.09802 541.86481 248.56425
v 624.57007 500.35754 234.36855
v 628.00323 685.48334 276.41684
v 562.45508 726.95868 284.5105
v 562.49146 664.38617 274.04843
v 945.57599 440.32394 458.24976
v 873.47736 483.48462 469.08499
v 865.44733 441.0004 445.62387
v 1062.47375 515.7851 465.57388
v 944.85913 552.63678 473.98724
v 992.88763 503.36862 468.05185
v 1068.16101 802.82214 511.83395
v 998.67572 815.4834 520.35358
v 956.90155 793.56451 503.78534
v 866.4425 1942.71814 399.91565
v 874.42584 1987.89795 423.17902
v 937.41528 1924.8573 413.56619
v 937.41528 1924.8573 413.56619
v 937.47675 1987.31567 421.97501
v 1062.51282 1924.05737 414.11734
v 1187.4967 536.06934 463.35873
v 1062.46289 578.24524 477.09027
v 1062.47375 515.7851 465.57388
v 1333.24292 577.79413 464.52078
v 1187.47107 598.57178 472.32233
v 1187.4967 536.06934 463.35873
v 1425.01624 575.12561 462.72168
v 1324.86877 618.37543 469.23788
v 1333.24292 577.79413 464.52078
v 1437.49915 629.69385 467.87546
v 1333.22156 666.75378 474.36276
v 1374.80554 625.06854 468.74716
v 1527.81824 631.15771 467.9389
v 1425.00879 678.729 472.83646
v 1437.49915 629.69385 467.87546
v 1758.72412 402.15665 467.6832
v 1743.21826 485.48773 469.09863
v 1695.98816 441.31876 463.7709
v 1659.91345 537.44855 465.91589
v 1611.15637 620.74847 468.9072
v 1566.71667 572.50696 464.07623
v 1062.51282 1924.05737 414.11734
v 1062.50635 1986.48975 423.10214
v 1187.53125 1907.32324 417.27579
v 1187.53125 1907.32324 417.27579
v 1187.51953 1969.79431 425.11569
v 1279.39832 1889.43726 420.04691
v 1317.73083 1814.38989 416.54956
v 1362.7312 1857.2312 422.29904
v 1389.56592 1773.86499 420.50308
v 62.37115 187.52101 309.55804
v 163.93246 62.49412 287.96609
v 166.59897 187.5285 288.70901
v 53.01506 314.22522 317.12204
v 166.59897 187.5285 288.70901
v 193.40686 318.01675 289.99741
v 83.38454 437.539 320.05643
v 193.40686 318.01675 289.99741
v 187.416 437.55188 301.06967
v 229.0746 187.53261 276.15125
v 312.26999 62.4698 259.02213
v 312.25952 187.53215 259.44394
v 312.25952 187.53215 259.44394
v 413.19763 62.45413 239.9109
v 410.45132 187.54181 239.90958
v 239.16559 279.99387 278.70886
v 312.25952 187.53215 259.44394
v 302.43005 318.04459 268.55136
v 302.43005 318.04459 268.55136
v 410.45132 187.54181 239.90958
v 440.52896 320.34427 241.6734
v 337.88721 437.60657 273.45172
v 440.52896 320.34427 241.6734
v 437.33047 437.63422 255.53871
v 187.416 437.55188 301.06967
v 254.33865 363.31064 282.02927
v 275.40561 437.59955 284.84033
v 106.1005 534.40283 324.69269
v 187.416 437.55188 301.06967
v 177.70686 570.64069 316.38745
v 62.54531 687.48077 345.24649
v 129.51901 617.72278 328.82153
v 152.89003 687.51013 331.91489
v 62.58052 812.47137 353.91187
v 152.89003 687.51013 331.91489
v 194.65543 809.05707 336.53635
v 62.61416 937.49652 358.61121
v 194.65543 809.05707 336.53635
v 187.57858 937.46918 343.62708
v 363.05786 514.54541 279.13974
v 437.33047 437.63422 255.53871
v 441.27594 558.815 272.79129
v 177.70686 570.64069 316.38745
v 275.40561 437.59955 284.84033
v 317.80011 558.75598 292.31323
v 215.38371 687.49408 323.00571
v 317.80011 558.75598 292.31323
v 312.54431 687.46265 309.62439
v 312.54431 687.46265 309.62439
v 402.24609 597.91284 284.75629
v 441.39893 682.67816 291.92267
v 241.00836 765.11096 326.98813
v 312.54431 687.46265 309.62439
v 311.35239 809.01593 322.72717
v 187.57858 937.46918 343.62708
v 268.82233 848.44122 330.47171
v 288.70355 937.49329 333.85757
v 311.35239 809.01593 322.72717
v 441.39893 682.67816 291.92267
v 437.58301 812.40912 308.5694
v 351.2558 937.49268 327.55814
v 437.58301 812.40912 308.5694
v 437.64856 937.49316 317.18381
v 472.92676 187.54164 227.66652
v 561.87903 62.70342 225.96889
v 561.82794 187.83481 224.80855
v 561.82794 187.83481 224.80855
v 632.19568 61.9274 230.65977
v 632.86206 187.62321 229.83804
v 484.49307 283.84952 230.51669
v 561.82794 187.83481 224.80855
v 551.83405 320.76114 229.42934
v 437.33047 437.63422 255.53871
v 503.81604 367.11728 235.03598
v 551.70325 450.24649 236.9326
v 551.83405 320.76114 229.42934
v 632.86206 187.62321 229.83804
v 631.35815 313.53909 230.53091
v 596.13269 438.11047 231.95218
v 631.35815 313.53909 230.53091
v 627.76794 438.60837 232.52016
v 718.06714 187.65631 334.50949
v 793.71735 62.27509 359.03217
v 795.50616 187.72554 356.91165
v 716.68518 313.75192 335.20444
v 795.50616 187.72554 356.91165
v 794.50195 313.95956 357.84351
v 712.97345 438.5192 337.58688
v 794.50195 313.95956 357.84351
v 790.74365 438.71521 360.74957
v 441.27594 558.815 272.79129
v 551.70325 450.24649 236.9326
v 583.09802 541.86481 248.56425
v 485.62079 637.82452 279.22183
v 583.09802 541.86481 248.56425
v 562.49146 664.38617 274.04843
v 624.57007 500.35754 234.36855
v 627.76794 438.60837 232.52016
v 625.03796 500.35754 234.36861
v 583.09802 541.86481 248.56425
v 638.94745 451.50476 251.92543
v 630.64716 541.62018 253.6635
v 562.49146 664.38617 274.04843
v 630.64716 541.62018 253.6635
v 628.00323 685.48334 276.41684
v 437.58301 812.40912 308.5694
v 562.45508 726.95868 284.5105
v 562.625 812.30267 296.98196
v 437.64856 937.49316 317.18381
v 562.625 812.30267 296.98196
v 562.54718 937.39691 306.04819
v 562.625 812.30267 296.98196
v 637.33398 705.28082 297.55139
v 632.02051 799.67084 305.59656
v 562.54718 937.39691 306.04819
v 632.02051 799.67084 305.59656
v 631.47046 937.17224 316.86948
v 707.68127 562.22552 340.51904
v 790.74365 438.71521 360.74957
v 785.11804 562.62329 363.97134
v 702.35724 685.81934 343.6185
v 785.11804 562.62329 363.97134
v 779.06616 686.52301 367.00803
v 773.80426 810.81671 369.9342
v 779.06616 686.52301 367.00803
v 698.17902 810.06537 346.78802
v 770.58258 936.61969 372.54404
v 773.80426 810.81671 369.9342
v 695.922 936.40253 349.2543
v 869.93695 187.11441 428.36087
v 937.28265 62.18275 448.78946
v 937.16809 187.2955 431.76395
v 868.87323 313.51639 431.19742
v 937.16809 187.2955 431.76395
v 937.14575 312.87329 436.69769
v 865.44733 441.0004 445.62387
v 937.14575 312.87329 436.69769
v 945.57599 440.32394 458.24976
v 869.25012 562.59204 470.19711
v 909.4071 483.58487 468.5791
v 944.85913 552.63678 473.98724
v 863.0451 686.60266 472.95065
v 944.85913 552.63678 473.98724
v 949.83514 701.13092 495.41479
v 956.90155 793.56451 503.78534
v 949.83514 701.13092 495.41479
v 858.19257 811.10876 475.5827
v 934.80225 937.38739 500.07288
v 956.90155 793.56451 503.78534
v 855.82568 936.83276 477.80634
v 62.62758 1062.53491 357.56982
v 187.57858 937.46918 343.62708
v 187.60034 1062.57239 342.79706
v 62.61528 1187.57642 350.21692
v 187.60034 1062.57239 342.79706
v 186.14839 1182.88098 334.6059
v 64.79691 1311.99219 337.22464
v 186.14839 1182.88098 334.6059
v 143.46898 1269.95923 330.65753
v 64.74471 1444.44299 320.58551
v 186.13646 1312.04321 319.32816
v 198.01688 1447.76514 297.24072
v 187.60034 1062.57239 342.79706
v 288.70355 937.49329 333.85757
v 284.01929 1062.55066 333.56976
v 186.14839 1182.88098 334.6059
v 284.01929 1062.55066 333.56976
v 262.52786 1138.08313 329.646
v 346.59644 1062.57385 327.34506
v 437.64856 937.49316 317.18381
v 437.70197 1062.59143 316.14539
v 307.68732 1183.04016 320.3551
v 437.70197 1062.59143 316.14539
v 437.66675 1187.70776 303.58453
v 322.79645 1447.61609 274.73965
v 437.47275 1346.24023 275.05035
v 447.33395 1447.67676 252.56084
v 186.13646 1312.04321 319.32816
v 307.68732 1183.04016 320.3551
v 323.01532 1323.22571 297.45413
v 198.01688 1447.76514 297.24072
v 323.01532 1323.22571 297.45413
v 288.11118 1412.81897 287.09662
v 323.01532 1323.22571 297.45413
v 437.66675 1187.70776 303.58453
v 437.45984 1283.703 287.14014
v 62.48274 1562.48755 305.56668
v 198.01688 1447.76514 297.24072
v 158.91925 1562.41504 287.03421
v 65.11232 1682.53455 290.53043
v 158.91925 1562.41504 287.03421
v 132.08237 1637.60266 282.64185
v 87.62623 1812.44727 273.05173
v 179.13934 1682.50671 267.36935
v 187.33316 1812.44348 252.43283
v 54.9142 1943.41748 271.04593
v 187.33316 1812.44348 252.43283
v 195.87906 1929.80847 243.3073
v 221.40105 1562.40308 274.87286
v 322.79645 1447.61609 274.73965
v 312.38177 1562.40503 256.96866
v 179.13934 1682.50671 267.36935
v 312.38177 1562.40503 256.96866
v 310.10175 1675.30701 240.79468
v 312.38177 1562.40503 256.96866
v 447.33395 1447.67676 252.56084
v 403.01486 1562.28491 238.58289
v 416.60165 1666.93481 219.38811
v 447.3179 1574.69812 227.32033
v 356.40848 1687.87402 229.44785
v 310.10175 1675.30701 240.79468
v 403.01486 1562.28491 238.58289
v 375.4129 1625.68689 234.46451
v 187.33316 1812.44348 252.43283
v 310.10175 1675.30701 240.79468
v 263.82584 1812.42542 236.3839
v 195.87906 1929.80847 243.3073
v 263.82584 1812.42542 236.3839
v 251.49956 1883.04089 234.65915
v 447.72379 1818.56274 197.96622
v 416.60165 1666.93481 219.38811
v 326.29205 1812.4209 223.28142
v 431.48499 1937.48621 196.54788
v 447.72379 1818.56274 197.96622
v 300.69638 1929.82996 222.0901
v 437.70197 1062.59143 316.14539
v 562.54718 937.39691 306.04819
v 562.59705 1062.71277 304.12167
v 437.66675 1187.70776 303.58453
v 562.59705 1062.71277 304.12167
v 556.86859 1188.18665 289.74695
v 562.59705 1062.71277 304.12167
v 631.47046 937.17224 316.86948
v 632.16907 1063.30872 315.7728
v 556.86859 1188.18665 289.74695
v 632.16907 1063.30872 315.7728
v 635.52521 1190.07996 304.05679
v 447.33395 1447.67676 252.56084
v 556.86523 1304.06982 266.90002
v 562.34106 1408.15796 241.03049
v 556.86523 1304.06982 266.90002
v 626.86377 1230.49658 277.93335
v 632.14526 1313.35193 268.7066
v 562.34106 1408.15796 241.03049
v 632.14526 1313.35193 268.7066
v 640.07477 1428.26624 253.62042
v 437.45984 1283.703 287.14014
v 556.86859 1188.18665 289.74695
v 511.27762 1256.5105 282.5835
v 771.35211 1064.41931 372.53558
v 770.58258 936.61969 372.54404
v 696.48999 1064.63513 349.1199
v 776.49072 1190.43225 369.31973
v 771.35211 1064.41931 372.53558
v 700.30328 1191.14539 345.97968
v 783.89185 1313.84888 365.30591
v 776.49072 1190.43225 369.31973
v 706.53235 1314.54089 341.91879
v 791.51294 1436.29138 361.20517
v 783.89185 1313.84888 365.30591
v 713.64423 1436.82324 338.13248
v 494.03214 1937.49036 185.26894
v 500.30292 1864.47803 186.79568
v 500.29541 1937.48376 185.25276
v 447.3179 1574.69812 227.32033
v 562.47009 1470.68787 231.95766
v 562.23718 1562.01428 223.25369
v 416.60165 1666.93481 219.38811
v 562.23718 1562.01428 223.25369
v 561.76404 1686.60938 211.69762
v 562.23718 1562.01428 223.25369
v 629.64099 1464.46814 232.79799
v 634.61383 1560.72705 230.1886
v 561.76404 1686.60938 211.69762
v 634.61383 1560.72705 230.1886
v 639.06964 1686.09033 228.12633
v 447.72379 1818.56274 197.96622
v 561.76404 1686.60938 211.69762
v 549.01587 1817.46509 201.85599
v 549.01587 1817.46509 201.85599
v 639.06964 1686.09033 228.12633
v 641.38824 1812.03162 227.47804
v 561.65619 1936.09814 204.18747
v 641.38824 1812.03162 227.47804
v 641.5863 1937.5979 227.99185
v 797.57239 1559.80762 357.32965
v 791.51294 1436.29138 361.20517
v 719.97089 1560.30347 334.85568
v 801.21552 1685.27087 354.82837
v 797.57239 1559.80762 357.32965
v 724.40344 1685.87134 332.78235
v 802.34033 1811.43738 354.7869
v 801.21552 1685.27087 354.82837
v 726.5564 1812.16614 332.61584
v 801.13245 1936.96704 356.38126
v 802.34033 1811.43738 354.7869
v 726.31171 1937.67883 333.79431
v 935.1427 1062.92529 500.15121
v 934.80225 937.38739 500.07288
v 856.42517 1064.07153 477.83978
v 948.78827 1184.81165 498.99585
v 935.1427 1062.92529 500.15121
v 860.42212 1190.12549 475.04221
v 936.61987 1312.36462 479.55313
v 948.78827 1184.81165 498.99585
v 867.55206 1313.86426 471.30869
v 937.11456 1386.91077 468.15677
v 936.61987 1312.36462 479.55313
v 872.9024 1390.60303 469.31436
v 937.13251 1540.22546 427.22787
v 937.3421 1449.3075 451.93033
v 871.1394 1534.93738 428.16736
v 937.13025 1687.03735 402.4006
v 937.29938 1603.0636 414.54703
v 865.47205 1686.4502 390.29608
v 937.2475 1812.60718 402.15656
v 937.13025 1687.03735 402.4006
v 866.72058 1812.60925 389.71637
v 937.41528 1924.8573 413.56619
v 937.2475 1812.60718 402.15656
v 866.4425 1942.71814 399.91565
v 937.16809 187.2955 431.76395
v 1062.55322 62.23816 446.3652
v 1062.45972 187.25639 429.5307
v 1062.45972 187.25639 429.5307
v 1187.55603 62.2802 449.18857
v 1187.63062 187.35706 436.33038
v 937.14575 312.87329 436.69769
v 1062.45972 187.25639 429.5307
v 1062.45984 312.78265 433.41342
v 945.57599 440.32394 458.24976
v 1062.45984 312.78265 433.41342
v 1062.45862 437.80634 451.32672
v 1062.45984 312.78265 433.41342
v 1187.63062 187.35706 436.33038
v 1187.56812 312.63416 437.87845
v 1062.45862 437.80634 451.32672
v 1187.56812 312.63416 437.87845
v 1187.48413 437.66245 449.90326
v 1187.63062 187.35706 436.33038
v 1312.55347 62.33534 453.84662
v 1312.59302 187.4231 443.27966
v 1312.59302 187.4231 443.27966
v 1456.8009 42.21818 462.06857
v 1437.57715 187.43819 449.55267
v 1187.56812 312.63416 437.87845
v 1312.59302 187.4231 443.27966
v 1312.55518 312.56781 442.62476
v 1187.48413 437.66245 449.90326
v 1312.55518 312.56781 442.62476
v 1312.50586 437.6084 450.32385
v 1312.55518 312.56781 442.62476
v 1437.57715 187.43819 449.55267
v 1437.55969 312.53278 447.43845
v 1312.50586 437.6084 450.32385
v 1437.55969 312.53278 447.43845
v 1437.52661 437.58295 452.17487
v 992.88763 503.36862 468.05185
v 1062.45862 437.80634 451.32672
v 1062.47375 515.7851 465.57388
v 1062.47375 515.7851 465.57388
v 1187.48413 437.66245 449.90326
v 1187.4967 536.06934 463.35873
v 949.83514 701.13092 495.41479
v 1062.46289 578.24524 477.09027
v 1062.52197 687.47742 496.21301
v 1062.52197 687.47742 496.21301
v 1187.47107 598.57178 472.32233
v 1187.48901 687.51691 484.70471
v 1068.16101 802.82214 511.83395
v 1062.52197 687.47742 496.21301
v 956.90155 793.56451 503.78534
v 1051.32837 937.42908 524.55536
v 1030.12268 837.96002 520.94116
v 996.6748 937.26373 525.57257
v 1187.51624 812.48224 499.16803
v 1187.48901 687.51691 484.70471
v 1068.16101 802.82214 511.83395
v 1187.53027 937.49438 507.29532
v 1187.51624 812.48224 499.16803
v 1113.84583 937.45184 515.63379
v 1187.4967 536.06934 463.35873
v 1312.50586 437.6084 450.32385
v 1333.24292 577.79413 464.52078
v 1333.24292 577.79413 464.52078
v 1437.52661 437.58295 452.17487
v 1425.01624 575.12561 462.72168
v 1374.80554 625.06854 468.74716
v 1425.01624 575.12561 462.72168
v 1437.49915 629.69385 467.87546
v 1187.48901 687.51691 484.70471
v 1324.86877 618.37543 469.23788
v 1333.22156 666.75378 474.36276
v 1333.22156 666.75378 474.36276
v 1375.00378 625.10583 468.74387
v 1425.00879 678.729 472.83646
v 1312.55237 812.46948 490.70935
v 1333.22156 666.75378 474.36276
v 1187.51624 812.48224 499.16803
v 1312.62244 937.49744 498.93985
v 1312.55237 812.46948 490.70935
v 1187.53027 937.49438 507.29532
v 1437.52917 812.48816 483.97083
v 1425.00879 678.729 472.83646
v 1312.55237 812.46948 490.70935
v 1437.57898 937.48669 490.38727
v 1437.52917 812.48816 483.97083
v 1312.62244 937.49744 498.93985
v 1437.57715 187.43819 449.55267
v 1550.0625 65.18706 464.30621
v 1562.58337 187.4416 456.20261
v 1562.58337 187.4416 456.20261
v 1647.00623 107.59052 466.97687
v 1688.27441 193.1225 464.18536
v 1437.55969 312.53278 447.43845
v 1562.58337 187.4416 456.20261
v 1562.57874 312.51282 453.24796
v 1437.52661 437.58295 452.17487
v 1562.57874 312.51282 453.24796
v 1562.55432 437.56442 456.11508
v 1562.57874 312.51282 453.24796
v 1688.27441 193.1225 464.18536
v 1687.60046 312.50064 461.00403
v 1562.55432 437.56442 456.11508
v 1687.60046 312.50064 461.00403
v 1695.98816 441.31876 463.7709
v 1730.36133 155.27538 469.63571
v 1812.59119 62.42216 481.91077
v 1803.52917 193.12776 473.37726
v 1803.52917 193.12776 473.37726
v 1937.59412 62.43882 493.05673
v 1937.6095 187.46405 486.31027
v 1687.60046 312.50064 461.00403
v 1755.72131 238.63484 468.17569
v 1760.88513 312.4964 466.86441
v 1695.98816 441.31876 463.7709
v 1760.88513 312.4964 466.86441
v 1758.72412 402.15665 467.6832
v 1823.41443 312.49478 472.20828
v 1937.6095 187.46405 486.31027
v 1937.61414 312.49722 483.48257
v 1805.3208 441.31558 472.01321
v 1937.61414 312.49722 483.48257
v 1937.60095 437.52414 484.56589
v 1425.01624 575.12561 462.72168
v 1562.55432 437.56442 456.11508
v 1566.71667 572.50696 464.07623
v 1437.49915 629.69385 467.87546
v 1566.71667 572.50696 464.07623
v 1527.81824 631.15771 467.9389
v 1566.71667 572.50696 464.07623
v 1695.98816 441.31876 463.7709
v 1659.91345 537.44855 465.91589
v 1687.53577 687.54553 475.4603
v 1695.97461 572.51782 469.39645
v 1566.68005 678.73492 471.54843
v 1562.50305 812.51422 479.98221
v 1566.68005 678.73492 471.54843
v 1437.52917 812.48816 483.97083
v 1562.52197 937.49445 484.02036
v 1562.50305 812.51422 479.98221
v 1437.57898 937.48669 490.38727
v 1687.51807 812.5191 481.84055
v 1687.53577 687.54553 475.4603
v 1562.50305 812.51422 479.98221
v 1687.50452 937.50195 484.83072
v 1687.51807 812.5191 481.84055
v 1562.52197 937.49445 484.02036
v 1695.97461 572.51782 469.39645
v 1805.3208 441.31558 472.01321
v 1812.57678 562.54401 477.13162
v 1812.54395 687.53192 483.56714
v 1812.57678 562.54401 477.13162
v 1687.53577 687.54553 475.4603
v 1812.57678 562.54401 477.13162
v 1937.60095 437.52414 484.56589
v 1937.57043 562.53021 488.85287
v 1937.52502 687.51538 494.95401
v 1937.57043 562.53021 488.85287
v 1812.54395 687.53192 483.56714
v 1812.50293 812.50983 489.70551
v 1812.54395 687.53192 483.56714
v 1687.51807 812.5191 481.84055
v 1812.46362 937.50726 492.84961
v 1812.50293 812.50983 489.70551
v 1687.50452 937.50195 484.83072
v 1937.46973 812.49829 500.86685
v 1937.52502 687.51538 494.95401
v 1812.50293 812.50983 489.70551
v 1937.41724 937.51086 504.01083
v 1937.46973 812.49829 500.86685
v 1812.46362 937.50726 492.84961
v 1045.005 1062.71887 524.00873
v 1051.32837 937.42908 524.55536
v 997.18988 1063.11047 524.78046
v 1021.50189 1141.60168 518.80579
v 1045.005 1062.71887 524.00873
v 998.64832 1141.72363 518.84607
v 1187.55981 1062.56433 506.1586
v 1187.53027 937.49438 507.29532
v 1107.48901 1062.64563 515.09583
v 1187.56165 1187.64307 494.50491
v 1187.55981 1062.56433 506.1586
v 1063.02393 1185.11499 507.20749
v 1187.49915 1437.48242 448.26587
v 1187.5022 1355.75513 465.19366
v 1053.00366 1425.0946 452.15039
v 1053.09766 1320.13123 480.63849
v 1063.02393 1185.11499 507.20749
v 936.61987 1312.36462 479.55313
v 1005.00098 1375.86597 468.98489
v 1053.09766 1320.13123 480.63849
v 937.11456 1386.91077 468.15677
v 1187.50171 1293.32947 477.33359
v 1187.56165 1187.64307 494.50491
v 1053.09766 1320.13123 480.63849
v 1312.63562 1062.57178 497.86407
v 1312.62244 937.49744 498.93985
v 1187.55981 1062.56433 506.1586
v 1312.58032 1187.62415 486.64566
v 1312.63562 1062.57178 497.86407
v 1187.56165 1187.64307 494.50491
v 1437.5863 1062.5531 489.08969
v 1437.57898 937.48669 490.38727
v 1312.63562 1062.57178 497.86407
v 1437.54297 1187.56384 479.54825
v 1437.5863 1062.5531 489.08969
v 1312.58032 1187.62415 486.64566
v 1312.50403 1437.47449 447.66568
v 1312.50745 1341.96008 463.70285
v 1187.49915 1437.48242 448.26587
v 1437.50635 1437.42615 447.46548
v 1437.50671 1327.03198 462.48004
v 1312.50403 1437.47449 447.66568
v 1312.50952 1279.4696 473.61121
v 1312.58032 1187.62415 486.64566
v 1187.50171 1293.32947 477.33359
v 1437.49609 1264.5166 470.47797
v 1437.54297 1187.56384 479.54825
v 1312.50952 1279.4696 473.61121
v 1062.43372 1529.20825 425.99811
v 1053.00366 1425.0946 452.15039
v 937.13251 1540.22546 427.22787
v 1062.53479 1687.14136 399.32935
v 1062.48279 1591.83228 412.89597
v 937.13025 1687.03735 402.4006
v 1187.54199 1539.14551 427.66193
v 1187.49915 1437.48242 448.26587
v 1062.43372 1529.20825 425.99811
v 1187.69714 1687.3136 406.53329
v 1187.54614 1601.67212 416.95419
v 1062.53479 1687.14136 399.32935
v 1062.55005 1812.60034 400.93781
v 1062.53479 1687.14136 399.32935
v 937.2475 1812.60718 402.15656
v 1062.51282 1924.05737 414.11734
v 1062.55005 1812.60034 400.93781
v 937.41528 1924.8573 413.56619
v 1187.65466 1812.59351 407.48737
v 1187.69714 1687.3136 406.53329
v 1062.55005 1812.60034 400.93781
v 1187.53125 1907.32324 417.27579
v 1187.65466 1812.59351 407.48737
v 1062.51282 1924.05737 414.11734
v 1316.16748 1568.80969 427.21713
v 1312.50403 1437.47449 447.66568
v 1187.54199 1539.14551 427.66193
v 1316.25061 1686.81177 416.24689
v 1276.88171 1614.97351 420.23297
v 1187.69714 1687.3136 406.53329
v 1437.54248 1562.37061 432.41101
v 1437.50635 1437.42615 447.46548
v 1316.16748 1568.80969 427.21713
v 1433.79492 1686.90625 423.73694
v 1437.54248 1562.37061 432.41101
v 1360.22595 1644.86023 422.30606
v 1317.73083 1814.38989 416.54956
v 1316.25061 1686.81177 416.24689
v 1187.65466 1812.59351 407.48737
v 1279.39832 1889.43726 420.04691
v 1317.73083 1814.38989 416.54956
v 1187.53125 1907.32324 417.27579
v 1389.56592 1773.86499 420.50308
v 1389.5636 1728.25403 420.54294
v 1317.73083 1814.38989 416.54956
v 1437.54663 1937.57471 431.60632
v 1433.7926 1814.34033 423.80051
v 1317.68079 1933.7229 425.85623
v 1562.52637 1062.50879 482.39401
v 1562.52197 937.49445 484.02036
v 1437.5863 1062.5531 489.08969
v 1562.50781 1187.49695 474.81107
v 1562.52637 1062.50879 482.39401
v 1437.54297 1187.56384 479.54825
v 1687.50574 1062.49536 482.90186
v 1687.50452 937.50195 484.83072
v 1562.52637 1062.50879 482.39401
v 1687.51917 1187.4751 475.92398
v 1687.50574 1062.49536 482.90186
v 1562.50781 1187.49695 474.81107
v 1562.52405 1437.40222 449.02948
v 1562.50598 1317.77417 462.02594
v 1437.50635 1437.42615 447.46548
v 1687.54626 1437.41687 453.89459
v 1687.53894 1329.62488 463.6315
v 1562.52405 1437.40222 449.02948
v 1562.50183 1255.24304 468.40698
v 1562.50781 1187.49695 474.81107
v 1437.49609 1264.5166 470.47797
v 1687.5354 1267.10974 469.22449
v 1687.51917 1187.4751 475.92398
v 1562.50183 1255.24304 468.40698
v 1812.46472 1062.51318 490.69864
v 1812.46362 937.50726 492.84961
v 1687.50574 1062.49536 482.90186
v 1812.50586 1187.49329 483.22879
v 1812.46472 1062.51318 490.69864
v 1687.51917 1187.4751 475.92398
v 1937.41919 1062.52979 501.7326
v 1937.41724 937.51086 504.01083
v 1812.46472 1062.51318 490.69864
v 1937.47498 1187.51929 494.07056
v 1937.41919 1062.52979 501.7326
v 1812.50586 1187.49329 483.22879
v 1814.56616 1435.49829 462.5433
v 1774.18359 1353.75574 466.66061
v 1687.54626 1437.41687 453.89459
v 1814.53918 1312.2179 472.97861
v 1812.50586 1187.49329 483.22879
v 1687.5354 1267.10974 469.22449
v 1937.53271 1312.47839 483.75394
v 1937.47498 1187.51929 494.07056
v 1814.53918 1312.2179 472.97861
v 1935.81213 1435.50977 473.57315
v 1937.53271 1312.47839 483.75394
v 1857.51746 1392.58655 469.94849
v 1562.55762 1562.39404 437.39224
v 1562.52405 1437.40222 449.02948
v 1437.54248 1562.37061 432.41101
v 1562.58899 1687.45496 430.85297
v 1562.55762 1562.39404 437.39224
v 1433.79492 1686.90625 423.73694
v 1687.57947 1562.42859 444.31915
v 1687.54626 1437.41687 453.89459
v 1562.55762 1562.39404 437.39224
v 1687.60254 1687.46838 438.91696
v 1687.57947 1562.42859 444.31915
v 1562.58899 1687.45496 430.85297
v 1562.58362 1812.5365 431.16547
v 1562.58899 1687.45496 430.85297
v 1433.7926 1814.34033 423.80051
v 1562.55615 1937.57043 437.70786
v 1562.58362 1812.5365 431.16547
v 1437.54663 1937.57471 431.60632
v 1687.59363 1812.53015 439.28546
v 1687.60254 1687.46838 438.91696
v 1562.58362 1812.5365 431.16547
v 1687.56909 1937.56311 444.86685
v 1687.59363 1812.53015 439.28546
v 1562.55615 1937.57043 437.70786
v 1812.60559 1562.43494 453.50677
v 1814.56616 1435.49829 462.5433
v 1687.57947 1562.42859 444.31915
v 1812.61694 1687.474 448.81705
v 1812.60559 1562.43494 453.50677
v 1687.60254 1687.46838 438.91696
v 1917.27649 1562.46228 463.44629
v 1892.92175 1475.91589 466.69598
v 1812.60559 1562.43494 453.50677
v 1948.10217 1684.98865 462.17505
v 1917.27649 1562.46228 463.44629
v 1812.61694 1687.474 448.81705
v 1812.60461 1812.52368 448.98428
v 1812.61694 1687.474 448.81705
v 1687.59363 1812.53015 439.28546
v 1812.58057 1937.55286 453.61365
v 1812.60461 1812.52368 448.98428
v 1687.56909 1937.56311 444.86685
v 1937.6062 1812.51648 460.56909
v 1948.10217 1684.98865 462.17505
v 1812.60461 1812.52368 448.98428
v 1940.15845 1927.03223 463.94418
v 1937.6062 1812.51648 460.56909
v 1812.58057 1937.55286 453.61365
v 312.26999 62.4698 259.02213
v 229.0746 187.53261 276.15125
v 226.41655 62.49172 275.72314
v 312.25952 187.53215 259.44394
v 239.16559 279.99387 278.70886
v 229.0746 187.53261 276.15125
v 163.93246 62.49412 287.96609
v 62.37115 187.52101 309.55804
v 62.3618 62.49702 307.92468
v 166.59897 187.5285 288.70901
v 53.01506 314.22522 317.12204
v 62.37115 187.52101 309.55804
v 193.40686 318.01675 289.99741
v 83.38454 437.539 320.05643
v 53.01506 314.22522 317.12204
v 187.416 437.55188 301.06967
v 106.1005 534.40283 324.69269
v 83.38454 437.539 320.05643
v 254.33865 363.31064 282.02927
v 187.416 437.55188 301.06967
v 193.40686 318.01675 289.99741
v 275.40561 437.59955 284.84033
v 177.70686 570.64069 316.38745
v 187.416 437.55188 301.06967
v 413.19763 62.45413 239.9109
v 312.25952 187.53215 259.44394
v 312.26999 62.4698 259.02213
v 410.45132 187.54181 239.90958
v 302.43005 318.04459 268.55136
v 312.25952 187.53215 259.44394
v 561.87903 62.70342 225.96889
v 472.92676 187.54164 227.66652
v 475.69257 62.45188 228.48146
v 561.82794 187.83481 224.80855
v 484.49307 283.84952 230.51669
v 472.92676 187.54164 227.66652
v 440.52896 320.34427 241.6734
v 337.88721 437.60657 273.45172
v 302.43005 318.04459 268.55136
v 437.33047 437.63422 255.53871
v 363.05786 514.54541 279.13974
v 337.88721 437.60657 273.45172
v 503.81604 367.11728 235.03598
v 437.33047 437.63422 255.53871
v 440.52896 320.34427 241.6734
v 551.70325 450.24649 236.9326
v 441.27594 558.815 272.79129
v 437.33047 437.63422 255.53871
v 129.51901 617.72278 328.82153
v 62.54531 687.48077 345.24649
v 63.62488 570.66473 334.97946
v 152.89003 687.51013 331.91489
v 62.58052 812.47137 353.91187
v 62.54531 687.48077 345.24649
v 317.80011 558.75598 292.31323
v 215.38371 687.49408 323.00571
v 177.70686 570.64069 316.38745
v 312.54431 687.46265 309.62439
v 241.00836 765.11096 326.98813
v 215.38371 687.49408 323.00571
v 194.65543 809.05707 336.53635
v 62.61416 937.49652 358.61121
v 62.58052 812.47137 353.91187
v 187.57858 937.46918 343.62708
v 62.62758 1062.53491 357.56982
v 62.61416 937.49652 358.61121
v 268.82233 848.44122 330.47171
v 187.57858 937.46918 343.62708
v 194.65543 809.05707 336.53635
v 288.70355 937.49329 333.85757
v 187.60034 1062.57239 342.79706
v 187.57858 937.46918 343.62708
v 583.09802 541.86481 248.56425
v 485.62079 637.82452 279.22183
v 441.27594 558.815 272.79129
v 402.24609 597.91284 284.75629
v 312.54431 687.46265 309.62439
v 317.80011 558.75598 292.31323
v 441.39893 682.67816 291.92267
v 311.35239 809.01593 322.72717
v 312.54431 687.46265 309.62439
v 562.45508 726.95868 284.5105
v 437.58301 812.40912 308.5694
v 441.39893 682.67816 291.92267
v 437.58301 812.40912 308.5694
v 351.2558 937.49268 327.55814
v 311.35239 809.01593 322.72717
v 437.64856 937.49316 317.18381
v 346.59644 1062.57385 327.34506
v 351.2558 937.49268 327.55814
v 562.625 812.30267 296.98196
v 437.64856 937.49316 317.18381
v 437.58301 812.40912 308.5694
v 562.54718 937.39691 306.04819
v 437.70197 1062.59143 316.14539
v 437.64856 937.49316 317.18381
v 632.19568 61.9274 230.65977
v 561.82794 187.83481 224.80855
v 561.87903 62.70342 225.96889
v 632.86206 187.62321 229.83804
v 551.83405 320.76114 229.42934
v 561.82794 187.83481 224.80855
v 793.71735 62.27509 359.03217
v 718.06714 187.65631 334.50949
v 717.04822 62.06592 335.99118
v 795.50616 187.72554 356.91165
v 716.68518 313.75192 335.20444
v 718.06714 187.65631 334.50949
v 631.35815 313.53909 230.53091
v 596.13269 438.11047 231.95218
v 551.83405 320.76114 229.42934
v 627.76794 438.60837 232.52016
v 624.57007 500.35754 234.36855
v 596.13269 438.11047 231.95218
v 638.94745 451.50476 251.92543
v 583.09802 541.86481 248.56425
v 551.70325 450.24649 236.9326
v 794.50195 313.95956 357.84351
v 712.97345 438.5192 337.58688
v 716.68518 313.75192 335.20444
v 790.74365 438.71521 360.74957
v 707.68127 562.22552 340.51904
v 712.97345 438.5192 337.58688
v 630.64716 541.62018 253.6635
v 562.49146 664.38617 274.04843
v 583.09802 541.86481 248.56425
v 637.33398 705.28082 297.55139
v 562.625 812.30267 296.98196
v 562.45508 726.95868 284.5105
v 785.11804 562.62329 363.97134
v 702.35724 685.81934 343.6185
v 707.68127 562.22552 340.51904
v 702.35724 685.81934 343.6185
v 698.17902 810.06537 346.78802
v 779.06616 686.52301 367.00803
v 632.02051 799.67084 305.59656
v 562.54718 937.39691 306.04819
v 562.625 812.30267 296.98196
v 631.47046 937.17224 316.86948
v 562.59705 1062.71277 304.12167
v 562.54718 937.39691 306.04819
v 698.17902 810.06537 346.78802
v 695.922 936.40253 349.2543
v 773.80426 810.81671 369.9342
v 695.922 936.40253 349.2543
v 696.48999 1064.63513 349.1199
v 770.58258 936.61969 372.54404
v 937.28265 62.18275 448.78946
v 869.93695 187.11441 428.36087
v 867.62427 61.81535 436.6387
v 937.16809 187.2955 431.76395
v 868.87323 313.51639 431.19742
v 869.93695 187.11441 428.36087
v 1062.55322 62.23816 446.3652
v 937.16809 187.2955 431.76395
v 937.28265 62.18275 448.78946
v 1062.45972 187.25639 429.5307
v 937.14575 312.87329 436.69769
v 937.16809 187.2955 431.76395
v 937.14575 312.87329 436.69769
v 865.44733 441.0004 445.62387
v 868.87323 313.51639 431.19742
v 1062.45984 312.78265 433.41342
v 945.57599 440.32394 458.24976
v 937.14575 312.87329 436.69769
v 1062.45862 437.80634 451.32672
v 992.88763 503.36862 468.05185
v 945.57599 440.32394 458.24976
v 909.4071 483.58487 468.5791
v 869.25012 562.59204 470.19711
v 873.47736 483.48462 469.08499
v 944.85913 552.63678 473.98724
v 863.0451 686.60266 472.95065
v 869.25012 562.59204 470.19711
v 863.0451 686.60266 472.95065
v 858.19257 811.10876 475.5827
v 949.83514 701.13092 495.41479
v 1062.46289 578.24524 477.09027
v 949.83514 701.13092 495.41479
v 944.85913 552.63678 473.98724
v 949.83514 701.13092 495.41479
v 956.90155 793.56451 503.78534
v 1062.52197 687.47742 496.21301
v 858.19257 811.10876 475.5827
v 855.82568 936.83276 477.80634
v 956.90155 793.56451 503.78534
v 855.82568 936.83276 477.80634
v 856.42517 1064.07153 477.83978
v 934.80225 937.38739 500.07288
v 998.67572 815.4834 520.35358
v 996.6748 937.26373 525.57257
v 1030.12268 837.96002 520.94116
v 996.6748 937.26373 525.57257
v 997.18988 1063.11047 524.78046
v 1051.32837 937.42908 524.55536
v 187.60034 1062.57239 342.79706
v 62.61528 1187.57642 350.21692
v 62.62758 1062.53491 357.56982
v 186.14839 1182.88098 334.6059
v 64.79691 1311.99219 337.22464
v 62.61528 1187.57642 350.21692
v 284.01929 1062.55066 333.56976
v 186.14839 1182.88098 334.6059
v 187.60034 1062.57239 342.79706
v 307.68732 1183.04016 320.3551
v 186.13646 1312.04321 319.32816
v 226.83582 1221.45374 325.25723
v 322.79645 1447.61609 274.73965
v 221.40105 1562.40308 274.87286
v 246.62816 1496.224 280.63187
v 186.13646 1312.04321 319.32816
v 64.74471 1444.44299 320.58551
v 107.93536 1353.29712 325.44781
v 198.01688 1447.76514 297.24072
v 62.48274 1562.48755 305.56668
v 64.74471 1444.44299 320.58551
v 323.01532 1323.22571 297.45413
v 198.01688 1447.76514 297.24072
v 186.13646 1312.04321 319.32816
v 437.70197 1062.59143 316.14539
v 307.68732 1183.04016 320.3551
v 346.59644 1062.57385 327.34506
v 437.66675 1187.70776 303.58453
v 323.01532 1323.22571 297.45413
v 307.68732 1183.04016 320.3551
v 562.59705 1062.71277 304.12167
v 437.66675 1187.70776 303.58453
v 437.70197 1062.59143 316.14539
v 556.86859 1188.18665 289.74695
v 437.45984 1283.703 287.14014
v 437.66675 1187.70776 303.58453
v 437.47275 1346.24023 275.05035
v 322.79645 1447.61609 274.73965
v 371.51767 1371.85571 280.69012
v 447.33395 1447.67676 252.56084
v 312.38177 1562.40503 256.96866
v 322.79645 1447.61609 274.73965
v 556.86523 1304.06982 266.90002
v 447.33395 1447.67676 252.56084
v 437.47275 1346.24023 275.05035
v 562.47009 1470.68787 231.95766
v 447.3179 1574.69812 227.32033
v 495.59705 1496.18335 233.53831
v 500.30292 1864.47803 186.79568
v 494.03214 1937.49036 185.26894
v 496.68896 1864.48743 186.80229
v 179.13934 1682.50671 267.36935
v 87.62623 1812.44727 273.05173
v 108.59699 1720.91589 277.68097
v 312.38177 1562.40503 256.96866
v 179.13934 1682.50671 267.36935
v 221.40105 1562.40308 274.87286
v 310.10175 1675.30701 240.79468
v 187.33316 1812.44348 252.43283
v 179.13934 1682.50671 267.36935
v 158.91925 1562.41504 287.03421
v 65.11232 1682.53455 290.53043
v 62.48274 1562.48755 305.56668
v 187.33316 1812.44348 252.43283
v 54.9142 1943.41748 271.04593
v 87.62623 1812.44727 273.05173
v 263.82584 1812.42542 236.3839
v 195.87906 1929.80847 243.3073
v 187.33316 1812.44348 252.43283
v 375.00381 1625.00378 234.63507
v 356.40848 1687.87402 229.44785
v 447.3179 1574.69812 227.32033
v 403.01486 1562.28491 238.58289
v 310.10175 1675.30701 240.79468
v 312.38177 1562.40503 256.96866
v 356.40848 1687.87402 229.44785
v 326.29205 1812.4209 223.28142
v 416.60165 1666.93481 219.38811
v 562.23718 1562.01428 223.25369
v 416.60165 1666.93481 219.38811
v 447.3179 1574.69812 227.32033
v 561.76404 1686.60938 211.69762
v 447.72379 1818.56274 197.96622
v 416.60165 1666.93481 219.38811
v 326.29205 1812.4209 223.28142
v 300.69638 1929.82996 222.0901
v 447.72379 1818.56274 197.96622
v 626.86377 1230.49658 277.93335
v 556.86523 1304.06982 266.90002
v 594.62933 1230.28394 277.57651
v 632.16907 1063.30872 315.7728
v 556.86859 1188.18665 289.74695
v 562.59705 1062.71277 304.12167
v 696.48999 1064.63513 349.1199
v 700.30328 1191.14539 345.97968
v 771.35211 1064.41931 372.53558
v 700.30328 1191.14539 345.97968
v 706.53235 1314.54089 341.91879
v 776.49072 1190.43225 369.31973
v 632.14526 1313.35193 268.7066
v 562.34106 1408.15796 241.03049
v 556.86523 1304.06982 266.90002
v 629.64099 1464.46814 232.79799
v 562.23718 1562.01428 223.25369
v 562.47009 1470.68787 231.95766
v 706.53235 1314.54089 341.91879
v 713.64423 1436.82324 338.13248
v 783.89185 1313.84888 365.30591
v 713.64423 1436.82324 338.13248
v 719.97089 1560.30347 334.85568
v 791.51294 1436.29138 361.20517
v 634.61383 1560.72705 230.1886
v 561.76404 1686.60938 211.69762
v 562.23718 1562.01428 223.25369
v 639.06964 1686.09033 228.12633
v 549.01587 1817.46509 201.85599
v 561.76404 1686.60938 211.69762
v 719.97089 1560.30347 334.85568
v 724.40344 1685.87134 332.78235
v 797.57239 1559.80762 357.32965
v 724.40344 1685.87134 332.78235
v 726.5564 1812.16614 332.61584
v 801.21552 1685.27087 354.82837
v 641.38824 1812.03162 227.47804
v 561.65619 1936.09814 204.18747
v 549.01587 1817.46509 201.85599
v 726.5564 1812.16614 332.61584
v 726.31171 1937.67883 333.79431
v 802.34033 1811.43738 354.7869
v 856.42517 1064.07153 477.83978
v 860.42212 1190.12549 475.04221
v 935.1427 1062.92529 500.15121
v 860.42212 1190.12549 475.04221
v 867.55206 1313.86426 471.30869
v 948.78827 1184.81165 498.99585
v 997.18988 1063.11047 524.78046
v 998.64832 1141.72363 518.84607
v 1045.005 1062.71887 524.00873
v 948.78827 1184.81165 498.99585
v 936.61987 1312.36462 479.55313
v 1063.02393 1185.11499 507.20749
v 865.52936 1433.39026 444.24408
v 871.1394 1534.93738 428.16736
v 937.3421 1449.3075 451.93033
v 937.3421 1449.3075 451.93033
v 937.13251 1540.22546 427.22787
v 1053.00366 1425.0946 452.15039
v 867.55206 1313.86426 471.30869
v 872.9024 1390.60303 469.31436
v 936.61987 1312.36462 479.55313
v 936.61987 1312.36462 479.55313
v 937.11456 1386.91077 468.15677
v 1053.09766 1320.13123 480.63849
v 861.13965 1567.63257 399.76755
v 865.47205 1686.4502 390.29608
v 937.29938 1603.0636 414.54703
v 865.47205 1686.4502 390.29608
v 866.72058 1812.60925 389.71637
v 937.13025 1687.03735 402.4006
v 937.29938 1603.0636 414.54703
v 937.13025 1687.03735 402.4006
v 1062.48279 1591.83228 412.89597
v 937.13025 1687.03735 402.4006
v 937.2475 1812.60718 402.15656
v 1062.53479 1687.14136 399.32935
v 866.72058 1812.60925 389.71637
v 866.4425 1942.71814 399.91565
v 937.2475 1812.60718 402.15656
v 937.2475 1812.60718 402.15656
v 937.41528 1924.8573 413.56619
v 1062.55005 1812.60034 400.93781
v 1187.55603 62.2802 449.18857
v 1062.45972 187.25639 429.5307
v 1062.55322 62.23816 446.3652
v 1187.63062 187.35706 436.33038
v 1062.45984 312.78265 433.41342
v 1062.45972 187.25639 429.5307
v 1312.55347 62.33534 453.84662
v 1187.63062 187.35706 436.33038
v 1187.55603 62.2802 449.18857
v 1312.59302 187.4231 443.27966
v 1187.56812 312.63416 437.87845
v 1187.63062 187.35706 436.33038
v 1187.56812 312.63416 437.87845
v 1062.45862 437.80634 451.32672
v 1062.45984 312.78265 433.41342
v 1187.48413 437.66245 449.90326
v 1062.47375 515.7851 465.57388
v 1062.45862 437.80634 451.32672
v 1312.55518 312.56781 442.62476
v 1187.48413 437.66245 449.90326
v 1187.56812 312.63416 437.87845
v 1312.50586 437.6084 450.32385
v 1187.4967 536.06934 463.35873
v 1187.48413 437.66245 449.90326
v 1456.8009 42.21818 462.06857
v 1312.59302 187.4231 443.27966
v 1312.55347 62.33534 453.84662
v 1437.57715 187.43819 449.55267
v 1312.55518 312.56781 442.62476
v 1312.59302 187.4231 443.27966
v 1550.0625 65.18706 464.30621
v 1437.57715 187.43819 449.55267
v 1456.8009 42.21818 462.06857
v 1562.58337 187.4416 456.20261
v 1437.55969 312.53278 447.43845
v 1437.57715 187.43819 449.55267
v 1437.55969 312.53278 447.43845
v 1312.50586 437.6084 450.32385
v 1312.55518 312.56781 442.62476
v 1437.52661 437.58295 452.17487
v 1333.24292 577.79413 464.52078
v 1312.50586 437.6084 450.32385
v 1562.57874 312.51282 453.24796
v 1437.52661 437.58295 452.17487
v 1437.55969 312.53278 447.43845
v 1562.55432 437.56442 456.11508
v 1425.01624 575.12561 462.72168
v 1437.52661 437.58295 452.17487
v 1187.47107 598.57178 472.32233
v 1062.52197 687.47742 496.21301
v 1062.46289 578.24524 477.09027
v 1062.52197 687.47742 496.21301
v 1068.16101 802.82214 511.83395
v 1187.48901 687.51691 484.70471
v 1324.86877 618.37543 469.23788
v 1187.48901 687.51691 484.70471
v 1187.47107 598.57178 472.32233
v 1187.48901 687.51691 484.70471
v 1187.51624 812.48224 499.16803
v 1333.22156 666.75378 474.36276
v 1068.16101 802.82214 511.83395
v 1113.84583 937.45184 515.63379
v 1187.51624 812.48224 499.16803
v 1113.84583 937.45184 515.63379
v 1107.48901 1062.64563 515.09583
v 1187.53027 937.49438 507.29532
v 1187.51624 812.48224 499.16803
v 1187.53027 937.49438 507.29532
v 1312.55237 812.46948 490.70935
v 1187.53027 937.49438 507.29532
v 1187.55981 1062.56433 506.1586
v 1312.62244 937.49744 498.93985
v 1425.01624 575.12561 462.72168
v 1374.80554 625.06854 468.74716
v 1333.24292 577.79413 464.52078
v 1566.71667 572.50696 464.07623
v 1437.49915 629.69385 467.87546
v 1425.01624 575.12561 462.72168
v 1375.00378 625.10583 468.74387
v 1333.22156 666.75378 474.36276
v 1324.86877 618.37543 469.23788
v 1333.22156 666.75378 474.36276
v 1312.55237 812.46948 490.70935
v 1425.00879 678.729 472.83646
v 1425.00879 678.729 472.83646
v 1437.52917 812.48816 483.97083
v 1566.68005 678.73492 471.54843
v 1312.55237 812.46948 490.70935
v 1312.62244 937.49744 498.93985
v 1437.52917 812.48816 483.97083
v 1312.62244 937.49744 498.93985
v 1312.63562 1062.57178 497.86407
v 1437.57898 937.48669 490.38727
v 1437.52917 812.48816 483.97083
v 1437.57898 937.48669 490.38727
v 1562.50305 812.51422 479.98221
v 1437.57898 937.48669 490.38727
v 1437.5863 1062.5531 489.08969
v 1562.52197 937.49445 484.02036
v 1647.00623 107.59052 466.97687
v 1562.58337 187.4416 456.20261
v 1550.0625 65.18706 464.30621
v 1688.27441 193.1225 464.18536
v 1562.57874 312.51282 453.24796
v 1562.58337 187.4416 456.20261
v 1755.72131 238.63484 468.17569
v 1687.60046 312.50064 461.00403
v 1688.27441 193.1225 464.18536
v 1812.59119 62.42216 481.91077
v 1730.36133 155.27538 469.63571
v 1688.26685 64.47441 472.6778
v 1687.60046 312.50064 461.00403
v 1562.55432 437.56442 456.11508
v 1562.57874 312.51282 453.24796
v 1695.98816 441.31876 463.7709
v 1566.71667 572.50696 464.07623
v 1562.55432 437.56442 456.11508
v 1760.88513 312.4964 466.86441
v 1695.98816 441.31876 463.7709
v 1687.60046 312.50064 461.00403
v 1805.3208 441.31558 472.01321
v 1695.97461 572.51782 469.39645
v 1743.21826 485.48773 469.09863
v 1937.59412 62.43882 493.05673
v 1803.52917 193.12776 473.37726
v 1812.59119 62.42216 481.91077
v 1937.6095 187.46405 486.31027
v 1823.41443 312.49478 472.20828
v 1803.52917 193.12776 473.37726
v 1937.61414 312.49722 483.48257
v 1805.3208 441.31558 472.01321
v 1823.41443 312.49478 472.20828
v 1937.60095 437.52414 484.56589
v 1812.57678 562.54401 477.13162
v 1805.3208 441.31558 472.01321
v 1695.97461 572.51782 469.39645
v 1566.68005 678.73492 471.54843
v 1611.15637 620.74847 468.9072
v 1566.68005 678.73492 471.54843
v 1562.50305 812.51422 479.98221
v 1687.53577 687.54553 475.4603
v 1695.97461 572.51782 469.39645
v 1687.53577 687.54553 475.4603
v 1812.57678 562.54401 477.13162
v 1687.53577 687.54553 475.4603
v 1687.51807 812.5191 481.84055
v 1812.54395 687.53192 483.56714
v 1562.50305 812.51422 479.98221
v 1562.52197 937.49445 484.02036
v 1687.51807 812.5191 481.84055
v 1562.52197 937.49445 484.02036
v 1562.52637 1062.50879 482.39401
v 1687.50452 937.50195 484.83072
v 1687.51807 812.5191 481.84055
v 1687.50452 937.50195 484.83072
v 1812.50293 812.50983 489.70551
v 1687.50452 937.50195 484.83072
v 1687.50574 1062.49536 482.90186
v 1812.46362 937.50726 492.84961
v 1812.57678 562.54401 477.13162
v 1812.54395 687.53192 483.56714
v 1937.57043 562.53021 488.85287
v 1812.54395 687.53192 483.56714
v 1812.50293 812.50983 489.70551
v 1937.52502 687.51538 494.95401
v 1812.50293 812.50983 489.70551
v 1812.46362 937.50726 492.84961
v 1937.46973 812.49829 500.86685
v 1812.46362 937.50726 492.84961
v 1812.46472 1062.51318 490.69864
v 1937.41724 937.51086 504.01083
v 1107.48901 1062.64563 515.09583
v 1063.02393 1185.11499 507.20749
v 1187.55981 1062.56433 506.1586
v 1063.02393 1185.11499 507.20749
v 1053.09766 1320.13123 480.63849
v 1187.56165 1187.64307 494.50491
v 1187.55981 1062.56433 506.1586
v 1187.56165 1187.64307 494.50491
v 1312.63562 1062.57178 497.86407
v 1187.56165 1187.64307 494.50491
v 1187.50171 1293.32947 477.33359
v 1312.58032 1187.62415 486.64566
v 1088.31653 1366.43481 466.62805
v 1053.00366 1425.0946 452.15039
v 1187.5022 1355.75513 465.19366
v 1053.00366 1425.0946 452.15039
v 1062.43372 1529.20825 425.99811
v 1187.49915 1437.48242 448.26587
v 1187.5022 1355.75513 465.19366
v 1187.49915 1437.48242 448.26587
v 1312.50745 1341.96008 463.70285
v 1187.49915 1437.48242 448.26587
v 1187.54199 1539.14551 427.66193
v 1312.50403 1437.47449 447.66568
v 1312.63562 1062.57178 497.86407
v 1312.58032 1187.62415 486.64566
v 1437.5863 1062.5531 489.08969
v 1312.58032 1187.62415 486.64566
v 1312.50952 1279.4696 473.61121
v 1437.54297 1187.56384 479.54825
v 1437.5863 1062.5531 489.08969
v 1437.54297 1187.56384 479.54825
v 1562.52637 1062.50879 482.39401
v 1437.54297 1187.56384 479.54825
v 1437.49609 1264.5166 470.47797
v 1562.50781 1187.49695 474.81107
v 1312.50745 1341.96008 463.70285
v 1312.50403 1437.47449 447.66568
v 1437.50671 1327.03198 462.48004
v 1312.50403 1437.47449 447.66568
v 1316.16748 1568.80969 427.21713
v 1437.50635 1437.42615 447.46548
v 1437.50671 1327.03198 462.48004
v 1437.50635 1437.42615 447.46548
v 1562.50598 1317.77417 462.02594
v 1437.50635 1437.42615 447.46548
v 1437.54248 1562.37061 432.41101
v 1562.52405 1437.40222 449.02948
v 1062.48279 1591.83228 412.89597
v 1062.53479 1687.14136 399.32935
v 1187.54614 1601.67212 416.95419
v 1062.53479 1687.14136 399.32935
v 1062.55005 1812.60034 400.93781
v 1187.69714 1687.3136 406.53329
v 1187.54614 1601.67212 416.95419
v 1187.69714 1687.3136 406.53329
v 1276.88171 1614.97351 420.23297
v 1187.69714 1687.3136 406.53329
v 1187.65466 1812.59351 407.48737
v 1316.25061 1686.81177 416.24689
v 1062.55005 1812.60034 400.93781
v 1062.51282 1924.05737 414.11734
v 1187.65466 1812.59351 407.48737
v 1187.65466 1812.59351 407.48737
v 1187.53125 1907.32324 417.27579
v 1317.73083 1814.38989 416.54956
v 1316.16748 1568.80969 427.21713
v 1360.22595 1644.86023 422.30606
v 1437.54248 1562.37061 432.41101
v 1316.25061 1686.81177 416.24689
v 1317.73083 1814.38989 416.54956
v 1389.5636 1728.25403 420.54294
v 1437.54248 1562.37061 432.41101
v 1433.79492 1686.90625 423.73694
v 1562.55762 1562.39404 437.39224
v 1433.79492 1686.90625 423.73694
v 1433.7926 1814.34033 423.80051
v 1562.58899 1687.45496 430.85297
v 1362.7312 1857.2312 422.29904
v 1317.68079 1933.7229 425.85623
v 1433.7926 1814.34033 423.80051
v 1433.7926 1814.34033 423.80051
v 1437.54663 1937.57471 431.60632
v 1562.58362 1812.5365 431.16547
v 1562.52637 1062.50879 482.39401
v 1562.50781 1187.49695 474.81107
v 1687.50574 1062.49536 482.90186
v 1562.50781 1187.49695 474.81107
v 1562.50183 1255.24304 468.40698
v 1687.51917 1187.4751 475.92398
v 1687.50574 1062.49536 482.90186
v 1687.51917 1187.4751 475.92398
v 1812.46472 1062.51318 490.69864
v 1687.51917 1187.4751 475.92398
v 1687.5354 1267.10974 469.22449
v 1812.50586 1187.49329 483.22879
v 1562.50598 1317.77417 462.02594
v 1562.52405 1437.40222 449.02948
v 1687.53894 1329.62488 463.6315
v 1562.52405 1437.40222 449.02948
v 1562.55762 1562.39404 437.39224
v 1687.54626 1437.41687 453.89459
v 1687.53894 1329.62488 463.6315
v 1687.54626 1437.41687 453.89459
v 1774.18359 1353.75574 466.66061
v 1687.54626 1437.41687 453.89459
v 1687.57947 1562.42859 444.31915
v 1814.56616 1435.49829 462.5433
v 1812.46472 1062.51318 490.69864
v 1812.50586 1187.49329 483.22879
v 1937.41919 1062.52979 501.7326
v 1812.50586 1187.49329 483.22879
v 1814.53918 1312.2179 472.97861
v 1937.47498 1187.51929 494.07056
v 1814.56616 1435.49829 462.5433
v 1812.60559 1562.43494 453.50677
v 1892.92175 1475.91589 466.69598
v 1814.53918 1312.2179 472.97861
v 1857.51746 1392.58655 469.94849
v 1937.53271 1312.47839 483.75394
v 1562.55762 1562.39404 437.39224
v 1562.58899 1687.45496 430.85297
v 1687.57947 1562.42859 444.31915
v 1562.58899 1687.45496 430.85297
v 1562.58362 1812.5365 431.16547
v 1687.60254 1687.46838 438.91696
v 1687.57947 1562.42859 444.31915
v 1687.60254 1687.46838 438.91696
v 1812.60559 1562.43494 453.50677
v 1687.60254 1687.46838 438.91696
v 1687.59363 1812.53015 439.28546
v 1812.61694 1687.474 448.81705
v 1562.58362 1812.5365 431.16547
v 1562.55615 1937.57043 437.70786
v 1687.59363 1812.53015 439.28546
v 1687.59363 1812.53015 439.28546
v 1687.56909 1937.56311 444.86685
v 1812.60461 1812.52368 448.98428
v 1812.60559 1562.43494 453.50677
v 1812.61694 1687.474 448.81705
v 1917.27649 1562.46228 463.44629
v 1812.61694 1687.474 448.81705
v 1812.60461 1812.52368 448.98428
v 1948.10217 1684.98865 462.17505
v 1812.60461 1812.52368 448.98428
v 1812.58057 1937.55286 453.61365
v 1937.6062 1812.51648 460.56909
f 4813 4814 4815
f 4816 4817 4818
f 4819 4820 4821
f 4822 4823 4824
f 4825 4826 4827
f 4828 4829 4830
f 4831 4832 4833
f 4834 4835 4836
f 4837 4838 4839
f 4840 4841 4842
f 4843 4844 4845
f 4846 4847 4848
f 4849 4850 4851
f 4852 4853 4854
f 4855 4856 4857
f 4858 4859 4860
f 4861 4862 4863
f 4864 4865 4866
f 4867 4868 4869
f 4870 4871 4872
f 4873 4874 4875
f 4876 4877 4878
f 4879 4880 4881
f 4882 4883 4884
f 4885 4886 4887
f 4888 4889 4890
f 4891 4892 4893
f 4894 4895 4896
f 4897 4898 4899
f 4900 4901 4902
f 4903 4904 4905
f 4906 4907 4908
f 4909 4910 4911
f 4912 4913 4914
f 4915 4916 4917
f 4918 4919 4920
f 4921 4922 4923
f 4924 4925 4926
f 4927 4928 4929
f 4930 4931 4932
f 4933 4934 4935
f 4936 4937 4938
f 4939 4940 4941
f 4942 4943 4944
f 4945 4946 4947
f 4948 4949 4950
f 4951 4952 4953
f 4954 4955 4956
f 4957 4958 4959
f 4960 4961 4962
f 4963 4964 4965
f 4966 4967 4968
f 4969 4970 4971
f 4972 4973 4974
f 4975 4976 4977
f 4978 4979 4980
f 4981 4982 4983
f 4984 4985 4986
f 4987 4988 4989
f 4990 4991 4992
f 4993 4994 4995
f 4996 4997 4998
f 4999 5000 5001
f 5002 5003 5004
f 5005 5006 5007
f 5008 5009 5010
f 5011 5012 5013
f 5014 5015 5016
f 5017 5018 5019
f 5020 5021 5022
f 5023 5024 5025
f 5026 5027 5028
f 5029 5030 5031
f 5032 5033 5034
f 5035 5036 5037
f 5038 5039 5040
f 5041 5042 5043
f 5044 5045 5046
f 5047 5048 5049
f 5050 5051 5052
f 5053 5054 5055
f 5056 5057 5058
f 5059 5060 5061
f 5062 5063 5064
f 5065 5066 5067
f 5068 5069 5070
f 5071 5072 5073
f 5074 5075 5076
f 5077 5078 5079
f 5080 5081 5082
f 5083 5084 5085
f 5086 5087 5088
f 5089 5090 5091
f 5092 5093 5094
f 5095 5096 5097
f 5098 5099 5100
f 5101 5102 5103
f 5104 5105 5106
f 5107 5108 5109
f 5110 5111 5112
f 5113 5114 5115
f 5116 5117 5118
f 5119 5120 5121
f 5122 5123 5124
f 5125 5126 5127
f 5128 5129 5130
f 5131 5132 5133
f 5134 5135 5136
f 5137 5138 5139
f 5140 5141 5142
f 5143 5144 5145
f 5146 5147 5148
f 5149 5150 5151
f 5152 5153 5154
f 5155 5156 5157
f 5158 5159 5160
f 5161 5162 5163
f 5164 5165 5166
f 5167 5168 5169
f 5170 5171 5172
f 5173 5174 5175
f 5176 5177 5178
f 5179 5180 5181
f 5182 5183 5184
f 5185 5186 5187
f 5188 5189 5190
f 5191 5192 5193
f 5194 5195 5196
f 5197 5198 5199
f 5200 5201 5202
f 5203 5204 5205
f 5206 5207 5208
f 5209 5210 5211
f 5212 5213 5214
f 5215 5216 5217
f 5218 5219 5220
f 5221 5222 5223
f 5224 5225 5226
f 5227 5228 5229
f 5230 5231 5232
f 5233 5234 5235
f 5236 5237 5238
f 5239 5240 5241
f 5242 5243 5244
f 5245 5246 5247
f 5248 5249 5250
f 5251 5252 5253
f 5254 5255 5256
f 5257 5258 5259
f 5260 5261 5262
f 5263 5264 5265
f 5266 5267 5268
f 5269 5270 5271
f 5272 5273 5274
f 5275 5276 5277
f 5278 5279 5280
f 5281 5282 5283
f 5284 5285 5286
f 5287 5288 5289
f 5290 5291 5292
f 5293 5294 5295
f 5296 5297 5298
f 5299 5300 5301
f 5302 5303 5304
f 5305 5306 5307
f 5308 5309 5310
f 5311 5312 5313
f 5314 5315 5316
f 5317 5318 5319
f 5320 5321 5322
f 5323 5324 5325
f 5326 5327 5328
f 5329 5330 5331
f 5332 5333 5334
f 5335 5336 5337
f 5338 5339 5340
f 5341 5342 5343
f 5344 5345 5346
f 5347 5348 5349
f 5350 5351 5352
f 5353 5354 5355
f 5356 5357 5358
f 5359 5360 5361
f 5362 5363 5364
f 5365 5366 5367
f 5368 5369 5370
f 5371 5372 5373
f 5374 5375 5376
f 5377 5378 5379
f 5380 5381 5382
f 5383 5384 5385
f 5386 5387 5388
f 5389 5390 5391
f 5392 5393 5394
f 5395 5396 5397
f 5398 5399 5400
f 5401 5402 5403
f 5404 5405 5406
f 5407 5408 5409
f 5410 5411 5412
f 5413 5414 5415
f 5416 5417 5418
f 5419 5420 5421
f 5422 5423 5424
f 5425 5426 5427
f 5428 5429 5430
f 5431 5432 5433
f 5434 5435 5436
f 5437 5438 5439
f 5440 5441 5442
f 5443 5444 5445
f 5446 5447 5448
f 5449 5450 5451
f 5452 5453 5454
f 5455 5456 5457
f 5458 5459 5460
f 5461 5462 5463
f 5464 5465 5466
f 5467 5468 5469
f 5470 5471 5472
f 5473 5474 5475
f 5476 5477 5478
f 5479 5480 5481
f 5482 5483 5484
f 5485 5486 5487
f 5488 5489 5490
f 5491 5492 5493
f 5494 5495 5496
f 5497 5498 5499
f 5500 5501 5502
f 5503 5504 5505
f 5506 5507 5508
f 5509 5510 5511
f 5512 5513 5514
f 5515 5516 5517
f 5518 5519 5520
f 5521 5522 5523
f 5524 5525 5526
f 5527 5528 5529
f 5530 5531 5532
f 5533 5534 5535
f 5536 5537 5538
f 5539 5540 5541
f 5542 5543 5544
f 5545 5546 5547
f 5548 5549 5550
f 5551 5552 5553
f 5554 5555 5556
f 5557 5558 5559
f 5560 5561 5562
f 5563 5564 5565
f 5566 5567 5568
f 5569 5570 5571
f 5572 5573 5574
f 5575 5576 5577
f 5578 5579 5580
f 5581 5582 5583
f 5584 5585 5586
f 5587 5588 5589
f 5590 5591 5592
f 5593 5594 5595
f 5596 5597 5598
f 5599 5600 5601
f 5602 5603 5604
f 5605 5606 5607
f 5608 5609 5610
f 5611 5612 5613
f 5614 5615 5616
f 5617 5618 5619
f 5620 5621 5622
f 5623 5624 5625
f 5626 5627 5628
f 5629 5630 5631
f 5632 5633 5634
f 5635 5636 5637
f 5638 5639 5640
f 5641 5642 5643
f 5644 5645 5646
f 5647 5648 5649
f 5650 5651 5652
f 5653 5654 5655
f 5656 5657 5658
f 5659 5660 5661
f 5662 5663 5664
f 5665 5666 5667
f 5668 5669 5670
f 5671 5672 5673
f 5674 5675 5676
f 5677 5678 5679
f 5680 5681 5682
f 5683 5684 5685
f 5686 5687 5688
f 5689 5690 5691
f 5692 5693 5694
f 5695 5696 5697
f 5698 5699 5700
f 5701 5702 5703
f 5704 5705 5706
f 5707 5708 5709
f 5710 5711 5712
f 5713 5714 5715
f 5716 5717 5718
f 5719 5720 5721
f 5722 5723 5724
f 5725 5726 5727
f 5728 5729 5730
f 5731 5732 5733
f 5734 5735 5736
f 5737 5738 5739
f 5740 5741 5742
f 5743 5744 5745
f 5746 5747 5748
f 5749 5750 5751
f 5752 5753 5754
f 5755 5756 5757
f 5758 5759 5760
f 5761 5762 5763
f 5764 5765 5766
f 5767 5768 5769
f 5770 5771 5772
f 5773 5774 5775
f 5776 5777 5778
f 5779 5780 5781
f 5782 5783 5784
f 5785 5786 5787
f 5788 5789 5790
f 5791 5792 5793
f 5794 5795 5796
f 5797 5798 5799
f 5800 5801 5802
f 5803 5804 5805
f 5806 5807 5808
f 5809 5810 5811
f 5812 5813 5814
f 5815 5816 5817
f 5818 5819 5820
f 5821 5822 5823
f 5824 5825 5826
f 5827 5828 5829
f 5830 5831 5832
f 5833 5834 5835
f 5836 5837 5838
f 5839 5840 5841
f 5842 5843 5844
f 5845 5846 5847
f 5848 5849 5850
f 5851 5852 5853
f 5854 5855 5856
f 5857 5858 5859
f 5860 5861 5862
f 5863 5864 5865
f 5866 5867 5868
f 5869 5870 5871
f 5872 5873 5874
f 5875 5876 5877
f 5878 5879 5880
f 5881 5882 5883
f 5884 5885 5886
f 5887 5888 5889
f 5890 5891 5892
f 5893 5894 5895
f 5896 5897 5898
f 5899 5900 5901
f 5902 5903 5904
f 5905 5906 5907
f 5908 5909 5910
f 5911 5912 5913
f 5914 5915 5916
f 5917 5918 5919
f 5920 5921 5922
f 5923 5924 5925
f 5926 5927 5928
f 5929 5930 5931
f 5932 5933 5934
f 5935 5936 5937
f 5938 5939 5940
f 5941 5942 5943
f 5944 5945 5946
f 5947 5948 5949
f 5950 5951 5952
f 5953 5954 5955
f 5956 5957 5958
f 5959 5960 5961
f 5962 5963 5964
f 5965 5966 5967
f 5968 5969 5970
f 5971 5972 5973
f 5974 5975 5976
f 5977 5978 5979
f 5980 5981 5982
f 5983 5984 5985
f 5986 5987 5988
f 5989 5990 5991
f 5992 5993 5994
f 5995 5996 5997
f 5998 5999 6000
f 6001 6002 6003
f 6004 6005 6006
f 6007 6008 6009
f 6010 6011 6012
f 6013 6014 6015
f 6016 6017 6018
f 6019 6020 6021
f 6022 6023 6024
f 6025 6026 6027
f 6028 6029 6030
f 6031 6032 6033
f 6034 6035 6036
f 6037 6038 6039
f 6040 6041 6042
f 6043 6044 6045
f 6046 6047 6048
f 6049 6050 6051
f 6052 6053 6054
f 6055 6056 6057
f 6058 6059 6060
f 6061 6062 6063
f 6064 6065 6066
f 6067 6068 6069
f 6070 6071 6072
f 6073 6074 6075
f 6076 6077 6078
f 6079 6080 6081
f 6082 6083 6084
f 6085 6086 6087
f 6088 6089 6090
f 6091 6092 6093
f 6094 6095 6096
f 6097 6098 6099
f 6100 6101 6102
f 6103 6104 6105
f 6106 6107 6108
f 6109 6110 6111
f 6112 6113 6114
f 6115 6116 6117
f 6118 6119 6120
f 6121 6122 6123
f 6124 6125 6126
f 6127 6128 6129
f 6130 6131 6132
f 6133 6134 6135
f 6136 6137 6138
f 6139 6140 6141
f 6142 6143 6144
f 6145 6146 6147
f 6148 6149 6150
f 6151 6152 6153
f 6154 6155 6156
f 6157 6158 6159
f 6160 6161 6162
f 6163 6164 6165
f 6166 6167 6168
f 6169 6170 6171
f 6172 6173 6174
f 6175 6176 6177
f 6178 6179 6180
f 6181 6182 6183
f 6184 6185 6186
f 6187 6188 6189
f 6190 6191 6192
f 6193 6194 6195
f 6196 6197 6198
f 6199 6200 6201
f 6202 6203 6204
f 6205 6206 6207
f 6208 6209 6210
f 6211 6212 6213
f 6214 6215 6216
f 6217 6218 6219
f 6220 6221 6222
f 6223 6224 6225
f 6226 6227 6228
f 6229 6230 6231
f 6232 6233 6234
f 6235 6236 6237
f 6238 6239 6240
f 6241 6242 6243
f 6244 6245 6246
f 6247 6248 6249
f 6250 6251 6252
f 6253 6254 6255
f 6256 6257 6258
f 6259 6260 6261
f 6262 6263 6264
f 6265 6266 6267
f 6268 6269 6270
f 6271 6272 6273
f 6274 6275 6276
f 6277 6278 6279
f 6280 6281 6282
f 6283 6284 6285
f 6286 6287 6288
f 6289 6290 6291
f 6292 6293 6294
f 6295 6296 6297
f 6298 6299 6300
f 6301 6302 6303
f 6304 6305 6306
f 6307 6308 6309
f 6310 6311 6312
f 6313 6314 6315
f 6316 6317 6318
f 6319 6320 6321
f 6322 6323 6324
f 6325 6326 6327
f 6328 6329 6330
f 6331 6332 6333
f 6334 6335 6336
f 6337 6338 6339
f 6340 6341 6342
f 6343 6344 6345
f 6346 6347 6348
f 6349 6350 6351
f 6352 6353 6354
f 6355 6356 6357
f 6358 6359 6360
f 6361 6362 6363
f 6364 6365 6366
f 6367 6368 6369
f 6370 6371 6372
f 6373 6374 6375
f 6376 6377 6378
f 6379 6380 6381
f 6382 6383 6384
f 6385 6386 6387
f 6388 6389 6390
f 6391 6392 6393
f 6394 6395 6396
f 6397 6398 6399
f 6400 6401 6402
f 6403 6404 6405
f 6406 6407 6408
f 6409 6410 6411
f 6412 6413 6414
f 6415 6416 6417
f 6418 6419 6420
f 6421 6422 6423
f 6424 6425 6426
f 6427 6428 6429
f 6430 6431 6432
f 6433 6434 6435
f 6436 6437 6438
f 6439 6440 6441
f 6442 6443 6444
f 6445 6446 6447
f 6448 6449 6450
f 6451 6452 6453
f 6454 6455 6456
f 6457 6458 6459
f 6460 6461 6462
f 6463 6464 6465
f 6466 6467 6468
f 6469 6470 6471
f 6472 6473 6474
f 6475 6476 6477
f 6478 6479 6480
f 6481 6482 6483
f 6484 6485 6486
f 6487 6488 6489
f 6490 6491 6492
f 6493 6494 6495
f 6496 6497 6498
f 6499 6500 6501
f 6502 6503 6504
f 6505 6506 6507
f 6508 6509 6510
f 6511 6512 6513
f 6514 6515 6516
f 6517 6518 6519
f 6520 6521 6522
f 6523 6524 6525
f 6526 6527 6528
f 6529 6530 6531
f 6532 6533 6534
f 6535 6536 6537
f 6538 6539 6540
f 6541 6542 6543
f 6544 6545 6546
f 6547 6548 6549
f 6550 6551 6552
f 6553 6554 6555
f 6556 6557 6558
f 6559 6560 6561
f 6562 6563 6564
f 6565 6566 6567
f 6568 6569 6570
f 6571 6572 6573
f 6574 6575 6576
f 6577 6578 6579
f 6580 6581 6582
f 6583 6584 6585
f 6586 6587 6588
f 6589 6590 6591
f 6592 6593 6594
f 6595 6596 6597
f 6598 6599 6600
f 6601 6602 6603
f 6604 6605 6606
f 6607 6608 6609
f 6610 6611 6612
f 6613 6614 6615
f 6616 6617 6618
f 6619 6620 6621
f 6622 6623 6624
f 6625 6626 6627
f 6628 6629 6630
f 6631 6632 6633
f 6634 6635 6636
f 6637 6638 6639
f 6640 6641 6642
f 6643 6644 6645
f 6646 6647 6648
f 6649 6650 6651
f 6652 6653 6654
f 6655 6656 6657
f 6658 6659 6660
f 6661 6662 6663
f 6664 6665 6666
f 6667 6668 6669
f 6670 6671 6672
f 6673 6674 6675
f 6676 6677 6678
f 6679 6680 6681
f 6682 6683 6684
f 6685 6686 6687
f 6688 6689 6690
f 6691 6692 6693
f 6694 6695 6696
f 6697 6698 6699
f 6700 6701 6702
f 6703 6704 6705
f 6706 6707 6708
f 6709 6710 6711
f 6712 6713 6714
f 6715 6716 6717
f 6718 6719 6720
f 6721 6722 6723
f 6724 6725 6726
f 6727 6728 6729
f 6730 6731 6732
f 6733 6734 6735
f 6736 6737 6738
f 6739 6740 6741
f 6742 6743 6744
f 6745 6746 6747
f 6748 6749 6750
f 6751 6752 6753
f 6754 6755 6756
f 6757 6758 6759
f 6760 6761 6762
f 6763 6764 6765
f 6766 6767 6768
f 6769 6770 6771
f 6772 6773 6774
f 6775 6776 6777
f 6778 6779 6780
f 6781 6782 6783
f 6784 6785 6786
f 6787 6788 6789
f 6790 6791 6792
f 6793 6794 6795
f 6796 6797 6798
f 6799 6800 6801
f 6802 6803 6804
f 6805 6806 6807
f 6808 6809 6810
f 6811 6812 6813
f 6814 6815 6816
f 6817 6818 6819
f 6820 6821 6822
f 6823 6824 6825
f 6826 6827 6828
f 6829 6830 6831
f 6832 6833 6834
f 6835 6836 6837
f 6838 6839 6840
f 6841 6842 6843
f 6844 6845 6846
f 6847 6848 6849
f 6850 6851 6852
f 6853 6854 6855
f 6856 6857 6858
f 6859 6860 6861
f 6862 6863 6864
f 6865 6866 6867
f 6868 6869 6870
f 6871 6872 6873
f 6874 6875 6876
f 6877 6878 6879
f 6880 6881 6882
f 6883 6884 6885
f 6886 6887 6888
f 6889 6890 6891
f 6892 6893 6894
f 6895 6896 6897
f 6898 6899 6900
f 6901 6902 6903
f 6904 6905 6906
f 6907 6908 6909
f 6910 6911 6912
f 6913 6914 6915
f 6916 6917 6918
f 6919 6920 6921
f 6922 6923 6924
f 6925 6926 6927
f 6928 6929 6930
f 6931 6932 6933
f 6934 6935 6936
f 6937 6938 6939
f 6940 6941 6942
f 6943 6944 6945
f 6946 6947 6948
f 6949 6950 6951
f 6952 6953 6954
f 6955 6956 6957
f 6958 6959 6960
f 6961 6962 6963
f 6964 6965 6966
f 6967 6968 6969
f 6970 6971 6972
f 6973 6974 6975
f 6976 6977 6978
f 6979 6980 6981
f 6982 6983 6984
f 6985 6986 6987
f 6988 6989 6990
f 6991 6992 6993
f 6994 6995 6996
f 6997 6998 6999
f 7000 7001 7002
f 7003 7004 7005
f 7006 7007 7008
f 7009 7010 7011
f 7012 7013 7014
f 7015 7016 7017
f 7018 7019 7020
f 7021 7022 7023
f 7024 7025 7026
f 7027 7028 7029
f 7030 7031 7032
f 7033 7034 7035
f 7036 7037 7038
f 7039 7040 7041
f 7042 7043 7044
f 7045 7046 7047
f 7048 7049 7050
f 7051 7052 7053
f 7054 7055 7056
f 7057 7058 7059
f 7060 7061 7062
f 7063 7064 7065
f 7066 7067 7068
f 7069 7070 7071
f 7072 7073 7074
f 7075 7076 7077
f 7078 7079 7080
f 7081 7082 7083
f 7084 7085 7086
f 7087 7088 7089
f 7090 7091 7092
f 7093 7094 7095
f 7096 7097 7098
f 7099 7100 7101
f 7102 7103 7104
f 7105 7106 7107
f 7108 7109 7110
f 7111 7112 7113
f 7114 7115 7116
f 7117 7118 7119
f 7120 7121 7122
f 7123 7124 7125
f 7126 7127 7128
f 7129 7130 7131
f 7132 7133 7134
f 7135 7136 7137
f 7138 7139 7140
f 7141 7142 7143
f 7144 7145 7146
f 7147 7148 7149
f 7150 7151 7152
f 7153 7154 7155
f 7156 7157 7158
f 7159 7160 7161
f 7162 7163 7164
f 7165 7166 7167
f 7168 7169 7170
f 7171 7172 7173
f 7174 7175 7176
f 7177 7178 7179
f 7180 7181 7182
f 7183 7184 7185
f 7186 7187 7188
f 7189 7190 7191
f 7192 7193 7194
f 7195 7196 7197
f 7198 7199 7200
f 7201 7202 7203
f 7204 7205 7206
f 7207 7208 7209
f 7210 7211 7212
f 7213 7214 7215
f 7216 7217 7218
f 7219 7220 7221
f 7222 7223 7224
o Sandstone_1
v 409.7182 187.54161 145.74303
v 411.34457 62.46483 145.63164
v 472.20023 187.54102 134.12387
v 440.41412 320.33118 147.52574
v 409.7182 187.54161 145.74303
v 484.28165 283.82883 136.9299
v 160.71959 187.5278 193.58105
v 157.65709 62.49662 192.84369
v 223.19946 187.53098 181.45174
v 191.06355 324.36646 194.43686
v 160.71959 187.5278 193.58105
v 238.87367 311.70605 184.58034
v 269.37292 437.59048 189.87869
v 250.43213 373.86505 187.58223
v 315.43341 425.13412 180.38536
v 39.46589 562.526 240.4175
v 15.33199 462.16852 236.73311
v 101.96513 562.51825 230.33119
v 72.41002 679.98077 244.79034
v 39.46589 562.526 240.4175
v 120.62522 633.32098 233.70958
v 187.90564 822.08765 239.28355
v 146.45297 716.65302 237.13643
v 229.82365 786.82208 232.25697
v 315.29797 561.60168 196.80963
v 269.37292 437.59048 189.87869
v 358.90524 519.26959 184.74229
v 438.87283 684.45264 196.9861
v 398.078 602.61273 190.37387
v 481.43329 640.76276 184.98647
v 263.37274 937.48511 236.618
v 253.74979 870.18097 234.72107
v 325.86923 937.48169 231.75395
v 502.25104 187.63542 134.07906
v 516.06989 62.45618 162.58913
v 516.67877 187.82545 162.33273
v 500.66422 306.95621 137.31061
v 516.67877 187.82545 162.33273
v 509.16962 330.76089 155.32727
v 507.01028 424.93994 162.55295
v 509.16962 330.76089 155.32727
v 498.98526 375.00381 140.6288
v 516.67877 187.82545 162.33273
v 575.74921 62.84182 200.19896
v 576.1535 188.03285 199.70374
v 655.94208 187.79144 222.81247
v 696.8858 62.13689 255.99294
v 699.35083 187.75009 255.15085
v 699.35083 187.75009 255.15085
v 719.55066 62.00618 302.79865
v 722.41046 187.66005 301.75665
v 722.41046 187.66005 301.75665
v 740.57007 61.57743 329.33051
v 741.76019 187.35889 327.65884
v 509.16962 330.76089 155.32727
v 576.1535 188.03285 199.70374
v 574.71191 313.12262 200.42433
v 571.58344 437.54111 202.22565
v 574.71191 313.12262 200.42433
v 507.01028 424.93994 162.55295
v 654.57117 313.54083 223.54108
v 699.35083 187.75009 255.15085
v 696.45636 313.74109 255.42921
v 688.44885 438.5946 256.47601
v 696.45636 313.74109 255.42921
v 650.91656 438.49637 225.56857
v 696.45636 313.74109 255.42921
v 722.41046 187.66005 301.75665
v 719.63446 313.86789 302.06635
v 719.63446 313.86789 302.06635
v 741.76019 187.35889 327.65884
v 740.41241 313.87415 328.37607
v 711.44122 438.72955 303.24054
v 719.63446 313.86789 302.06635
v 688.44885 438.5946 256.47601
v 736.49451 438.88007 330.86429
v 740.41241 313.87415 328.37607
v 711.44122 438.72955 303.24054
v 567.25623 561.40356 204.62555
v 571.58344 437.54111 202.22565
v 504.56366 562.53955 178.56296
v 551.03662 682.60992 205.60399
v 567.25623 561.40356 204.62555
v 501.21237 640.72449 185.10564
v 677.12494 562.47534 257.52704
v 688.44885 438.5946 256.47601
v 645.60291 562.65411 228.14384
v 665.12445 686.26563 258.54086
v 677.12494 562.47534 257.52704
v 639.78595 686.62976 230.81741
v 699.78955 562.53955 304.34055
v 711.44122 438.72955 303.24054
v 677.12494 562.47534 257.52704
v 730.71887 562.69556 333.77353
v 736.49451 438.88007 330.86429
v 699.78955 562.53955 304.34055
v 687.55548 686.27179 305.3551
v 699.78955 562.53955 304.34055
v 665.12445 686.26563 258.54086
v 724.75183 686.40021 336.72366
v 730.71887 562.69556 333.77353
v 687.55548 686.27179 305.3551
v 654.91266 810.79407 259.70914
v 665.12445 686.26563 258.54086
v 634.7337 811.16644 233.33092
v 649.09241 936.86438 260.64899
v 654.91266 810.79407 259.70914
v 631.88055 936.99915 235.00157
v 677.23669 810.68213 306.53836
v 687.55548 686.27179 305.3551
v 654.91266 810.79407 259.70914
v 719.92645 810.65784 339.7319
v 724.75183 686.40021 336.72366
v 677.23669 810.68213 306.53836
v 671.30591 936.76331 307.50586
v 677.23669 810.68213 306.53836
v 649.09241 936.86438 260.64899
v 717.17511 936.63995 342.1853
v 719.92645 810.65784 339.7319
v 671.30591 936.76331 307.50586
v 870.35297 562.61292 384.33325
v 874.31665 492.8909 376.44849
v 807.43896 562.58008 356.7612
v 864.72662 687.1142 400.90228
v 870.35297 562.61292 384.33325
v 802.28491 686.55133 360.19794
v 972.68127 513.60046 372.00055
v 889.35016 492.90237 376.36633
v 933.60333 558.19666 385.83026
v 853.42834 811.18604 399.98553
v 864.72662 687.1142 400.90228
v 797.87384 810.76526 363.45508
v 869.82898 811.65503 434.81088
v 872.94855 729.35809 426.40317
v 853.42834 811.18604 399.98553
v 848.01532 936.73804 401.64554
v 853.42834 811.18604 399.98553
v 795.17206 936.50568 366.38065
v 867.2829 937.11877 442.23962
v 869.82898 811.65503 434.81088
v 848.01532 936.73804 401.64554
v 985.56775 770.06348 419.95645
v 902.25684 729.37958 426.75104
v 941.7002 811.78589 434.68295
v 156.01584 1187.54773 238.42404
v 196.97639 1066.19958 241.10788
v 218.50899 1187.57031 231.11743
v 13.66732 1393.20081 236.51472
v 58.21363 1303.05957 239.92281
v 58.21681 1435.93445 224.15355
v 129.71127 1255.10022 234.99557
v 156.01584 1187.54773 238.42404
v 177.92264 1303.15356 222.96953
v 263.97046 1026.9624 235.79121
v 263.37274 937.48511 236.618
v 308.44839 1066.2467 231.40216
v 281.20718 1405.15991 192.05716
v 318.81009 1319.60449 200.87849
v 318.66461 1443.03113 179.31155
v 239.27979 1937.46802 137.79417
v 198.29004 1821.05188 152.86566
v 176.78625 1937.46875 149.93204
v 289.50079 1687.38562 147.50568
v 323.40112 1573.11694 156.81686
v 351.97186 1687.36768 134.96838
v 409.87692 1538.54187 146.1179
v 445.98495 1446.57361 157.25778
v 445.77512 1572.93652 133.10173
v 263.65808 1785.15942 142.86551
v 289.50079 1687.38562 147.50568
v 308.06299 1821.03406 130.81256
v 492.57202 1937.46069 92.44348
v 447.60336 1818.67297 103.77903
v 430.0383 1937.47754 102.1217
v 148.95206 1562.42017 191.20741
v 193.85754 1443.12415 200.56004
v 194.11571 1574.88818 180.96646
v 125.66586 1626.16785 187.63315
v 148.95206 1562.42017 191.20741
v 166.8922 1667.21265 174.41667
v 15.30951 1812.45593 189.97046
v 61.18282 1675.65112 194.0791
v 77.79886 1812.45142 177.60423
v 1.747 1881.30603 187.83994
v 15.30951 1812.45593 189.97046
v 50.9311 1928.76843 175.0424
v 650.53552 1063.98328 260.79376
v 649.09241 936.86438 260.64899
v 632.65222 1063.73169 234.92455
v 659.66974 1190.28113 259.82822
v 650.53552 1063.98328 260.79376
v 637.2356 1189.677 232.79837
v 672.77258 1064.14453 307.67435
v 671.30591 936.76331 307.50586
v 650.53552 1063.98328 260.79376
v 717.87366 1064.31482 342.10815
v 717.17511 936.63995 342.1853
v 672.77258 1064.14453 307.67435
v 682.09363 1190.46887 306.65805
v 672.77258 1064.14453 307.67435
v 659.66974 1190.28113 259.82822
v 722.39197 1190.43005 339.05545
v 717.87366 1064.31482 342.10815
v 682.09363 1190.46887 306.65805
v 545.15613 1297.26001 200.37874
v 549.77136 1201.62329 209.67708
v 503.14948 1315.50354 182.12502
v 572.36096 1438.10706 202.87624
v 545.15613 1297.26001 200.37874
v 508.06348 1446.70532 163.61548
v 673.74524 1314.1217 258.39944
v 659.66974 1190.28113 259.82822
v 644.17432 1313.66528 229.55844
v 689.28448 1436.76782 257.17422
v 673.74524 1314.1217 258.39944
v 651.586 1436.85889 226.21848
v 696.41998 1314.1145 305.15347
v 682.09363 1190.46887 306.65805
v 673.74524 1314.1217 258.39944
v 729.3595 1313.80029 335.14017
v 722.39197 1190.43005 339.05545
v 696.41998 1314.1145 305.15347
v 712.27246 1436.56799 303.87976
v 696.41998 1314.1145 305.15347
v 689.28448 1436.76782 257.17422
v 737.08789 1436.28467 331.38983
v 729.3595 1313.80029 335.14017
v 712.27246 1436.56799 303.87976
v 519.53284 1561.5249 163.0517
v 508.06348 1446.70532 163.61548
v 503.69962 1561.84741 132.31738
v 528.62579 1686.31982 162.48903
v 519.53284 1561.5249 163.0517
v 508.28177 1686.85767 122.49556
v 534.06067 1811.73962 162.39345
v 528.62579 1686.31982 162.48903
v 509.12109 1818.48828 112.32442
v 512.64038 1937.13904 115.89616
v 509.12109 1818.48828 112.32442
v 500.40292 1937.44226 92.41116
v 535.76514 1937.16553 162.69734
v 534.06067 1811.73962 162.39345
v 512.64038 1937.13904 115.89616
v 577.93689 1561.54028 200.07251
v 572.36096 1438.10706 202.87624
v 519.53284 1561.5249 163.0517
v 582.18335 1686.15601 198.07901
v 577.93689 1561.54028 200.07251
v 528.62579 1686.31982 162.48903
v 702.98608 1560.29919 255.99881
v 689.28448 1436.76782 257.17422
v 657.93207 1560.74719 223.20074
v 712.32312 1685.70264 255.21429
v 702.98608 1560.29919 255.99881
v 662.22589 1685.86218 221.08379
v 726.15942 1560.05811 302.634
v 712.27246 1436.56799 303.87976
v 702.98608 1560.29919 255.99881
v 743.76794 1560.07874 328.02017
v 737.08789 1436.28467 331.38983
v 726.15942 1560.05811 302.634
v 739.75281 1701.2124 309.66443
v 726.15942 1560.05811 302.634
v 712.32312 1685.70264 255.21429
v 748.46393 1694.24475 326.05936
v 743.76794 1560.07874 328.02017
v 739.75281 1701.2124 309.66443
v 584.77545 1811.57629 197.27406
v 582.18335 1686.15601 198.07901
v 534.06067 1811.73962 162.39345
v 585.59894 1937.00903 197.53058
v 584.77545 1811.57629 197.27406
v 535.76514 1937.16553 162.69734
v 716.32074 1811.88879 255.45551
v 712.32312 1685.70264 255.21429
v 664.16718 1811.57019 220.37505
v 715.40369 1937.42175 256.32437
v 716.32074 1811.88879 255.45551
v 663.93793 1937.06763 220.84006
v 742.44574 1811.90417 309.12082
v 739.75281 1701.2124 309.66443
v 716.32074 1811.88879 255.45551
v 750.17926 1812.46069 325.78094
v 748.46393 1694.24475 326.05936
v 742.44574 1811.90417 309.12082
v 742.05627 1922.30847 310.85654
v 742.44574 1811.90417 309.12082
v 715.40369 1937.42175 256.32437
v 749.7395 1931.72302 327.20026
v 750.17926 1812.46069 325.78094
v 742.05627 1922.30847 310.85654
v 813.17889 1695.63904 318.25253
v 812.33624 1564.69006 330.41522
v 766.47607 1681.68738 326.10934
v 849.31305 1064.35205 401.94672
v 848.01532 936.73804 401.64554
v 795.81042 1064.51355 366.38837
v 867.92908 1063.54309 441.22845
v 867.2829 937.11877 442.23962
v 849.31305 1064.35205 401.94672
v 863.64752 1211.76099 407.03549
v 849.31305 1064.35205 401.94672
v 800.21063 1190.63293 362.74573
v 872.19043 1187.68555 430.52377
v 867.92908 1063.54309 441.22845
v 863.64752 1211.76099 407.03549
v 870.06079 1300.46741 395.76752
v 863.64752 1211.76099 407.03549
v 806.58112 1314.0575 358.22821
v 875.65253 1250.00378 421.87881
v 872.19043 1187.68555 430.52377
v 870.06079 1300.46741 395.76752
v 873.76154 1383.74316 377.61551
v 870.06079 1300.46741 395.76752
v 822.84656 1430.06409 351.81332
v 938.19495 1429.76514 357.28601
v 938.49854 1319.99084 391.72537
v 897.21796 1383.68335 377.40958
v 1233.09106 633.79486 373.88663
v 1149.74036 615.70068 376.38361
v 1189.82935 680.27692 382.65079
v 1090.43396 937.4809 416.47507
v 1015.29175 853.47998 424.84064
v 1027.99573 937.44513 428.22122
v 1084.38196 1062.59473 416.04193
v 1027.99573 937.44513 428.22122
v 1022.01831 1062.70886 427.94824
v 1054.3429 1178.89343 408.32809
v 1022.01831 1062.70886 427.94824
v 1007.04913 1131.01294 423.04321
v 1317.54297 1304.21472 367.29041
v 1317.60144 1197.43237 383.4696
v 1279.20667 1256.88062 376.17239
v 1834.45752 187.45282 377.5986
v 1771.94885 187.45961 371.98584
v 1802.828 71.9074 381.54044
v 1852.00757 312.49622 376.30212
v 1789.51111 312.49658 370.34055
v 1834.45752 187.45282 377.5986
v 1852.00757 312.49622 376.30212
v 1783.91528 437.52173 371.04199
v 1846.41736 437.52054 376.82874
v 1740.79712 614.84705 375.45392
v 1657.48083 653.1261 372.76068
v 1694.4895 691.91309 376.53961
v 1846.41736 437.52054 376.82874
v 1767.15625 531.52643 373.15863
v 1810.35229 568.94757 378.14761
v 1445.48315 1563.94421 330.88876
v 1445.51038 1684.26917 322.90131
v 1492.37158 1640.51111 328.39734
v 1491.68408 1858.31726 328.45923
v 1408.36523 1897.19714 325.70175
v 1445.06885 1938.37329 330.62262
v 1556.53674 1684.29736 330.26636
v 1510.77795 1774.96704 326.96768
v 1556.52954 1814.99902 330.52225
v 1792.38196 1207.5553 380.78613
v 1800.90002 1322.28918 371.88104
v 1813.59802 1277.87024 376.5589
v 1927.20398 1322.32129 383.06479
v 1902.7323 1437.46326 371.52594
v 1965.23108 1437.45789 377.87534
v 1965.23108 1437.45789 377.87534
v 1945.04065 1560.55969 368.01013
v 1991.60791 1517.65405 375.7814
v 220.14198 62.49338 180.96381
v 223.19946 187.53098 181.45174
v 157.65709 62.49662 192.84369
v 223.19946 187.53098 181.45174
v 238.87367 311.70605 184.58034
v 160.71959 187.5278 193.58105
v 473.84067 62.46158 134.68275
v 472.20023 187.54102 134.12387
v 411.34457 62.46483 145.63164
v 472.20023 187.54102 134.12387
v 484.28165 283.82883 136.9299
v 409.7182 187.54161 145.74303
v 291.71524 332.79721 176.1617
v 315.43341 425.13412 180.38536
v 250.43213 373.86505 187.58223
v 315.43341 425.13412 180.38536
v 358.90524 519.26959 184.74229
v 269.37292 437.59048 189.87869
v 59.14639 427.33344 226.32159
v 101.96513 562.51825 230.33119
v 15.33199 462.16852 236.73311
v 438.78375 561.63025 178.35037
v 481.43329 640.76276 184.98647
v 398.078 602.61273 190.37387
v 101.96513 562.51825 230.33119
v 120.62522 633.32098 233.70958
v 39.46589 562.526 240.4175
v 187.85083 679.99445 228.30939
v 229.82365 786.82208 232.25697
v 146.45297 716.65302 237.13643
v 302.34637 822.01001 227.39525
v 325.86923 937.48169 231.75395
v 253.74979 870.18097 234.72107
v 325.86923 937.48169 231.75395
v 308.44839 1066.2467 231.40216
v 263.37274 937.48511 236.618
v 516.06989 62.45618 162.58913
v 502.25104 187.63542 134.07906
v 502.0849 62.33602 134.778
v 575.74921 62.84182 200.19896
v 516.67877 187.82545 162.33273
v 516.06989 62.45618 162.58913
v 516.67877 187.82545 162.33273
v 500.66422 306.95621 137.31061
v 502.25104 187.63542 134.07906
v 576.1535 188.03285 199.70374
v 509.16962 330.76089 155.32727
v 516.67877 187.82545 162.33273
v 500.66422 306.95621 137.31061
v 498.98526 375.00381 140.6288
v 509.16962 330.76089 155.32727
v 509.16962 330.76089 155.32727
v 507.01028 424.93994 162.55295
v 574.71191 313.12262 200.42433
v 507.01028 424.93994 162.55295
v 504.56366 562.53955 178.56296
v 571.58344 437.54111 202.22565
v 696.8858 62.13689 255.99294
v 655.94208 187.79144 222.81247
v 654.96582 62.21388 223.63101
v 719.55066 62.00618 302.79865
v 699.35083 187.75009 255.15085
v 696.8858 62.13689 255.99294
v 699.35083 187.75009 255.15085
v 654.57117 313.54083 223.54108
v 655.94208 187.79144 222.81247
v 722.41046 187.66005 301.75665
v 696.45636 313.74109 255.42921
v 699.35083 187.75009 255.15085
v 740.57007 61.57743 329.33051
v 722.41046 187.66005 301.75665
v 719.55066 62.00618 302.79865
v 741.76019 187.35889 327.65884
v 719.63446 313.86789 302.06635
v 722.41046 187.66005 301.75665
v 654.57117 313.54083 223.54108
v 650.91656 438.49637 225.56857
v 696.45636 313.74109 255.42921
v 696.45636 313.74109 255.42921
v 688.44885 438.5946 256.47601
v 719.63446 313.86789 302.06635
v 650.91656 438.49637 225.56857
v 645.60291 562.65411 228.14384
v 688.44885 438.5946 256.47601
v 688.44885 438.5946 256.47601
v 677.12494 562.47534 257.52704
v 711.44122 438.72955 303.24054
v 719.63446 313.86789 302.06635
v 711.44122 438.72955 303.24054
v 740.41241 313.87415 328.37607
v 711.44122 438.72955 303.24054
v 699.78955 562.53955 304.34055
v 736.49451 438.88007 330.86429
v 822.60785 445.79248 352.95142
v 807.43896 562.58008 356.7612
v 874.31665 492.8909 376.44849
v 889.35016 492.90237 376.36633
v 972.68127 513.60046 372.00055
v 933.466 446.03864 360.40686
v 504.56366 562.53955 178.56296
v 501.21237 640.72449 185.10564
v 567.25623 561.40356 204.62555
v 645.60291 562.65411 228.14384
v 639.78595 686.62976 230.81741
v 677.12494 562.47534 257.52704
v 677.12494 562.47534 257.52704
v 665.12445 686.26563 258.54086
v 699.78955 562.53955 304.34055
v 639.78595 686.62976 230.81741
v 634.7337 811.16644 233.33092
v 665.12445 686.26563 258.54086
v 665.12445 686.26563 258.54086
v 654.91266 810.79407 259.70914
v 687.55548 686.27179 305.3551
v 699.78955 562.53955 304.34055
v 687.55548 686.27179 305.3551
v 730.71887 562.69556 333.77353
v 687.55548 686.27179 305.3551
v 677.23669 810.68213 306.53836
v 724.75183 686.40021 336.72366
v 634.7337 811.16644 233.33092
v 631.88055 936.99915 235.00157
v 654.91266 810.79407 259.70914
v 654.91266 810.79407 259.70914
v 649.09241 936.86438 260.64899
v 677.23669 810.68213 306.53836
v 631.88055 936.99915 235.00157
v 632.65222 1063.73169 234.92455
v 649.09241 936.86438 260.64899
v 649.09241 936.86438 260.64899
v 650.53552 1063.98328 260.79376
v 671.30591 936.76331 307.50586
v 677.23669 810.68213 306.53836
v 671.30591 936.76331 307.50586
v 719.92645 810.65784 339.7319
v 671.30591 936.76331 307.50586
v 672.77258 1064.14453 307.67435
v 717.17511 936.63995 342.1853
v 807.43896 562.58008 356.7612
v 802.28491 686.55133 360.19794
v 870.35297 562.61292 384.33325
v 802.28491 686.55133 360.19794
v 797.87384 810.76526 363.45508
v 864.72662 687.1142 400.90228
v 797.87384 810.76526 363.45508
v 795.17206 936.50568 366.38065
v 853.42834 811.18604 399.98553
v 795.17206 936.50568 366.38065
v 795.81042 1064.51355 366.38837
v 848.01532 936.73804 401.64554
v 864.72662 687.1142 400.90228
v 853.42834 811.18604 399.98553
v 872.94855 729.35809 426.40317
v 902.25684 729.37958 426.75104
v 985.56775 770.06348 419.95645
v 941.51569 687.5329 412.9826
v 853.42834 811.18604 399.98553
v 848.01532 936.73804 401.64554
v 869.82898 811.65503 434.81088
v 848.01532 936.73804 401.64554
v 849.31305 1064.35205 401.94672
v 867.2829 937.11877 442.23962
v 239.74794 1488.53479 185.65715
v 194.11571 1574.88818 180.96646
v 193.85754 1443.12415 200.56004
v 364.58325 1365.91357 185.89731
v 318.66461 1443.03113 179.31155
v 318.81009 1319.60449 200.87849
v 493.36923 1494.36328 139.42776
v 445.77512 1572.93652 133.10173
v 445.98495 1446.57361 157.25778
v 244.89294 1110.31604 233.95596
v 218.50899 1187.57031 231.11743
v 196.97639 1066.19958 241.10788
v 218.50899 1187.57031 231.11743
v 177.92264 1303.15356 222.96953
v 156.01584 1187.54773 238.42404
v 97.02197 1338.45239 230.15511
v 58.21681 1435.93445 224.15355
v 58.21363 1303.05957 239.92281
v 107.74147 1688.30994 183.60301
v 77.79886 1812.45142 177.60423
v 61.18282 1675.65112 194.0791
v 194.11571 1574.88818 180.96646
v 166.8922 1667.21265 174.41667
v 148.95206 1562.42017 191.20741
v 77.79886 1812.45142 177.60423
v 50.9311 1928.76843 175.0424
v 15.30951 1812.45593 189.97046
v 247.40271 1868.53625 140.10197
v 239.27979 1937.46802 137.79417
v 198.29004 1821.05188 152.86566
v 372.49414 1622.00903 140.13907
v 351.97186 1687.36768 134.96838
v 323.40112 1573.11694 156.81686
v 351.97186 1687.36768 134.96838
v 308.06299 1821.03406 130.81256
v 289.50079 1687.38562 147.50568
v 447.60336 1818.67297 103.77903
v 492.57202 1937.46069 92.44348
v 496.44455 1864.65613 93.59579
v 499.02136 1250.00378 187.5038
v 503.14948 1315.50354 182.12502
v 549.77136 1201.62329 209.67708
v 503.14948 1315.50354 182.12502
v 508.06348 1446.70532 163.61548
v 545.15613 1297.26001 200.37874
v 508.06348 1446.70532 163.61548
v 503.69962 1561.84741 132.31738
v 500.59195 1494.36182 139.43976
v 508.06348 1446.70532 163.61548
v 519.53284 1561.5249 163.0517
v 572.36096 1438.10706 202.87624
v 632.65222 1063.73169 234.92455
v 637.2356 1189.677 232.79837
v 650.53552 1063.98328 260.79376
v 650.53552 1063.98328 260.79376
v 659.66974 1190.28113 259.82822
v 672.77258 1064.14453 307.67435
v 637.2356 1189.677 232.79837
v 644.17432 1313.66528 229.55844
v 659.66974 1190.28113 259.82822
v 659.66974 1190.28113 259.82822
v 673.74524 1314.1217 258.39944
v 682.09363 1190.46887 306.65805
v 672.77258 1064.14453 307.67435
v 682.09363 1190.46887 306.65805
v 717.87366 1064.31482 342.10815
v 682.09363 1190.46887 306.65805
v 696.41998 1314.1145 305.15347
v 722.39197 1190.43005 339.05545
v 644.17432 1313.66528 229.55844
v 651.586 1436.85889 226.21848
v 673.74524 1314.1217 258.39944
v 673.74524 1314.1217 258.39944
v 689.28448 1436.76782 257.17422
v 696.41998 1314.1145 305.15347
v 651.586 1436.85889 226.21848
v 657.93207 1560.74719 223.20074
v 689.28448 1436.76782 257.17422
v 689.28448 1436.76782 257.17422
v 702.98608 1560.29919 255.99881
v 712.27246 1436.56799 303.87976
v 696.41998 1314.1145 305.15347
v 712.27246 1436.56799 303.87976
v 729.3595 1313.80029 335.14017
v 712.27246 1436.56799 303.87976
v 726.15942 1560.05811 302.634
v 737.08789 1436.28467 331.38983
v 795.81042 1064.51355 366.38837
v 800.21063 1190.63293 362.74573
v 849.31305 1064.35205 401.94672
v 800.21063 1190.63293 362.74573
v 806.58112 1314.0575 358.22821
v 863.64752 1211.76099 407.03549
v 806.58112 1314.0575 358.22821
v 822.84656 1430.06409 351.81332
v 870.06079 1300.46741 395.76752
v 938.49854 1319.99084 391.72537
v 938.19495 1429.76514 357.28601
v 980.58002 1366.47534 372.56714
v 503.69962 1561.84741 132.31738
v 508.28177 1686.85767 122.49556
v 519.53284 1561.5249 163.0517
v 519.53284 1561.5249 163.0517
v 528.62579 1686.31982 162.48903
v 577.93689 1561.54028 200.07251
v 508.28177 1686.85767 122.49556
v 509.12109 1818.48828 112.32442
v 528.62579 1686.31982 162.48903
v 528.62579 1686.31982 162.48903
v 534.06067 1811.73962 162.39345
v 582.18335 1686.15601 198.07901
v 500.3114 1864.64807 93.58994
v 500.40292 1937.44226 92.41116
v 509.12109 1818.48828 112.32442
v 509.12109 1818.48828 112.32442
v 512.64038 1937.13904 115.89616
v 534.06067 1811.73962 162.39345
v 534.06067 1811.73962 162.39345
v 535.76514 1937.16553 162.69734
v 584.77545 1811.57629 197.27406
v 657.93207 1560.74719 223.20074
v 662.22589 1685.86218 221.08379
v 702.98608 1560.29919 255.99881
v 702.98608 1560.29919 255.99881
v 712.32312 1685.70264 255.21429
v 726.15942 1560.05811 302.634
v 662.22589 1685.86218 221.08379
v 664.16718 1811.57019 220.37505
v 712.32312 1685.70264 255.21429
v 712.32312 1685.70264 255.21429
v 716.32074 1811.88879 255.45551
v 739.75281 1701.2124 309.66443
v 726.15942 1560.05811 302.634
v 739.75281 1701.2124 309.66443
v 743.76794 1560.07874 328.02017
v 739.75281 1701.2124 309.66443
v 742.44574 1811.90417 309.12082
v 748.46393 1694.24475 326.05936
v 664.16718 1811.57019 220.37505
v 663.93793 1937.06763 220.84006
v 716.32074 1811.88879 255.45551
v 716.32074 1811.88879 255.45551
v 715.40369 1937.42175 256.32437
v 742.44574 1811.90417 309.12082
v 742.44574 1811.90417 309.12082
v 742.05627 1922.30847 310.85654
v 750.17926 1812.46069 325.78094
v 812.33624 1564.69006 330.41522
v 813.17889 1695.63904 318.25253
v 855.93262 1610.43311 324.50748
v 849.31305 1064.35205 401.94672
v 863.64752 1211.76099 407.03549
v 867.92908 1063.54309 441.22845
v 863.64752 1211.76099 407.03549
v 870.06079 1300.46741 395.76752
v 872.19043 1187.68555 430.52377
v 1149.74036 615.70068 376.38361
v 1233.09106 633.79486 373.88663
v 1189.85791 569.4577 366.82019
v 1015.29175 853.47998 424.84064
v 1090.43396 937.4809 416.47507
v 1059.24646 812.07947 413.23871
v 1027.99573 937.44513 428.22122
v 1084.38196 1062.59473 416.04193
v 1090.43396 937.4809 416.47507
v 1317.60144 1197.43237 383.4696
v 1317.54297 1304.21472 367.29041
v 1362.54431 1245.56995 374.48505
v 1022.01831 1062.70886 427.94824
v 1054.3429 1178.89343 408.32809
v 1084.38196 1062.59473 416.04193
v 1754.5791 119.97585 374.58441
v 1802.828 71.9074 381.54044
v 1771.94885 187.45961 371.98584
v 1771.94885 187.45961 371.98584
v 1834.45752 187.45282 377.5986
v 1789.51111 312.49658 370.34055
v 1783.91528 437.52173 371.04199
v 1852.00757 312.49622 376.30212
v 1789.51111 312.49658 370.34055
v 1767.15625 531.52643 373.15863
v 1846.41736 437.52054 376.82874
v 1783.91528 437.52173 371.04199
v 1657.48083 653.1261 372.76068
v 1740.79712 614.84705 375.45392
v 1694.52478 568.95813 369.53342
v 1445.51038 1684.26917 322.90131
v 1445.48315 1563.94421 330.88876
v 1409.05347 1606.75537 325.73041
v 1408.36523 1897.19714 325.70175
v 1491.68408 1858.31726 328.45923
v 1445.08728 1815.01819 323.04398
v 1800.90002 1322.28918 371.88104
v 1792.38196 1207.5553 380.78613
v 1751.401 1248.47766 374.89728
v 1902.7323 1437.46326 371.52594
v 1927.20398 1322.32129 383.06479
v 1878.63269 1370.5625 374.63644
v 1945.04065 1560.55969 368.01013
v 1965.23108 1437.45789 377.87534
v 1902.7323 1437.46326 371.52594
v 1510.77795 1774.96704 326.96768
v 1556.53674 1684.29736 330.26636
v 1510.78296 1723.8634 326.89301
v 58.21363 1303.05957 239.92281
v 129.71127 1255.10022 234.99557
v 177.92264 1303.15356 222.96953
v 196.97639 1066.19958 241.10788
v 263.97046 1026.9624 235.79121
v 308.44839 1066.2467 231.40216
v 193.85754 1443.12415 200.56004
v 281.20718 1405.15991 192.05716
v 318.66461 1443.03113 179.31155
v 318.81009 1319.60449 200.87849
v 437.45883 1276.86353 192.08095
v 437.48572 1339.40674 180.13451
v 323.40112 1573.11694 156.81686
v 409.87692 1538.54187 146.1179
v 445.77512 1572.93652 133.10173
v 198.29004 1821.05188 152.86566
v 263.65808 1785.15942 142.86551
v 308.06299 1821.03406 130.81256
v 61.18282 1675.65112 194.0791
v 125.66586 1626.16785 187.63315
v 166.8922 1667.21265 174.41667
v 445.98495 1446.57361 157.25778
v 508.06348 1446.70532 163.61548
v 500.59195 1494.36182 139.43976
v 437.45883 1276.86353 192.08095
v 545.15613 1297.26001 200.37874
v 503.14948 1315.50354 182.12502
v 500.3114 1864.64807 93.58994
v 509.12109 1818.48828 112.32442
v 447.60336 1818.67297 103.77903
v 813.17889 1695.63904 318.25253
v 766.47607 1681.68738 326.10934
v 748.46393 1694.24475 326.05936
v 937.31219 1588.60315 317.58823
v 937.24011 1526.02783 331.36078
v 812.33624 1564.69006 330.41522
v 937.92523 1221.97522 418.63358
v 937.91443 1159.97485 432.06973
v 872.19043 1187.68555 430.52377
v 938.19495 1429.76514 357.28601
v 897.21796 1383.68335 377.40958
v 873.76154 1383.74316 377.61551
v 1621.07605 2.33593 375.20593
v 1687.57495 29.16315 376.43579
v 1687.56531 91.62792 371.06363
v 1687.57495 29.16315 376.43579
v 1802.828 71.9074 381.54044
v 1754.5791 119.97585 374.58441
v 1062.47058 1571.35083 314.6337
v 1062.45251 1509.01794 328.55563
v 937.24011 1526.02783 331.36078
v 1187.56873 1572.80225 317.58606
v 1187.50562 1510.49487 329.15195
v 1062.45251 1509.01794 328.55563
v 1312.54602 1587.47131 322.2359
v 1312.52368 1525.02954 330.57443
v 1187.50562 1510.49487 329.15195
v 1409.05347 1606.75537 325.73041
v 1445.48315 1563.94421 330.88876
v 1312.52368 1525.02954 330.57443
v 1510.78296 1723.8634 326.89301
v 1556.53674 1684.29736 330.26636
v 1492.37158 1640.51111 328.39734
v 1054.3429 1178.89343 408.32809
v 1007.04913 1131.01294 423.04321
v 937.91443 1159.97485 432.06973
v 1062.4668 1351.23999 369.03629
v 1062.49866 1288.9165 384.76807
v 938.49854 1319.99084 391.72537
v 1187.4812 1331.66089 366.54868
v 1187.46191 1269.09229 378.52081
v 1062.49866 1288.9165 384.76807
v 1437.50391 1232.63391 373.18994
v 1437.5304 1170.2074 380.32919
v 1317.60144 1197.43237 383.4696
v 1317.54297 1304.21472 367.29041
v 1279.20667 1256.88062 376.17239
v 1187.46191 1269.09229 378.52081
v 1562.49646 1217.97156 371.63907
v 1562.50244 1155.46887 376.78302
v 1437.5304 1170.2074 380.32919
v 1687.52771 1230.84595 372.63058
v 1699.97266 1184.6886 376.70197
v 1562.50244 1155.46887 376.78302
v 1751.401 1248.47766 374.89728
v 1792.38196 1207.5553 380.78613
v 1699.97266 1184.6886 376.70197
v 1878.63269 1370.5625 374.63644
v 1927.20398 1322.32129 383.06479
v 1813.59802 1277.87024 376.5589
v 191.06355 324.36646 194.43686
v 291.71524 332.79721 176.1617
v 250.43213 373.86505 187.58223
v 72.41002 679.98077 244.79034
v 187.85083 679.99445 228.30939
v 146.45297 716.65302 237.13643
v 315.29797 561.60168 196.80963
v 438.78375 561.63025 178.35037
v 398.078 602.61273 190.37387
v 187.90564 822.08765 239.28355
v 302.34637 822.01001 227.39525
v 253.74979 870.18097 234.72107
v 440.41412 320.33118 147.52574
v 500.66422 306.95621 137.31061
v 509.16962 330.76089 155.32727
v 438.87283 684.45264 196.9861
v 501.21237 640.72449 185.10564
v 551.03662 682.60992 205.60399
v 889.35016 492.90237 376.36633
v 933.466 446.03864 360.40686
v 874.31665 492.8909 376.44849
v 902.25684 729.37958 426.75104
v 941.51569 687.5329 412.9826
v 872.94855 729.35809 426.40317
v 749.7395 1931.72302 327.20026
v 818.52313 1931.45227 321.26941
v 773.42877 1945.62402 326.25336
v 1062.46191 596.9693 380.17636
v 1062.49243 534.50378 368.47369
v 933.60333 558.19666 385.83026
v 1149.74036 615.70068 376.38361
v 1189.85791 569.4577 366.82019
v 1062.46191 596.9693 380.17636
v 1015.29175 853.47998 424.84064
v 1059.24646 812.07947 413.23871
v 941.7002 811.78589 434.68295
v 1312.495 711.05579 379.28049
v 1312.48743 648.58875 372.04138
v 1189.82935 680.27692 382.65079
v 1437.49524 728.67505 376.68176
v 1437.50098 666.18201 370.89301
v 1312.495 711.05579 379.28049
v 1562.5105 732.83313 375.29477
v 1562.51123 670.32629 370.93597
v 1437.49524 728.67505 376.68176
v 1694.4895 691.91309 376.53961
v 1657.48083 653.1261 372.76068
v 1562.5105 732.83313 375.29477
v 1810.35229 568.94757 378.14761
v 1767.15625 531.52643 373.15863
v 1740.79712 614.84705 375.45392
v 1312.52124 1984.18909 329.16199
v 1312.54077 1921.73413 322.39001
v 1243.79712 1998.34692 328.30902
v 1445.06885 1938.37329 330.62262
v 1408.36523 1897.19714 325.70175
v 1312.52124 1984.18909 329.16199
v 1556.52954 1814.99902 330.52225
v 1510.77795 1774.96704 326.96768
v 1491.68408 1858.31726 328.45923
v 318.66461 1443.03113 179.31155
v 239.74794 1488.53479 185.65715
v 193.85754 1443.12415 200.56004
v 437.48572 1339.40674 180.13451
v 364.58325 1365.91357 185.89731
v 318.81009 1319.60449 200.87849
v 503.14948 1315.50354 182.12502
v 437.48572 1339.40674 180.13451
v 437.45883 1276.86353 192.08095
v 500.59195 1494.36182 139.43976
v 493.36923 1494.36328 139.42776
v 445.98495 1446.57361 157.25778
v 308.44839 1066.2467 231.40216
v 244.89294 1110.31604 233.95596
v 196.97639 1066.19958 241.10788
v 177.92264 1303.15356 222.96953
v 97.02197 1338.45239 230.15511
v 58.21363 1303.05957 239.92281
v 166.8922 1667.21265 174.41667
v 107.74147 1688.30994 183.60301
v 61.18282 1675.65112 194.0791
v 308.06299 1821.03406 130.81256
v 247.40271 1868.53625 140.10197
v 198.29004 1821.05188 152.86566
v 445.77512 1572.93652 133.10173
v 372.49414 1622.00903 140.13907
v 323.40112 1573.11694 156.81686
v 447.60336 1818.67297 103.77903
v 496.44455 1864.65613 93.59579
v 500.3114 1864.64807 93.58994
v 873.76154 1383.74316 377.61551
v 822.84656 1430.06409 351.81332
v 938.19495 1429.76514 357.28601
v 938.49854 1319.99084 391.72537
v 980.58002 1366.47534 372.56714
v 1062.4668 1351.23999 369.03629
v 748.46393 1694.24475 326.05936
v 739.75281 1701.2124 309.66443
v 813.17889 1695.63904 318.25253
v 812.33624 1564.69006 330.41522
v 855.93262 1610.43311 324.50748
v 937.31219 1588.60315 317.58823
v 937.24011 1526.02783 331.36078
v 937.31219 1588.60315 317.58823
v 1062.47058 1571.35083 314.6337
v 872.19043 1187.68555 430.52377
v 863.64752 1211.76099 407.03549
v 937.92523 1221.97522 418.63358
v 937.91443 1159.97485 432.06973
v 937.92523 1221.97522 418.63358
v 1054.3429 1178.89343 408.32809
v 1687.56531 91.62792 371.06363
v 1572.71301 51.31465 366.93851
v 1621.07605 2.33593 375.20593
v 1754.5791 119.97585 374.58441
v 1687.56531 91.62792 371.06363
v 1687.57495 29.16315 376.43579
v 1062.49866 1288.9165 384.76807
v 1062.4668 1351.23999 369.03629
v 1187.4812 1331.66089 366.54868
v 1187.46191 1269.09229 378.52081
v 1187.4812 1331.66089 366.54868
v 1317.54297 1304.21472 367.29041
v 1317.60144 1197.43237 383.4696
v 1362.54431 1245.56995 374.48505
v 1437.50391 1232.63391 373.18994
v 1437.5304 1170.2074 380.32919
v 1437.50391 1232.63391 373.18994
v 1562.49646 1217.97156 371.63907
v 1062.45251 1509.01794 328.55563
v 1062.47058 1571.35083 314.6337
v 1187.56873 1572.80225 317.58606
v 1187.50562 1510.49487 329.15195
v 1187.56873 1572.80225 317.58606
v 1312.54602 1587.47131 322.2359
v 1312.52368 1525.02954 330.57443
v 1312.54602 1587.47131 322.2359
v 1409.05347 1606.75537 325.73041
v 1492.37158 1640.51111 328.39734
v 1445.51038 1684.26917 322.90131
v 1510.78296 1723.8634 326.89301
v 1562.50244 1155.46887 376.78302
v 1562.49646 1217.97156 371.63907
v 1687.52771 1230.84595 372.63058
v 1699.97266 1184.6886 376.70197
v 1687.52771 1230.84595 372.63058
v 1751.401 1248.47766 374.89728
v 1813.59802 1277.87024 376.5589
v 1800.90002 1322.28918 371.88104
v 1878.63269 1370.5625 374.63644
v 291.71524 332.79721 176.1617
v 191.06355 324.36646 194.43686
v 238.87367 311.70605 184.58034
v 500.66422 306.95621 137.31061
v 440.41412 320.33118 147.52574
v 484.28165 283.82883 136.9299
v 438.78375 561.63025 178.35037
v 315.29797 561.60168 196.80963
v 358.90524 519.26959 184.74229
v 501.21237 640.72449 185.10564
v 438.87283 684.45264 196.9861
v 481.43329 640.76276 184.98647
v 187.85083 679.99445 228.30939
v 72.41002 679.98077 244.79034
v 120.62522 633.32098 233.70958
v 302.34637 822.01001 227.39525
v 187.90564 822.08765 239.28355
v 229.82365 786.82208 232.25697
v 822.60785 445.79248 352.95142
v 874.31665 492.8909 376.44849
v 933.466 446.03864 360.40686
v 972.68127 513.60046 372.00055
v 933.60333 558.19666 385.83026
v 1062.49243 534.50378 368.47369
v 864.72662 687.1142 400.90228
v 872.94855 729.35809 426.40317
v 941.51569 687.5329 412.9826
v 985.56775 770.06348 419.95645
v 941.7002 811.78589 434.68295
v 1059.24646 812.07947 413.23871
v 818.52313 1931.45227 321.26941
v 749.7395 1931.72302 327.20026
v 742.05627 1922.30847 310.85654
v 1062.49243 534.50378 368.47369
v 1062.46191 596.9693 380.17636
v 1189.85791 569.4577 366.82019
v 1233.09106 633.79486 373.88663
v 1189.82935 680.27692 382.65079
v 1312.48743 648.58875 372.04138
v 1312.48743 648.58875 372.04138
v 1312.495 711.05579 379.28049
v 1437.50098 666.18201 370.89301
v 1437.50098 666.18201 370.89301
v 1437.49524 728.67505 376.68176
v 1562.51123 670.32629 370.93597
v 1562.51123 670.32629 370.93597
v 1562.5105 732.83313 375.29477
v 1657.48083 653.1261 372.76068
v 1694.52478 568.95813 369.53342
v 1740.79712 614.84705 375.45392
v 1767.15625 531.52643 373.15863
v 1196.33606 1949.09558 319.97336
v 1243.79712 1998.34692 328.30902
v 1312.54077 1921.73413 322.39001
v 1312.54077 1921.73413 322.39001
v 1312.52124 1984.18909 329.16199
v 1408.36523 1897.19714 325.70175
v 1445.08728 1815.01819 323.04398
v 1491.68408 1858.31726 328.45923
v 1510.77795 1774.96704 326.96768
v 223.19946 187.53098 181.45174
v 312.28094 62.47485 163.63329
v 312.27316 187.53294 164.23627
v 312.27316 187.53294 164.23627
v 411.34457 62.46483 145.63164
v 409.7182 187.54161 145.74303
v 238.87367 311.70605 184.58034
v 312.27316 187.53294 164.23627
v 291.71524 332.79721 176.1617
v 250.0038 375.00381 187.73975
v 291.71524 332.79721 176.1617
v 315.43341 425.13412 180.38536
v 291.71524 332.79721 176.1617
v 409.7182 187.54161 145.74303
v 440.41412 320.33118 147.52574
v 315.43341 425.13412 180.38536
v 440.41412 320.33118 147.52574
v 437.33948 437.62567 160.8264
v 62.37294 187.5211 212.68102
v 157.65709 62.49662 192.84369
v 160.71959 187.5278 193.58105
v 62.40198 312.53476 218.09378
v 160.71959 187.5278 193.58105
v 191.06355 324.36646 194.43686
v 59.14639 427.33344 226.32159
v 191.06355 324.36646 194.43686
v 187.41629 437.55228 204.39598
v 187.41629 437.55228 204.39598
v 250.43213 373.86505 187.58223
v 269.37292 437.59048 189.87869
v 358.90524 519.26959 184.74229
v 437.33948 437.62567 160.8264
v 438.78375 561.63025 178.35037
v 101.96513 562.51825 230.33119
v 187.41629 437.55228 204.39598
v 187.48088 562.52148 216.73047
v 120.62522 633.32098 233.70958
v 187.48088 562.52148 216.73047
v 187.85083 679.99445 228.30939
v 62.56919 812.47913 254.72322
v 146.45297 716.65302 237.13643
v 187.90564 822.08765 239.28355
v 62.59134 937.49933 258.6434
v 187.90564 822.08765 239.28355
v 187.54652 937.48615 243.61557
v 187.48088 562.52148 216.73047
v 269.37292 437.59048 189.87869
v 315.29797 561.60168 196.80963
v 187.85083 679.99445 228.30939
v 315.29797 561.60168 196.80963
v 312.53903 687.47083 212.8447
v 312.53903 687.47083 212.8447
v 398.078 602.61273 190.37387
v 438.87283 684.45264 196.9861
v 229.82365 786.82208 232.25697
v 312.53903 687.47083 212.8447
v 302.34637 822.01001 227.39525
v 187.54652 937.48615 243.61557
v 253.74979 870.18097 234.72107
v 263.37274 937.48511 236.618
v 302.34637 822.01001 227.39525
v 438.87283 684.45264 196.9861
v 437.60687 812.38983 213.75133
v 325.86923 937.48169 231.75395
v 437.60687 812.38983 213.75133
v 437.69122 937.50104 223.36418
v 472.20023 187.54102 134.12387
v 502.0849 62.33602 134.778
v 502.25104 187.63542 134.07906
v 484.28165 283.82883 136.9299
v 502.25104 187.63542 134.07906
v 500.66422 306.95621 137.31061
v 437.33948 437.62567 160.8264
v 509.16962 330.76089 155.32727
v 507.01028 424.93994 162.55295
v 576.1535 188.03285 199.70374
v 654.96582 62.21388 223.63101
v 655.94208 187.79144 222.81247
v 574.71191 313.12262 200.42433
v 655.94208 187.79144 222.81247
v 654.57117 313.54083 223.54108
v 650.91656 438.49637 225.56857
v 654.57117 313.54083 223.54108
v 571.58344 437.54111 202.22565
v 741.76019 187.35889 327.65884
v 810.93652 62.95972 341.53214
v 810.82684 187.8557 333.42834
v 810.82684 187.8557 333.42834
v 937.25623 62.20544 348.85339
v 937.14166 187.28192 332.05908
v 740.41241 313.87415 328.37607
v 810.82684 187.8557 333.42834
v 810.69513 313.28793 336.55182
v 822.60785 445.79248 352.95142
v 810.69513 313.28793 336.55182
v 736.49451 438.88007 330.86429
v 810.69513 313.28793 336.55182
v 937.14166 187.28192 332.05908
v 937.1178 312.85727 336.90524
v 933.466 446.03864 360.40686
v 937.1178 312.85727 336.90524
v 822.60785 445.79248 352.95142
v 438.78375 561.63025 178.35037
v 507.01028 424.93994 162.55295
v 504.56366 562.53955 178.56296
v 481.43329 640.76276 184.98647
v 504.56366 562.53955 178.56296
v 501.21237 640.72449 185.10564
v 645.60291 562.65411 228.14384
v 650.91656 438.49637 225.56857
v 567.25623 561.40356 204.62555
v 639.78595 686.62976 230.81741
v 645.60291 562.65411 228.14384
v 551.03662 682.60992 205.60399
v 437.60687 812.38983 213.75133
v 551.03662 682.60992 205.60399
v 562.62537 811.27917 219.06808
v 437.69122 937.50104 223.36418
v 562.62537 811.27917 219.06808
v 562.34625 937.18762 225.15494
v 634.7337 811.16644 233.33092
v 639.78595 686.62976 230.81741
v 562.62537 811.27917 219.06808
v 631.88055 936.99915 235.00157
v 634.7337 811.16644 233.33092
v 562.34625 937.18762 225.15494
v 807.43896 562.58008 356.7612
v 822.60785 445.79248 352.95142
v 730.71887 562.69556 333.77353
v 802.28491 686.55133 360.19794
v 807.43896 562.58008 356.7612
v 724.75183 686.40021 336.72366
v 797.87384 810.76526 363.45508
v 802.28491 686.55133 360.19794
v 719.92645 810.65784 339.7319
v 795.17206 936.50568 366.38065
v 797.87384 810.76526 363.45508
v 717.17511 936.63995 342.1853
v 933.60333 558.19666 385.83026
v 889.35016 492.90237 376.36633
v 870.35297 562.61292 384.33325
v 941.51569 687.5329 412.9826
v 933.60333 558.19666 385.83026
v 864.72662 687.1142 400.90228
v 941.7002 811.78589 434.68295
v 902.25684 729.37958 426.75104
v 869.82898 811.65503 434.81088
v 938.13306 937.40527 447.69232
v 941.7002 811.78589 434.68295
v 867.2829 937.11877 442.23962
v 318.66461 1443.03113 179.31155
v 437.48572 1339.40674 180.13451
v 445.98495 1446.57361 157.25778
v 62.604 1062.53052 257.38599
v 187.54652 937.48615 243.61557
v 196.97639 1066.19958 241.10788
v 62.60186 1187.56458 250.45647
v 196.97639 1066.19958 241.10788
v 156.01584 1187.54773 238.42404
v 58.21363 1303.05957 239.92281
v 156.01584 1187.54773 238.42404
v 129.71127 1255.10022 234.99557
v 58.21681 1435.93445 224.15355
v 177.92264 1303.15356 222.96953
v 193.85754 1443.12415 200.56004
v 196.97639 1066.19958 241.10788
v 263.37274 937.48511 236.618
v 263.97046 1026.9624 235.79121
v 218.50899 1187.57031 231.11743
v 308.44839 1066.2467 231.40216
v 312.63705 1187.64783 220.87569
v 308.44839 1066.2467 231.40216
v 437.69122 937.50104 223.36418
v 437.71652 1062.61475 221.7401
v 312.63705 1187.64783 220.87569
v 437.71652 1062.61475 221.7401
v 437.65985 1187.71838 207.74829
v 177.92264 1303.15356 222.96953
v 312.63705 1187.64783 220.87569
v 318.81009 1319.60449 200.87849
v 193.85754 1443.12415 200.56004
v 318.81009 1319.60449 200.87849
v 281.20718 1405.15991 192.05716
v 318.81009 1319.60449 200.87849
v 437.65985 1187.71838 207.74829
v 437.45883 1276.86353 192.08095
v 166.8922 1667.21265 174.41667
v 194.11571 1574.88818 180.96646
v 107.74147 1688.30994 183.60301
v 198.29004 1821.05188 152.86566
v 166.8922 1667.21265 174.41667
v 77.79886 1812.45142 177.60423
v 176.78625 1937.46875 149.93204
v 198.29004 1821.05188 152.86566
v 50.9311 1928.76843 175.0424
v 194.11571 1574.88818 180.96646
v 318.66461 1443.03113 179.31155
v 323.40112 1573.11694 156.81686
v 166.8922 1667.21265 174.41667
v 323.40112 1573.11694 156.81686
v 289.50079 1687.38562 147.50568
v 323.40112 1573.11694 156.81686
v 445.98495 1446.57361 157.25778
v 409.87692 1538.54187 146.1179
v 351.97186 1687.36768 134.96838
v 445.77512 1572.93652 133.10173
v 437.22961 1687.34082 117.98464
v 198.29004 1821.05188 152.86566
v 289.50079 1687.38562 147.50568
v 263.65808 1785.15942 142.86551
v 312.28732 1937.47205 123.74316
v 308.06299 1821.03406 130.81256
v 239.27979 1937.46802 137.79417
v 447.60336 1818.67297 103.77903
v 437.22961 1687.34082 117.98464
v 308.06299 1821.03406 130.81256
v 430.0383 1937.47754 102.1217
v 447.60336 1818.67297 103.77903
v 312.28732 1937.47205 123.74316
v 62.47602 1562.48291 207.33449
v 193.85754 1443.12415 200.56004
v 148.95206 1562.42017 191.20741
v 61.18282 1675.65112 194.0791
v 148.95206 1562.42017 191.20741
v 125.66586 1626.16785 187.63315
v 445.98495 1446.57361 157.25778
v 503.14948 1315.50354 182.12502
v 508.06348 1446.70532 163.61548
v 437.71652 1062.61475 221.7401
v 562.34625 937.18762 225.15494
v 562.37476 1063.40649 224.04143
v 437.65985 1187.71838 207.74829
v 562.37476 1063.40649 224.04143
v 549.77136 1201.62329 209.67708
v 632.65222 1063.73169 234.92455
v 631.88055 936.99915 235.00157
v 562.37476 1063.40649 224.04143
v 637.2356 1189.677 232.79837
v 632.65222 1063.73169 234.92455
v 549.77136 1201.62329 209.67708
v 437.45883 1276.86353 192.08095
v 549.77136 1201.62329 209.67708
v 545.15613 1297.26001 200.37874
v 644.17432 1313.66528 229.55844
v 637.2356 1189.677 232.79837
v 545.15613 1297.26001 200.37874
v 651.586 1436.85889 226.21848
v 644.17432 1313.66528 229.55844
v 572.36096 1438.10706 202.87624
v 795.81042 1064.51355 366.38837
v 795.17206 936.50568 366.38065
v 717.87366 1064.31482 342.10815
v 800.21063 1190.63293 362.74573
v 795.81042 1064.51355 366.38837
v 722.39197 1190.43005 339.05545
v 806.58112 1314.0575 358.22821
v 800.21063 1190.63293 362.74573
v 729.3595 1313.80029 335.14017
v 822.84656 1430.06409 351.81332
v 806.58112 1314.0575 358.22821
v 737.08789 1436.28467 331.38983
v 445.77512 1572.93652 133.10173
v 500.59195 1494.36182 139.43976
v 503.69962 1561.84741 132.31738
v 508.28177 1686.85767 122.49556
v 503.69962 1561.84741 132.31738
v 437.22961 1687.34082 117.98464
v 500.40292 1937.44226 92.41116
v 500.3114 1864.64807 93.58994
v 492.57202 1937.46069 92.44348
v 509.12109 1818.48828 112.32442
v 508.28177 1686.85767 122.49556
v 447.60336 1818.67297 103.77903
v 657.93207 1560.74719 223.20074
v 651.586 1436.85889 226.21848
v 577.93689 1561.54028 200.07251
v 662.22589 1685.86218 221.08379
v 657.93207 1560.74719 223.20074
v 582.18335 1686.15601 198.07901
v 664.16718 1811.57019 220.37505
v 662.22589 1685.86218 221.08379
v 584.77545 1811.57629 197.27406
v 663.93793 1937.06763 220.84006
v 664.16718 1811.57019 220.37505
v 585.59894 1937.00903 197.53058
v 812.33624 1564.69006 330.41522
v 822.84656 1430.06409 351.81332
v 743.76794 1560.07874 328.02017
v 766.47607 1681.68738 326.10934
v 812.33624 1564.69006 330.41522
v 748.46393 1694.24475 326.05936
v 937.24011 1526.02783 331.36078
v 938.19495 1429.76514 357.28601
v 812.33624 1564.69006 330.41522
v 937.11627 1687.06677 302.88217
v 937.31219 1588.60315 317.58823
v 813.17889 1695.63904 318.25253
v 812.0498 1812.53821 314.4389
v 813.17889 1695.63904 318.25253
v 742.44574 1811.90417 309.12082
v 749.72168 1812.47876 326.02582
v 766.47607 1681.68738 326.10934
v 750.17926 1812.46069 325.78094
v 818.52313 1931.45227 321.26941
v 812.0498 1812.53821 314.4389
v 742.05627 1922.30847 310.85654
v 773.42877 1945.62402 326.25336
v 749.72168 1812.47876 326.02582
v 749.7395 1931.72302 327.20026
v 937.22491 1812.58289 302.52115
v 937.11627 1687.06677 302.88217
v 812.0498 1812.53821 314.4389
v 937.37073 1937.69275 315.17139
v 937.22491 1812.58289 302.52115
v 818.52313 1931.45227 321.26941
v 938.22046 1062.82178 445.69846
v 938.13306 937.40527 447.69232
v 867.92908 1063.54309 441.22845
v 937.91443 1159.97485 432.06973
v 938.22046 1062.82178 445.69846
v 872.19043 1187.68555 430.52377
v 938.49854 1319.99084 391.72537
v 937.92523 1221.97522 418.63358
v 870.06079 1300.46741 395.76752
v 897.21796 1383.68335 377.40958
v 938.49854 1319.99084 391.72537
v 873.76154 1383.74316 377.61551
v 937.14166 187.28192 332.05908
v 1062.53955 62.23698 345.77457
v 1062.40979 187.26764 328.56845
v 1062.40979 187.26764 328.56845
v 1187.56091 62.24987 347.94107
v 1187.62231 187.34845 334.32309
v 937.1178 312.85727 336.90524
v 1062.40979 187.26764 328.56845
v 1062.43347 312.78024 331.95474
v 1062.44629 437.83621 350.134
v 1062.43347 312.78024 331.95474
v 933.466 446.03864 360.40686
v 1062.43347 312.78024 331.95474
v 1187.62231 187.34845 334.32309
v 1187.57092 312.66711 335.31274
v 1187.48621 437.7016 347.8949
v 1187.57092 312.66711 335.31274
v 1062.44629 437.83621 350.134
v 1187.62231 187.34845 334.32309
v 1312.56079 62.3175 352.75458
v 1312.60681 187.40947 341.66809
v 1312.60681 187.40947 341.66809
v 1437.56506 62.36501 358.56357
v 1437.58875 187.43259 348.77301
v 1187.57092 312.66711 335.31274
v 1312.60681 187.40947 341.66809
v 1312.57117 312.5784 340.75516
v 1312.51086 437.62402 348.73398
v 1312.57117 312.5784 340.75516
v 1187.48621 437.7016 347.8949
v 1312.57117 312.5784 340.75516
v 1437.58875 187.43259 348.77301
v 1437.57129 312.53421 346.56158
v 1437.53357 437.58606 351.40274
v 1437.57129 312.53421 346.56158
v 1312.51086 437.62402 348.73398
v 1062.49243 534.50378 368.47369
v 1062.44629 437.83621 350.134
v 972.68127 513.60046 372.00055
v 1189.85791 569.4577 366.82019
v 1187.48621 437.7016 347.8949
v 1062.49243 534.50378 368.47369
v 1312.48962 562.58423 361.957
v 1312.51086 437.62402 348.73398
v 1189.85791 569.4577 366.82019
v 1312.48743 648.58875 372.04138
v 1312.48962 562.58423 361.957
v 1233.09106 633.79486 373.88663
v 1437.50732 562.57861 361.15042
v 1437.53357 437.58606 351.40274
v 1312.48962 562.58423 361.957
v 1437.50098 666.18201 370.89301
v 1437.50732 562.57861 361.15042
v 1312.48743 648.58875 372.04138
v 1437.58875 187.43259 348.77301
v 1572.71301 51.31465 366.93851
v 1562.59033 187.44048 356.24408
v 1562.59033 187.44048 356.24408
v 1687.56531 91.62792 371.06363
v 1687.60095 187.44627 364.95282
v 1437.57129 312.53421 346.56158
v 1562.59033 187.44048 356.24408
v 1562.58386 312.51181 353.23611
v 1562.55969 437.56265 356.00458
v 1562.58386 312.51181 353.23611
v 1437.53357 437.58606 351.40274
v 1562.58386 312.51181 353.23611
v 1687.60095 187.44627 364.95282
v 1687.60254 312.5004 361.63126
v 1687.59009 437.54855 363.1619
v 1687.60254 312.5004 361.63126
v 1562.55969 437.56265 356.00458
v 1687.60095 187.44627 364.95282
v 1754.5791 119.97585 374.58441
v 1771.94885 187.45961 371.98584
v 1687.60254 312.5004 361.63126
v 1771.94885 187.45961 371.98584
v 1789.51111 312.49658 370.34055
v 1783.91528 437.52173 371.04199
v 1789.51111 312.49658 370.34055
v 1687.59009 437.54855 363.1619
v 1562.52979 562.57288 363.17053
v 1562.55969 437.56265 356.00458
v 1437.50732 562.57861 361.15042
v 1562.51123 670.32629 370.93597
v 1562.52979 562.57288 363.17053
v 1437.50098 666.18201 370.89301
v 1694.52478 568.95813 369.53342
v 1687.59009 437.54855 363.1619
v 1562.52979 562.57288 363.17053
v 1657.48083 653.1261 372.76068
v 1694.52478 568.95813 369.53342
v 1562.51123 670.32629 370.93597
v 1767.15625 531.52643 373.15863
v 1783.91528 437.52173 371.04199
v 1694.52478 568.95813 369.53342
v 1062.50391 687.48358 396.07416
v 1062.46191 596.9693 380.17636
v 941.51569 687.5329 412.9826
v 1189.82935 680.27692 382.65079
v 1149.74036 615.70068 376.38361
v 1062.50391 687.48358 396.07416
v 1059.24646 812.07947 413.23871
v 1062.50391 687.48358 396.07416
v 985.56775 770.06348 419.95645
v 1027.99573 937.44513 428.22122
v 1015.29175 853.47998 424.84064
v 938.13306 937.40527 447.69232
v 1187.4978 812.49567 397.59167
v 1189.82935 680.27692 382.65079
v 1059.24646 812.07947 413.23871
v 1187.42346 937.49103 404.82153
v 1187.4978 812.49567 397.59167
v 1090.43396 937.4809 416.47507
v 1312.54724 812.47369 389.96027
v 1312.495 711.05579 379.28049
v 1187.4978 812.49567 397.59167
v 1312.62756 937.52118 398.69464
v 1312.54724 812.47369 389.96027
v 1187.42346 937.49103 404.82153
v 1437.53015 812.48816 383.91776
v 1437.49524 728.67505 376.68176
v 1312.54724 812.47369 389.96027
v 1437.58472 937.48181 390.60867
v 1437.53015 812.48816 383.91776
v 1312.62756 937.52118 398.69464
v 1834.45752 187.45282 377.5986
v 1937.59387 62.44047 394.43185
v 1937.60767 187.46545 387.77243
v 1852.00757 312.49622 376.30212
v 1937.60767 187.46545 387.77243
v 1937.61023 312.49655 384.98297
v 1937.59644 437.52139 385.99475
v 1937.61023 312.49655 384.98297
v 1846.41736 437.52054 376.82874
v 1562.50183 812.51062 380.31009
v 1562.5105 732.83313 375.29477
v 1437.53015 812.48816 383.91776
v 1562.52576 937.48779 384.21255
v 1562.50183 812.51062 380.31009
v 1437.58472 937.48181 390.60867
v 1687.51721 812.5155 382.29437
v 1694.4895 691.91309 376.53961
v 1562.50183 812.51062 380.31009
v 1687.50635 937.50049 385.00858
v 1687.51721 812.5155 382.29437
v 1562.52576 937.48779 384.21255
v 1801.02795 676.02222 397.50647
v 1810.35229 568.94757 378.14761
v 1694.4895 691.91309 376.53961
v 1937.56592 562.52728 390.10486
v 1937.59644 437.52139 385.99475
v 1810.35229 568.94757 378.14761
v 1937.52307 687.51355 395.8989
v 1937.56592 562.52728 390.10486
v 1801.02795 676.02222 397.50647
v 1812.50464 812.50891 390.13022
v 1801.02795 676.02222 397.50647
v 1687.51721 812.5155 382.29437
v 1812.47351 937.50653 392.88187
v 1812.50464 812.50891 390.13022
v 1687.50635 937.50049 385.00858
v 1937.4729 812.49933 401.36456
v 1937.52307 687.51355 395.8989
v 1812.50464 812.50891 390.13022
v 1937.42883 937.50952 404.08136
v 1937.4729 812.49933 401.36456
v 1812.47351 937.50653 392.88187
v 1062.42322 1436.99731 346.04315
v 1062.4668 1351.23999 369.03629
v 938.19495 1429.76514 357.28601
v 1187.50623 1437.31165 343.93021
v 1187.4812 1331.66089 366.54868
v 1062.42322 1436.99731 346.04315
v 1312.51001 1437.41431 344.28546
v 1317.54297 1304.21472 367.29041
v 1187.50623 1437.31165 343.93021
v 1437.51001 1312.50378 363.0972
v 1437.50391 1232.63391 373.18994
v 1317.54297 1304.21472 367.29041
v 1437.5127 1437.41333 345.62823
v 1437.51001 1312.50378 363.0972
v 1312.51001 1437.41431 344.28546
v 1062.45251 1509.01794 328.55563
v 1062.42322 1436.99731 346.04315
v 937.24011 1526.02783 331.36078
v 1062.45007 1687.14465 298.68674
v 1062.47058 1571.35083 314.6337
v 937.11627 1687.06677 302.88217
v 1187.50562 1510.49487 329.15195
v 1187.50623 1437.31165 343.93021
v 1062.45251 1509.01794 328.55563
v 1187.66333 1687.30542 304.49014
v 1187.56873 1572.80225 317.58606
v 1062.45007 1687.14465 298.68674
v 1062.51062 1812.59912 300.19327
v 1062.45007 1687.14465 298.68674
v 937.22491 1812.58289 302.52115
v 1062.51721 1937.66089 314.66489
v 1062.51062 1812.59912 300.19327
v 937.37073 1937.69275 315.17139
v 1187.63892 1812.60718 305.54776
v 1187.66333 1687.30542 304.49014
v 1062.51062 1812.59912 300.19327
v 1196.33606 1949.09558 319.97336
v 1187.63892 1812.60718 305.54776
v 1062.51721 1937.66089 314.66489
v 1312.52368 1525.02954 330.57443
v 1312.51001 1437.41431 344.28546
v 1187.50562 1510.49487 329.15195
v 1312.64819 1687.39673 313.42062
v 1312.54602 1587.47131 322.2359
v 1187.66333 1687.30542 304.49014
v 1445.48315 1563.94421 330.88876
v 1437.5127 1437.41333 345.62823
v 1312.52368 1525.02954 330.57443
v 1445.51038 1684.26917 322.90131
v 1409.05347 1606.75537 325.73041
v 1312.64819 1687.39673 313.42062
v 1312.62244 1812.578 313.81107
v 1312.64819 1687.39673 313.42062
v 1187.63892 1812.60718 305.54776
v 1312.54077 1921.73413 322.39001
v 1312.62244 1812.578 313.81107
v 1196.33606 1949.09558 319.97336
v 1445.08728 1815.01819 323.04398
v 1445.51038 1684.26917 322.90131
v 1312.62244 1812.578 313.81107
v 1408.36523 1897.19714 325.70175
v 1445.08728 1815.01819 323.04398
v 1312.54077 1921.73413 322.39001
v 1562.50623 1312.45593 362.38388
v 1562.49646 1217.97156 371.63907
v 1437.51001 1312.50378 363.0972
v 1562.52808 1437.40613 348.49414
v 1562.50623 1312.45593 362.38388
v 1437.5127 1437.41333 345.62823
v 1687.53149 1312.44629 365.73679
v 1687.52771 1230.84595 372.63058
v 1562.50623 1312.45593 362.38388
v 1687.5614 1437.41345 354.08691
v 1687.53149 1312.44629 365.73679
v 1562.52808 1437.40613 348.49414
v 1800.90002 1322.28918 371.88104
v 1751.401 1248.47766 374.89728
v 1687.53149 1312.44629 365.73679
v 1812.57556 1437.43506 363.12357
v 1800.90002 1322.28918 371.88104
v 1687.5614 1437.41345 354.08691
v 1902.7323 1437.46326 371.52594
v 1878.63269 1370.5625 374.63644
v 1812.57556 1437.43506 363.12357
v 1562.56824 1562.39978 336.78656
v 1562.52808 1437.40613 348.49414
v 1445.48315 1563.94421 330.88876
v 1556.53674 1684.29736 330.26636
v 1562.56824 1562.39978 336.78656
v 1492.37158 1640.51111 328.39734
v 1687.59119 1562.41699 344.49176
v 1687.5614 1437.41345 354.08691
v 1562.56824 1562.39978 336.78656
v 1687.6051 1687.47083 339.3941
v 1687.59119 1562.41699 344.49176
v 1556.53674 1684.29736 330.26636
v 1510.77795 1774.96704 326.96768
v 1510.78296 1723.8634 326.89301
v 1445.08728 1815.01819 323.04398
v 1562.56262 1937.57031 337.09076
v 1556.52954 1814.99902 330.52225
v 1445.06885 1938.37329 330.62262
v 1687.5968 1812.52856 339.67584
v 1687.6051 1687.47083 339.3941
v 1556.52954 1814.99902 330.52225
v 1687.57263 1937.56067 345.04584
v 1687.5968 1812.52856 339.67584
v 1562.56262 1937.57031 337.09076
v 1812.60364 1562.44104 354.6395
v 1812.57556 1437.43506 363.12357
v 1687.59119 1562.41699 344.49176
v 1812.61353 1687.47827 350.02997
v 1812.60364 1562.44104 354.6395
v 1687.6051 1687.47083 339.3941
v 1945.04065 1560.55969 368.01013
v 1902.7323 1437.46326 371.52594
v 1812.60364 1562.44104 354.6395
v 1937.61133 1687.4823 362.49246
v 1945.04065 1560.55969 368.01013
v 1812.61353 1687.47827 350.02997
v 1812.60376 1812.52173 350.02231
v 1812.61353 1687.47827 350.02997
v 1687.5968 1812.52856 339.67584
v 1812.58154 1937.5498 354.39185
v 1812.60376 1812.52173 350.02231
v 1687.57263 1937.56067 345.04584
v 1937.60352 1812.51465 361.97485
v 1937.61133 1687.4823 362.49246
v 1812.60376 1812.52173 350.02231
v 1937.58484 1937.53809 365.29849
v 1937.60352 1812.51465 361.97485
v 1812.58154 1937.5498 354.39185
v 1022.01831 1062.70886 427.94824
v 1027.99573 937.44513 428.22122
v 938.22046 1062.82178 445.69846
v 1007.04913 1131.01294 423.04321
v 1022.01831 1062.70886 427.94824
v 937.91443 1159.97485 432.06973
v 1187.47461 1062.55627 403.61105
v 1187.42346 937.49103 404.82153
v 1084.38196 1062.59473 416.04193
v 1187.55457 1187.63049 392.08786
v 1187.47461 1062.55627 403.61105
v 1054.3429 1178.89343 408.32809
v 1062.49866 1288.9165 384.76807
v 1054.3429 1178.89343 408.32809
v 938.49854 1319.99084 391.72537
v 1187.46191 1269.09229 378.52081
v 1187.55457 1187.63049 392.08786
v 1062.49866 1288.9165 384.76807
v 1312.63892 1062.5603 397.37378
v 1312.62756 937.52118 398.69464
v 1187.47461 1062.55627 403.61105
v 1317.60144 1197.43237 383.4696
v 1312.63892 1062.5603 397.37378
v 1187.55457 1187.63049 392.08786
v 1437.59143 1062.56689 389.09213
v 1437.58472 937.48181 390.60867
v 1312.63892 1062.5603 397.37378
v 1437.5304 1170.2074 380.32919
v 1437.59143 1062.56689 389.09213
v 1317.60144 1197.43237 383.4696
v 1279.20667 1256.88062 376.17239
v 1317.60144 1197.43237 383.4696
v 1187.46191 1269.09229 378.52081
v 1562.52991 1062.51672 382.46487
v 1562.52576 937.48779 384.21255
v 1437.59143 1062.56689 389.09213
v 1562.50244 1155.46887 376.78302
v 1562.52991 1062.51672 382.46487
v 1437.5304 1170.2074 380.32919
v 1687.50757 1062.49683 383.04181
v 1687.50635 937.50049 385.00858
v 1562.52991 1062.51672 382.46487
v 1699.97266 1184.6886 376.70197
v 1687.50757 1062.49683 383.04181
v 1562.50244 1155.46887 376.78302
v 1812.47449 1062.5105 390.73242
v 1812.47351 937.50653 392.88187
v 1687.50757 1062.49683 383.04181
v 1792.38196 1207.5553 380.78613
v 1812.47449 1062.5105 390.73242
v 1699.97266 1184.6886 376.70197
v 1937.43091 1062.52576 401.81198
v 1937.42883 937.50952 404.08136
v 1812.47449 1062.5105 390.73242
v 1937.47827 1187.51672 394.617
v 1937.43091 1062.52576 401.81198
v 1792.38196 1207.5553 380.78613
v 1813.59802 1277.87024 376.5589
v 1792.38196 1207.5553 380.78613
v 1750.00378 1250.00378 374.68686
v 1927.20398 1322.32129 383.06479
v 1937.47827 1187.51672 394.617
v 1813.59802 1277.87024 376.5589
v 312.28094 62.47485 163.63329
v 223.19946 187.53098 181.45174
v 220.14198 62.49338 180.96381
v 312.27316 187.53294 164.23627
v 238.87367 311.70605 184.58034
v 223.19946 187.53098 181.45174
v 291.71524 332.79721 176.1617
v 250.0038 375.00381 187.73975
v 238.87367 311.70605 184.58034
v 411.34457 62.46483 145.63164
v 312.27316 187.53294 164.23627
v 312.28094 62.47485 163.63329
v 409.7182 187.54161 145.74303
v 291.71524 332.79721 176.1617
v 312.27316 187.53294 164.23627
v 502.0849 62.33602 134.778
v 472.20023 187.54102 134.12387
v 473.84067 62.46158 134.68275
v 502.25104 187.63542 134.07906
v 484.28165 283.82883 136.9299
v 472.20023 187.54102 134.12387
v 440.41412 320.33118 147.52574
v 315.43341 425.13412 180.38536
v 291.71524 332.79721 176.1617
v 437.33948 437.62567 160.8264
v 358.90524 519.26959 184.74229
v 315.43341 425.13412 180.38536
v 509.16962 330.76089 155.32727
v 437.33948 437.62567 160.8264
v 440.41412 320.33118 147.52574
v 507.01028 424.93994 162.55295
v 438.78375 561.63025 178.35037
v 437.33948 437.62567 160.8264
v 157.65709 62.49662 192.84369
v 62.37294 187.5211 212.68102
v 62.36397 62.49782 211.06874
v 160.71959 187.5278 193.58105
v 62.40198 312.53476 218.09378
v 62.37294 187.5211 212.68102
v 191.06355 324.36646 194.43686
v 59.14639 427.33344 226.32159
v 62.40198 312.53476 218.09378
v 187.41629 437.55228 204.39598
v 101.96513 562.51825 230.33119
v 59.14639 427.33344 226.32159
v 250.43213 373.86505 187.58223
v 187.41629 437.55228 204.39598
v 191.06355 324.36646 194.43686
v 269.37292 437.59048 189.87869
v 187.48088 562.52148 216.73047
v 187.41629 437.55228 204.39598
v 504.56366 562.53955 178.56296
v 481.43329 640.76276 184.98647
v 438.78375 561.63025 178.35037
v 187.48088 562.52148 216.73047
v 120.62522 633.32098 233.70958
v 101.96513 562.51825 230.33119
v 146.45297 716.65302 237.13643
v 62.56919 812.47913 254.72322
v 72.41002 679.98077 244.79034
v 315.29797 561.60168 196.80963
v 187.85083 679.99445 228.30939
v 187.48088 562.52148 216.73047
v 312.53903 687.47083 212.8447
v 229.82365 786.82208 232.25697
v 187.85083 679.99445 228.30939
v 187.90564 822.08765 239.28355
v 62.59134 937.49933 258.6434
v 62.56919 812.47913 254.72322
v 187.54652 937.48615 243.61557
v 62.604 1062.53052 257.38599
v 62.59134 937.49933 258.6434
v 253.74979 870.18097 234.72107
v 187.54652 937.48615 243.61557
v 187.90564 822.08765 239.28355
v 263.37274 937.48511 236.618
v 196.97639 1066.19958 241.10788
v 187.54652 937.48615 243.61557
v 398.078 602.61273 190.37387
v 312.53903 687.47083 212.8447
v 315.29797 561.60168 196.80963
v 438.87283 684.45264 196.9861
v 302.34637 822.01001 227.39525
v 312.53903 687.47083 212.8447
v 551.03662 682.60992 205.60399
v 437.60687 812.38983 213.75133
v 438.87283 684.45264 196.9861
v 437.60687 812.38983 213.75133
v 325.86923 937.48169 231.75395
v 302.34637 822.01001 227.39525
v 437.69122 937.50104 223.36418
v 308.44839 1066.2467 231.40216
v 325.86923 937.48169 231.75395
v 562.62537 811.27917 219.06808
v 437.69122 937.50104 223.36418
v 437.60687 812.38983 213.75133
v 562.34625 937.18762 225.15494
v 437.71652 1062.61475 221.7401
v 437.69122 937.50104 223.36418
v 654.96582 62.21388 223.63101
v 576.1535 188.03285 199.70374
v 575.74921 62.84182 200.19896
v 655.94208 187.79144 222.81247
v 574.71191 313.12262 200.42433
v 576.1535 188.03285 199.70374
v 810.93652 62.95972 341.53214
v 741.76019 187.35889 327.65884
v 740.57007 61.57743 329.33051
v 810.82684 187.8557 333.42834
v 740.41241 313.87415 328.37607
v 741.76019 187.35889 327.65884
v 574.71191 313.12262 200.42433
v 571.58344 437.54111 202.22565
v 654.57117 313.54083 223.54108
v 571.58344 437.54111 202.22565
v 567.25623 561.40356 204.62555
v 650.91656 438.49637 225.56857
v 740.41241 313.87415 328.37607
v 736.49451 438.88007 330.86429
v 810.69513 313.28793 336.55182
v 736.49451 438.88007 330.86429
v 730.71887 562.69556 333.77353
v 822.60785 445.79248 352.95142
v 937.25623 62.20544 348.85339
v 810.82684 187.8557 333.42834
v 810.93652 62.95972 341.53214
v 937.14166 187.28192 332.05908
v 810.69513 313.28793 336.55182
v 810.82684 187.8557 333.42834
v 1062.53955 62.23698 345.77457
v 937.14166 187.28192 332.05908
v 937.25623 62.20544 348.85339
v 1062.40979 187.26764 328.56845
v 937.1178 312.85727 336.90524
v 937.14166 187.28192 332.05908
v 810.69513 313.28793 336.55182
v 822.60785 445.79248 352.95142
v 937.1178 312.85727 336.90524
v 937.1178 312.85727 336.90524
v 933.466 446.03864 360.40686
v 1062.43347 312.78024 331.95474
v 933.466 446.03864 360.40686
v 972.68127 513.60046 372.00055
v 1062.44629 437.83621 350.134
v 567.25623 561.40356 204.62555
v 551.03662 682.60992 205.60399
v 645.60291 562.65411 228.14384
v 551.03662 682.60992 205.60399
v 562.62537 811.27917 219.06808
v 639.78595 686.62976 230.81741
v 730.71887 562.69556 333.77353
v 724.75183 686.40021 336.72366
v 807.43896 562.58008 356.7612
v 724.75183 686.40021 336.72366
v 719.92645 810.65784 339.7319
v 802.28491 686.55133 360.19794
v 562.62537 811.27917 219.06808
v 562.34625 937.18762 225.15494
v 634.7337 811.16644 233.33092
v 562.34625 937.18762 225.15494
v 562.37476 1063.40649 224.04143
v 631.88055 936.99915 235.00157
v 719.92645 810.65784 339.7319
v 717.17511 936.63995 342.1853
v 797.87384 810.76526 363.45508
v 717.17511 936.63995 342.1853
v 717.87366 1064.31482 342.10815
v 795.17206 936.50568 366.38065
v 874.31665 492.8909 376.44849
v 870.35297 562.61292 384.33325
v 889.35016 492.90237 376.36633
v 870.35297 562.61292 384.33325
v 864.72662 687.1142 400.90228
v 933.60333 558.19666 385.83026
v 872.94855 729.35809 426.40317
v 869.82898 811.65503 434.81088
v 902.25684 729.37958 426.75104
v 933.60333 558.19666 385.83026
v 941.51569 687.5329 412.9826
v 1062.46191 596.9693 380.17636
v 941.51569 687.5329 412.9826
v 985.56775 770.06348 419.95645
v 1062.50391 687.48358 396.07416
v 869.82898 811.65503 434.81088
v 867.2829 937.11877 442.23962
v 941.7002 811.78589 434.68295
v 867.2829 937.11877 442.23962
v 867.92908 1063.54309 441.22845
v 938.13306 937.40527 447.69232
v 941.7002 811.78589 434.68295
v 938.13306 937.40527 447.69232
v 1015.29175 853.47998 424.84064
v 938.13306 937.40527 447.69232
v 938.22046 1062.82178 445.69846
v 1027.99573 937.44513 428.22122
v 318.66461 1443.03113 179.31155
v 194.11571 1574.88818 180.96646
v 239.74794 1488.53479 185.65715
v 437.48572 1339.40674 180.13451
v 318.66461 1443.03113 179.31155
v 364.58325 1365.91357 185.89731
v 445.98495 1446.57361 157.25778
v 323.40112 1573.11694 156.81686
v 318.66461 1443.03113 179.31155
v 503.14948 1315.50354 182.12502
v 445.98495 1446.57361 157.25778
v 437.48572 1339.40674 180.13451
v 500.59195 1494.36182 139.43976
v 445.77512 1572.93652 133.10173
v 493.36923 1494.36328 139.42776
v 196.97639 1066.19958 241.10788
v 62.60186 1187.56458 250.45647
v 62.604 1062.53052 257.38599
v 156.01584 1187.54773 238.42404
v 58.21363 1303.05957 239.92281
v 62.60186 1187.56458 250.45647
v 308.44839 1066.2467 231.40216
v 218.50899 1187.57031 231.11743
v 244.89294 1110.31604 233.95596
v 312.63705 1187.64783 220.87569
v 177.92264 1303.15356 222.96953
v 218.50899 1187.57031 231.11743
v 177.92264 1303.15356 222.96953
v 58.21681 1435.93445 224.15355
v 97.02197 1338.45239 230.15511
v 193.85754 1443.12415 200.56004
v 62.47602 1562.48291 207.33449
v 58.21681 1435.93445 224.15355
v 318.81009 1319.60449 200.87849
v 193.85754 1443.12415 200.56004
v 177.92264 1303.15356 222.96953
v 437.71652 1062.61475 221.7401
v 312.63705 1187.64783 220.87569
v 308.44839 1066.2467 231.40216
v 437.65985 1187.71838 207.74829
v 318.81009 1319.60449 200.87849
v 312.63705 1187.64783 220.87569
v 562.37476 1063.40649 224.04143
v 437.65985 1187.71838 207.74829
v 437.71652 1062.61475 221.7401
v 549.77136 1201.62329 209.67708
v 437.45883 1276.86353 192.08095
v 437.65985 1187.71838 207.74829
v 125.0038 1625.00378 187.89183
v 107.74147 1688.30994 183.60301
v 194.11571 1574.88818 180.96646
v 107.74147 1688.30994 183.60301
v 77.79886 1812.45142 177.60423
v 166.8922 1667.21265 174.41667
v 323.40112 1573.11694 156.81686
v 166.8922 1667.21265 174.41667
v 194.11571 1574.88818 180.96646
v 289.50079 1687.38562 147.50568
v 198.29004 1821.05188 152.86566
v 166.8922 1667.21265 174.41667
v 77.79886 1812.45142 177.60423
v 50.9311 1928.76843 175.0424
v 198.29004 1821.05188 152.86566
v 308.06299 1821.03406 130.81256
v 239.27979 1937.46802 137.79417
v 247.40271 1868.53625 140.10197
v 445.77512 1572.93652 133.10173
v 351.97186 1687.36768 134.96838
v 372.49414 1622.00903 140.13907
v 437.22961 1687.34082 117.98464
v 308.06299 1821.03406 130.81256
v 351.97186 1687.36768 134.96838
v 503.69962 1561.84741 132.31738
v 437.22961 1687.34082 117.98464
v 445.77512 1572.93652 133.10173
v 437.22961 1687.34082 117.98464
v 447.60336 1818.67297 103.77903
v 508.28177 1686.85767 122.49556
v 496.44455 1864.65613 93.59579
v 492.57202 1937.46069 92.44348
v 500.3114 1864.64807 93.58994
v 308.06299 1821.03406 130.81256
v 312.28732 1937.47205 123.74316
v 447.60336 1818.67297 103.77903
v 148.95206 1562.42017 191.20741
v 61.18282 1675.65112 194.0791
v 62.47602 1562.48291 207.33449
v 562.37476 1063.40649 224.04143
v 549.77136 1201.62329 209.67708
v 632.65222 1063.73169 234.92455
v 549.77136 1201.62329 209.67708
v 545.15613 1297.26001 200.37874
v 637.2356 1189.677 232.79837
v 717.87366 1064.31482 342.10815
v 722.39197 1190.43005 339.05545
v 795.81042 1064.51355 366.38837
v 722.39197 1190.43005 339.05545
v 729.3595 1313.80029 335.14017
v 800.21063 1190.63293 362.74573
v 545.15613 1297.26001 200.37874
v 572.36096 1438.10706 202.87624
v 644.17432 1313.66528 229.55844
v 572.36096 1438.10706 202.87624
v 577.93689 1561.54028 200.07251
v 651.586 1436.85889 226.21848
v 729.3595 1313.80029 335.14017
v 737.08789 1436.28467 331.38983
v 806.58112 1314.0575 358.22821
v 737.08789 1436.28467 331.38983
v 743.76794 1560.07874 328.02017
v 822.84656 1430.06409 351.81332
v 822.84656 1430.06409 351.81332
v 812.33624 1564.69006 330.41522
v 938.19495 1429.76514 357.28601
v 980.58002 1366.47534 372.56714
v 938.19495 1429.76514 357.28601
v 1062.4668 1351.23999 369.03629
v 938.19495 1429.76514 357.28601
v 937.24011 1526.02783 331.36078
v 1062.42322 1436.99731 346.04315
v 577.93689 1561.54028 200.07251
v 582.18335 1686.15601 198.07901
v 657.93207 1560.74719 223.20074
v 582.18335 1686.15601 198.07901
v 584.77545 1811.57629 197.27406
v 662.22589 1685.86218 221.08379
v 743.76794 1560.07874 328.02017
v 748.46393 1694.24475 326.05936
v 812.33624 1564.69006 330.41522
v 739.75281 1701.2124 309.66443
v 742.44574 1811.90417 309.12082
v 813.17889 1695.63904 318.25253
v 748.46393 1694.24475 326.05936
v 750.17926 1812.46069 325.78094
v 766.47607 1681.68738 326.10934
v 584.77545 1811.57629 197.27406
v 585.59894 1937.00903 197.53058
v 664.16718 1811.57019 220.37505
v 742.44574 1811.90417 309.12082
v 742.05627 1922.30847 310.85654
v 812.0498 1812.53821 314.4389
v 750.17926 1812.46069 325.78094
v 749.7395 1931.72302 327.20026
v 749.72168 1812.47876 326.02582
v 855.93262 1610.43311 324.50748
v 813.17889 1695.63904 318.25253
v 937.31219 1588.60315 317.58823
v 813.17889 1695.63904 318.25253
v 812.0498 1812.53821 314.4389
v 937.11627 1687.06677 302.88217
v 937.31219 1588.60315 317.58823
v 937.11627 1687.06677 302.88217
v 1062.47058 1571.35083 314.6337
v 937.11627 1687.06677 302.88217
v 937.22491 1812.58289 302.52115
v 1062.45007 1687.14465 298.68674
v 812.0498 1812.53821 314.4389
v 818.52313 1931.45227 321.26941
v 937.22491 1812.58289 302.52115
v 937.22491 1812.58289 302.52115
v 937.37073 1937.69275 315.17139
v 1062.51062 1812.59912 300.19327
v 867.92908 1063.54309 441.22845
v 872.19043 1187.68555 430.52377
v 938.22046 1062.82178 445.69846
v 863.64752 1211.76099 407.03549
v 870.06079 1300.46741 395.76752
v 937.92523 1221.97522 418.63358
v 938.22046 1062.82178 445.69846
v 937.91443 1159.97485 432.06973
v 1022.01831 1062.70886 427.94824
v 937.92523 1221.97522 418.63358
v 938.49854 1319.99084 391.72537
v 1054.3429 1178.89343 408.32809
v 870.06079 1300.46741 395.76752
v 873.76154 1383.74316 377.61551
v 938.49854 1319.99084 391.72537
v 1187.56091 62.24987 347.94107
v 1062.40979 187.26764 328.56845
v 1062.53955 62.23698 345.77457
v 1187.62231 187.34845 334.32309
v 1062.43347 312.78024 331.95474
v 1062.40979 187.26764 328.56845
v 1312.56079 62.3175 352.75458
v 1187.62231 187.34845 334.32309
v 1187.56091 62.24987 347.94107
v 1312.60681 187.40947 341.66809
v 1187.57092 312.66711 335.31274
v 1187.62231 187.34845 334.32309
v 1062.43347 312.78024 331.95474
v 1062.44629 437.83621 350.134
v 1187.57092 312.66711 335.31274
v 1062.44629 437.83621 350.134
v 1062.49243 534.50378 368.47369
v 1187.48621 437.7016 347.8949
v 1187.57092 312.66711 335.31274
v 1187.48621 437.7016 347.8949
v 1312.57117 312.5784 340.75516
v 1187.48621 437.7016 347.8949
v 1189.85791 569.4577 366.82019
v 1312.51086 437.62402 348.73398
v 1437.56506 62.36501 358.56357
v 1312.60681 187.40947 341.66809
v 1312.56079 62.3175 352.75458
v 1437.58875 187.43259 348.77301
v 1312.57117 312.5784 340.75516
v 1312.60681 187.40947 341.66809
v 1572.71301 51.31465 366.93851
v 1437.58875 187.43259 348.77301
v 1437.56506 62.36501 358.56357
v 1562.59033 187.44048 356.24408
v 1437.57129 312.53421 346.56158
v 1437.58875 187.43259 348.77301
v 1312.57117 312.5784 340.75516
v 1312.51086 437.62402 348.73398
v 1437.57129 312.53421 346.56158
v 1312.51086 437.62402 348.73398
v 1312.48962 562.58423 361.957
v 1437.53357 437.58606 351.40274
v 1437.57129 312.53421 346.56158
v 1437.53357 437.58606 351.40274
v 1562.58386 312.51181 353.23611
v 1437.53357 437.58606 351.40274
v 1437.50732 562.57861 361.15042
v 1562.55969 437.56265 356.00458
v 1189.85791 569.4577 366.82019
v 1233.09106 633.79486 373.88663
v 1312.48962 562.58423 361.957
v 1312.48962 562.58423 361.957
v 1312.48743 648.58875 372.04138
v 1437.50732 562.57861 361.15042
v 1437.50732 562.57861 361.15042
v 1437.50098 666.18201 370.89301
v 1562.52979 562.57288 363.17053
v 1687.56531 91.62792 371.06363
v 1562.59033 187.44048 356.24408
v 1572.71301 51.31465 366.93851
v 1687.60095 187.44627 364.95282
v 1562.58386 312.51181 353.23611
v 1562.59033 187.44048 356.24408
v 1754.5791 119.97585 374.58441
v 1687.60095 187.44627 364.95282
v 1687.56531 91.62792 371.06363
v 1771.94885 187.45961 371.98584
v 1687.60254 312.5004 361.63126
v 1687.60095 187.44627 364.95282
v 1562.58386 312.51181 353.23611
v 1562.55969 437.56265 356.00458
v 1687.60254 312.5004 361.63126
v 1562.55969 437.56265 356.00458
v 1562.52979 562.57288 363.17053
v 1687.59009 437.54855 363.1619
v 1687.60254 312.5004 361.63126
v 1687.59009 437.54855 363.1619
v 1789.51111 312.49658 370.34055
v 1687.59009 437.54855 363.1619
v 1694.52478 568.95813 369.53342
v 1783.91528 437.52173 371.04199
v 1562.52979 562.57288 363.17053
v 1562.51123 670.32629 370.93597
v 1694.52478 568.95813 369.53342
v 1062.46191 596.9693 380.17636
v 1062.50391 687.48358 396.07416
v 1149.74036 615.70068 376.38361
v 1062.50391 687.48358 396.07416
v 1059.24646 812.07947 413.23871
v 1189.82935 680.27692 382.65079
v 1189.82935 680.27692 382.65079
v 1187.4978 812.49567 397.59167
v 1312.495 711.05579 379.28049
v 1059.24646 812.07947 413.23871
v 1090.43396 937.4809 416.47507
v 1187.4978 812.49567 397.59167
v 1090.43396 937.4809 416.47507
v 1084.38196 1062.59473 416.04193
v 1187.42346 937.49103 404.82153
v 1187.4978 812.49567 397.59167
v 1187.42346 937.49103 404.82153
v 1312.54724 812.47369 389.96027
v 1187.42346 937.49103 404.82153
v 1187.47461 1062.55627 403.61105
v 1312.62756 937.52118 398.69464
v 1312.495 711.05579 379.28049
v 1312.54724 812.47369 389.96027
v 1437.49524 728.67505 376.68176
v 1437.49524 728.67505 376.68176
v 1437.53015 812.48816 383.91776
v 1562.5105 732.83313 375.29477
v 1312.54724 812.47369 389.96027
v 1312.62756 937.52118 398.69464
v 1437.53015 812.48816 383.91776
v 1312.62756 937.52118 398.69464
v 1312.63892 1062.5603 397.37378
v 1437.58472 937.48181 390.60867
v 1437.53015 812.48816 383.91776
v 1437.58472 937.48181 390.60867
v 1562.50183 812.51062 380.31009
v 1437.58472 937.48181 390.60867
v 1437.59143 1062.56689 389.09213
v 1562.52576 937.48779 384.21255
v 1937.59387 62.44047 394.43185
v 1834.45752 187.45282 377.5986
v 1802.828 71.9074 381.54044
v 1937.60767 187.46545 387.77243
v 1852.00757 312.49622 376.30212
v 1834.45752 187.45282 377.5986
v 1852.00757 312.49622 376.30212
v 1846.41736 437.52054 376.82874
v 1937.61023 312.49655 384.98297
v 1846.41736 437.52054 376.82874
v 1810.35229 568.94757 378.14761
v 1937.59644 437.52139 385.99475
v 1562.5105 732.83313 375.29477
v 1562.50183 812.51062 380.31009
v 1694.4895 691.91309 376.53961
v 1740.79712 614.84705 375.45392
v 1694.4895 691.91309 376.53961
v 1810.35229 568.94757 378.14761
v 1694.4895 691.91309 376.53961
v 1687.51721 812.5155 382.29437
v 1801.02795 676.02222 397.50647
v 1562.50183 812.51062 380.31009
v 1562.52576 937.48779 384.21255
v 1687.51721 812.5155 382.29437
v 1562.52576 937.48779 384.21255
v 1562.52991 1062.51672 382.46487
v 1687.50635 937.50049 385.00858
v 1687.51721 812.5155 382.29437
v 1687.50635 937.50049 385.00858
v 1812.50464 812.50891 390.13022
v 1687.50635 937.50049 385.00858
v 1687.50757 1062.49683 383.04181
v 1812.47351 937.50653 392.88187
v 1810.35229 568.94757 378.14761
v 1801.02795 676.02222 397.50647
v 1937.56592 562.52728 390.10486
v 1812.50464 812.50891 390.13022
v 1812.47351 937.50653 392.88187
v 1937.4729 812.49933 401.36456
v 1812.47351 937.50653 392.88187
v 1812.47449 1062.5105 390.73242
v 1937.42883 937.50952 404.08136
v 1062.4668 1351.23999 369.03629
v 1062.42322 1436.99731 346.04315
v 1187.4812 1331.66089 366.54868
v 1062.42322 1436.99731 346.04315
v 1062.45251 1509.01794 328.55563
v 1187.50623 1437.31165 343.93021
v 1187.4812 1331.66089 366.54868
v 1187.50623 1437.31165 343.93021
v 1317.54297 1304.21472 367.29041
v 1187.50623 1437.31165 343.93021
v 1187.50562 1510.49487 329.15195
v 1312.51001 1437.41431 344.28546
v 1362.54431 1245.56995 374.48505
v 1317.54297 1304.21472 367.29041
v 1437.50391 1232.63391 373.18994
v 1437.50391 1232.63391 373.18994
v 1437.51001 1312.50378 363.0972
v 1562.49646 1217.97156 371.63907
v 1317.54297 1304.21472 367.29041
v 1312.51001 1437.41431 344.28546
v 1437.51001 1312.50378 363.0972
v 1312.51001 1437.41431 344.28546
v 1312.52368 1525.02954 330.57443
v 1437.5127 1437.41333 345.62823
v 1437.51001 1312.50378 363.0972
v 1437.5127 1437.41333 345.62823
v 1562.50623 1312.45593 362.38388
v 1437.5127 1437.41333 345.62823
v 1445.48315 1563.94421 330.88876
v 1562.52808 1437.40613 348.49414
v 1062.47058 1571.35083 314.6337
v 1062.45007 1687.14465 298.68674
v 1187.56873 1572.80225 317.58606
v 1062.45007 1687.14465 298.68674
v 1062.51062 1812.59912 300.19327
v 1187.66333 1687.30542 304.49014
v 1187.56873 1572.80225 317.58606
v 1187.66333 1687.30542 304.49014
v 1312.54602 1587.47131 322.2359
v 1187.66333 1687.30542 304.49014
v 1187.63892 1812.60718 305.54776
v 1312.64819 1687.39673 313.42062
v 1062.51062 1812.59912 300.19327
v 1062.51721 1937.66089 314.66489
v 1187.63892 1812.60718 305.54776
v 1187.63892 1812.60718 305.54776
v 1196.33606 1949.09558 319.97336
v 1312.62244 1812.578 313.81107
v 1312.54602 1587.47131 322.2359
v 1312.64819 1687.39673 313.42062
v 1409.05347 1606.75537 325.73041
v 1312.64819 1687.39673 313.42062
v 1312.62244 1812.578 313.81107
v 1445.51038 1684.26917 322.90131
v 1445.48315 1563.94421 330.88876
v 1492.37158 1640.51111 328.39734
v 1562.56824 1562.39978 336.78656
v 1445.51038 1684.26917 322.90131
v 1445.08728 1815.01819 323.04398
v 1510.78296 1723.8634 326.89301
v 1312.62244 1812.578 313.81107
v 1312.54077 1921.73413 322.39001
v 1445.08728 1815.01819 323.04398
v 1491.68408 1858.31726 328.45923
v 1445.06885 1938.37329 330.62262
v 1556.52954 1814.99902 330.52225
v 1562.49646 1217.97156 371.63907
v 1562.50623 1312.45593 362.38388
v 1687.52771 1230.84595 372.63058
v 1687.52771 1230.84595 372.63058
v 1687.53149 1312.44629 365.73679
v 1751.401 1248.47766 374.89728
v 1562.50623 1312.45593 362.38388
v 1562.52808 1437.40613 348.49414
v 1687.53149 1312.44629 365.73679
v 1562.52808 1437.40613 348.49414
v 1562.56824 1562.39978 336.78656
v 1687.5614 1437.41345 354.08691
v 1687.53149 1312.44629 365.73679
v 1687.5614 1437.41345 354.08691
v 1800.90002 1322.28918 371.88104
v 1687.5614 1437.41345 354.08691
v 1687.59119 1562.41699 344.49176
v 1812.57556 1437.43506 363.12357
v 1800.90002 1322.28918 371.88104
v 1812.57556 1437.43506 363.12357
v 1878.63269 1370.5625 374.63644
v 1812.57556 1437.43506 363.12357
v 1812.60364 1562.44104 354.6395
v 1902.7323 1437.46326 371.52594
v 1562.56824 1562.39978 336.78656
v 1556.53674 1684.29736 330.26636
v 1687.59119 1562.41699 344.49176
v 1556.53674 1684.29736 330.26636
v 1556.52954 1814.99902 330.52225
v 1687.6051 1687.47083 339.3941
v 1687.59119 1562.41699 344.49176
v 1687.6051 1687.47083 339.3941
v 1812.60364 1562.44104 354.6395
v 1687.6051 1687.47083 339.3941
v 1687.5968 1812.52856 339.67584
v 1812.61353 1687.47827 350.02997
v 1556.52954 1814.99902 330.52225
v 1562.56262 1937.57031 337.09076
v 1687.5968 1812.52856 339.67584
v 1687.5968 1812.52856 339.67584
v 1687.57263 1937.56067 345.04584
v 1812.60376 1812.52173 350.02231
v 1812.60364 1562.44104 354.6395
v 1812.61353 1687.47827 350.02997
v 1945.04065 1560.55969 368.01013
v 1812.61353 1687.47827 350.02997
v 1812.60376 1812.52173 350.02231
v 1937.61133 1687.4823 362.49246
v 1812.60376 1812.52173 350.02231
v 1812.58154 1937.5498 354.39185
v 1937.60352 1812.51465 361.97485
v 1084.38196 1062.59473 416.04193
v 1054.3429 1178.89343 408.32809
v 1187.47461 1062.55627 403.61105
v 1054.3429 1178.89343 408.32809
v 1062.49866 1288.9165 384.76807
v 1187.55457 1187.63049 392.08786
v 1187.47461 1062.55627 403.61105
v 1187.55457 1187.63049 392.08786
v 1312.63892 1062.5603 397.37378
v 1187.55457 1187.63049 392.08786
v 1187.46191 1269.09229 378.52081
v 1317.60144 1197.43237 383.4696
v 1312.63892 1062.5603 397.37378
v 1317.60144 1197.43237 383.4696
v 1437.59143 1062.56689 389.09213
v 1437.59143 1062.56689 389.09213
v 1437.5304 1170.2074 380.32919
v 1562.52991 1062.51672 382.46487
v 1562.52991 1062.51672 382.46487
v 1562.50244 1155.46887 376.78302
v 1687.50757 1062.49683 383.04181
v 1687.50757 1062.49683 383.04181
v 1699.97266 1184.6886 376.70197
v 1812.47449 1062.5105 390.73242
v 1699.97266 1184.6886 376.70197
v 1750.00378 1250.00378 374.68686
v 1792.38196 1207.5553 380.78613
v 1812.47449 1062.5105 390.73242
v 1792.38196 1207.5553 380.78613
v 1937.43091 1062.52576 401.81198
v 1792.38196 1207.5553 380.78613
v 1813.59802 1277.87024 376.5589
v 1937.47827 1187.51672 394.617
f 7225 7226 7227
f 7228 7229 7230
f 7231 7232 7233
f 7234 7235 7236
f 7237 7238 7239
f 7240 7241 7242
f 7243 7244 7245
f 7246 7247 7248
f 7249 7250 7251
f 7252 7253 7254
f 7255 7256 7257
f 7258 7259 7260
f 7261 7262 7263
f 7264 7265 7266
f 7267 7268 7269
f 7270 7271 7272
f 7273 7274 7275
f 7276 7277 7278
f 7279 7280 7281
f 7282 7283 7284
f 7285 7286 7287
f 7288 7289 7290
f 7291 7292 7293
f 7294 7295 7296
f 7297 7298 7299
f 7300 7301 7302
f 7303 7304 7305
f 7306 7307 7308
f 7309 7310 7311
f 7312 7313 7314
f 7315 7316 7317
f 7318 7319 7320
f 7321 7322 7323
f 7324 7325 7326
f 7327 7328 7329
f 7330 7331 7332
f 7333 7334 7335
f 7336 7337 7338
f 7339 7340 7341
f 7342 7343 7344
f 7345 7346 7347
f 7348 7349 7350
f 7351 7352 7353
f 7354 7355 7356
f 7357 7358 7359
f 7360 7361 7362
f 7363 7364 7365
f 7366 7367 7368
f 7369 7370 7371
f 7372 7373 7374
f 7375 7376 7377
f 7378 7379 7380
f 7381 7382 7383
f 7384 7385 7386
f 7387 7388 7389
f 7390 7391 7392
f 7393 7394 7395
f 7396 7397 7398
f 7399 7400 7401
f 7402 7403 7404
f 7405 7406 7407
f 7408 7409 7410
f 7411 7412 7413
f 7414 7415 7416
f 7417 7418 7419
f 7420 7421 7422
f 7423 7424 7425
f 7426 7427 7428
f 7429 7430 7431
f 7432 7433 7434
f 7435 7436 7437
f 7438 7439 7440
f 7441 7442 7443
f 7444 7445 7446
f 7447 7448 7449
f 7450 7451 7452
f 7453 7454 7455
f 7456 7457 7458
f 7459 7460 7461
f 7462 7463 7464
f 7465 7466 7467
f 7468 7469 7470
f 7471 7472 7473
f 7474 7475 7476
f 7477 7478 7479
f 7480 7481 7482
f 7483 7484 7485
f 7486 7487 7488
f 7489 7490 7491
f 7492 7493 7494
f 7495 7496 7497
f 7498 7499 7500
f 7501 7502 7503
f 7504 7505 7506
f 7507 7508 7509
f 7510 7511 7512
f 7513 7514 7515
f 7516 7517 7518
f 7519 7520 7521
f 7522 7523 7524
f 7525 7526 7527
f 7528 7529 7530
f 7531 7532 7533
f 7534 7535 7536
f 7537 7538 7539
f 7540 7541 7542
f 7543 7544 7545
f 7546 7547 7548
f 7549 7550 7551
f 7552 7553 7554
f 7555 7556 7557
f 7558 7559 7560
f 7561 7562 7563
f 7564 7565 7566
f 7567 7568 7569
f 7570 7571 7572
f 7573 7574 7575
f 7576 7577 7578
f 7579 7580 7581
f 7582 7583 7584
f 7585 7586 7587
f 7588 7589 7590
f 7591 7592 7593
f 7594 7595 7596
f 7597 7598 7599
f 7600 7601 7602
f 7603 7604 7605
f 7606 7607 7608
f 7609 7610 7611
f 7612 7613 7614
f 7615 7616 7617
f 7618 7619 7620
f 7621 7622 7623
f 7624 7625 7626
f 7627 7628 7629
f 7630 7631 7632
f 7633 7634 7635
f 7636 7637 7638
f 7639 7640 7641
f 7642 7643 7644
f 7645 7646 7647
f 7648 7649 7650
f 7651 7652 7653
f 7654 7655 7656
f 7657 7658 7659
f 7660 7661 7662
f 7663 7664 7665
f 7666 7667 7668
f 7669 7670 7671
f 7672 7673 7674
f 7675 7676 7677
f 7678 7679 7680
f 7681 7682 7683
f 7684 7685 7686
f 7687 7688 7689
f 7690 7691 7692
f 7693 7694 7695
f 7696 7697 7698
f 7699 7700 7701
f 7702 7703 7704
f 7705 7706 7707
f 7708 7709 7710
f 7711 7712 7713
f 7714 7715 7716
f 7717 7718 7719
f 7720 7721 7722
f 7723 7724 7725
f 7726 7727 7728
f 7729 7730 7731
f 7732 7733 7734
f 7735 7736 7737
f 7738 7739 7740
f 7741 7742 7743
f 7744 7745 7746
f 7747 7748 7749
f 7750 7751 7752
f 7753 7754 7755
f 7756 7757 7758
f 7759 7760 7761
f 7762 7763 7764
f 7765 7766 7767
f 7768 7769 7770
f 7771 7772 7773
f 7774 7775 7776
f 7777 7778 7779
f 7780 7781 7782
f 7783 7784 7785
f 7786 7787 7788
f 7789 7790 7791
f 7792 7793 7794
f 7795 7796 7797
f 7798 7799 7800
f 7801 7802 7803
f 7804 7805 7806
f 7807 7808 7809
f 7810 7811 7812
f 7813 7814 7815
f 7816 7817 7818
f 7819 7820 7821
f 7822 7823 7824
f 7825 7826 7827
f 7828 7829 7830
f 7831 7832 7833
f 7834 7835 7836
f 7837 7838 7839
f 7840 7841 7842
f 7843 7844 7845
f 7846 7847 7848
f 7849 7850 7851
f 7852 7853 7854
f 7855 7856 7857
f 7858 7859 7860
f 7861 7862 7863
f 7864 7865 7866
f 7867 7868 7869
f 7870 7871 7872
f 7873 7874 7875
f 7876 7877 7878
f 7879 7880 7881
f 7882 7883 7884
f 7885 7886 7887
f 7888 7889 7890
f 7891 7892 7893
f 7894 7895 7896
f 7897 7898 7899
f 7900 7901 7902
f 7903 7904 7905
f 7906 7907 7908
f 7909 7910 7911
f 7912 7913 7914
f 7915 7916 7917
f 7918 7919 7920
f 7921 7922 7923
f 7924 7925 7926
f 7927 7928 7929
f 7930 7931 7932
f 7933 7934 7935
f 7936 7937 7938
f 7939 7940 7941
f 7942 7943 7944
f 7945 7946 7947
f 7948 7949 7950
f 7951 7952 7953
f 7954 7955 7956
f 7957 7958 7959
f 7960 7961 7962
f 7963 7964 7965
f 7966 7967 7968
f 7969 7970 7971
f 7972 7973 7974
f 7975 7976 7977
f 7978 7979 7980
f 7981 7982 7983
f 7984 7985 7986
f 7987 7988 7989
f 7990 7991 7992
f 7993 7994 7995
f 7996 7997 7998
f 7999 8000 8001
f 8002 8003 8004
f 8005 8006 8007
f 8008 8009 8010
f 8011 8012 8013
f 8014 8015 8016
f 8017 8018 8019
f 8020 8021 8022
f 8023 8024 8025
f 8026 8027 8028
f 8029 8030 8031
f 8032 8033 8034
f 8035 8036 8037
f 8038 8039 8040
f 8041 8042 8043
f 8044 8045 8046
f 8047 8048 8049
f 8050 8051 8052
f 8053 8054 8055
f 8056 8057 8058
f 8059 8060 8061
f 8062 8063 8064
f 8065 8066 8067
f 8068 8069 8070
f 8071 8072 8073
f 8074 8075 8076
f 8077 8078 8079
f 8080 8081 8082
f 8083 8084 8085
f 8086 8087 8088
f 8089 8090 8091
f 8092 8093 8094
f 8095 8096 8097
f 8098 8099 8100
f 8101 8102 8103
f 8104 8105 8106
f 8107 8108 8109
f 8110 8111 8112
f 8113 8114 8115
f 8116 8117 8118
f 8119 8120 8121
f 8122 8123 8124
f 8125 8126 8127
f 8128 8129 8130
f 8131 8132 8133
f 8134 8135 8136
f 8137 8138 8139
f 8140 8141 8142
f 8143 8144 8145
f 8146 8147 8148
f 8149 8150 8151
f 8152 8153 8154
f 8155 8156 8157
f 8158 8159 8160
f 8161 8162 8163
f 8164 8165 8166
f 8167 8168 8169
f 8170 8171 8172
f 8173 8174 8175
f 8176 8177 8178
f 8179 8180 8181
f 8182 8183 8184
f 8185 8186 8187
f 8188 8189 8190
f 8191 8192 8193
f 8194 8195 8196
f 8197 8198 8199
f 8200 8201 8202
f 8203 8204 8205
f 8206 8207 8208
f 8209 8210 8211
f 8212 8213 8214
f 8215 8216 8217
f 8218 8219 8220
f 8221 8222 8223
f 8224 8225 8226
f 8227 8228 8229
f 8230 8231 8232
f 8233 8234 8235
f 8236 8237 8238
f 8239 8240 8241
f 8242 8243 8244
f 8245 8246 8247
f 8248 8249 8250
f 8251 8252 8253
f 8254 8255 8256
f 8257 8258 8259
f 8260 8261 8262
f 8263 8264 8265
f 8266 8267 8268
f 8269 8270 8271
f 8272 8273 8274
f 8275 8276 8277
f 8278 8279 8280
f 8281 8282 8283
f 8284 8285 8286
f 8287 8288 8289
f 8290 8291 8292
f 8293 8294 8295
f 8296 8297 8298
f 8299 8300 8301
f 8302 8303 8304
f 8305 8306 8307
f 8308 8309 8310
f 8311 8312 8313
f 8314 8315 8316
f 8317 8318 8319
f 8320 8321 8322
f 8323 8324 8325
f 8326 8327 8328
f 8329 8330 8331
f 8332 8333 8334
f 8335 8336 8337
f 8338 8339 8340
f 8341 8342 8343
f 8344 8345 8346
f 8347 8348 8349
f 8350 8351 8352
f 8353 8354 8355
f 8356 8357 8358
f 8359 8360 8361
f 8362 8363 8364
f 8365 8366 8367
f 8368 8369 8370
f 8371 8372 8373
f 8374 8375 8376
f 8377 8378 8379
f 8380 8381 8382
f 8383 8384 8385
f 8386 8387 8388
f 8389 8390 8391
f 8392 8393 8394
f 8395 8396 8397
f 8398 8399 8400
f 8401 8402 8403
f 8404 8405 8406
f 8407 8408 8409
f 8410 8411 8412
f 8413 8414 8415
f 8416 8417 8418
f 8419 8420 8421
f 8422 8423 8424
f 8425 8426 8427
f 8428 8429 8430
f 8431 8432 8433
f 8434 8435 8436
f 8437 8438 8439
f 8440 8441 8442
f 8443 8444 8445
f 8446 8447 8448
f 8449 8450 8451
f 8452 8453 8454
f 8455 8456 8457
f 8458 8459 8460
f 8461 8462 8463
f 8464 8465 8466
f 8467 8468 8469
f 8470 8471 8472
f 8473 8474 8475
f 8476 8477 8478
f 8479 8480 8481
f 8482 8483 8484
f 8485 8486 8487
f 8488 8489 8490
f 8491 8492 8493
f 8494 8495 8496
f 8497 8498 8499
f 8500 8501 8502
f 8503 8504 8505
f 8506 8507 8508
f 8509 8510 8511
f 8512 8513 8514
f 8515 8516 8517
f 8518 8519 8520
f 8521 8522 8523
f 8524 8525 8526
f 8527 8528 8529
f 8530 8531 8532
f 8533 8534 8535
f 8536 8537 8538
f 8539 8540 8541
f 8542 8543 8544
f 8545 8546 8547
f 8548 8549 8550
f 8551 8552 8553
f 8554 8555 8556
f 8557 8558 8559
f 8560 8561 8562
f 8563 8564 8565
f 8566 8567 8568
f 8569 8570 8571
f 8572 8573 8574
f 8575 8576 8577
f 8578 8579 8580
f 8581 8582 8583
f 8584 8585 8586
f 8587 8588 8589
f 8590 8591 8592
f 8593 8594 8595
f 8596 8597 8598
f 8599 8600 8601
f 8602 8603 8604
f 8605 8606 8607
f 8608 8609 8610
f 8611 8612 8613
f 8614 8615 8616
f 8617 8618 8619
f 8620 8621 8622
f 8623 8624 8625
f 8626 8627 8628
f 8629 8630 8631
f 8632 8633 8634
f 8635 8636 8637
f 8638 8639 8640
f 8641 8642 8643
f 8644 8645 8646
f 8647 8648 8649
f 8650 8651 8652
f 8653 8654 8655
f 8656 8657 8658
f 8659 8660 8661
f 8662 8663 8664
f 8665 8666 8667
f 8668 8669 8670
f 8671 8672 8673
f 8674 8675 8676
f 8677 8678 8679
f 8680 8681 8682
f 8683 8684 8685
f 8686 8687 8688
f 8689 8690 8691
f 8692 8693 8694
f 8695 8696 8697
f 8698 8699 8700
f 8701 8702 8703
f 8704 8705 8706
f 8707 8708 8709
f 8710 8711 8712
f 8713 8714 8715
f 8716 8717 8718
f 8719 8720 8721
f 8722 8723 8724
f 8725 8726 8727
f 8728 8729 8730
f 8731 8732 8733
f 8734 8735 8736
f 8737 8738 8739
f 8740 8741 8742
f 8743 8744 8745
f 8746 8747 8748
f 8749 8750 8751
f 8752 8753 8754
f 8755 8756 8757
f 8758 8759 8760
f 8761 8762 8763
f 8764 8765 8766
f 8767 8768 8769
f 8770 8771 8772
f 8773 8774 8775
f 8776 8777 8778
f 8779 8780 8781
f 8782 8783 8784
f 8785 8786 8787
f 8788 8789 8790
f 8791 8792 8793
f 8794 8795 8796
f 8797 8798 8799
f 8800 8801 8802
f 8803 8804 8805
f 8806 8807 8808
f 8809 8810 8811
f 8812 8813 8814
f 8815 8816 8817
f 8818 8819 8820
f 8821 8822 8823
f 8824 8825 8826
f 8827 8828 8829
f 8830 8831 8832
f 8833 8834 8835
f 8836 8837 8838
f 8839 8840 8841
f 8842 8843 8844
f 8845 8846 8847
f 8848 8849 8850
f 8851 8852 8853
f 8854 8855 8856
f 8857 8858 8859
f 8860 8861 8862
f 8863 8864 8865
f 8866 8867 8868
f 8869 8870 8871
f 8872 8873 8874
f 8875 8876 8877
f 8878 8879 8880
f 8881 8882 8883
f 8884 8885 8886
f 8887 8888 8889
f 8890 8891 8892
f 8893 8894 8895
f 8896 8897 8898
f 8899 8900 8901
f 8902 8903 8904
f 8905 8906 8907
f 8908 8909 8910
f 8911 8912 8913
f 8914 8915 8916
f 8917 8918 8919
f 8920 8921 8922
f 8923 8924 8925
f 8926 8927 8928
f 8929 8930 8931
f 8932 8933 8934
f 8935 8936 8937
f 8938 8939 8940
f 8941 8942 8943
f 8944 8945 8946
f 8947 8948 8949
f 8950 8951 8952
f 8953 8954 8955
f 8956 8957 8958
f 8959 8960 8961
f 8962 8963 8964
f 8965 8966 8967
f 8968 8969 8970
f 8971 8972 8973
f 8974 8975 8976
f 8977 8978 8979
f 8980 8981 8982
f 8983 8984 8985
f 8986 8987 8988
f 8989 8990 8991
f 8992 8993 8994
f 8995 8996 8997
f 8998 8999 9000
f 9001 9002 9003
f 9004 9005 9006
f 9007 9008 9009
f 9010 9011 9012
f 9013 9014 9015
f 9016 9017 9018
f 9019 9020 9021
f 9022 9023 9024
f 9025 9026 9027
f 9028 9029 9030
f 9031 9032 9033
f 9034 9035 9036
f 9037 9038 9039
f 9040 9041 9042
f 9043 9044 9045
f 9046 9047 9048
f 9049 9050 9051
f 9052 9053 9054
f 9055 9056 9057
f 9058 9059 9060
f 9061 9062 9063
f 9064 9065 9066
f 9067 9068 9069
f 9070 9071 9072
f 9073 9074 9075
f 9076 9077 9078
f 9079 9080 9081
f 9082 9083 9084
f 9085 9086 9087
f 9088 9089 9090
f 9091 9092 9093
f 9094 9095 9096
f 9097 9098 9099
f 9100 9101 9102
f 9103 9104 9105
f 9106 9107 9108
f 9109 9110 9111
f 9112 9113 9114
f 9115 9116 9117
f 9118 9119 9120
f 9121 9122 9123
f 9124 9125 9126
f 9127 9128 9129
f 9130 9131 9132
f 9133 9134 9135
f 9136 9137 9138
f 9139 9140 9141
f 9142 9143 9144
f 9145 9146 9147
f 9148 9149 9150
f 9151 9152 9153
f 9154 9155 9156
f 9157 9158 9159
f 9160 9161 9162
f 9163 9164 9165
f 9166 9167 9168
f 9169 9170 9171
f 9172 9173 9174
f 9175 9176 9177
f 9178 9179 9180
f 9181 9182 9183
f 9184 9185 9186
f 9187 9188 9189
f 9190 9191 9192
f 9193 9194 9195
f 9196 9197 9198
f 9199 9200 9201
f 9202 9203 9204
f 9205 9206 9207
f 9208 9209 9210
f 9211 9212 9213
f 9214 9215 9216
f 9217 9218 9219
f 9220 9221 9222
f 9223 9224 9225
f 9226 9227 9228
f 9229 9230 9231
f 9232 9233 9234
f 9235 9236 9237
f 9238 9239 9240
f 9241 9242 9243
f 9244 9245 9246
f 9247 9248 9249
f 9250 9251 9252
f 9253 9254 9255
f 9256 9257 9258
f 9259 9260 9261
f 9262 9263 9264
f 9265 9266 9267
f 9268 9269 9270
f 9271 9272 9273
f 9274 9275 9276
f 9277 9278 9279
f 9280 9281 9282
f 9283 9284 9285
f 9286 9287 9288
f 9289 9290 9291
f 9292 9293 9294
f 9295 9296 9297
f 9298 9299 9300
f 9301 9302 9303
f 9304 9305 9306
f 9307 9308 9309
f 9310 9311 9312
f 9313 9314 9315
f 9316 9317 9318
f 9319 9320 9321
f 9322 9323 9324
f 9325 9326 9327
f 9328 9329 9330
f 9331 9332 9333
f 9334 9335 9336
f 9337 9338 9339
f 9340 9341 9342
f 9343 9344 9345
f 9346 9347 9348
f 9349 9350 9351
f 9352 9353 9354
f 9355 9356 9357
f 9358 9359 9360
f 9361 9362 9363
f 9364 9365 9366
f 9367 9368 9369
f 9370 9371 9372
f 9373 9374 9375
f 9376 9377 9378
f 9379 9380 9381
f 9382 9383 9384
f 9385 9386 9387
f 9388 9389 9390
f 9391 9392 9393
f 9394 9395 9396
f 9397 9398 9399
f 9400 9401 9402
f 9403 9404 9405
f 9406 9407 9408
f 9409 9410 9411
f 9412 9413 9414
f 9415 9416 9417
f 9418 9419 9420
f 9421 9422 9423
f 9424 9425 9426
f 9427 9428 9429
f 9430 9431 9432
f 9433 9434 9435
f 9436 9437 9438
f 9439 9440 9441
f 9442 9443 9444
f 9445 9446 9447
f 9448 9449 9450
f 9451 9452 9453
f 9454 9455 9456
f 9457 9458 9459
f 9460 9461 9462
f 9463 9464 9465
f 9466 9467 9468
f 9469 9470 9471
f 9472 9473 9474
f 9475 9476 9477
f 9478 9479 9480
f 9481 9482 9483
f 9484 9485 9486
f 9487 9488 9489
f 9490 9491 9492
f 9493 9494 9495
f 9496 9497 9498
f 9499 9500 9501
f 9502 9503 9504
f 9505 9506 9507
f 9508 9509 9510
f 9511 9512 9513
f 9514 9515 9516
f 9517 9518 9519
f 9520 9521 9522
f 9523 9524 9525
f 9526 9527 9528
f 9529 9530 9531
f 9532 9533 9534
f 9535 9536 9537
f 9538 9539 9540
f 9541 9542 9543
f 9544 9545 9546
f 9547 9548 9549
f 9550 9551 9552
f 9553 9554 9555
f 9556 9557 9558
f 9559 9560 9561
f 9562 9563 9564
f 9565 9566 9567
f 9568 9569 9570
f 9571 9572 9573
f 9574 9575 9576
f 9577 9578 9579
f 9580 9581 9582
f 9583 9584 9585
f 9586 9587 9588
f 9589 9590 9591
f 9592 9593 9594
f 9595 9596 9597
f 9598 9599 9600
f 9601 9602 9603
f 9604 9605 9606
f 9607 9608 9609
f 9610 9611 9612
f 9613 9614 9615
f 9616 9617 9618
f 9619 9620 9621
f 9622 9623 9624
f 9625 9626 9627
f 9628 9629 9630
f 9631 9632 9633