# MineVis roadway model exported from GeoCoal
# Objects are named to match roadway_topo.json node and edge ids.
o Node_1
v -11 -41.6223 -144
v -11 -41.6223 -144
v -11 -41.6223 -144
v -11 -41.6223 -144
v -11 -41.6223 -144
v -11 -41.6223 -144
v -11 -41.6223 -144
v -11 -41.6223 -144
v -11 -41.6223 -144
v -11 -41.6223 -144
v -10.0887 -41.9184 -144
v -10.2627 -41.9184 -143.4643
v -10.7184 -41.9184 -143.1333
v -11.2816 -41.9184 -143.1333
v -11.7373 -41.9184 -143.4643
v -11.9113 -41.9184 -144
v -11.7373 -41.9184 -144.5357
v -11.2816 -41.9184 -144.8667
v -10.7184 -41.9184 -144.8667
v -10.2627 -41.9184 -144.5357
v -9.5254 -42.6936 -144
v -9.8071 -42.6936 -143.1333
v -10.5443 -42.6936 -142.5976
v -11.4557 -42.6936 -142.5976
v -12.1929 -42.6936 -143.1333
v -12.4746 -42.6936 -144
v -12.1929 -42.6936 -144.8667
v -11.4557 -42.6936 -145.4024
v -10.5443 -42.6936 -145.4024
v -9.8071 -42.6936 -144.8667
v -9.5254 -43.6518 -144
v -9.8071 -43.6518 -143.1333
v -10.5443 -43.6518 -142.5976
v -11.4557 -43.6518 -142.5976
v -12.1929 -43.6518 -143.1333
v -12.4746 -43.6518 -144
v -12.1929 -43.6518 -144.8667
v -11.4557 -43.6518 -145.4024
v -10.5443 -43.6518 -145.4024
v -9.8071 -43.6518 -144.8667
v -10.0887 -44.4271 -144
v -10.2627 -44.4271 -143.4643
v -10.7184 -44.4271 -143.1333
v -11.2816 -44.4271 -143.1333
v -11.7373 -44.4271 -143.4643
v -11.9113 -44.4271 -144
v -11.7373 -44.4271 -144.5357
v -11.2816 -44.4271 -144.8667
v -10.7184 -44.4271 -144.8667
v -10.2627 -44.4271 -144.5357
v -11 -44.7232 -144
v -11 -44.7232 -144
v -11 -44.7232 -144
v -11 -44.7232 -144
v -11 -44.7232 -144
v -11 -44.7232 -144
v -11 -44.7232 -144
v -11 -44.7232 -144
v -11 -44.7232 -144
v -11 -44.7232 -144
f 1 2 12 11
f 2 3 13 12
f 3 4 14 13
f 4 5 15 14
f 5 6 16 15
f 6 7 17 16
f 7 8 18 17
f 8 9 19 18
f 9 10 20 19
f 10 1 11 20
f 11 12 22 21
f 12 13 23 22
f 13 14 24 23
f 14 15 25 24
f 15 16 26 25
f 16 17 27 26
f 17 18 28 27
f 18 19 29 28
f 19 20 30 29
f 20 11 21 30
f 21 22 32 31
f 22 23 33 32
f 23 24 34 33
f 24 25 35 34
f 25 26 36 35
f 26 27 37 36
f 27 28 38 37
f 28 29 39 38
f 29 30 40 39
f 30 21 31 40
f 31 32 42 41
f 32 33 43 42
f 33 34 44 43
f 34 35 45 44
f 35 36 46 45
f 36 37 47 46
f 37 38 48 47
f 38 39 49 48
f 39 40 50 49
f 40 31 41 50
f 41 42 52 51
f 42 43 53 52
f 43 44 54 53
f 44 45 55 54
f 45 46 56 55
f 46 47 57 56
f 47 48 58 57
f 48 49 59 58
f 49 50 60 59
f 50 41 51 60
o Node_2
v -11 -40.5112 -86.4
v -11 -40.5112 -86.4
v -11 -40.5112 -86.4
v -11 -40.5112 -86.4
v -11 -40.5112 -86.4
v -11 -40.5112 -86.4
v -11 -40.5112 -86.4
v -11 -40.5112 -86.4
v -11 -40.5112 -86.4
v -11 -40.5112 -86.4
v -10.0887 -40.8073 -86.4
v -10.2627 -40.8073 -85.8643
v -10.7184 -40.8073 -85.5333
v -11.2816 -40.8073 -85.5333
v -11.7373 -40.8073 -85.8643
v -11.9113 -40.8073 -86.4
v -11.7373 -40.8073 -86.9357
v -11.2816 -40.8073 -87.2667
v -10.7184 -40.8073 -87.2667
v -10.2627 -40.8073 -86.9357
v -9.5254 -41.5825 -86.4
v -9.8071 -41.5825 -85.5333
v -10.5443 -41.5825 -84.9976
v -11.4557 -41.5825 -84.9976
v -12.1929 -41.5825 -85.5333
v -12.4746 -41.5825 -86.4
v -12.1929 -41.5825 -87.2667
v -11.4557 -41.5825 -87.8024
v -10.5443 -41.5825 -87.8024
v -9.8071 -41.5825 -87.2667
v -9.5254 -42.5407 -86.4
v -9.8071 -42.5407 -85.5333
v -10.5443 -42.5407 -84.9976
v -11.4557 -42.5407 -84.9976
v -12.1929 -42.5407 -85.5333
v -12.4746 -42.5407 -86.4
v -12.1929 -42.5407 -87.2667
v -11.4557 -42.5407 -87.8024
v -10.5443 -42.5407 -87.8024
v -9.8071 -42.5407 -87.2667
v -10.0887 -43.316 -86.4
v -10.2627 -43.316 -85.8643
v -10.7184 -43.316 -85.5333
v -11.2816 -43.316 -85.5333
v -11.7373 -43.316 -85.8643
v -11.9113 -43.316 -86.4
v -11.7373 -43.316 -86.9357
v -11.2816 -43.316 -87.2667
v -10.7184 -43.316 -87.2667
v -10.2627 -43.316 -86.9357
v -11 -43.6121 -86.4
v -11 -43.6121 -86.4
v -11 -43.6121 -86.4
v -11 -43.6121 -86.4
v -11 -43.6121 -86.4
v -11 -43.6121 -86.4
v -11 -43.6121 -86.4
v -11 -43.6121 -86.4
v -11 -43.6121 -86.4
v -11 -43.6121 -86.4
f 61 62 72 71
f 62 63 73 72
f 63 64 74 73
f 64 65 75 74
f 65 66 76 75
f 66 67 77 76
f 67 68 78 77
f 68 69 79 78
f 69 70 80 79
f 70 61 71 80
f 71 72 82 81
f 72 73 83 82
f 73 74 84 83
f 74 75 85 84
f 75 76 86 85
f 76 77 87 86
f 77 78 88 87
f 78 79 89 88
f 79 80 90 89
f 80 71 81 90
f 81 82 92 91
f 82 83 93 92
f 83 84 94 93
f 84 85 95 94
f 85 86 96 95
f 86 87 97 96
f 87 88 98 97
f 88 89 99 98
f 89 90 100 99
f 90 81 91 100
f 91 92 102 101
f 92 93 103 102
f 93 94 104 103
f 94 95 105 104
f 95 96 106 105
f 96 97 107 106
f 97 98 108 107
f 98 99 109 108
f 99 100 110 109
f 100 91 101 110
f 101 102 112 111
f 102 103 113 112
f 103 104 114 113
f 104 105 115 114
f 105 106 116 115
f 106 107 117 116
f 107 108 118 117
f 108 109 119 118
f 109 110 120 119
f 110 101 111 120
o Node_3
v -11 -35.9192 -51.2
v -11 -35.9192 -51.2
v -11 -35.9192 -51.2
v -11 -35.9192 -51.2
v -11 -35.9192 -51.2
v -11 -35.9192 -51.2
v -11 -35.9192 -51.2
v -11 -35.9192 -51.2
v -11 -35.9192 -51.2
v -11 -35.9192 -51.2
v -10.0887 -36.2153 -51.2
v -10.2627 -36.2153 -50.6643
v -10.7184 -36.2153 -50.3333
v -11.2816 -36.2153 -50.3333
v -11.7373 -36.2153 -50.6643
v -11.9113 -36.2153 -51.2
v -11.7373 -36.2153 -51.7357
v -11.2816 -36.2153 -52.0667
v -10.7184 -36.2153 -52.0667
v -10.2627 -36.2153 -51.7357
v -9.5254 -36.9905 -51.2
v -9.8071 -36.9905 -50.3333
v -10.5443 -36.9905 -49.7976
v -11.4557 -36.9905 -49.7976
v -12.1929 -36.9905 -50.3333
v -12.4746 -36.9905 -51.2
v -12.1929 -36.9905 -52.0667
v -11.4557 -36.9905 -52.6024
v -10.5443 -36.9905 -52.6024
v -9.8071 -36.9905 -52.0667
v -9.5254 -37.9488 -51.2
v -9.8071 -37.9488 -50.3333
v -10.5443 -37.9488 -49.7976
v -11.4557 -37.9488 -49.7976
v -12.1929 -37.9488 -50.3333
v -12.4746 -37.9488 -51.2
v -12.1929 -37.9488 -52.0667
v -11.4557 -37.9488 -52.6024
v -10.5443 -37.9488 -52.6024
v -9.8071 -37.9488 -52.0667
v -10.0887 -38.724 -51.2
v -10.2627 -38.724 -50.6643
v -10.7184 -38.724 -50.3333
v -11.2816 -38.724 -50.3333
v -11.7373 -38.724 -50.6643
v -11.9113 -38.724 -51.2
v -11.7373 -38.724 -51.7357
v -11.2816 -38.724 -52.0667
v -10.7184 -38.724 -52.0667
v -10.2627 -38.724 -51.7357
v -11 -39.0201 -51.2
v -11 -39.0201 -51.2
v -11 -39.0201 -51.2
v -11 -39.0201 -51.2
v -11 -39.0201 -51.2
v -11 -39.0201 -51.2
v -11 -39.0201 -51.2
v -11 -39.0201 -51.2
v -11 -39.0201 -51.2
v -11 -39.0201 -51.2
f 121 122 132 131
f 122 123 133 132
f 123 124 134 133
f 124 125 135 134
f 125 126 136 135
f 126 127 137 136
f 127 128 138 137
f 128 129 139 138
f 129 130 140 139
f 130 121 131 140
f 131 132 142 141
f 132 133 143 142
f 133 134 144 143
f 134 135 145 144
f 135 136 146 145
f 136 137 147 146
f 137 138 148 147
f 138 139 149 148
f 139 140 150 149
f 140 131 141 150
f 141 142 152 151
f 142 143 153 152
f 143 144 154 153
f 144 145 155 154
f 145 146 156 155
f 146 147 157 156
f 147 148 158 157
f 148 149 159 158
f 149 150 160 159
f 150 141 151 160
f 151 152 162 161
f 152 153 163 162
f 153 154 164 163
f 154 155 165 164
f 155 156 166 165
f 156 157 167 166
f 157 158 168 167
f 158 159 169 168
f 159 160 170 169
f 160 151 161 170
f 161 162 172 171
f 162 163 173 172
f 163 164 174 173
f 164 165 175 174
f 165 166 176 175
f 166 167 177 176
f 167 168 178 177
f 168 169 179 178
f 169 170 180 179
f 170 161 171 180
o Node_4
v -11 -30.4429 -1.6
v -11 -30.4429 -1.6
v -11 -30.4429 -1.6
v -11 -30.4429 -1.6
v -11 -30.4429 -1.6
v -11 -30.4429 -1.6
v -11 -30.4429 -1.6
v -11 -30.4429 -1.6
v -11 -30.4429 -1.6
v -11 -30.4429 -1.6
v -10.0887 -30.739 -1.6
v -10.2627 -30.739 -1.0643
v -10.7184 -30.739 -0.7333
v -11.2816 -30.739 -0.7333
v -11.7373 -30.739 -1.0643
v -11.9113 -30.739 -1.6
v -11.7373 -30.739 -2.1357
v -11.2816 -30.739 -2.4667
v -10.7184 -30.739 -2.4667
v -10.2627 -30.739 -2.1357
v -9.5254 -31.5142 -1.6
v -9.8071 -31.5142 -0.7333
v -10.5443 -31.5142 -0.1976
v -11.4557 -31.5142 -0.1976
v -12.1929 -31.5142 -0.7333
v -12.4746 -31.5142 -1.6
v -12.1929 -31.5142 -2.4667
v -11.4557 -31.5142 -3.0024
v -10.5443 -31.5142 -3.0024
v -9.8071 -31.5142 -2.4667
v -9.5254 -32.4725 -1.6
v -9.8071 -32.4725 -0.7333
v -10.5443 -32.4725 -0.1976
v -11.4557 -32.4725 -0.1976
v -12.1929 -32.4725 -0.7333
v -12.4746 -32.4725 -1.6
v -12.1929 -32.4725 -2.4667
v -11.4557 -32.4725 -3.0024
v -10.5443 -32.4725 -3.0024
v -9.8071 -32.4725 -2.4667
v -10.0887 -33.2477 -1.6
v -10.2627 -33.2477 -1.0643
v -10.7184 -33.2477 -0.7333
v -11.2816 -33.2477 -0.7333
v -11.7373 -33.2477 -1.0643
v -11.9113 -33.2477 -1.6
v -11.7373 -33.2477 -2.1357
v -11.2816 -33.2477 -2.4667
v -10.7184 -33.2477 -2.4667
v -10.2627 -33.2477 -2.1357
v -11 -33.5438 -1.6
v -11 -33.5438 -1.6
v -11 -33.5438 -1.6
v -11 -33.5438 -1.6
v -11 -33.5438 -1.6
v -11 -33.5438 -1.6
v -11 -33.5438 -1.6
v -11 -33.5438 -1.6
v -11 -33.5438 -1.6
v -11 -33.5438 -1.6
f 181 182 192 191
f 182 183 193 192
f 183 184 194 193
f 184 185 195 194
f 185 186 196 195
f 186 187 197 196
f 187 188 198 197
f 188 189 199 198
f 189 190 200 199
f 190 181 191 200
f 191 192 202 201
f 192 193 203 202
f 193 194 204 203
f 194 195 205 204
f 195 196 206 205
f 196 197 207 206
f 197 198 208 207
f 198 199 209 208
f 199 200 210 209
f 200 191 201 210
f 201 202 212 211
f 202 203 213 212
f 203 204 214 213
f 204 205 215 214
f 205 206 216 215
f 206 207 217 216
f 207 208 218 217
f 208 209 219 218
f 209 210 220 219
f 210 201 211 220
f 211 212 222 221
f 212 213 223 222
f 213 214 224 223
f 214 215 225 224
f 215 216 226 225
f 216 217 227 226
f 217 218 228 227
f 218 219 229 228
f 219 220 230 229
f 220 211 221 230
f 221 222 232 231
f 222 223 233 232
f 223 224 234 233
f 224 225 235 234
f 225 226 236 235
f 226 227 237 236
f 227 228 238 237
f 228 229 239 238
f 229 230 240 239
f 230 221 231 240
o Node_5
v -11 -31.5953 16
v -11 -31.5953 16
v -11 -31.5953 16
v -11 -31.5953 16
v -11 -31.5953 16
v -11 -31.5953 16
v -11 -31.5953 16
v -11 -31.5953 16
v -11 -31.5953 16
v -11 -31.5953 16
v -10.0887 -31.8914 16
v -10.2627 -31.8914 16.5357
v -10.7184 -31.8914 16.8667
v -11.2816 -31.8914 16.8667
v -11.7373 -31.8914 16.5357
v -11.9113 -31.8914 16
v -11.7373 -31.8914 15.4643
v -11.2816 -31.8914 15.1333
v -10.7184 -31.8914 15.1333
v -10.2627 -31.8914 15.4643
v -9.5254 -32.6666 16
v -9.8071 -32.6666 16.8667
v -10.5443 -32.6666 17.4024
v -11.4557 -32.6666 17.4024
v -12.1929 -32.6666 16.8667
v -12.4746 -32.6666 16
v -12.1929 -32.6666 15.1333
v -11.4557 -32.6666 14.5976
v -10.5443 -32.6666 14.5976
v -9.8071 -32.6666 15.1333
v -9.5254 -33.6248 16
v -9.8071 -33.6248 16.8667
v -10.5443 -33.6248 17.4024
v -11.4557 -33.6248 17.4024
v -12.1929 -33.6248 16.8667
v -12.4746 -33.6248 16
v -12.1929 -33.6248 15.1333
v -11.4557 -33.6248 14.5976
v -10.5443 -33.6248 14.5976
v -9.8071 -33.6248 15.1333
v -10.0887 -34.4001 16
v -10.2627 -34.4001 16.5357
v -10.7184 -34.4001 16.8667
v -11.2816 -34.4001 16.8667
v -11.7373 -34.4001 16.5357
v -11.9113 -34.4001 16
v -11.7373 -34.4001 15.4643
v -11.2816 -34.4001 15.1333
v -10.7184 -34.4001 15.1333
v -10.2627 -34.4001 15.4643
v -11 -34.6962 16
v -11 -34.6962 16
v -11 -34.6962 16
v -11 -34.6962 16
v -11 -34.6962 16
v -11 -34.6962 16
v -11 -34.6962 16
v -11 -34.6962 16
v -11 -34.6962 16
v -11 -34.6962 16
f 241 242 252 251
f 242 243 253 252
f 243 244 254 253
f 244 245 255 254
f 245 246 256 255
f 246 247 257 256
f 247 248 258 257
f 248 249 259 258
f 249 250 260 259
f 250 241 251 260
f 251 252 262 261
f 252 253 263 262
f 253 254 264 263
f 254 255 265 264
f 255 256 266 265
f 256 257 267 266
f 257 258 268 267
f 258 259 269 268
f 259 260 270 269
f 260 251 261 270
f 261 262 272 271
f 262 263 273 272
f 263 264 274 273
f 264 265 275 274
f 265 266 276 275
f 266 267 277 276
f 267 268 278 277
f 268 269 279 278
f 269 270 280 279
f 270 261 271 280
f 271 272 282 281
f 272 273 283 282
f 273 274 284 283
f 274 275 285 284
f 275 276 286 285
f 276 277 287 286
f 277 278 288 287
f 278 279 289 288
f 279 280 290 289
f 280 271 281 290
f 281 282 292 291
f 282 283 293 292
f 283 284 294 293
f 284 285 295 294
f 285 286 296 295
f 286 287 297 296
f 287 288 298 297
f 288 289 299 298
f 289 290 300 299
f 290 281 291 300
o Node_6
v -11 -24.9398 160
v -11 -24.9398 160
v -11 -24.9398 160
v -11 -24.9398 160
v -11 -24.9398 160
v -11 -24.9398 160
v -11 -24.9398 160
v -11 -24.9398 160
v -11 -24.9398 160
v -11 -24.9398 160
v -10.0887 -25.2359 160
v -10.2627 -25.2359 160.5357
v -10.7184 -25.2359 160.8667
v -11.2816 -25.2359 160.8667
v -11.7373 -25.2359 160.5357
v -11.9113 -25.2359 160
v -11.7373 -25.2359 159.4643
v -11.2816 -25.2359 159.1333
v -10.7184 -25.2359 159.1333
v -10.2627 -25.2359 159.4643
v -9.5254 -26.0111 160
v -9.8071 -26.0111 160.8667
v -10.5443 -26.0111 161.4024
v -11.4557 -26.0111 161.4024
v -12.1929 -26.0111 160.8667
v -12.4746 -26.0111 160
v -12.1929 -26.0111 159.1333
v -11.4557 -26.0111 158.5976
v -10.5443 -26.0111 158.5976
v -9.8071 -26.0111 159.1333
v -9.5254 -26.9694 160
v -9.8071 -26.9694 160.8667
v -10.5443 -26.9694 161.4024
v -11.4557 -26.9694 161.4024
v -12.1929 -26.9694 160.8667
v -12.4746 -26.9694 160
v -12.1929 -26.9694 159.1333
v -11.4557 -26.9694 158.5976
v -10.5443 -26.9694 158.5976
v -9.8071 -26.9694 159.1333
v -10.0887 -27.7446 160
v -10.2627 -27.7446 160.5357
v -10.7184 -27.7446 160.8667
v -11.2816 -27.7446 160.8667
v -11.7373 -27.7446 160.5357
v -11.9113 -27.7446 160
v -11.7373 -27.7446 159.4643
v -11.2816 -27.7446 159.1333
v -10.7184 -27.7446 159.1333
v -10.2627 -27.7446 159.4643
v -11 -28.0407 160
v -11 -28.0407 160
v -11 -28.0407 160
v -11 -28.0407 160
v -11 -28.0407 160
v -11 -28.0407 160
v -11 -28.0407 160
v -11 -28.0407 160
v -11 -28.0407 160
v -11 -28.0407 160
f 301 302 312 311
f 302 303 313 312
f 303 304 314 313
f 304 305 315 314
f 305 306 316 315
f 306 307 317 316
f 307 308 318 317
f 308 309 319 318
f 309 310 320 319
f 310 301 311 320
f 311 312 322 321
f 312 313 323 322
f 313 314 324 323
f 314 315 325 324
f 315 316 326 325
f 316 317 327 326
f 317 318 328 327
f 318 319 329 328
f 319 320 330 329
f 320 311 321 330
f 321 322 332 331
f 322 323 333 332
f 323 324 334 333
f 324 325 335 334
f 325 326 336 335
f 326 327 337 336
f 327 328 338 337
f 328 329 339 338
f 329 330 340 339
f 330 321 331 340
f 331 332 342 341
f 332 333 343 342
f 333 334 344 343
f 334 335 345 344
f 335 336 346 345
f 336 337 347 346
f 337 338 348 347
f 338 339 349 348
f 339 340 350 349
f 340 331 341 350
f 341 342 352 351
f 342 343 353 352
f 343 344 354 353
f 344 345 355 354
f 345 346 356 355
f 346 347 357 356
f 347 348 358 357
f 348 349 359 358
f 349 350 360 359
f 350 341 351 360
o Node_7
v 11 -40.2889 -144
v 11 -40.2889 -144
v 11 -40.2889 -144
v 11 -40.2889 -144
v 11 -40.2889 -144
v 11 -40.2889 -144
v 11 -40.2889 -144
v 11 -40.2889 -144
v 11 -40.2889 -144
v 11 -40.2889 -144
v 11.9113 -40.585 -144
v 11.7373 -40.585 -143.4643
v 11.2816 -40.585 -143.1333
v 10.7184 -40.585 -143.1333
v 10.2627 -40.585 -143.4643
v 10.0887 -40.585 -144
v 10.2627 -40.585 -144.5357
v 10.7184 -40.585 -144.8667
v 11.2816 -40.585 -144.8667
v 11.7373 -40.585 -144.5357
v 12.4746 -41.3602 -144
v 12.1929 -41.3602 -143.1333
v 11.4557 -41.3602 -142.5976
v 10.5443 -41.3602 -142.5976
v 9.8071 -41.3602 -143.1333
v 9.5254 -41.3602 -144
v 9.8071 -41.3602 -144.8667
v 10.5443 -41.3602 -145.4024
v 11.4557 -41.3602 -145.4024
v 12.1929 -41.3602 -144.8667
v 12.4746 -42.3185 -144
v 12.1929 -42.3185 -143.1333
v 11.4557 -42.3185 -142.5976
v 10.5443 -42.3185 -142.5976
v 9.8071 -42.3185 -143.1333
v 9.5254 -42.3185 -144
v 9.8071 -42.3185 -144.8667
v 10.5443 -42.3185 -145.4024
v 11.4557 -42.3185 -145.4024
v 12.1929 -42.3185 -144.8667
v 11.9113 -43.0937 -144
v 11.7373 -43.0937 -143.4643
v 11.2816 -43.0937 -143.1333
v 10.7184 -43.0937 -143.1333
v 10.2627 -43.0937 -143.4643
v 10.0887 -43.0937 -144
v 10.2627 -43.0937 -144.5357
v 10.7184 -43.0937 -144.8667
v 11.2816 -43.0937 -144.8667
v 11.7373 -43.0937 -144.5357
v 11 -43.3898 -144
v 11 -43.3898 -144
v 11 -43.3898 -144
v 11 -43.3898 -144
v 11 -43.3898 -144
v 11 -43.3898 -144
v 11 -43.3898 -144
v 11 -43.3898 -144
v 11 -43.3898 -144
v 11 -43.3898 -144
f 361 362 372 371
f 362 363 373 372
f 363 364 374 373
f 364 365 375 374
f 365 366 376 375
f 366 367 377 376
f 367 368 378 377
f 368 369 379 378
f 369 370 380 379
f 370 361 371 380
f 371 372 382 381
f 372 373 383 382
f 373 374 384 383
f 374 375 385 384
f 375 376 386 385
f 376 377 387 386
f 377 378 388 387
f 378 379 389 388
f 379 380 390 389
f 380 371 381 390
f 381 382 392 391
f 382 383 393 392
f 383 384 394 393
f 384 385 395 394
f 385 386 396 395
f 386 387 397 396
f 387 388 398 397
f 388 389 399 398
f 389 390 400 399
f 390 381 391 400
f 391 392 402 401
f 392 393 403 402
f 393 394 404 403
f 394 395 405 404
f 395 396 406 405
f 396 397 407 406
f 397 398 408 407
f 398 399 409 408
f 399 400 410 409
f 400 391 401 410
f 401 402 412 411
f 402 403 413 412
f 403 404 414 413
f 404 405 415 414
f 405 406 416 415
f 406 407 417 416
f 407 408 418 417
f 408 409 419 418
f 409 410 420 419
f 410 401 411 420
o Node_8
v 11 -38.23 -86.4
v 11 -38.23 -86.4
v 11 -38.23 -86.4
v 11 -38.23 -86.4
v 11 -38.23 -86.4
v 11 -38.23 -86.4
v 11 -38.23 -86.4
v 11 -38.23 -86.4
v 11 -38.23 -86.4
v 11 -38.23 -86.4
v 11.9113 -38.5261 -86.4
v 11.7373 -38.5261 -85.8643
v 11.2816 -38.5261 -85.5333
v 10.7184 -38.5261 -85.5333
v 10.2627 -38.5261 -85.8643
v 10.0887 -38.5261 -86.4
v 10.2627 -38.5261 -86.9357
v 10.7184 -38.5261 -87.2667
v 11.2816 -38.5261 -87.2667
v 11.7373 -38.5261 -86.9357
v 12.4746 -39.3013 -86.4
v 12.1929 -39.3013 -85.5333
v 11.4557 -39.3013 -84.9976
v 10.5443 -39.3013 -84.9976
v 9.8071 -39.3013 -85.5333
v 9.5254 -39.3013 -86.4
v 9.8071 -39.3013 -87.2667
v 10.5443 -39.3013 -87.8024
v 11.4557 -39.3013 -87.8024
v 12.1929 -39.3013 -87.2667
v 12.4746 -40.2595 -86.4
v 12.1929 -40.2595 -85.5333
v 11.4557 -40.2595 -84.9976
v 10.5443 -40.2595 -84.9976
v 9.8071 -40.2595 -85.5333
v 9.5254 -40.2595 -86.4
v 9.8071 -40.2595 -87.2667
v 10.5443 -40.2595 -87.8024
v 11.4557 -40.2595 -87.8024
v 12.1929 -40.2595 -87.2667
v 11.9113 -41.0348 -86.4
v 11.7373 -41.0348 -85.8643
v 11.2816 -41.0348 -85.5333
v 10.7184 -41.0348 -85.5333
v 10.2627 -41.0348 -85.8643
v 10.0887 -41.0348 -86.4
v 10.2627 -41.0348 -86.9357
v 10.7184 -41.0348 -87.2667
v 11.2816 -41.0348 -87.2667
v 11.7373 -41.0348 -86.9357
v 11 -41.3309 -86.4
v 11 -41.3309 -86.4
v 11 -41.3309 -86.4
v 11 -41.3309 -86.4
v 11 -41.3309 -86.4
v 11 -41.3309 -86.4
v 11 -41.3309 -86.4
v 11 -41.3309 -86.4
v 11 -41.3309 -86.4
v 11 -41.3309 -86.4
f 421 422 432 431
f 422 423 433 432
f 423 424 434 433
f 424 425 435 434
f 425 426 436 435
f 426 427 437 436
f 427 428 438 437
f 428 429 439 438
f 429 430 440 439
f 430 421 431 440
f 431 432 442 441
f 432 433 443 442
f 433 434 444 443
f 434 435 445 444
f 435 436 446 445
f 436 437 447 446
f 437 438 448 447
f 438 439 449 448
f 439 440 450 449
f 440 431 441 450
f 441 442 452 451
f 442 443 453 452
f 443 444 454 453
f 444 445 455 454
f 445 446 456 455
f 446 447 457 456
f 447 448 458 457
f 448 449 459 458
f 449 450 460 459
f 450 441 451 460
f 451 452 462 461
f 452 453 463 462
f 453 454 464 463
f 454 455 465 464
f 455 456 466 465
f 456 457 467 466
f 457 458 468 467
f 458 459 469 468
f 459 460 470 469
f 460 451 461 470
f 461 462 472 471
f 462 463 473 472
f 463 464 474 473
f 464 465 475 474
f 465 466 476 475
f 466 467 477 476
f 467 468 478 477
f 468 469 479 478
f 469 470 480 479
f 470 461 471 480
o Node_9
v 11 -34.6331 -51.2
v 11 -34.6331 -51.2
v 11 -34.6331 -51.2
v 11 -34.6331 -51.2
v 11 -34.6331 -51.2
v 11 -34.6331 -51.2
v 11 -34.6331 -51.2
v 11 -34.6331 -51.2
v 11 -34.6331 -51.2
v 11 -34.6331 -51.2
v 11.9113 -34.9292 -51.2
v 11.7373 -34.9292 -50.6643
v 11.2816 -34.9292 -50.3333
v 10.7184 -34.9292 -50.3333
v 10.2627 -34.9292 -50.6643
v 10.0887 -34.9292 -51.2
v 10.2627 -34.9292 -51.7357
v 10.7184 -34.9292 -52.0667
v 11.2816 -34.9292 -52.0667
v 11.7373 -34.9292 -51.7357
v 12.4746 -35.7044 -51.2
v 12.1929 -35.7044 -50.3333
v 11.4557 -35.7044 -49.7976
v 10.5443 -35.7044 -49.7976
v 9.8071 -35.7044 -50.3333
v 9.5254 -35.7044 -51.2
v 9.8071 -35.7044 -52.0667
v 10.5443 -35.7044 -52.6024
v 11.4557 -35.7044 -52.6024
v 12.1929 -35.7044 -52.0667
v 12.4746 -36.6627 -51.2
v 12.1929 -36.6627 -50.3333
v 11.4557 -36.6627 -49.7976
v 10.5443 -36.6627 -49.7976
v 9.8071 -36.6627 -50.3333
v 9.5254 -36.6627 -51.2
v 9.8071 -36.6627 -52.0667
v 10.5443 -36.6627 -52.6024
v 11.4557 -36.6627 -52.6024
v 12.1929 -36.6627 -52.0667
v 11.9113 -37.4379 -51.2
v 11.7373 -37.4379 -50.6643
v 11.2816 -37.4379 -50.3333
v 10.7184 -37.4379 -50.3333
v 10.2627 -37.4379 -50.6643
v 10.0887 -37.4379 -51.2
v 10.2627 -37.4379 -51.7357
v 10.7184 -37.4379 -52.0667
v 11.2816 -37.4379 -52.0667
v 11.7373 -37.4379 -51.7357
v 11 -37.734 -51.2
v 11 -37.734 -51.2
v 11 -37.734 -51.2
v 11 -37.734 -51.2
v 11 -37.734 -51.2
v 11 -37.734 -51.2
v 11 -37.734 -51.2
v 11 -37.734 -51.2
v 11 -37.734 -51.2
v 11 -37.734 -51.2
f 481 482 492 491
f 482 483 493 492
f 483 484 494 493
f 484 485 495 494
f 485 486 496 495
f 486 487 497 496
f 487 488 498 497
f 488 489 499 498
f 489 490 500 499
f 490 481 491 500
f 491 492 502 501
f 492 493 503 502
f 493 494 504 503
f 494 495 505 504
f 495 496 506 505
f 496 497 507 506
f 497 498 508 507
f 498 499 509 508
f 499 500 510 509
f 500 491 501 510
f 501 502 512 511
f 502 503 513 512
f 503 504 514 513
f 504 505 515 514
f 505 506 516 515
f 506 507 517 516
f 507 508 518 517
f 508 509 519 518
f 509 510 520 519
f 510 501 511 520
f 511 512 522 521
f 512 513 523 522
f 513 514 524 523
f 514 515 525 524
f 515 516 526 525
f 516 517 527 526
f 517 518 528 527
f 518 519 529 528
f 519 520 530 529
f 520 511 521 530
f 521 522 532 531
f 522 523 533 532
f 523 524 534 533
f 524 525 535 534
f 525 526 536 535
f 526 527 537 536
f 527 528 538 537
f 528 529 539 538
f 529 530 540 539
f 530 521 531 540
o Node_10
v 11 -31.489 -1.6
v 11 -31.489 -1.6
v 11 -31.489 -1.6
v 11 -31.489 -1.6
v 11 -31.489 -1.6
v 11 -31.489 -1.6
v 11 -31.489 -1.6
v 11 -31.489 -1.6
v 11 -31.489 -1.6
v 11 -31.489 -1.6
v 11.9113 -31.7851 -1.6
v 11.7373 -31.7851 -1.0643
v 11.2816 -31.7851 -0.7333
v 10.7184 -31.7851 -0.7333
v 10.2627 -31.7851 -1.0643
v 10.0887 -31.7851 -1.6
v 10.2627 -31.7851 -2.1357
v 10.7184 -31.7851 -2.4667
v 11.2816 -31.7851 -2.4667
v 11.7373 -31.7851 -2.1357
v 12.4746 -32.5603 -1.6
v 12.1929 -32.5603 -0.7333
v 11.4557 -32.5603 -0.1976
v 10.5443 -32.5603 -0.1976
v 9.8071 -32.5603 -0.7333
v 9.5254 -32.5603 -1.6
v 9.8071 -32.5603 -2.4667
v 10.5443 -32.5603 -3.0024
v 11.4557 -32.5603 -3.0024
v 12.1929 -32.5603 -2.4667
v 12.4746 -33.5185 -1.6
v 12.1929 -33.5185 -0.7333
v 11.4557 -33.5185 -0.1976
v 10.5443 -33.5185 -0.1976
v 9.8071 -33.5185 -0.7333
v 9.5254 -33.5185 -1.6
v 9.8071 -33.5185 -2.4667
v 10.5443 -33.5185 -3.0024
v 11.4557 -33.5185 -3.0024
v 12.1929 -33.5185 -2.4667
v 11.9113 -34.2938 -1.6
v 11.7373 -34.2938 -1.0643
v 11.2816 -34.2938 -0.7333
v 10.7184 -34.2938 -0.7333
v 10.2627 -34.2938 -1.0643
v 10.0887 -34.2938 -1.6
v 10.2627 -34.2938 -2.1357
v 10.7184 -34.2938 -2.4667
v 11.2816 -34.2938 -2.4667
v 11.7373 -34.2938 -2.1357
v 11 -34.5899 -1.6
v 11 -34.5899 -1.6
v 11 -34.5899 -1.6
v 11 -34.5899 -1.6
v 11 -34.5899 -1.6
v 11 -34.5899 -1.6
v 11 -34.5899 -1.6
v 11 -34.5899 -1.6
v 11 -34.5899 -1.6
v 11 -34.5899 -1.6
f 541 542 552 551
f 542 543 553 552
f 543 544 554 553
f 544 545 555 554
f 545 546 556 555
f 546 547 557 556
f 547 548 558 557
f 548 549 559 558
f 549 550 560 559
f 550 541 551 560
f 551 552 562 561
f 552 553 563 562
f 553 554 564 563
f 554 555 565 564
f 555 556 566 565
f 556 557 567 566
f 557 558 568 567
f 558 559 569 568
f 559 560 570 569
f 560 551 561 570
f 561 562 572 571
f 562 563 573 572
f 563 564 574 573
f 564 565 575 574
f 565 566 576 575
f 566 567 577 576
f 567 568 578 577
f 568 569 579 578
f 569 570 580 579
f 570 561 571 580
f 571 572 582 581
f 572 573 583 582
f 573 574 584 583
f 574 575 585 584
f 575 576 586 585
f 576 577 587 586
f 577 578 588 587
f 578 579 589 588
f 579 580 590 589
f 580 571 581 590
f 581 582 592 591
f 582 583 593 592
f 583 584 594 593
f 584 585 595 594
f 585 586 596 595
f 586 587 597 596
f 587 588 598 597
f 588 589 599 598
f 589 590 600 599
f 590 581 591 600
o Node_11
v 11 -31.2865 16
v 11 -31.2865 16
v 11 -31.2865 16
v 11 -31.2865 16
v 11 -31.2865 16
v 11 -31.2865 16
v 11 -31.2865 16
v 11 -31.2865 16
v 11 -31.2865 16
v 11 -31.2865 16
v 11.9113 -31.5826 16
v 11.7373 -31.5826 16.5357
v 11.2816 -31.5826 16.8667
v 10.7184 -31.5826 16.8667
v 10.2627 -31.5826 16.5357
v 10.0887 -31.5826 16
v 10.2627 -31.5826 15.4643
v 10.7184 -31.5826 15.1333
v 11.2816 -31.5826 15.1333
v 11.7373 -31.5826 15.4643
v 12.4746 -32.3579 16
v 12.1929 -32.3579 16.8667
v 11.4557 -32.3579 17.4024
v 10.5443 -32.3579 17.4024
v 9.8071 -32.3579 16.8667
v 9.5254 -32.3579 16
v 9.8071 -32.3579 15.1333
v 10.5443 -32.3579 14.5976
v 11.4557 -32.3579 14.5976
v 12.1929 -32.3579 15.1333
v 12.4746 -33.3161 16
v 12.1929 -33.3161 16.8667
v 11.4557 -33.3161 17.4024
v 10.5443 -33.3161 17.4024
v 9.8071 -33.3161 16.8667
v 9.5254 -33.3161 16
v 9.8071 -33.3161 15.1333
v 10.5443 -33.3161 14.5976
v 11.4557 -33.3161 14.5976
v 12.1929 -33.3161 15.1333
v 11.9113 -34.0913 16
v 11.7373 -34.0913 16.5357
v 11.2816 -34.0913 16.8667
v 10.7184 -34.0913 16.8667
v 10.2627 -34.0913 16.5357
v 10.0887 -34.0913 16
v 10.2627 -34.0913 15.4643
v 10.7184 -34.0913 15.1333
v 11.2816 -34.0913 15.1333
v 11.7373 -34.0913 15.4643
v 11 -34.3874 16
v 11 -34.3874 16
v 11 -34.3874 16
v 11 -34.3874 16
v 11 -34.3874 16
v 11 -34.3874 16
v 11 -34.3874 16
v 11 -34.3874 16
v 11 -34.3874 16
v 11 -34.3874 16
f 601 602 612 611
f 602 603 613 612
f 603 604 614 613
f 604 605 615 614
f 605 606 616 615
f 606 607 617 616
f 607 608 618 617
f 608 609 619 618
f 609 610 620 619
f 610 601 611 620
f 611 612 622 621
f 612 613 623 622
f 613 614 624 623
f 614 615 625 624
f 615 616 626 625
f 616 617 627 626
f 617 618 628 627
f 618 619 629 628
f 619 620 630 629
f 620 611 621 630
f 621 622 632 631
f 622 623 633 632
f 623 624 634 633
f 624 625 635 634
f 625 626 636 635
f 626 627 637 636
f 627 628 638 637
f 628 629 639 638
f 629 630 640 639
f 630 621 631 640
f 631 632 642 641
f 632 633 643 642
f 633 634 644 643
f 634 635 645 644
f 635 636 646 645
f 636 637 647 646
f 637 638 648 647
f 638 639 649 648
f 639 640 650 649
f 640 631 641 650
f 641 642 652 651
f 642 643 653 652
f 643 644 654 653
f 644 645 655 654
f 645 646 656 655
f 646 647 657 656
f 647 648 658 657
f 648 649 659 658
f 649 650 660 659
f 650 641 651 660
o Node_12
v 11 -27.3366 160
v 11 -27.3366 160
v 11 -27.3366 160
v 11 -27.3366 160
v 11 -27.3366 160
v 11 -27.3366 160
v 11 -27.3366 160
v 11 -27.3366 160
v 11 -27.3366 160
v 11 -27.3366 160
v 11.9113 -27.6327 160
v 11.7373 -27.6327 160.5357
v 11.2816 -27.6327 160.8667
v 10.7184 -27.6327 160.8667
v 10.2627 -27.6327 160.5357
v 10.0887 -27.6327 160
v 10.2627 -27.6327 159.4643
v 10.7184 -27.6327 159.1333
v 11.2816 -27.6327 159.1333
v 11.7373 -27.6327 159.4643
v 12.4746 -28.408 160
v 12.1929 -28.408 160.8667
v 11.4557 -28.408 161.4024
v 10.5443 -28.408 161.4024
v 9.8071 -28.408 160.8667
v 9.5254 -28.408 160
v 9.8071 -28.408 159.1333
v 10.5443 -28.408 158.5976
v 11.4557 -28.408 158.5976
v 12.1929 -28.408 159.1333
v 12.4746 -29.3662 160
v 12.1929 -29.3662 160.8667
v 11.4557 -29.3662 161.4024
v 10.5443 -29.3662 161.4024
v 9.8071 -29.3662 160.8667
v 9.5254 -29.3662 160
v 9.8071 -29.3662 159.1333
v 10.5443 -29.3662 158.5976
v 11.4557 -29.3662 158.5976
v 12.1929 -29.3662 159.1333
v 11.9113 -30.1414 160
v 11.7373 -30.1414 160.5357
v 11.2816 -30.1414 160.8667
v 10.7184 -30.1414 160.8667
v 10.2627 -30.1414 160.5357
v 10.0887 -30.1414 160
v 10.2627 -30.1414 159.4643
v 10.7184 -30.1414 159.1333
v 11.2816 -30.1414 159.1333
v 11.7373 -30.1414 159.4643
v 11 -30.4375 160
v 11 -30.4375 160
v 11 -30.4375 160
v 11 -30.4375 160
v 11 -30.4375 160
v 11 -30.4375 160
v 11 -30.4375 160
v 11 -30.4375 160
v 11 -30.4375 160
v 11 -30.4375 160
f 661 662 672 671
f 662 663 673 672
f 663 664 674 673
f 664 665 675 674
f 665 666 676 675
f 666 667 677 676
f 667 668 678 677
f 668 669 679 678
f 669 670 680 679
f 670 661 671 680
f 671 672 682 681
f 672 673 683 682
f 673 674 684 683
f 674 675 685 684
f 675 676 686 685
f 676 677 687 686
f 677 678 688 687
f 678 679 689 688
f 679 680 690 689
f 680 671 681 690
f 681 682 692 691
f 682 683 693 692
f 683 684 694 693
f 684 685 695 694
f 685 686 696 695
f 686 687 697 696
f 687 688 698 697
f 688 689 699 698
f 689 690 700 699
f 690 681 691 700
f 691 692 702 701
f 692 693 703 702
f 693 694 704 703
f 694 695 705 704
f 695 696 706 705
f 696 697 707 706
f 697 698 708 707
f 698 699 709 708
f 699 700 710 709
f 700 691 701 710
f 701 702 712 711
f 702 703 713 712
f 703 704 714 713
f 704 705 715 714
f 705 706 716 715
f 706 707 717 716
f 707 708 718 717
f 708 709 719 718
f 709 710 720 719
f 710 701 711 720
o Node_13
v -152 -20.1847 160
v -152 -20.1847 160
v -152 -20.1847 160
v -152 -20.1847 160
v -152 -20.1847 160
v -152 -20.1847 160
v -152 -20.1847 160
v -152 -20.1847 160
v -152 -20.1847 160
v -152 -20.1847 160
v -151.0887 -20.4808 160
v -151.2627 -20.4808 160.5357
v -151.7184 -20.4808 160.8667
v -152.2816 -20.4808 160.8667
v -152.7373 -20.4808 160.5357
v -152.9113 -20.4808 160
v -152.7373 -20.4808 159.4643
v -152.2816 -20.4808 159.1333
v -151.7184 -20.4808 159.1333
v -151.2627 -20.4808 159.4643
v -150.5254 -21.256 160
v -150.8071 -21.256 160.8667
v -151.5443 -21.256 161.4024
v -152.4557 -21.256 161.4024
v -153.1929 -21.256 160.8667
v -153.4746 -21.256 160
v -153.1929 -21.256 159.1333
v -152.4557 -21.256 158.5976
v -151.5443 -21.256 158.5976
v -150.8071 -21.256 159.1333
v -150.5254 -22.2143 160
v -150.8071 -22.2143 160.8667
v -151.5443 -22.2143 161.4024
v -152.4557 -22.2143 161.4024
v -153.1929 -22.2143 160.8667
v -153.4746 -22.2143 160
v -153.1929 -22.2143 159.1333
v -152.4557 -22.2143 158.5976
v -151.5443 -22.2143 158.5976
v -150.8071 -22.2143 159.1333
v -151.0887 -22.9895 160
v -151.2627 -22.9895 160.5357
v -151.7184 -22.9895 160.8667
v -152.2816 -22.9895 160.8667
v -152.7373 -22.9895 160.5357
v -152.9113 -22.9895 160
v -152.7373 -22.9895 159.4643
v -152.2816 -22.9895 159.1333
v -151.7184 -22.9895 159.1333
v -151.2627 -22.9895 159.4643
v -152 -23.2856 160
v -152 -23.2856 160
v -152 -23.2856 160
v -152 -23.2856 160
v -152 -23.2856 160
v -152 -23.2856 160
v -152 -23.2856 160
v -152 -23.2856 160
v -152 -23.2856 160
v -152 -23.2856 160
f 721 722 732 731
f 722 723 733 732
f 723 724 734 733
f 724 725 735 734
f 725 726 736 735
f 726 727 737 736
f 727 728 738 737
f 728 729 739 738
f 729 730 740 739
f 730 721 731 740
f 731 732 742 741
f 732 733 743 742
f 733 734 744 743
f 734 735 745 744
f 735 736 746 745
f 736 737 747 746
f 737 738 748 747
f 738 739 749 748
f 739 740 750 749
f 740 731 741 750
f 741 742 752 751
f 742 743 753 752
f 743 744 754 753
f 744 745 755 754
f 745 746 756 755
f 746 747 757 756
f 747 748 758 757
f 748 749 759 758
f 749 750 760 759
f 750 741 751 760
f 751 752 762 761
f 752 753 763 762
f 753 754 764 763
f 754 755 765 764
f 755 756 766 765
f 756 757 767 766
f 757 758 768 767
f 758 759 769 768
f 759 760 770 769
f 760 751 761 770
f 761 762 772 771
f 762 763 773 772
f 763 764 774 773
f 764 765 775 774
f 765 766 776 775
f 766 767 777 776
f 767 768 778 777
f 768 769 779 778
f 769 770 780 779
f 770 761 771 780
o Node_14
v -84.76 -20.9952 160
v -84.76 -20.9952 160
v -84.76 -20.9952 160
v -84.76 -20.9952 160
v -84.76 -20.9952 160
v -84.76 -20.9952 160
v -84.76 -20.9952 160
v -84.76 -20.9952 160
v -84.76 -20.9952 160
v -84.76 -20.9952 160
v -83.8487 -21.2913 160
v -84.0227 -21.2913 160.5357
v -84.4784 -21.2913 160.8667
v -85.0416 -21.2913 160.8667
v -85.4973 -21.2913 160.5357
v -85.6713 -21.2913 160
v -85.4973 -21.2913 159.4643
v -85.0416 -21.2913 159.1333
v -84.4784 -21.2913 159.1333
v -84.0227 -21.2913 159.4643
v -83.2854 -22.0666 160
v -83.5671 -22.0666 160.8667
v -84.3043 -22.0666 161.4024
v -85.2157 -22.0666 161.4024
v -85.9529 -22.0666 160.8667
v -86.2346 -22.0666 160
v -85.9529 -22.0666 159.1333
v -85.2157 -22.0666 158.5976
v -84.3043 -22.0666 158.5976
v -83.5671 -22.0666 159.1333
v -83.2854 -23.0248 160
v -83.5671 -23.0248 160.8667
v -84.3043 -23.0248 161.4024
v -85.2157 -23.0248 161.4024
v -85.9529 -23.0248 160.8667
v -86.2346 -23.0248 160
v -85.9529 -23.0248 159.1333
v -85.2157 -23.0248 158.5976
v -84.3043 -23.0248 158.5976
v -83.5671 -23.0248 159.1333
v -83.8487 -23.8 160
v -84.0227 -23.8 160.5357
v -84.4784 -23.8 160.8667
v -85.0416 -23.8 160.8667
v -85.4973 -23.8 160.5357
v -85.6713 -23.8 160
v -85.4973 -23.8 159.4643
v -85.0416 -23.8 159.1333
v -84.4784 -23.8 159.1333
v -84.0227 -23.8 159.4643
v -84.76 -24.0961 160
v -84.76 -24.0961 160
v -84.76 -24.0961 160
v -84.76 -24.0961 160
v -84.76 -24.0961 160
v -84.76 -24.0961 160
v -84.76 -24.0961 160
v -84.76 -24.0961 160
v -84.76 -24.0961 160
v -84.76 -24.0961 160
f 781 782 792 791
f 782 783 793 792
f 783 784 794 793
f 784 785 795 794
f 785 786 796 795
f 786 787 797 796
f 787 788 798 797
f 788 789 799 798
f 789 790 800 799
f 790 781 791 800
f 791 792 802 801
f 792 793 803 802
f 793 794 804 803
f 794 795 805 804
f 795 796 806 805
f 796 797 807 806
f 797 798 808 807
f 798 799 809 808
f 799 800 810 809
f 800 791 801 810
f 801 802 812 811
f 802 803 813 812
f 803 804 814 813
f 804 805 815 814
f 805 806 816 815
f 806 807 817 816
f 807 808 818 817
f 808 809 819 818
f 809 810 820 819
f 810 801 811 820
f 811 812 822 821
f 812 813 823 822
f 813 814 824 823
f 814 815 825 824
f 815 816 826 825
f 816 817 827 826
f 817 818 828 827
f 818 819 829 828
f 819 820 830 829
f 820 811 821 830
f 821 822 832 831
f 822 823 833 832
f 823 824 834 833
f 824 825 835 834
f 825 826 836 835
f 826 827 837 836
f 827 828 838 837
f 828 829 839 838
f 829 830 840 839
f 830 821 831 840
o Node_15
v 84.76 -37.1969 160
v 84.76 -37.1969 160
v 84.76 -37.1969 160
v 84.76 -37.1969 160
v 84.76 -37.1969 160
v 84.76 -37.1969 160
v 84.76 -37.1969 160
v 84.76 -37.1969 160
v 84.76 -37.1969 160
v 84.76 -37.1969 160
v 85.6713 -37.493 160
v 85.4973 -37.493 160.5357
v 85.0416 -37.493 160.8667
v 84.4784 -37.493 160.8667
v 84.0227 -37.493 160.5357
v 83.8487 -37.493 160
v 84.0227 -37.493 159.4643
v 84.4784 -37.493 159.1333
v 85.0416 -37.493 159.1333
v 85.4973 -37.493 159.4643
v 86.2346 -38.2682 160
v 85.9529 -38.2682 160.8667
v 85.2157 -38.2682 161.4024
v 84.3043 -38.2682 161.4024
v 83.5671 -38.2682 160.8667
v 83.2854 -38.2682 160
v 83.5671 -38.2682 159.1333
v 84.3043 -38.2682 158.5976
v 85.2157 -38.2682 158.5976
v 85.9529 -38.2682 159.1333
v 86.2346 -39.2264 160
v 85.9529 -39.2264 160.8667
v 85.2157 -39.2264 161.4024
v 84.3043 -39.2264 161.4024
v 83.5671 -39.2264 160.8667
v 83.2854 -39.2264 160
v 83.5671 -39.2264 159.1333
v 84.3043 -39.2264 158.5976
v 85.2157 -39.2264 158.5976
v 85.9529 -39.2264 159.1333
v 85.6713 -40.0017 160
v 85.4973 -40.0017 160.5357
v 85.0416 -40.0017 160.8667
v 84.4784 -40.0017 160.8667
v 84.0227 -40.0017 160.5357
v 83.8487 -40.0017 160
v 84.0227 -40.0017 159.4643
v 84.4784 -40.0017 159.1333
v 85.0416 -40.0017 159.1333
v 85.4973 -40.0017 159.4643
v 84.76 -40.2978 160
v 84.76 -40.2978 160
v 84.76 -40.2978 160
v 84.76 -40.2978 160
v 84.76 -40.2978 160
v 84.76 -40.2978 160
v 84.76 -40.2978 160
v 84.76 -40.2978 160
v 84.76 -40.2978 160
v 84.76 -40.2978 160
f 841 842 852 851
f 842 843 853 852
f 843 844 854 853
f 844 845 855 854
f 845 846 856 855
f 846 847 857 856
f 847 848 858 857
f 848 849 859 858
f 849 850 860 859
f 850 841 851 860
f 851 852 862 861
f 852 853 863 862
f 853 854 864 863
f 854 855 865 864
f 855 856 866 865
f 856 857 867 866
f 857 858 868 867
f 858 859 869 868
f 859 860 870 869
f 860 851 861 870
f 861 862 872 871
f 862 863 873 872
f 863 864 874 873
f 864 865 875 874
f 865 866 876 875
f 866 867 877 876
f 867 868 878 877
f 868 869 879 878
f 869 870 880 879
f 870 861 871 880
f 871 872 882 881
f 872 873 883 882
f 873 874 884 883
f 874 875 885 884
f 875 876 886 885
f 876 877 887 886
f 877 878 888 887
f 878 879 889 888
f 879 880 890 889
f 880 871 881 890
f 881 882 892 891
f 882 883 893 892
f 883 884 894 893
f 884 885 895 894
f 885 886 896 895
f 886 887 897 896
f 887 888 898 897
f 888 889 899 898
f 889 890 900 899
f 890 881 891 900
o Node_16
v 152 -36.9609 160
v 152 -36.9609 160
v 152 -36.9609 160
v 152 -36.9609 160
v 152 -36.9609 160
v 152 -36.9609 160
v 152 -36.9609 160
v 152 -36.9609 160
v 152 -36.9609 160
v 152 -36.9609 160
v 152.9113 -37.257 160
v 152.7373 -37.257 160.5357
v 152.2816 -37.257 160.8667
v 151.7184 -37.257 160.8667
v 151.2627 -37.257 160.5357
v 151.0887 -37.257 160
v 151.2627 -37.257 159.4643
v 151.7184 -37.257 159.1333
v 152.2816 -37.257 159.1333
v 152.7373 -37.257 159.4643
v 153.4746 -38.0322 160
v 153.1929 -38.0322 160.8667
v 152.4557 -38.0322 161.4024
v 151.5443 -38.0322 161.4024
v 150.8071 -38.0322 160.8667
v 150.5254 -38.0322 160
v 150.8071 -38.0322 159.1333
v 151.5443 -38.0322 158.5976
v 152.4557 -38.0322 158.5976
v 153.1929 -38.0322 159.1333
v 153.4746 -38.9904 160
v 153.1929 -38.9904 160.8667
v 152.4557 -38.9904 161.4024
v 151.5443 -38.9904 161.4024
v 150.8071 -38.9904 160.8667
v 150.5254 -38.9904 160
v 150.8071 -38.9904 159.1333
v 151.5443 -38.9904 158.5976
v 152.4557 -38.9904 158.5976
v 153.1929 -38.9904 159.1333
v 152.9113 -39.7657 160
v 152.7373 -39.7657 160.5357
v 152.2816 -39.7657 160.8667
v 151.7184 -39.7657 160.8667
v 151.2627 -39.7657 160.5357
v 151.0887 -39.7657 160
v 151.2627 -39.7657 159.4643
v 151.7184 -39.7657 159.1333
v 152.2816 -39.7657 159.1333
v 152.7373 -39.7657 159.4643
v 152 -40.0618 160
v 152 -40.0618 160
v 152 -40.0618 160
v 152 -40.0618 160
v 152 -40.0618 160
v 152 -40.0618 160
v 152 -40.0618 160
v 152 -40.0618 160
v 152 -40.0618 160
v 152 -40.0618 160
f 901 902 912 911
f 902 903 913 912
f 903 904 914 913
f 904 905 915 914
f 905 906 916 915
f 906 907 917 916
f 907 908 918 917
f 908 909 919 918
f 909 910 920 919
f 910 901 911 920
f 911 912 922 921
f 912 913 923 922
f 913 914 924 923
f 914 915 925 924
f 915 916 926 925
f 916 917 927 926
f 917 918 928 927
f 918 919 929 928
f 919 920 930 929
f 920 911 921 930
f 921 922 932 931
f 922 923 933 932
f 923 924 934 933
f 924 925 935 934
f 925 926 936 935
f 926 927 937 936
f 927 928 938 937
f 928 929 939 938
f 929 930 940 939
f 930 921 931 940
f 931 932 942 941
f 932 933 943 942
f 933 934 944 943
f 934 935 945 944
f 935 936 946 945
f 936 937 947 946
f 937 938 948 947
f 938 939 949 948
f 939 940 950 949
f 940 931 941 950
f 941 942 952 951
f 942 943 953 952
f 943 944 954 953
f 944 945 955 954
f 945 946 956 955
f 946 947 957 956
f 947 948 958 957
f 948 949 959 958
f 949 950 960 959
f 950 941 951 960
o Node_17
v -152 -33.1149 16
v -152 -33.1149 16
v -152 -33.1149 16
v -152 -33.1149 16
v -152 -33.1149 16
v -152 -33.1149 16
v -152 -33.1149 16
v -152 -33.1149 16
v -152 -33.1149 16
v -152 -33.1149 16
v -151.0887 -33.411 16
v -151.2627 -33.411 16.5357
v -151.7184 -33.411 16.8667
v -152.2816 -33.411 16.8667
v -152.7373 -33.411 16.5357
v -152.9113 -33.411 16
v -152.7373 -33.411 15.4643
v -152.2816 -33.411 15.1333
v -151.7184 -33.411 15.1333
v -151.2627 -33.411 15.4643
v -150.5254 -34.1862 16
v -150.8071 -34.1862 16.8667
v -151.5443 -34.1862 17.4024
v -152.4557 -34.1862 17.4024
v -153.1929 -34.1862 16.8667
v -153.4746 -34.1862 16
v -153.1929 -34.1862 15.1333
v -152.4557 -34.1862 14.5976
v -151.5443 -34.1862 14.5976
v -150.8071 -34.1862 15.1333
v -150.5254 -35.1444 16
v -150.8071 -35.1444 16.8667
v -151.5443 -35.1444 17.4024
v -152.4557 -35.1444 17.4024
v -153.1929 -35.1444 16.8667
v -153.4746 -35.1444 16
v -153.1929 -35.1444 15.1333
v -152.4557 -35.1444 14.5976
v -151.5443 -35.1444 14.5976
v -150.8071 -35.1444 15.1333
v -151.0887 -35.9197 16
v -151.2627 -35.9197 16.5357
v -151.7184 -35.9197 16.8667
v -152.2816 -35.9197 16.8667
v -152.7373 -35.9197 16.5357
v -152.9113 -35.9197 16
v -152.7373 -35.9197 15.4643
v -152.2816 -35.9197 15.1333
v -151.7184 -35.9197 15.1333
v -151.2627 -35.9197 15.4643
v -152 -36.2158 16
v -152 -36.2158 16
v -152 -36.2158 16
v -152 -36.2158 16
v -152 -36.2158 16
v -152 -36.2158 16
v -152 -36.2158 16
v -152 -36.2158 16
v -152 -36.2158 16
v -152 -36.2158 16
f 961 962 972 971
f 962 963 973 972
f 963 964 974 973
f 964 965 975 974
f 965 966 976 975
f 966 967 977 976
f 967 968 978 977
f 968 969 979 978
f 969 970 980 979
f 970 961 971 980
f 971 972 982 981
f 972 973 983 982
f 973 974 984 983
f 974 975 985 984
f 975 976 986 985
f 976 977 987 986
f 977 978 988 987
f 978 979 989 988
f 979 980 990 989
f 980 971 981 990
f 981 982 992 991
f 982 983 993 992
f 983 984 994 993
f 984 985 995 994
f 985 986 996 995
f 986 987 997 996
f 987 988 998 997
f 988 989 999 998
f 989 990 1000 999
f 990 981 991 1000
f 991 992 1002 1001
f 992 993 1003 1002
f 993 994 1004 1003
f 994 995 1005 1004
f 995 996 1006 1005
f 996 997 1007 1006
f 997 998 1008 1007
f 998 999 1009 1008
f 999 1000 1010 1009
f 1000 991 1001 1010
f 1001 1002 1012 1011
f 1002 1003 1013 1012
f 1003 1004 1014 1013
f 1004 1005 1015 1014
f 1005 1006 1016 1015
f 1006 1007 1017 1016
f 1007 1008 1018 1017
f 1008 1009 1019 1018
f 1009 1010 1020 1019
f 1010 1001 1011 1020
o Node_18
v -84.76 -31.1005 16
v -84.76 -31.1005 16
v -84.76 -31.1005 16
v -84.76 -31.1005 16
v -84.76 -31.1005 16
v -84.76 -31.1005 16
v -84.76 -31.1005 16
v -84.76 -31.1005 16
v -84.76 -31.1005 16
v -84.76 -31.1005 16
v -83.8487 -31.3966 16
v -84.0227 -31.3966 16.5357
v -84.4784 -31.3966 16.8667
v -85.0416 -31.3966 16.8667
v -85.4973 -31.3966 16.5357
v -85.6713 -31.3966 16
v -85.4973 -31.3966 15.4643
v -85.0416 -31.3966 15.1333
v -84.4784 -31.3966 15.1333
v -84.0227 -31.3966 15.4643
v -83.2854 -32.1718 16
v -83.5671 -32.1718 16.8667
v -84.3043 -32.1718 17.4024
v -85.2157 -32.1718 17.4024
v -85.9529 -32.1718 16.8667
v -86.2346 -32.1718 16
v -85.9529 -32.1718 15.1333
v -85.2157 -32.1718 14.5976
v -84.3043 -32.1718 14.5976
v -83.5671 -32.1718 15.1333
v -83.2854 -33.13 16
v -83.5671 -33.13 16.8667
v -84.3043 -33.13 17.4024
v -85.2157 -33.13 17.4024
v -85.9529 -33.13 16.8667
v -86.2346 -33.13 16
v -85.9529 -33.13 15.1333
v -85.2157 -33.13 14.5976
v -84.3043 -33.13 14.5976
v -83.5671 -33.13 15.1333
v -83.8487 -33.9052 16
v -84.0227 -33.9052 16.5357
v -84.4784 -33.9052 16.8667
v -85.0416 -33.9052 16.8667
v -85.4973 -33.9052 16.5357
v -85.6713 -33.9052 16
v -85.4973 -33.9052 15.4643
v -85.0416 -33.9052 15.1333
v -84.4784 -33.9052 15.1333
v -84.0227 -33.9052 15.4643
v -84.76 -34.2014 16
v -84.76 -34.2014 16
v -84.76 -34.2014 16
v -84.76 -34.2014 16
v -84.76 -34.2014 16
v -84.76 -34.2014 16
v -84.76 -34.2014 16
v -84.76 -34.2014 16
v -84.76 -34.2014 16
v -84.76 -34.2014 16
f 1021 1022 1032 1031
f 1022 1023 1033 1032
f 1023 1024 1034 1033
f 1024 1025 1035 1034
f 1025 1026 1036 1035
f 1026 1027 1037 1036
f 1027 1028 1038 1037
f 1028 1029 1039 1038
f 1029 1030 1040 1039
f 1030 1021 1031 1040
f 1031 1032 1042 1041
f 1032 1033 1043 1042
f 1033 1034 1044 1043
f 1034 1035 1045 1044
f 1035 1036 1046 1045
f 1036 1037 1047 1046
f 1037 1038 1048 1047
f 1038 1039 1049 1048
f 1039 1040 1050 1049
f 1040 1031 1041 1050
f 1041 1042 1052 1051
f 1042 1043 1053 1052
f 1043 1044 1054 1053
f 1044 1045 1055 1054
f 1045 1046 1056 1055
f 1046 1047 1057 1056
f 1047 1048 1058 1057
f 1048 1049 1059 1058
f 1049 1050 1060 1059
f 1050 1041 1051 1060
f 1051 1052 1062 1061
f 1052 1053 1063 1062
f 1053 1054 1064 1063
f 1054 1055 1065 1064
f 1055 1056 1066 1065
f 1056 1057 1067 1066
f 1057 1058 1068 1067
f 1058 1059 1069 1068
f 1059 1060 1070 1069
f 1060 1051 1061 1070
f 1061 1062 1072 1071
f 1062 1063 1073 1072
f 1063 1064 1074 1073
f 1064 1065 1075 1074
f 1065 1066 1076 1075
f 1066 1067 1077 1076
f 1067 1068 1078 1077
f 1068 1069 1079 1078
f 1069 1070 1080 1079
f 1070 1061 1071 1080
o Node_19
v 84.76 -36.3453 16
v 84.76 -36.3453 16
v 84.76 -36.3453 16
v 84.76 -36.3453 16
v 84.76 -36.3453 16
v 84.76 -36.3453 16
v 84.76 -36.3453 16
v 84.76 -36.3453 16
v 84.76 -36.3453 16
v 84.76 -36.3453 16
v 85.6713 -36.6414 16
v 85.4973 -36.6414 16.5357
v 85.0416 -36.6414 16.8667
v 84.4784 -36.6414 16.8667
v 84.0227 -36.6414 16.5357
v 83.8487 -36.6414 16
v 84.0227 -36.6414 15.4643
v 84.4784 -36.6414 15.1333
v 85.0416 -36.6414 15.1333
v 85.4973 -36.6414 15.4643
v 86.2346 -37.4166 16
v 85.9529 -37.4166 16.8667
v 85.2157 -37.4166 17.4024
v 84.3043 -37.4166 17.4024
v 83.5671 -37.4166 16.8667
v 83.2854 -37.4166 16
v 83.5671 -37.4166 15.1333
v 84.3043 -37.4166 14.5976
v 85.2157 -37.4166 14.5976
v 85.9529 -37.4166 15.1333
v 86.2346 -38.3748 16
v 85.9529 -38.3748 16.8667
v 85.2157 -38.3748 17.4024
v 84.3043 -38.3748 17.4024
v 83.5671 -38.3748 16.8667
v 83.2854 -38.3748 16
v 83.5671 -38.3748 15.1333
v 84.3043 -38.3748 14.5976
v 85.2157 -38.3748 14.5976
v 85.9529 -38.3748 15.1333
v 85.6713 -39.1501 16
v 85.4973 -39.1501 16.5357
v 85.0416 -39.1501 16.8667
v 84.4784 -39.1501 16.8667
v 84.0227 -39.1501 16.5357
v 83.8487 -39.1501 16
v 84.0227 -39.1501 15.4643
v 84.4784 -39.1501 15.1333
v 85.0416 -39.1501 15.1333
v 85.4973 -39.1501 15.4643
v 84.76 -39.4462 16
v 84.76 -39.4462 16
v 84.76 -39.4462 16
v 84.76 -39.4462 16
v 84.76 -39.4462 16
v 84.76 -39.4462 16
v 84.76 -39.4462 16
v 84.76 -39.4462 16
v 84.76 -39.4462 16
v 84.76 -39.4462 16
f 1081 1082 1092 1091
f 1082 1083 1093 1092
f 1083 1084 1094 1093
f 1084 1085 1095 1094
f 1085 1086 1096 1095
f 1086 1087 1097 1096
f 1087 1088 1098 1097
f 1088 1089 1099 1098
f 1089 1090 1100 1099
f 1090 1081 1091 1100
f 1091 1092 1102 1101
f 1092 1093 1103 1102
f 1093 1094 1104 1103
f 1094 1095 1105 1104
f 1095 1096 1106 1105
f 1096 1097 1107 1106
f 1097 1098 1108 1107
f 1098 1099 1109 1108
f 1099 1100 1110 1109
f 1100 1091 1101 1110
f 1101 1102 1112 1111
f 1102 1103 1113 1112
f 1103 1104 1114 1113
f 1104 1105 1115 1114
f 1105 1106 1116 1115
f 1106 1107 1117 1116
f 1107 1108 1118 1117
f 1108 1109 1119 1118
f 1109 1110 1120 1119
f 1110 1101 1111 1120
f 1111 1112 1122 1121
f 1112 1113 1123 1122
f 1113 1114 1124 1123
f 1114 1115 1125 1124
f 1115 1116 1126 1125
f 1116 1117 1127 1126
f 1117 1118 1128 1127
f 1118 1119 1129 1128
f 1119 1120 1130 1129
f 1120 1111 1121 1130
f 1121 1122 1132 1131
f 1122 1123 1133 1132
f 1123 1124 1134 1133
f 1124 1125 1135 1134
f 1125 1126 1136 1135
f 1126 1127 1137 1136
f 1127 1128 1138 1137
f 1128 1129 1139 1138
f 1129 1130 1140 1139
f 1130 1121 1131 1140
o Node_20
v 152 -37.7456 16
v 152 -37.7456 16
v 152 -37.7456 16
v 152 -37.7456 16
v 152 -37.7456 16
v 152 -37.7456 16
v 152 -37.7456 16
v 152 -37.7456 16
v 152 -37.7456 16
v 152 -37.7456 16
v 152.9113 -38.0417 16
v 152.7373 -38.0417 16.5357
v 152.2816 -38.0417 16.8667
v 151.7184 -38.0417 16.8667
v 151.2627 -38.0417 16.5357
v 151.0887 -38.0417 16
v 151.2627 -38.0417 15.4643
v 151.7184 -38.0417 15.1333
v 152.2816 -38.0417 15.1333
v 152.7373 -38.0417 15.4643
v 153.4746 -38.8169 16
v 153.1929 -38.8169 16.8667
v 152.4557 -38.8169 17.4024
v 151.5443 -38.8169 17.4024
v 150.8071 -38.8169 16.8667
v 150.5254 -38.8169 16
v 150.8071 -38.8169 15.1333
v 151.5443 -38.8169 14.5976
v 152.4557 -38.8169 14.5976
v 153.1929 -38.8169 15.1333
v 153.4746 -39.7751 16
v 153.1929 -39.7751 16.8667
v 152.4557 -39.7751 17.4024
v 151.5443 -39.7751 17.4024
v 150.8071 -39.7751 16.8667
v 150.5254 -39.7751 16
v 150.8071 -39.7751 15.1333
v 151.5443 -39.7751 14.5976
v 152.4557 -39.7751 14.5976
v 153.1929 -39.7751 15.1333
v 152.9113 -40.5504 16
v 152.7373 -40.5504 16.5357
v 152.2816 -40.5504 16.8667
v 151.7184 -40.5504 16.8667
v 151.2627 -40.5504 16.5357
v 151.0887 -40.5504 16
v 151.2627 -40.5504 15.4643
v 151.7184 -40.5504 15.1333
v 152.2816 -40.5504 15.1333
v 152.7373 -40.5504 15.4643
v 152 -40.8465 16
v 152 -40.8465 16
v 152 -40.8465 16
v 152 -40.8465 16
v 152 -40.8465 16
v 152 -40.8465 16
v 152 -40.8465 16
v 152 -40.8465 16
v 152 -40.8465 16
v 152 -40.8465 16
f 1141 1142 1152 1151
f 1142 1143 1153 1152
f 1143 1144 1154 1153
f 1144 1145 1155 1154
f 1145 1146 1156 1155
f 1146 1147 1157 1156
f 1147 1148 1158 1157
f 1148 1149 1159 1158
f 1149 1150 1160 1159
f 1150 1141 1151 1160
f 1151 1152 1162 1161
f 1152 1153 1163 1162
f 1153 1154 1164 1163
f 1154 1155 1165 1164
f 1155 1156 1166 1165
f 1156 1157 1167 1166
f 1157 1158 1168 1167
f 1158 1159 1169 1168
f 1159 1160 1170 1169
f 1160 1151 1161 1170
f 1161 1162 1172 1171
f 1162 1163 1173 1172
f 1163 1164 1174 1173
f 1164 1165 1175 1174
f 1165 1166 1176 1175
f 1166 1167 1177 1176
f 1167 1168 1178 1177
f 1168 1169 1179 1178
f 1169 1170 1180 1179
f 1170 1161 1171 1180
f 1171 1172 1182 1181
f 1172 1173 1183 1182
f 1173 1174 1184 1183
f 1174 1175 1185 1184
f 1175 1176 1186 1185
f 1176 1177 1187 1186
f 1177 1178 1188 1187
f 1178 1179 1189 1188
f 1179 1180 1190 1189
f 1180 1171 1181 1190
f 1181 1182 1192 1191
f 1182 1183 1193 1192
f 1183 1184 1194 1193
f 1184 1185 1195 1194
f 1185 1186 1196 1195
f 1186 1187 1197 1196
f 1187 1188 1198 1197
f 1188 1189 1199 1198
f 1189 1190 1200 1199
f 1190 1181 1191 1200
o Node_21
v -152 -36.903 -1.6
v -152 -36.903 -1.6
v -152 -36.903 -1.6
v -152 -36.903 -1.6
v -152 -36.903 -1.6
v -152 -36.903 -1.6
v -152 -36.903 -1.6
v -152 -36.903 -1.6
v -152 -36.903 -1.6
v -152 -36.903 -1.6
v -151.0887 -37.1991 -1.6
v -151.2627 -37.1991 -1.0643
v -151.7184 -37.1991 -0.7333
v -152.2816 -37.1991 -0.7333
v -152.7373 -37.1991 -1.0643
v -152.9113 -37.1991 -1.6
v -152.7373 -37.1991 -2.1357
v -152.2816 -37.1991 -2.4667
v -151.7184 -37.1991 -2.4667
v -151.2627 -37.1991 -2.1357
v -150.5254 -37.9743 -1.6
v -150.8071 -37.9743 -0.7333
v -151.5443 -37.9743 -0.1976
v -152.4557 -37.9743 -0.1976
v -153.1929 -37.9743 -0.7333
v -153.4746 -37.9743 -1.6
v -153.1929 -37.9743 -2.4667
v -152.4557 -37.9743 -3.0024
v -151.5443 -37.9743 -3.0024
v -150.8071 -37.9743 -2.4667
v -150.5254 -38.9325 -1.6
v -150.8071 -38.9325 -0.7333
v -151.5443 -38.9325 -0.1976
v -152.4557 -38.9325 -0.1976
v -153.1929 -38.9325 -0.7333
v -153.4746 -38.9325 -1.6
v -153.1929 -38.9325 -2.4667
v -152.4557 -38.9325 -3.0024
v -151.5443 -38.9325 -3.0024
v -150.8071 -38.9325 -2.4667
v -151.0887 -39.7077 -1.6
v -151.2627 -39.7077 -1.0643
v -151.7184 -39.7077 -0.7333
v -152.2816 -39.7077 -0.7333
v -152.7373 -39.7077 -1.0643
v -152.9113 -39.7077 -1.6
v -152.7373 -39.7077 -2.1357
v -152.2816 -39.7077 -2.4667
v -151.7184 -39.7077 -2.4667
v -151.2627 -39.7077 -2.1357
v -152 -40.0039 -1.6
v -152 -40.0039 -1.6
v -152 -40.0039 -1.6
v -152 -40.0039 -1.6
v -152 -40.0039 -1.6
v -152 -40.0039 -1.6
v -152 -40.0039 -1.6
v -152 -40.0039 -1.6
v -152 -40.0039 -1.6
v -152 -40.0039 -1.6
f 1201 1202 1212 1211
f 1202 1203 1213 1212
f 1203 1204 1214 1213
f 1204 1205 1215 1214
f 1205 1206 1216 1215
f 1206 1207 1217 1216
f 1207 1208 1218 1217
f 1208 1209 1219 1218
f 1209 1210 1220 1219
f 1210 1201 1211 1220
f 1211 1212 1222 1221
f 1212 1213 1223 1222
f 1213 1214 1224 1223
f 1214 1215 1225 1224
f 1215 1216 1226 1225
f 1216 1217 1227 1226
f 1217 1218 1228 1227
f 1218 1219 1229 1228
f 1219 1220 1230 1229
f 1220 1211 1221 1230
f 1221 1222 1232 1231
f 1222 1223 1233 1232
f 1223 1224 1234 1233
f 1224 1225 1235 1234
f 1225 1226 1236 1235
f 1226 1227 1237 1236
f 1227 1228 1238 1237
f 1228 1229 1239 1238
f 1229 1230 1240 1239
f 1230 1221 1231 1240
f 1231 1232 1242 1241
f 1232 1233 1243 1242
f 1233 1234 1244 1243
f 1234 1235 1245 1244
f 1235 1236 1246 1245
f 1236 1237 1247 1246
f 1237 1238 1248 1247
f 1238 1239 1249 1248
f 1239 1240 1250 1249
f 1240 1231 1241 1250
f 1241 1242 1252 1251
f 1242 1243 1253 1252
f 1243 1244 1254 1253
f 1244 1245 1255 1254
f 1245 1246 1256 1255
f 1246 1247 1257 1256
f 1247 1248 1258 1257
f 1248 1249 1259 1258
f 1249 1250 1260 1259
f 1250 1241 1251 1260
o Node_22
v -84.76 -33.9138 -1.6
v -84.76 -33.9138 -1.6
v -84.76 -33.9138 -1.6
v -84.76 -33.9138 -1.6
v -84.76 -33.9138 -1.6
v -84.76 -33.9138 -1.6
v -84.76 -33.9138 -1.6
v -84.76 -33.9138 -1.6
v -84.76 -33.9138 -1.6
v -84.76 -33.9138 -1.6
v -83.8487 -34.2099 -1.6
v -84.0227 -34.2099 -1.0643
v -84.4784 -34.2099 -0.7333
v -85.0416 -34.2099 -0.7333
v -85.4973 -34.2099 -1.0643
v -85.6713 -34.2099 -1.6
v -85.4973 -34.2099 -2.1357
v -85.0416 -34.2099 -2.4667
v -84.4784 -34.2099 -2.4667
v -84.0227 -34.2099 -2.1357
v -83.2854 -34.9851 -1.6
v -83.5671 -34.9851 -0.7333
v -84.3043 -34.9851 -0.1976
v -85.2157 -34.9851 -0.1976
v -85.9529 -34.9851 -0.7333
v -86.2346 -34.9851 -1.6
v -85.9529 -34.9851 -2.4667
v -85.2157 -34.9851 -3.0024
v -84.3043 -34.9851 -3.0024
v -83.5671 -34.9851 -2.4667
v -83.2854 -35.9433 -1.6
v -83.5671 -35.9433 -0.7333
v -84.3043 -35.9433 -0.1976
v -85.2157 -35.9433 -0.1976
v -85.9529 -35.9433 -0.7333
v -86.2346 -35.9433 -1.6
v -85.9529 -35.9433 -2.4667
v -85.2157 -35.9433 -3.0024
v -84.3043 -35.9433 -3.0024
v -83.5671 -35.9433 -2.4667
v -83.8487 -36.7186 -1.6
v -84.0227 -36.7186 -1.0643
v -84.4784 -36.7186 -0.7333
v -85.0416 -36.7186 -0.7333
v -85.4973 -36.7186 -1.0643
v -85.6713 -36.7186 -1.6
v -85.4973 -36.7186 -2.1357
v -85.0416 -36.7186 -2.4667
v -84.4784 -36.7186 -2.4667
v -84.0227 -36.7186 -2.1357
v -84.76 -37.0147 -1.6
v -84.76 -37.0147 -1.6
v -84.76 -37.0147 -1.6
v -84.76 -37.0147 -1.6
v -84.76 -37.0147 -1.6
v -84.76 -37.0147 -1.6
v -84.76 -37.0147 -1.6
v -84.76 -37.0147 -1.6
v -84.76 -37.0147 -1.6
v -84.76 -37.0147 -1.6
f 1261 1262 1272 1271
f 1262 1263 1273 1272
f 1263 1264 1274 1273
f 1264 1265 1275 1274
f 1265 1266 1276 1275
f 1266 1267 1277 1276
f 1267 1268 1278 1277
f 1268 1269 1279 1278
f 1269 1270 1280 1279
f 1270 1261 1271 1280
f 1271 1272 1282 1281
f 1272 1273 1283 1282
f 1273 1274 1284 1283
f 1274 1275 1285 1284
f 1275 1276 1286 1285
f 1276 1277 1287 1286
f 1277 1278 1288 1287
f 1278 1279 1289 1288
f 1279 1280 1290 1289
f 1280 1271 1281 1290
f 1281 1282 1292 1291
f 1282 1283 1293 1292
f 1283 1284 1294 1293
f 1284 1285 1295 1294
f 1285 1286 1296 1295
f 1286 1287 1297 1296
f 1287 1288 1298 1297
f 1288 1289 1299 1298
f 1289 1290 1300 1299
f 1290 1281 1291 1300
f 1291 1292 1302 1301
f 1292 1293 1303 1302
f 1293 1294 1304 1303
f 1294 1295 1305 1304
f 1295 1296 1306 1305
f 1296 1297 1307 1306
f 1297 1298 1308 1307
f 1298 1299 1309 1308
f 1299 1300 1310 1309
f 1300 1291 1301 1310
f 1301 1302 1312 1311
f 1302 1303 1313 1312
f 1303 1304 1314 1313
f 1304 1305 1315 1314
f 1305 1306 1316 1315
f 1306 1307 1317 1316
f 1307 1308 1318 1317
f 1308 1309 1319 1318
f 1309 1310 1320 1319
f 1310 1301 1311 1320
o Node_23
v -26.4 -31.8815 -1.6
v -26.4 -31.8815 -1.6
v -26.4 -31.8815 -1.6
v -26.4 -31.8815 -1.6
v -26.4 -31.8815 -1.6
v -26.4 -31.8815 -1.6
v -26.4 -31.8815 -1.6
v -26.4 -31.8815 -1.6
v -26.4 -31.8815 -1.6
v -26.4 -31.8815 -1.6
v -25.4887 -32.1776 -1.6
v -25.6627 -32.1776 -1.0643
v -26.1184 -32.1776 -0.7333
v -26.6816 -32.1776 -0.7333
v -27.1373 -32.1776 -1.0643
v -27.3113 -32.1776 -1.6
v -27.1373 -32.1776 -2.1357
v -26.6816 -32.1776 -2.4667
v -26.1184 -32.1776 -2.4667
v -25.6627 -32.1776 -2.1357
v -24.9254 -32.9528 -1.6
v -25.2071 -32.9528 -0.7333
v -25.9443 -32.9528 -0.1976
v -26.8557 -32.9528 -0.1976
v -27.5929 -32.9528 -0.7333
v -27.8746 -32.9528 -1.6
v -27.5929 -32.9528 -2.4667
v -26.8557 -32.9528 -3.0024
v -25.9443 -32.9528 -3.0024
v -25.2071 -32.9528 -2.4667
v -24.9254 -33.911 -1.6
v -25.2071 -33.911 -0.7333
v -25.9443 -33.911 -0.1976
v -26.8557 -33.911 -0.1976
v -27.5929 -33.911 -0.7333
v -27.8746 -33.911 -1.6
v -27.5929 -33.911 -2.4667
v -26.8557 -33.911 -3.0024
v -25.9443 -33.911 -3.0024
v -25.2071 -33.911 -2.4667
v -25.4887 -34.6863 -1.6
v -25.6627 -34.6863 -1.0643
v -26.1184 -34.6863 -0.7333
v -26.6816 -34.6863 -0.7333
v -27.1373 -34.6863 -1.0643
v -27.3113 -34.6863 -1.6
v -27.1373 -34.6863 -2.1357
v -26.6816 -34.6863 -2.4667
v -26.1184 -34.6863 -2.4667
v -25.6627 -34.6863 -2.1357
v -26.4 -34.9824 -1.6
v -26.4 -34.9824 -1.6
v -26.4 -34.9824 -1.6
v -26.4 -34.9824 -1.6
v -26.4 -34.9824 -1.6
v -26.4 -34.9824 -1.6
v -26.4 -34.9824 -1.6
v -26.4 -34.9824 -1.6
v -26.4 -34.9824 -1.6
v -26.4 -34.9824 -1.6
f 1321 1322 1332 1331
f 1322 1323 1333 1332
f 1323 1324 1334 1333
f 1324 1325 1335 1334
f 1325 1326 1336 1335
f 1326 1327 1337 1336
f 1327 1328 1338 1337
f 1328 1329 1339 1338
f 1329 1330 1340 1339
f 1330 1321 1331 1340
f 1331 1332 1342 1341
f 1332 1333 1343 1342
f 1333 1334 1344 1343
f 1334 1335 1345 1344
f 1335 1336 1346 1345
f 1336 1337 1347 1346
f 1337 1338 1348 1347
f 1338 1339 1349 1348
f 1339 1340 1350 1349
f 1340 1331 1341 1350
f 1341 1342 1352 1351
f 1342 1343 1353 1352
f 1343 1344 1354 1353
f 1344 1345 1355 1354
f 1345 1346 1356 1355
f 1346 1347 1357 1356
f 1347 1348 1358 1357
f 1348 1349 1359 1358
f 1349 1350 1360 1359
f 1350 1341 1351 1360
f 1351 1352 1362 1361
f 1352 1353 1363 1362
f 1353 1354 1364 1363
f 1354 1355 1365 1364
f 1355 1356 1366 1365
f 1356 1357 1367 1366
f 1357 1358 1368 1367
f 1358 1359 1369 1368
f 1359 1360 1370 1369
f 1360 1351 1361 1370
f 1361 1362 1372 1371
f 1362 1363 1373 1372
f 1363 1364 1374 1373
f 1364 1365 1375 1374
f 1365 1366 1376 1375
f 1366 1367 1377 1376
f 1367 1368 1378 1377
f 1368 1369 1379 1378
f 1369 1370 1380 1379
f 1370 1361 1371 1380
o Node_24
v 26.4 -32.4107 -1.6
v 26.4 -32.4107 -1.6
v 26.4 -32.4107 -1.6
v 26.4 -32.4107 -1.6
v 26.4 -32.4107 -1.6
v 26.4 -32.4107 -1.6
v 26.4 -32.4107 -1.6
v 26.4 -32.4107 -1.6
v 26.4 -32.4107 -1.6
v 26.4 -32.4107 -1.6
v 27.3113 -32.7068 -1.6
v 27.1373 -32.7068 -1.0643
v 26.6816 -32.7068 -0.7333
v 26.1184 -32.7068 -0.7333
v 25.6627 -32.7068 -1.0643
v 25.4887 -32.7068 -1.6
v 25.6627 -32.7068 -2.1357
v 26.1184 -32.7068 -2.4667
v 26.6816 -32.7068 -2.4667
v 27.1373 -32.7068 -2.1357
v 27.8746 -33.4821 -1.6
v 27.5929 -33.4821 -0.7333
v 26.8557 -33.4821 -0.1976
v 25.9443 -33.4821 -0.1976
v 25.2071 -33.4821 -0.7333
v 24.9254 -33.4821 -1.6
v 25.2071 -33.4821 -2.4667
v 25.9443 -33.4821 -3.0024
v 26.8557 -33.4821 -3.0024
v 27.5929 -33.4821 -2.4667
v 27.8746 -34.4403 -1.6
v 27.5929 -34.4403 -0.7333
v 26.8557 -34.4403 -0.1976
v 25.9443 -34.4403 -0.1976
v 25.2071 -34.4403 -0.7333
v 24.9254 -34.4403 -1.6
v 25.2071 -34.4403 -2.4667
v 25.9443 -34.4403 -3.0024
v 26.8557 -34.4403 -3.0024
v 27.5929 -34.4403 -2.4667
v 27.3113 -35.2155 -1.6
v 27.1373 -35.2155 -1.0643
v 26.6816 -35.2155 -0.7333
v 26.1184 -35.2155 -0.7333
v 25.6627 -35.2155 -1.0643
v 25.4887 -35.2155 -1.6
v 25.6627 -35.2155 -2.1357
v 26.1184 -35.2155 -2.4667
v 26.6816 -35.2155 -2.4667
v 27.1373 -35.2155 -2.1357
v 26.4 -35.5116 -1.6
v 26.4 -35.5116 -1.6
v 26.4 -35.5116 -1.6
v 26.4 -35.5116 -1.6
v 26.4 -35.5116 -1.6
v 26.4 -35.5116 -1.6
v 26.4 -35.5116 -1.6
v 26.4 -35.5116 -1.6
v 26.4 -35.5116 -1.6
v 26.4 -35.5116 -1.6
f 1381 1382 1392 1391
f 1382 1383 1393 1392
f 1383 1384 1394 1393
f 1384 1385 1395 1394
f 1385 1386 1396 1395
f 1386 1387 1397 1396
f 1387 1388 1398 1397
f 1388 1389 1399 1398
f 1389 1390 1400 1399
f 1390 1381 1391 1400
f 1391 1392 1402 1401
f 1392 1393 1403 1402
f 1393 1394 1404 1403
f 1394 1395 1405 1404
f 1395 1396 1406 1405
f 1396 1397 1407 1406
f 1397 1398 1408 1407
f 1398 1399 1409 1408
f 1399 1400 1410 1409
f 1400 1391 1401 1410
f 1401 1402 1412 1411
f 1402 1403 1413 1412
f 1403 1404 1414 1413
f 1404 1405 1415 1414
f 1405 1406 1416 1415
f 1406 1407 1417 1416
f 1407 1408 1418 1417
f 1408 1409 1419 1418
f 1409 1410 1420 1419
f 1410 1401 1411 1420
f 1411 1412 1422 1421
f 1412 1413 1423 1422
f 1413 1414 1424 1423
f 1414 1415 1425 1424
f 1415 1416 1426 1425
f 1416 1417 1427 1426
f 1417 1418 1428 1427
f 1418 1419 1429 1428
f 1419 1420 1430 1429
f 1420 1411 1421 1430
f 1421 1422 1432 1431
f 1422 1423 1433 1432
f 1423 1424 1434 1433
f 1424 1425 1435 1434
f 1425 1426 1436 1435
f 1426 1427 1437 1436
f 1427 1428 1438 1437
f 1428 1429 1439 1438
f 1429 1430 1440 1439
f 1430 1421 1431 1440
o Node_25
v 84.76 -36.6072 -1.6
v 84.76 -36.6072 -1.6
v 84.76 -36.6072 -1.6
v 84.76 -36.6072 -1.6
v 84.76 -36.6072 -1.6
v 84.76 -36.6072 -1.6
v 84.76 -36.6072 -1.6
v 84.76 -36.6072 -1.6
v 84.76 -36.6072 -1.6
v 84.76 -36.6072 -1.6
v 85.6713 -36.9033 -1.6
v 85.4973 -36.9033 -1.0643
v 85.0416 -36.9033 -0.7333
v 84.4784 -36.9033 -0.7333
v 84.0227 -36.9033 -1.0643
v 83.8487 -36.9033 -1.6
v 84.0227 -36.9033 -2.1357
v 84.4784 -36.9033 -2.4667
v 85.0416 -36.9033 -2.4667
v 85.4973 -36.9033 -2.1357
v 86.2346 -37.6786 -1.6
v 85.9529 -37.6786 -0.7333
v 85.2157 -37.6786 -0.1976
v 84.3043 -37.6786 -0.1976
v 83.5671 -37.6786 -0.7333
v 83.2854 -37.6786 -1.6
v 83.5671 -37.6786 -2.4667
v 84.3043 -37.6786 -3.0024
v 85.2157 -37.6786 -3.0024
v 85.9529 -37.6786 -2.4667
v 86.2346 -38.6368 -1.6
v 85.9529 -38.6368 -0.7333
v 85.2157 -38.6368 -0.1976
v 84.3043 -38.6368 -0.1976
v 83.5671 -38.6368 -0.7333
v 83.2854 -38.6368 -1.6
v 83.5671 -38.6368 -2.4667
v 84.3043 -38.6368 -3.0024
v 85.2157 -38.6368 -3.0024
v 85.9529 -38.6368 -2.4667
v 85.6713 -39.412 -1.6
v 85.4973 -39.412 -1.0643
v 85.0416 -39.412 -0.7333
v 84.4784 -39.412 -0.7333
v 84.0227 -39.412 -1.0643
v 83.8487 -39.412 -1.6
v 84.0227 -39.412 -2.1357
v 84.4784 -39.412 -2.4667
v 85.0416 -39.412 -2.4667
v 85.4973 -39.412 -2.1357
v 84.76 -39.7081 -1.6
v 84.76 -39.7081 -1.6
v 84.76 -39.7081 -1.6
v 84.76 -39.7081 -1.6
v 84.76 -39.7081 -1.6
v 84.76 -39.7081 -1.6
v 84.76 -39.7081 -1.6
v 84.76 -39.7081 -1.6
v 84.76 -39.7081 -1.6
v 84.76 -39.7081 -1.6
f 1441 1442 1452 1451
f 1442 1443 1453 1452
f 1443 1444 1454 1453
f 1444 1445 1455 1454
f 1445 1446 1456 1455
f 1446 1447 1457 1456
f 1447 1448 1458 1457
f 1448 1449 1459 1458
f 1449 1450 1460 1459
f 1450 1441 1451 1460
f 1451 1452 1462 1461
f 1452 1453 1463 1462
f 1453 1454 1464 1463
f 1454 1455 1465 1464
f 1455 1456 1466 1465
f 1456 1457 1467 1466
f 1457 1458 1468 1467
f 1458 1459 1469 1468
f 1459 1460 1470 1469
f 1460 1451 1461 1470
f 1461 1462 1472 1471
f 1462 1463 1473 1472
f 1463 1464 1474 1473
f 1464 1465 1475 1474
f 1465 1466 1476 1475
f 1466 1467 1477 1476
f 1467 1468 1478 1477
f 1468 1469 1479 1478
f 1469 1470 1480 1479
f 1470 1461 1471 1480
f 1471 1472 1482 1481
f 1472 1473 1483 1482
f 1473 1474 1484 1483
f 1474 1475 1485 1484
f 1475 1476 1486 1485
f 1476 1477 1487 1486
f 1477 1478 1488 1487
f 1478 1479 1489 1488
f 1479 1480 1490 1489
f 1480 1471 1481 1490
f 1481 1482 1492 1491
f 1482 1483 1493 1492
f 1483 1484 1494 1493
f 1484 1485 1495 1494
f 1485 1486 1496 1495
f 1486 1487 1497 1496
f 1487 1488 1498 1497
f 1488 1489 1499 1498
f 1489 1490 1500 1499
f 1490 1481 1491 1500
o Node_26
v 152 -36.7998 -1.6
v 152 -36.7998 -1.6
v 152 -36.7998 -1.6
v 152 -36.7998 -1.6
v 152 -36.7998 -1.6
v 152 -36.7998 -1.6
v 152 -36.7998 -1.6
v 152 -36.7998 -1.6
v 152 -36.7998 -1.6
v 152 -36.7998 -1.6
v 152.9113 -37.0959 -1.6
v 152.7373 -37.0959 -1.0643
v 152.2816 -37.0959 -0.7333
v 151.7184 -37.0959 -0.7333
v 151.2627 -37.0959 -1.0643
v 151.0887 -37.0959 -1.6
v 151.2627 -37.0959 -2.1357
v 151.7184 -37.0959 -2.4667
v 152.2816 -37.0959 -2.4667
v 152.7373 -37.0959 -2.1357
v 153.4746 -37.8711 -1.6
v 153.1929 -37.8711 -0.7333
v 152.4557 -37.8711 -0.1976
v 151.5443 -37.8711 -0.1976
v 150.8071 -37.8711 -0.7333
v 150.5254 -37.8711 -1.6
v 150.8071 -37.8711 -2.4667
v 151.5443 -37.8711 -3.0024
v 152.4557 -37.8711 -3.0024
v 153.1929 -37.8711 -2.4667
v 153.4746 -38.8293 -1.6
v 153.1929 -38.8293 -0.7333
v 152.4557 -38.8293 -0.1976
v 151.5443 -38.8293 -0.1976
v 150.8071 -38.8293 -0.7333
v 150.5254 -38.8293 -1.6
v 150.8071 -38.8293 -2.4667
v 151.5443 -38.8293 -3.0024
v 152.4557 -38.8293 -3.0024
v 153.1929 -38.8293 -2.4667
v 152.9113 -39.6046 -1.6
v 152.7373 -39.6046 -1.0643
v 152.2816 -39.6046 -0.7333
v 151.7184 -39.6046 -0.7333
v 151.2627 -39.6046 -1.0643
v 151.0887 -39.6046 -1.6
v 151.2627 -39.6046 -2.1357
v 151.7184 -39.6046 -2.4667
v 152.2816 -39.6046 -2.4667
v 152.7373 -39.6046 -2.1357
v 152 -39.9007 -1.6
v 152 -39.9007 -1.6
v 152 -39.9007 -1.6
v 152 -39.9007 -1.6
v 152 -39.9007 -1.6
v 152 -39.9007 -1.6
v 152 -39.9007 -1.6
v 152 -39.9007 -1.6
v 152 -39.9007 -1.6
v 152 -39.9007 -1.6
f 1501 1502 1512 1511
f 1502 1503 1513 1512
f 1503 1504 1514 1513
f 1504 1505 1515 1514
f 1505 1506 1516 1515
f 1506 1507 1517 1516
f 1507 1508 1518 1517
f 1508 1509 1519 1518
f 1509 1510 1520 1519
f 1510 1501 1511 1520
f 1511 1512 1522 1521
f 1512 1513 1523 1522
f 1513 1514 1524 1523
f 1514 1515 1525 1524
f 1515 1516 1526 1525
f 1516 1517 1527 1526
f 1517 1518 1528 1527
f 1518 1519 1529 1528
f 1519 1520 1530 1529
f 1520 1511 1521 1530
f 1521 1522 1532 1531
f 1522 1523 1533 1532
f 1523 1524 1534 1533
f 1524 1525 1535 1534
f 1525 1526 1536 1535
f 1526 1527 1537 1536
f 1527 1528 1538 1537
f 1528 1529 1539 1538
f 1529 1530 1540 1539
f 1530 1521 1531 1540
f 1531 1532 1542 1541
f 1532 1533 1543 1542
f 1533 1534 1544 1543
f 1534 1535 1545 1544
f 1535 1536 1546 1545
f 1536 1537 1547 1546
f 1537 1538 1548 1547
f 1538 1539 1549 1548
f 1539 1540 1550 1549
f 1540 1531 1541 1550
f 1541 1542 1552 1551
f 1542 1543 1553 1552
f 1543 1544 1554 1553
f 1544 1545 1555 1554
f 1545 1546 1556 1555
f 1546 1547 1557 1556
f 1547 1548 1558 1557
f 1548 1549 1559 1558
f 1549 1550 1560 1559
f 1550 1541 1551 1560
o Node_27
v -26.4 -30.9706 -11.2
v -26.4 -30.9706 -11.2
v -26.4 -30.9706 -11.2
v -26.4 -30.9706 -11.2
v -26.4 -30.9706 -11.2
v -26.4 -30.9706 -11.2
v -26.4 -30.9706 -11.2
v -26.4 -30.9706 -11.2
v -26.4 -30.9706 -11.2
v -26.4 -30.9706 -11.2
v -25.4887 -31.2667 -11.2
v -25.6627 -31.2667 -10.6643
v -26.1184 -31.2667 -10.3333
v -26.6816 -31.2667 -10.3333
v -27.1373 -31.2667 -10.6643
v -27.3113 -31.2667 -11.2
v -27.1373 -31.2667 -11.7357
v -26.6816 -31.2667 -12.0667
v -26.1184 -31.2667 -12.0667
v -25.6627 -31.2667 -11.7357
v -24.9254 -32.0419 -11.2
v -25.2071 -32.0419 -10.3333
v -25.9443 -32.0419 -9.7976
v -26.8557 -32.0419 -9.7976
v -27.5929 -32.0419 -10.3333
v -27.8746 -32.0419 -11.2
v -27.5929 -32.0419 -12.0667
v -26.8557 -32.0419 -12.6024
v -25.9443 -32.0419 -12.6024
v -25.2071 -32.0419 -12.0667
v -24.9254 -33.0002 -11.2
v -25.2071 -33.0002 -10.3333
v -25.9443 -33.0002 -9.7976
v -26.8557 -33.0002 -9.7976
v -27.5929 -33.0002 -10.3333
v -27.8746 -33.0002 -11.2
v -27.5929 -33.0002 -12.0667
v -26.8557 -33.0002 -12.6024
v -25.9443 -33.0002 -12.6024
v -25.2071 -33.0002 -12.0667
v -25.4887 -33.7754 -11.2
v -25.6627 -33.7754 -10.6643
v -26.1184 -33.7754 -10.3333
v -26.6816 -33.7754 -10.3333
v -27.1373 -33.7754 -10.6643
v -27.3113 -33.7754 -11.2
v -27.1373 -33.7754 -11.7357
v -26.6816 -33.7754 -12.0667
v -26.1184 -33.7754 -12.0667
v -25.6627 -33.7754 -11.7357
v -26.4 -34.0715 -11.2
v -26.4 -34.0715 -11.2
v -26.4 -34.0715 -11.2
v -26.4 -34.0715 -11.2
v -26.4 -34.0715 -11.2
v -26.4 -34.0715 -11.2
v -26.4 -34.0715 -11.2
v -26.4 -34.0715 -11.2
v -26.4 -34.0715 -11.2
v -26.4 -34.0715 -11.2
f 1561 1562 1572 1571
f 1562 1563 1573 1572
f 1563 1564 1574 1573
f 1564 1565 1575 1574
f 1565 1566 1576 1575
f 1566 1567 1577 1576
f 1567 1568 1578 1577
f 1568 1569 1579 1578
f 1569 1570 1580 1579
f 1570 1561 1571 1580
f 1571 1572 1582 1581
f 1572 1573 1583 1582
f 1573 1574 1584 1583
f 1574 1575 1585 1584
f 1575 1576 1586 1585
f 1576 1577 1587 1586
f 1577 1578 1588 1587
f 1578 1579 1589 1588
f 1579 1580 1590 1589
f 1580 1571 1581 1590
f 1581 1582 1592 1591
f 1582 1583 1593 1592
f 1583 1584 1594 1593
f 1584 1585 1595 1594
f 1585 1586 1596 1595
f 1586 1587 1597 1596
f 1587 1588 1598 1597
f 1588 1589 1599 1598
f 1589 1590 1600 1599
f 1590 1581 1591 1600
f 1591 1592 1602 1601
f 1592 1593 1603 1602
f 1593 1594 1604 1603
f 1594 1595 1605 1604
f 1595 1596 1606 1605
f 1596 1597 1607 1606
f 1597 1598 1608 1607
f 1598 1599 1609 1608
f 1599 1600 1610 1609
f 1600 1591 1601 1610
f 1601 1602 1612 1611
f 1602 1603 1613 1612
f 1603 1604 1614 1613
f 1604 1605 1615 1614
f 1605 1606 1616 1615
f 1606 1607 1617 1616
f 1607 1608 1618 1617
f 1608 1609 1619 1618
f 1609 1610 1620 1619
f 1610 1601 1611 1620
o Node_28
v 26.4 -32.5541 -11.2
v 26.4 -32.5541 -11.2
v 26.4 -32.5541 -11.2
v 26.4 -32.5541 -11.2
v 26.4 -32.5541 -11.2
v 26.4 -32.5541 -11.2
v 26.4 -32.5541 -11.2
v 26.4 -32.5541 -11.2
v 26.4 -32.5541 -11.2
v 26.4 -32.5541 -11.2
v 27.3113 -32.8502 -11.2
v 27.1373 -32.8502 -10.6643
v 26.6816 -32.8502 -10.3333
v 26.1184 -32.8502 -10.3333
v 25.6627 -32.8502 -10.6643
v 25.4887 -32.8502 -11.2
v 25.6627 -32.8502 -11.7357
v 26.1184 -32.8502 -12.0667
v 26.6816 -32.8502 -12.0667
v 27.1373 -32.8502 -11.7357
v 27.8746 -33.6255 -11.2
v 27.5929 -33.6255 -10.3333
v 26.8557 -33.6255 -9.7976
v 25.9443 -33.6255 -9.7976
v 25.2071 -33.6255 -10.3333
v 24.9254 -33.6255 -11.2
v 25.2071 -33.6255 -12.0667
v 25.9443 -33.6255 -12.6024
v 26.8557 -33.6255 -12.6024
v 27.5929 -33.6255 -12.0667
v 27.8746 -34.5837 -11.2
v 27.5929 -34.5837 -10.3333
v 26.8557 -34.5837 -9.7976
v 25.9443 -34.5837 -9.7976
v 25.2071 -34.5837 -10.3333
v 24.9254 -34.5837 -11.2
v 25.2071 -34.5837 -12.0667
v 25.9443 -34.5837 -12.6024
v 26.8557 -34.5837 -12.6024
v 27.5929 -34.5837 -12.0667
v 27.3113 -35.3589 -11.2
v 27.1373 -35.3589 -10.6643
v 26.6816 -35.3589 -10.3333
v 26.1184 -35.3589 -10.3333
v 25.6627 -35.3589 -10.6643
v 25.4887 -35.3589 -11.2
v 25.6627 -35.3589 -11.7357
v 26.1184 -35.3589 -12.0667
v 26.6816 -35.3589 -12.0667
v 27.1373 -35.3589 -11.7357
v 26.4 -35.655 -11.2
v 26.4 -35.655 -11.2
v 26.4 -35.655 -11.2
v 26.4 -35.655 -11.2
v 26.4 -35.655 -11.2
v 26.4 -35.655 -11.2
v 26.4 -35.655 -11.2
v 26.4 -35.655 -11.2
v 26.4 -35.655 -11.2
v 26.4 -35.655 -11.2
f 1621 1622 1632 1631
f 1622 1623 1633 1632
f 1623 1624 1634 1633
f 1624 1625 1635 1634
f 1625 1626 1636 1635
f 1626 1627 1637 1636
f 1627 1628 1638 1637
f 1628 1629 1639 1638
f 1629 1630 1640 1639
f 1630 1621 1631 1640
f 1631 1632 1642 1641
f 1632 1633 1643 1642
f 1633 1634 1644 1643
f 1634 1635 1645 1644
f 1635 1636 1646 1645
f 1636 1637 1647 1646
f 1637 1638 1648 1647
f 1638 1639 1649 1648
f 1639 1640 1650 1649
f 1640 1631 1641 1650
f 1641 1642 1652 1651
f 1642 1643 1653 1652
f 1643 1644 1654 1653
f 1644 1645 1655 1654
f 1645 1646 1656 1655
f 1646 1647 1657 1656
f 1647 1648 1658 1657
f 1648 1649 1659 1658
f 1649 1650 1660 1659
f 1650 1641 1651 1660
f 1651 1652 1662 1661
f 1652 1653 1663 1662
f 1653 1654 1664 1663
f 1654 1655 1665 1664
f 1655 1656 1666 1665
f 1656 1657 1667 1666
f 1657 1658 1668 1667
f 1658 1659 1669 1668
f 1659 1660 1670 1669
f 1660 1651 1661 1670
f 1661 1662 1672 1671
f 1662 1663 1673 1672
f 1663 1664 1674 1673
f 1664 1665 1675 1674
f 1665 1666 1676 1675
f 1666 1667 1677 1676
f 1667 1668 1678 1677
f 1668 1669 1679 1678
f 1669 1670 1680 1679
f 1670 1661 1671 1680
o Node_29
v -103.36 -43.5631 -51.2
v -103.36 -43.5631 -51.2
v -103.36 -43.5631 -51.2
v -103.36 -43.5631 -51.2
v -103.36 -43.5631 -51.2
v -103.36 -43.5631 -51.2
v -103.36 -43.5631 -51.2
v -103.36 -43.5631 -51.2
v -103.36 -43.5631 -51.2
v -103.36 -43.5631 -51.2
v -102.4487 -43.8592 -51.2
v -102.6227 -43.8592 -50.6643
v -103.0784 -43.8592 -50.3333
v -103.6416 -43.8592 -50.3333
v -104.0973 -43.8592 -50.6643
v -104.2713 -43.8592 -51.2
v -104.0973 -43.8592 -51.7357
v -103.6416 -43.8592 -52.0667
v -103.0784 -43.8592 -52.0667
v -102.6227 -43.8592 -51.7357
v -101.8854 -44.6344 -51.2
v -102.1671 -44.6344 -50.3333
v -102.9043 -44.6344 -49.7976
v -103.8157 -44.6344 -49.7976
v -104.5529 -44.6344 -50.3333
v -104.8346 -44.6344 -51.2
v -104.5529 -44.6344 -52.0667
v -103.8157 -44.6344 -52.6024
v -102.9043 -44.6344 -52.6024
v -102.1671 -44.6344 -52.0667
v -101.8854 -45.5926 -51.2
v -102.1671 -45.5926 -50.3333
v -102.9043 -45.5926 -49.7976
v -103.8157 -45.5926 -49.7976
v -104.5529 -45.5926 -50.3333
v -104.8346 -45.5926 -51.2
v -104.5529 -45.5926 -52.0667
v -103.8157 -45.5926 -52.6024
v -102.9043 -45.5926 -52.6024
v -102.1671 -45.5926 -52.0667
v -102.4487 -46.3679 -51.2
v -102.6227 -46.3679 -50.6643
v -103.0784 -46.3679 -50.3333
v -103.6416 -46.3679 -50.3333
v -104.0973 -46.3679 -50.6643
v -104.2713 -46.3679 -51.2
v -104.0973 -46.3679 -51.7357
v -103.6416 -46.3679 -52.0667
v -103.0784 -46.3679 -52.0667
v -102.6227 -46.3679 -51.7357
v -103.36 -46.664 -51.2
v -103.36 -46.664 -51.2
v -103.36 -46.664 -51.2
v -103.36 -46.664 -51.2
v -103.36 -46.664 -51.2
v -103.36 -46.664 -51.2
v -103.36 -46.664 -51.2
v -103.36 -46.664 -51.2
v -103.36 -46.664 -51.2
v -103.36 -46.664 -51.2
f 1681 1682 1692 1691
f 1682 1683 1693 1692
f 1683 1684 1694 1693
f 1684 1685 1695 1694
f 1685 1686 1696 1695
f 1686 1687 1697 1696
f 1687 1688 1698 1697
f 1688 1689 1699 1698
f 1689 1690 1700 1699
f 1690 1681 1691 1700
f 1691 1692 1702 1701
f 1692 1693 1703 1702
f 1693 1694 1704 1703
f 1694 1695 1705 1704
f 1695 1696 1706 1705
f 1696 1697 1707 1706
f 1697 1698 1708 1707
f 1698 1699 1709 1708
f 1699 1700 1710 1709
f 1700 1691 1701 1710
f 1701 1702 1712 1711
f 1702 1703 1713 1712
f 1703 1704 1714 1713
f 1704 1705 1715 1714
f 1705 1706 1716 1715
f 1706 1707 1717 1716
f 1707 1708 1718 1717
f 1708 1709 1719 1718
f 1709 1710 1720 1719
f 1710 1701 1711 1720
f 1711 1712 1722 1721
f 1712 1713 1723 1722
f 1713 1714 1724 1723
f 1714 1715 1725 1724
f 1715 1716 1726 1725
f 1716 1717 1727 1726
f 1717 1718 1728 1727
f 1718 1719 1729 1728
f 1719 1720 1730 1729
f 1720 1711 1721 1730
f 1721 1722 1732 1731
f 1722 1723 1733 1732
f 1723 1724 1734 1733
f 1724 1725 1735 1734
f 1725 1726 1736 1735
f 1726 1727 1737 1736
f 1727 1728 1738 1737
f 1728 1729 1739 1738
f 1729 1730 1740 1739
f 1730 1721 1731 1740
o Node_30
v 103.36 -32.8791 -51.2
v 103.36 -32.8791 -51.2
v 103.36 -32.8791 -51.2
v 103.36 -32.8791 -51.2
v 103.36 -32.8791 -51.2
v 103.36 -32.8791 -51.2
v 103.36 -32.8791 -51.2
v 103.36 -32.8791 -51.2
v 103.36 -32.8791 -51.2
v 103.36 -32.8791 -51.2
v 104.2713 -33.1752 -51.2
v 104.0973 -33.1752 -50.6643
v 103.6416 -33.1752 -50.3333
v 103.0784 -33.1752 -50.3333
v 102.6227 -33.1752 -50.6643
v 102.4487 -33.1752 -51.2
v 102.6227 -33.1752 -51.7357
v 103.0784 -33.1752 -52.0667
v 103.6416 -33.1752 -52.0667
v 104.0973 -33.1752 -51.7357
v 104.8346 -33.9504 -51.2
v 104.5529 -33.9504 -50.3333
v 103.8157 -33.9504 -49.7976
v 102.9043 -33.9504 -49.7976
v 102.1671 -33.9504 -50.3333
v 101.8854 -33.9504 -51.2
v 102.1671 -33.9504 -52.0667
v 102.9043 -33.9504 -52.6024
v 103.8157 -33.9504 -52.6024
v 104.5529 -33.9504 -52.0667
v 104.8346 -34.9086 -51.2
v 104.5529 -34.9086 -50.3333
v 103.8157 -34.9086 -49.7976
v 102.9043 -34.9086 -49.7976
v 102.1671 -34.9086 -50.3333
v 101.8854 -34.9086 -51.2
v 102.1671 -34.9086 -52.0667
v 102.9043 -34.9086 -52.6024
v 103.8157 -34.9086 -52.6024
v 104.5529 -34.9086 -52.0667
v 104.2713 -35.6838 -51.2
v 104.0973 -35.6838 -50.6643
v 103.6416 -35.6838 -50.3333
v 103.0784 -35.6838 -50.3333
v 102.6227 -35.6838 -50.6643
v 102.4487 -35.6838 -51.2
v 102.6227 -35.6838 -51.7357
v 103.0784 -35.6838 -52.0667
v 103.6416 -35.6838 -52.0667
v 104.0973 -35.6838 -51.7357
v 103.36 -35.98 -51.2
v 103.36 -35.98 -51.2
v 103.36 -35.98 -51.2
v 103.36 -35.98 -51.2
v 103.36 -35.98 -51.2
v 103.36 -35.98 -51.2
v 103.36 -35.98 -51.2
v 103.36 -35.98 -51.2
v 103.36 -35.98 -51.2
v 103.36 -35.98 -51.2
f 1741 1742 1752 1751
f 1742 1743 1753 1752
f 1743 1744 1754 1753
f 1744 1745 1755 1754
f 1745 1746 1756 1755
f 1746 1747 1757 1756
f 1747 1748 1758 1757
f 1748 1749 1759 1758
f 1749 1750 1760 1759
f 1750 1741 1751 1760
f 1751 1752 1762 1761
f 1752 1753 1763 1762
f 1753 1754 1764 1763
f 1754 1755 1765 1764
f 1755 1756 1766 1765
f 1756 1757 1767 1766
f 1757 1758 1768 1767
f 1758 1759 1769 1768
f 1759 1760 1770 1769
f 1760 1751 1761 1770
f 1761 1762 1772 1771
f 1762 1763 1773 1772
f 1763 1764 1774 1773
f 1764 1765 1775 1774
f 1765 1766 1776 1775
f 1766 1767 1777 1776
f 1767 1768 1778 1777
f 1768 1769 1779 1778
f 1769 1770 1780 1779
f 1770 1761 1771 1780
f 1771 1772 1782 1781
f 1772 1773 1783 1782
f 1773 1774 1784 1783
f 1774 1775 1785 1784
f 1775 1776 1786 1785
f 1776 1777 1787 1786
f 1777 1778 1788 1787
f 1778 1779 1789 1788
f 1779 1780 1790 1789
f 1780 1771 1781 1790
f 1781 1782 1792 1791
f 1782 1783 1793 1792
f 1783 1784 1794 1793
f 1784 1785 1795 1794
f 1785 1786 1796 1795
f 1786 1787 1797 1796
f 1787 1788 1798 1797
f 1788 1789 1799 1798
f 1789 1790 1800 1799
f 1790 1781 1791 1800
o Node_31
v -136.8 -45.7513 -86.4
v -136.8 -45.7513 -86.4
v -136.8 -45.7513 -86.4
v -136.8 -45.7513 -86.4
v -136.8 -45.7513 -86.4
v -136.8 -45.7513 -86.4
v -136.8 -45.7513 -86.4
v -136.8 -45.7513 -86.4
v -136.8 -45.7513 -86.4
v -136.8 -45.7513 -86.4
v -135.8887 -46.0474 -86.4
v -136.0627 -46.0474 -85.8643
v -136.5184 -46.0474 -85.5333
v -137.0816 -46.0474 -85.5333
v -137.5373 -46.0474 -85.8643
v -137.7113 -46.0474 -86.4
v -137.5373 -46.0474 -86.9357
v -137.0816 -46.0474 -87.2667
v -136.5184 -46.0474 -87.2667
v -136.0627 -46.0474 -86.9357
v -135.3254 -46.8226 -86.4
v -135.6071 -46.8226 -85.5333
v -136.3443 -46.8226 -84.9976
v -137.2557 -46.8226 -84.9976
v -137.9929 -46.8226 -85.5333
v -138.2746 -46.8226 -86.4
v -137.9929 -46.8226 -87.2667
v -137.2557 -46.8226 -87.8024
v -136.3443 -46.8226 -87.8024
v -135.6071 -46.8226 -87.2667
v -135.3254 -47.7809 -86.4
v -135.6071 -47.7809 -85.5333
v -136.3443 -47.7809 -84.9976
v -137.2557 -47.7809 -84.9976
v -137.9929 -47.7809 -85.5333
v -138.2746 -47.7809 -86.4
v -137.9929 -47.7809 -87.2667
v -137.2557 -47.7809 -87.8024
v -136.3443 -47.7809 -87.8024
v -135.6071 -47.7809 -87.2667
v -135.8887 -48.5561 -86.4
v -136.0627 -48.5561 -85.8643
v -136.5184 -48.5561 -85.5333
v -137.0816 -48.5561 -85.5333
v -137.5373 -48.5561 -85.8643
v -137.7113 -48.5561 -86.4
v -137.5373 -48.5561 -86.9357
v -137.0816 -48.5561 -87.2667
v -136.5184 -48.5561 -87.2667
v -136.0627 -48.5561 -86.9357
v -136.8 -48.8522 -86.4
v -136.8 -48.8522 -86.4
v -136.8 -48.8522 -86.4
v -136.8 -48.8522 -86.4
v -136.8 -48.8522 -86.4
v -136.8 -48.8522 -86.4
v -136.8 -48.8522 -86.4
v -136.8 -48.8522 -86.4
v -136.8 -48.8522 -86.4
v -136.8 -48.8522 -86.4
f 1801 1802 1812 1811
f 1802 1803 1813 1812
f 1803 1804 1814 1813
f 1804 1805 1815 1814
f 1805 1806 1816 1815
f 1806 1807 1817 1816
f 1807 1808 1818 1817
f 1808 1809 1819 1818
f 1809 1810 1820 1819
f 1810 1801 1811 1820
f 1811 1812 1822 1821
f 1812 1813 1823 1822
f 1813 1814 1824 1823
f 1814 1815 1825 1824
f 1815 1816 1826 1825
f 1816 1817 1827 1826
f 1817 1818 1828 1827
f 1818 1819 1829 1828
f 1819 1820 1830 1829
f 1820 1811 1821 1830
f 1821 1822 1832 1831
f 1822 1823 1833 1832
f 1823 1824 1834 1833
f 1824 1825 1835 1834
f 1825 1826 1836 1835
f 1826 1827 1837 1836
f 1827 1828 1838 1837
f 1828 1829 1839 1838
f 1829 1830 1840 1839
f 1830 1821 1831 1840
f 1831 1832 1842 1841
f 1832 1833 1843 1842
f 1833 1834 1844 1843
f 1834 1835 1845 1844
f 1835 1836 1846 1845
f 1836 1837 1847 1846
f 1837 1838 1848 1847
f 1838 1839 1849 1848
f 1839 1840 1850 1849
f 1840 1831 1841 1850
f 1841 1842 1852 1851
f 1842 1843 1853 1852
f 1843 1844 1854 1853
f 1844 1845 1855 1854
f 1845 1846 1856 1855
f 1846 1847 1857 1856
f 1847 1848 1858 1857
f 1848 1849 1859 1858
f 1849 1850 1860 1859
f 1850 1841 1851 1860
o Node_32
v -103.36 -44.8553 -86.4
v -103.36 -44.8553 -86.4
v -103.36 -44.8553 -86.4
v -103.36 -44.8553 -86.4
v -103.36 -44.8553 -86.4
v -103.36 -44.8553 -86.4
v -103.36 -44.8553 -86.4
v -103.36 -44.8553 -86.4
v -103.36 -44.8553 -86.4
v -103.36 -44.8553 -86.4
v -102.4487 -45.1514 -86.4
v -102.6227 -45.1514 -85.8643
v -103.0784 -45.1514 -85.5333
v -103.6416 -45.1514 -85.5333
v -104.0973 -45.1514 -85.8643
v -104.2713 -45.1514 -86.4
v -104.0973 -45.1514 -86.9357
v -103.6416 -45.1514 -87.2667
v -103.0784 -45.1514 -87.2667
v -102.6227 -45.1514 -86.9357
v -101.8854 -45.9266 -86.4
v -102.1671 -45.9266 -85.5333
v -102.9043 -45.9266 -84.9976
v -103.8157 -45.9266 -84.9976
v -104.5529 -45.9266 -85.5333
v -104.8346 -45.9266 -86.4
v -104.5529 -45.9266 -87.2667
v -103.8157 -45.9266 -87.8024
v -102.9043 -45.9266 -87.8024
v -102.1671 -45.9266 -87.2667
v -101.8854 -46.8849 -86.4
v -102.1671 -46.8849 -85.5333
v -102.9043 -46.8849 -84.9976
v -103.8157 -46.8849 -84.9976
v -104.5529 -46.8849 -85.5333
v -104.8346 -46.8849 -86.4
v -104.5529 -46.8849 -87.2667
v -103.8157 -46.8849 -87.8024
v -102.9043 -46.8849 -87.8024
v -102.1671 -46.8849 -87.2667
v -102.4487 -47.6601 -86.4
v -102.6227 -47.6601 -85.8643
v -103.0784 -47.6601 -85.5333
v -103.6416 -47.6601 -85.5333
v -104.0973 -47.6601 -85.8643
v -104.2713 -47.6601 -86.4
v -104.0973 -47.6601 -86.9357
v -103.6416 -47.6601 -87.2667
v -103.0784 -47.6601 -87.2667
v -102.6227 -47.6601 -86.9357
v -103.36 -47.9562 -86.4
v -103.36 -47.9562 -86.4
v -103.36 -47.9562 -86.4
v -103.36 -47.9562 -86.4
v -103.36 -47.9562 -86.4
v -103.36 -47.9562 -86.4
v -103.36 -47.9562 -86.4
v -103.36 -47.9562 -86.4
v -103.36 -47.9562 -86.4
v -103.36 -47.9562 -86.4
f 1861 1862 1872 1871
f 1862 1863 1873 1872
f 1863 1864 1874 1873
f 1864 1865 1875 1874
f 1865 1866 1876 1875
f 1866 1867 1877 1876
f 1867 1868 1878 1877
f 1868 1869 1879 1878
f 1869 1870 1880 1879
f 1870 1861 1871 1880
f 1871 1872 1882 1881
f 1872 1873 1883 1882
f 1873 1874 1884 1883
f 1874 1875 1885 1884
f 1875 1876 1886 1885
f 1876 1877 1887 1886
f 1877 1878 1888 1887
f 1878 1879 1889 1888
f 1879 1880 1890 1889
f 1880 1871 1881 1890
f 1881 1882 1892 1891
f 1882 1883 1893 1892
f 1883 1884 1894 1893
f 1884 1885 1895 1894
f 1885 1886 1896 1895
f 1886 1887 1897 1896
f 1887 1888 1898 1897
f 1888 1889 1899 1898
f 1889 1890 1900 1899
f 1890 1881 1891 1900
f 1891 1892 1902 1901
f 1892 1893 1903 1902
f 1893 1894 1904 1903
f 1894 1895 1905 1904
f 1895 1896 1906 1905
f 1896 1897 1907 1906
f 1897 1898 1908 1907
f 1898 1899 1909 1908
f 1899 1900 1910 1909
f 1900 1891 1901 1910
f 1901 1902 1912 1911
f 1902 1903 1913 1912
f 1903 1904 1914 1913
f 1904 1905 1915 1914
f 1905 1906 1916 1915
f 1906 1907 1917 1916
f 1907 1908 1918 1917
f 1908 1909 1919 1918
f 1909 1910 1920 1919
f 1910 1901 1911 1920
o Node_33
v -27.5 -41.912 -86.4
v -27.5 -41.912 -86.4
v -27.5 -41.912 -86.4
v -27.5 -41.912 -86.4
v -27.5 -41.912 -86.4
v -27.5 -41.912 -86.4
v -27.5 -41.912 -86.4
v -27.5 -41.912 -86.4
v -27.5 -41.912 -86.4
v -27.5 -41.912 -86.4
v -26.5887 -42.2081 -86.4
v -26.7627 -42.2081 -85.8643
v -27.2184 -42.2081 -85.5333
v -27.7816 -42.2081 -85.5333
v -28.2373 -42.2081 -85.8643
v -28.4113 -42.2081 -86.4
v -28.2373 -42.2081 -86.9357
v -27.7816 -42.2081 -87.2667
v -27.2184 -42.2081 -87.2667
v -26.7627 -42.2081 -86.9357
v -26.0254 -42.9833 -86.4
v -26.3071 -42.9833 -85.5333
v -27.0443 -42.9833 -84.9976
v -27.9557 -42.9833 -84.9976
v -28.6929 -42.9833 -85.5333
v -28.9746 -42.9833 -86.4
v -28.6929 -42.9833 -87.2667
v -27.9557 -42.9833 -87.8024
v -27.0443 -42.9833 -87.8024
v -26.3071 -42.9833 -87.2667
v -26.0254 -43.9415 -86.4
v -26.3071 -43.9415 -85.5333
v -27.0443 -43.9415 -84.9976
v -27.9557 -43.9415 -84.9976
v -28.6929 -43.9415 -85.5333
v -28.9746 -43.9415 -86.4
v -28.6929 -43.9415 -87.2667
v -27.9557 -43.9415 -87.8024
v -27.0443 -43.9415 -87.8024
v -26.3071 -43.9415 -87.2667
v -26.5887 -44.7168 -86.4
v -26.7627 -44.7168 -85.8643
v -27.2184 -44.7168 -85.5333
v -27.7816 -44.7168 -85.5333
v -28.2373 -44.7168 -85.8643
v -28.4113 -44.7168 -86.4
v -28.2373 -44.7168 -86.9357
v -27.7816 -44.7168 -87.2667
v -27.2184 -44.7168 -87.2667
v -26.7627 -44.7168 -86.9357
v -27.5 -45.0129 -86.4
v -27.5 -45.0129 -86.4
v -27.5 -45.0129 -86.4
v -27.5 -45.0129 -86.4
v -27.5 -45.0129 -86.4
v -27.5 -45.0129 -86.4
v -27.5 -45.0129 -86.4
v -27.5 -45.0129 -86.4
v -27.5 -45.0129 -86.4
v -27.5 -45.0129 -86.4
f 1921 1922 1932 1931
f 1922 1923 1933 1932
f 1923 1924 1934 1933
f 1924 1925 1935 1934
f 1925 1926 1936 1935
f 1926 1927 1937 1936
f 1927 1928 1938 1937
f 1928 1929 1939 1938
f 1929 1930 1940 1939
f 1930 1921 1931 1940
f 1931 1932 1942 1941
f 1932 1933 1943 1942
f 1933 1934 1944 1943
f 1934 1935 1945 1944
f 1935 1936 1946 1945
f 1936 1937 1947 1946
f 1937 1938 1948 1947
f 1938 1939 1949 1948
f 1939 1940 1950 1949
f 1940 1931 1941 1950
f 1941 1942 1952 1951
f 1942 1943 1953 1952
f 1943 1944 1954 1953
f 1944 1945 1955 1954
f 1945 1946 1956 1955
f 1946 1947 1957 1956
f 1947 1948 1958 1957
f 1948 1949 1959 1958
f 1949 1950 1960 1959
f 1950 1941 1951 1960
f 1951 1952 1962 1961
f 1952 1953 1963 1962
f 1953 1954 1964 1963
f 1954 1955 1965 1964
f 1955 1956 1966 1965
f 1956 1957 1967 1966
f 1957 1958 1968 1967
f 1958 1959 1969 1968
f 1959 1960 1970 1969
f 1960 1951 1961 1970
f 1961 1962 1972 1971
f 1962 1963 1973 1972
f 1963 1964 1974 1973
f 1964 1965 1975 1974
f 1965 1966 1976 1975
f 1966 1967 1977 1976
f 1967 1968 1978 1977
f 1968 1969 1979 1978
f 1969 1970 1980 1979
f 1970 1961 1971 1980
o Node_34
v 27.5 -36.3094 -86.4
v 27.5 -36.3094 -86.4
v 27.5 -36.3094 -86.4
v 27.5 -36.3094 -86.4
v 27.5 -36.3094 -86.4
v 27.5 -36.3094 -86.4
v 27.5 -36.3094 -86.4
v 27.5 -36.3094 -86.4
v 27.5 -36.3094 -86.4
v 27.5 -36.3094 -86.4
v 28.4113 -36.6055 -86.4
v 28.2373 -36.6055 -85.8643
v 27.7816 -36.6055 -85.5333
v 27.2184 -36.6055 -85.5333
v 26.7627 -36.6055 -85.8643
v 26.5887 -36.6055 -86.4
v 26.7627 -36.6055 -86.9357
v 27.2184 -36.6055 -87.2667
v 27.7816 -36.6055 -87.2667
v 28.2373 -36.6055 -86.9357
v 28.9746 -37.3808 -86.4
v 28.6929 -37.3808 -85.5333
v 27.9557 -37.3808 -84.9976
v 27.0443 -37.3808 -84.9976
v 26.3071 -37.3808 -85.5333
v 26.0254 -37.3808 -86.4
v 26.3071 -37.3808 -87.2667
v 27.0443 -37.3808 -87.8024
v 27.9557 -37.3808 -87.8024
v 28.6929 -37.3808 -87.2667
v 28.9746 -38.339 -86.4
v 28.6929 -38.339 -85.5333
v 27.9557 -38.339 -84.9976
v 27.0443 -38.339 -84.9976
v 26.3071 -38.339 -85.5333
v 26.0254 -38.339 -86.4
v 26.3071 -38.339 -87.2667
v 27.0443 -38.339 -87.8024
v 27.9557 -38.339 -87.8024
v 28.6929 -38.339 -87.2667
v 28.4113 -39.1142 -86.4
v 28.2373 -39.1142 -85.8643
v 27.7816 -39.1142 -85.5333
v 27.2184 -39.1142 -85.5333
v 26.7627 -39.1142 -85.8643
v 26.5887 -39.1142 -86.4
v 26.7627 -39.1142 -86.9357
v 27.2184 -39.1142 -87.2667
v 27.7816 -39.1142 -87.2667
v 28.2373 -39.1142 -86.9357
v 27.5 -39.4103 -86.4
v 27.5 -39.4103 -86.4
v 27.5 -39.4103 -86.4
v 27.5 -39.4103 -86.4
v 27.5 -39.4103 -86.4
v 27.5 -39.4103 -86.4
v 27.5 -39.4103 -86.4
v 27.5 -39.4103 -86.4
v 27.5 -39.4103 -86.4
v 27.5 -39.4103 -86.4
f 1981 1982 1992 1991
f 1982 1983 1993 1992
f 1983 1984 1994 1993
f 1984 1985 1995 1994
f 1985 1986 1996 1995
f 1986 1987 1997 1996
f 1987 1988 1998 1997
f 1988 1989 1999 1998
f 1989 1990 2000 1999
f 1990 1981 1991 2000
f 1991 1992 2002 2001
f 1992 1993 2003 2002
f 1993 1994 2004 2003
f 1994 1995 2005 2004
f 1995 1996 2006 2005
f 1996 1997 2007 2006
f 1997 1998 2008 2007
f 1998 1999 2009 2008
f 1999 2000 2010 2009
f 2000 1991 2001 2010
f 2001 2002 2012 2011
f 2002 2003 2013 2012
f 2003 2004 2014 2013
f 2004 2005 2015 2014
f 2005 2006 2016 2015
f 2006 2007 2017 2016
f 2007 2008 2018 2017
f 2008 2009 2019 2018
f 2009 2010 2020 2019
f 2010 2001 2011 2020
f 2011 2012 2022 2021
f 2012 2013 2023 2022
f 2013 2014 2024 2023
f 2014 2015 2025 2024
f 2015 2016 2026 2025
f 2016 2017 2027 2026
f 2017 2018 2028 2027
f 2018 2019 2029 2028
f 2019 2020 2030 2029
f 2020 2011 2021 2030
f 2021 2022 2032 2031
f 2022 2023 2033 2032
f 2023 2024 2034 2033
f 2024 2025 2035 2034
f 2025 2026 2036 2035
f 2026 2027 2037 2036
f 2027 2028 2038 2037
f 2028 2029 2039 2038
f 2029 2030 2040 2039
f 2030 2021 2031 2040
o Node_35
v 103.36 -29.2268 -86.4
v 103.36 -29.2268 -86.4
v 103.36 -29.2268 -86.4
v 103.36 -29.2268 -86.4
v 103.36 -29.2268 -86.4
v 103.36 -29.2268 -86.4
v 103.36 -29.2268 -86.4
v 103.36 -29.2268 -86.4
v 103.36 -29.2268 -86.4
v 103.36 -29.2268 -86.4
v 104.2713 -29.5229 -86.4
v 104.0973 -29.5229 -85.8643
v 103.6416 -29.5229 -85.5333
v 103.0784 -29.5229 -85.5333
v 102.6227 -29.5229 -85.8643
v 102.4487 -29.5229 -86.4
v 102.6227 -29.5229 -86.9357
v 103.0784 -29.5229 -87.2667
v 103.6416 -29.5229 -87.2667
v 104.0973 -29.5229 -86.9357
v 104.8346 -30.2981 -86.4
v 104.5529 -30.2981 -85.5333
v 103.8157 -30.2981 -84.9976
v 102.9043 -30.2981 -84.9976
v 102.1671 -30.2981 -85.5333
v 101.8854 -30.2981 -86.4
v 102.1671 -30.2981 -87.2667
v 102.9043 -30.2981 -87.8024
v 103.8157 -30.2981 -87.8024
v 104.5529 -30.2981 -87.2667
v 104.8346 -31.2564 -86.4
v 104.5529 -31.2564 -85.5333
v 103.8157 -31.2564 -84.9976
v 102.9043 -31.2564 -84.9976
v 102.1671 -31.2564 -85.5333
v 101.8854 -31.2564 -86.4
v 102.1671 -31.2564 -87.2667
v 102.9043 -31.2564 -87.8024
v 103.8157 -31.2564 -87.8024
v 104.5529 -31.2564 -87.2667
v 104.2713 -32.0316 -86.4
v 104.0973 -32.0316 -85.8643
v 103.6416 -32.0316 -85.5333
v 103.0784 -32.0316 -85.5333
v 102.6227 -32.0316 -85.8643
v 102.4487 -32.0316 -86.4
v 102.6227 -32.0316 -86.9357
v 103.0784 -32.0316 -87.2667
v 103.6416 -32.0316 -87.2667
v 104.0973 -32.0316 -86.9357
v 103.36 -32.3277 -86.4
v 103.36 -32.3277 -86.4
v 103.36 -32.3277 -86.4
v 103.36 -32.3277 -86.4
v 103.36 -32.3277 -86.4
v 103.36 -32.3277 -86.4
v 103.36 -32.3277 -86.4
v 103.36 -32.3277 -86.4
v 103.36 -32.3277 -86.4
v 103.36 -32.3277 -86.4
f 2041 2042 2052 2051
f 2042 2043 2053 2052
f 2043 2044 2054 2053
f 2044 2045 2055 2054
f 2045 2046 2056 2055
f 2046 2047 2057 2056
f 2047 2048 2058 2057
f 2048 2049 2059 2058
f 2049 2050 2060 2059
f 2050 2041 2051 2060
f 2051 2052 2062 2061
f 2052 2053 2063 2062
f 2053 2054 2064 2063
f 2054 2055 2065 2064
f 2055 2056 2066 2065
f 2056 2057 2067 2066
f 2057 2058 2068 2067
f 2058 2059 2069 2068
f 2059 2060 2070 2069
f 2060 2051 2061 2070
f 2061 2062 2072 2071
f 2062 2063 2073 2072
f 2063 2064 2074 2073
f 2064 2065 2075 2074
f 2065 2066 2076 2075
f 2066 2067 2077 2076
f 2067 2068 2078 2077
f 2068 2069 2079 2078
f 2069 2070 2080 2079
f 2070 2061 2071 2080
f 2071 2072 2082 2081
f 2072 2073 2083 2082
f 2073 2074 2084 2083
f 2074 2075 2085 2084
f 2075 2076 2086 2085
f 2076 2077 2087 2086
f 2077 2078 2088 2087
f 2078 2079 2089 2088
f 2079 2080 2090 2089
f 2080 2071 2081 2090
f 2081 2082 2092 2091
f 2082 2083 2093 2092
f 2083 2084 2094 2093
f 2084 2085 2095 2094
f 2085 2086 2096 2095
f 2086 2087 2097 2096
f 2087 2088 2098 2097
f 2088 2089 2099 2098
f 2089 2090 2100 2099
f 2090 2081 2091 2100
o Node_36
v 136.8 -28.4183 -86.4
v 136.8 -28.4183 -86.4
v 136.8 -28.4183 -86.4
v 136.8 -28.4183 -86.4
v 136.8 -28.4183 -86.4
v 136.8 -28.4183 -86.4
v 136.8 -28.4183 -86.4
v 136.8 -28.4183 -86.4
v 136.8 -28.4183 -86.4
v 136.8 -28.4183 -86.4
v 137.7113 -28.7144 -86.4
v 137.5373 -28.7144 -85.8643
v 137.0816 -28.7144 -85.5333
v 136.5184 -28.7144 -85.5333
v 136.0627 -28.7144 -85.8643
v 135.8887 -28.7144 -86.4
v 136.0627 -28.7144 -86.9357
v 136.5184 -28.7144 -87.2667
v 137.0816 -28.7144 -87.2667
v 137.5373 -28.7144 -86.9357
v 138.2746 -29.4897 -86.4
v 137.9929 -29.4897 -85.5333
v 137.2557 -29.4897 -84.9976
v 136.3443 -29.4897 -84.9976
v 135.6071 -29.4897 -85.5333
v 135.3254 -29.4897 -86.4
v 135.6071 -29.4897 -87.2667
v 136.3443 -29.4897 -87.8024
v 137.2557 -29.4897 -87.8024
v 137.9929 -29.4897 -87.2667
v 138.2746 -30.4479 -86.4
v 137.9929 -30.4479 -85.5333
v 137.2557 -30.4479 -84.9976
v 136.3443 -30.4479 -84.9976
v 135.6071 -30.4479 -85.5333
v 135.3254 -30.4479 -86.4
v 135.6071 -30.4479 -87.2667
v 136.3443 -30.4479 -87.8024
v 137.2557 -30.4479 -87.8024
v 137.9929 -30.4479 -87.2667
v 137.7113 -31.2231 -86.4
v 137.5373 -31.2231 -85.8643
v 137.0816 -31.2231 -85.5333
v 136.5184 -31.2231 -85.5333
v 136.0627 -31.2231 -85.8643
v 135.8887 -31.2231 -86.4
v 136.0627 -31.2231 -86.9357
v 136.5184 -31.2231 -87.2667
v 137.0816 -31.2231 -87.2667
v 137.5373 -31.2231 -86.9357
v 136.8 -31.5192 -86.4
v 136.8 -31.5192 -86.4
v 136.8 -31.5192 -86.4
v 136.8 -31.5192 -86.4
v 136.8 -31.5192 -86.4
v 136.8 -31.5192 -86.4
v 136.8 -31.5192 -86.4
v 136.8 -31.5192 -86.4
v 136.8 -31.5192 -86.4
v 136.8 -31.5192 -86.4
f 2101 2102 2112 2111
f 2102 2103 2113 2112
f 2103 2104 2114 2113
f 2104 2105 2115 2114
f 2105 2106 2116 2115
f 2106 2107 2117 2116
f 2107 2108 2118 2117
f 2108 2109 2119 2118
f 2109 2110 2120 2119
f 2110 2101 2111 2120
f 2111 2112 2122 2121
f 2112 2113 2123 2122
f 2113 2114 2124 2123
f 2114 2115 2125 2124
f 2115 2116 2126 2125
f 2116 2117 2127 2126
f 2117 2118 2128 2127
f 2118 2119 2129 2128
f 2119 2120 2130 2129
f 2120 2111 2121 2130
f 2121 2122 2132 2131
f 2122 2123 2133 2132
f 2123 2124 2134 2133
f 2124 2125 2135 2134
f 2125 2126 2136 2135
f 2126 2127 2137 2136
f 2127 2128 2138 2137
f 2128 2129 2139 2138
f 2129 2130 2140 2139
f 2130 2121 2131 2140
f 2131 2132 2142 2141
f 2132 2133 2143 2142
f 2133 2134 2144 2143
f 2134 2135 2145 2144
f 2135 2136 2146 2145
f 2136 2137 2147 2146
f 2137 2138 2148 2147
f 2138 2139 2149 2148
f 2139 2140 2150 2149
f 2140 2131 2141 2150
f 2141 2142 2152 2151
f 2142 2143 2153 2152
f 2143 2144 2154 2153
f 2144 2145 2155 2154
f 2145 2146 2156 2155
f 2146 2147 2157 2156
f 2147 2148 2158 2157
f 2148 2149 2159 2158
f 2149 2150 2160 2159
f 2150 2141 2151 2160
o Node_37
v -27.5 -42.8619 -97.6
v -27.5 -42.8619 -97.6
v -27.5 -42.8619 -97.6
v -27.5 -42.8619 -97.6
v -27.5 -42.8619 -97.6
v -27.5 -42.8619 -97.6
v -27.5 -42.8619 -97.6
v -27.5 -42.8619 -97.6
v -27.5 -42.8619 -97.6
v -27.5 -42.8619 -97.6
v -26.5887 -43.158 -97.6
v -26.7627 -43.158 -97.0643
v -27.2184 -43.158 -96.7333
v -27.7816 -43.158 -96.7333
v -28.2373 -43.158 -97.0643
v -28.4113 -43.158 -97.6
v -28.2373 -43.158 -98.1357
v -27.7816 -43.158 -98.4667
v -27.2184 -43.158 -98.4667
v -26.7627 -43.158 -98.1357
v -26.0254 -43.9332 -97.6
v -26.3071 -43.9332 -96.7333
v -27.0443 -43.9332 -96.1976
v -27.9557 -43.9332 -96.1976
v -28.6929 -43.9332 -96.7333
v -28.9746 -43.9332 -97.6
v -28.6929 -43.9332 -98.4667
v -27.9557 -43.9332 -99.0024
v -27.0443 -43.9332 -99.0024
v -26.3071 -43.9332 -98.4667
v -26.0254 -44.8914 -97.6
v -26.3071 -44.8914 -96.7333
v -27.0443 -44.8914 -96.1976
v -27.9557 -44.8914 -96.1976
v -28.6929 -44.8914 -96.7333
v -28.9746 -44.8914 -97.6
v -28.6929 -44.8914 -98.4667
v -27.9557 -44.8914 -99.0024
v -27.0443 -44.8914 -99.0024
v -26.3071 -44.8914 -98.4667
v -26.5887 -45.6667 -97.6
v -26.7627 -45.6667 -97.0643
v -27.2184 -45.6667 -96.7333
v -27.7816 -45.6667 -96.7333
v -28.2373 -45.6667 -97.0643
v -28.4113 -45.6667 -97.6
v -28.2373 -45.6667 -98.1357
v -27.7816 -45.6667 -98.4667
v -27.2184 -45.6667 -98.4667
v -26.7627 -45.6667 -98.1357
v -27.5 -45.9628 -97.6
v -27.5 -45.9628 -97.6
v -27.5 -45.9628 -97.6
v -27.5 -45.9628 -97.6
v -27.5 -45.9628 -97.6
v -27.5 -45.9628 -97.6
v -27.5 -45.9628 -97.6
v -27.5 -45.9628 -97.6
v -27.5 -45.9628 -97.6
v -27.5 -45.9628 -97.6
f 2161 2162 2172 2171
f 2162 2163 2173 2172
f 2163 2164 2174 2173
f 2164 2165 2175 2174
f 2165 2166 2176 2175
f 2166 2167 2177 2176
f 2167 2168 2178 2177
f 2168 2169 2179 2178
f 2169 2170 2180 2179
f 2170 2161 2171 2180
f 2171 2172 2182 2181
f 2172 2173 2183 2182
f 2173 2174 2184 2183
f 2174 2175 2185 2184
f 2175 2176 2186 2185
f 2176 2177 2187 2186
f 2177 2178 2188 2187
f 2178 2179 2189 2188
f 2179 2180 2190 2189
f 2180 2171 2181 2190
f 2181 2182 2192 2191
f 2182 2183 2193 2192
f 2183 2184 2194 2193
f 2184 2185 2195 2194
f 2185 2186 2196 2195
f 2186 2187 2197 2196
f 2187 2188 2198 2197
f 2188 2189 2199 2198
f 2189 2190 2200 2199
f 2190 2181 2191 2200
f 2191 2192 2202 2201
f 2192 2193 2203 2202
f 2193 2194 2204 2203
f 2194 2195 2205 2204
f 2195 2196 2206 2205
f 2196 2197 2207 2206
f 2197 2198 2208 2207
f 2198 2199 2209 2208
f 2199 2200 2210 2209
f 2200 2191 2201 2210
f 2201 2202 2212 2211
f 2202 2203 2213 2212
f 2203 2204 2214 2213
f 2204 2205 2215 2214
f 2205 2206 2216 2215
f 2206 2207 2217 2216
f 2207 2208 2218 2217
f 2208 2209 2219 2218
f 2209 2210 2220 2219
f 2210 2201 2211 2220
o Node_38
v 27.5 -37.1363 -97.6
v 27.5 -37.1363 -97.6
v 27.5 -37.1363 -97.6
v 27.5 -37.1363 -97.6
v 27.5 -37.1363 -97.6
v 27.5 -37.1363 -97.6
v 27.5 -37.1363 -97.6
v 27.5 -37.1363 -97.6
v 27.5 -37.1363 -97.6
v 27.5 -37.1363 -97.6
v 28.4113 -37.4324 -97.6
v 28.2373 -37.4324 -97.0643
v 27.7816 -37.4324 -96.7333
v 27.2184 -37.4324 -96.7333
v 26.7627 -37.4324 -97.0643
v 26.5887 -37.4324 -97.6
v 26.7627 -37.4324 -98.1357
v 27.2184 -37.4324 -98.4667
v 27.7816 -37.4324 -98.4667
v 28.2373 -37.4324 -98.1357
v 28.9746 -38.2077 -97.6
v 28.6929 -38.2077 -96.7333
v 27.9557 -38.2077 -96.1976
v 27.0443 -38.2077 -96.1976
v 26.3071 -38.2077 -96.7333
v 26.0254 -38.2077 -97.6
v 26.3071 -38.2077 -98.4667
v 27.0443 -38.2077 -99.0024
v 27.9557 -38.2077 -99.0024
v 28.6929 -38.2077 -98.4667
v 28.9746 -39.1659 -97.6
v 28.6929 -39.1659 -96.7333
v 27.9557 -39.1659 -96.1976
v 27.0443 -39.1659 -96.1976
v 26.3071 -39.1659 -96.7333
v 26.0254 -39.1659 -97.6
v 26.3071 -39.1659 -98.4667
v 27.0443 -39.1659 -99.0024
v 27.9557 -39.1659 -99.0024
v 28.6929 -39.1659 -98.4667
v 28.4113 -39.9411 -97.6
v 28.2373 -39.9411 -97.0643
v 27.7816 -39.9411 -96.7333
v 27.2184 -39.9411 -96.7333
v 26.7627 -39.9411 -97.0643
v 26.5887 -39.9411 -97.6
v 26.7627 -39.9411 -98.1357
v 27.2184 -39.9411 -98.4667
v 27.7816 -39.9411 -98.4667
v 28.2373 -39.9411 -98.1357
v 27.5 -40.2372 -97.6
v 27.5 -40.2372 -97.6
v 27.5 -40.2372 -97.6
v 27.5 -40.2372 -97.6
v 27.5 -40.2372 -97.6
v 27.5 -40.2372 -97.6
v 27.5 -40.2372 -97.6
v 27.5 -40.2372 -97.6
v 27.5 -40.2372 -97.6
v 27.5 -40.2372 -97.6
f 2221 2222 2232 2231
f 2222 2223 2233 2232
f 2223 2224 2234 2233
f 2224 2225 2235 2234
f 2225 2226 2236 2235
f 2226 2227 2237 2236
f 2227 2228 2238 2237
f 2228 2229 2239 2238
f 2229 2230 2240 2239
f 2230 2221 2231 2240
f 2231 2232 2242 2241
f 2232 2233 2243 2242
f 2233 2234 2244 2243
f 2234 2235 2245 2244
f 2235 2236 2246 2245
f 2236 2237 2247 2246
f 2237 2238 2248 2247
f 2238 2239 2249 2248
f 2239 2240 2250 2249
f 2240 2231 2241 2250
f 2241 2242 2252 2251
f 2242 2243 2253 2252
f 2243 2244 2254 2253
f 2244 2245 2255 2254
f 2245 2246 2256 2255
f 2246 2247 2257 2256
f 2247 2248 2258 2257
f 2248 2249 2259 2258
f 2249 2250 2260 2259
f 2250 2241 2251 2260
f 2251 2252 2262 2261
f 2252 2253 2263 2262
f 2253 2254 2264 2263
f 2254 2255 2265 2264
f 2255 2256 2266 2265
f 2256 2257 2267 2266
f 2257 2258 2268 2267
f 2258 2259 2269 2268
f 2259 2260 2270 2269
f 2260 2251 2261 2270
f 2261 2262 2272 2271
f 2262 2263 2273 2272
f 2263 2264 2274 2273
f 2264 2265 2275 2274
f 2265 2266 2276 2275
f 2266 2267 2277 2276
f 2267 2268 2278 2277
f 2268 2269 2279 2278
f 2269 2270 2280 2279
f 2270 2261 2271 2280
o Edge_0
v -12.4356 -43.1727 -144
v -12.4356 -43.4345 -138.7636
v -12.2433 -43.8896 -144.0358
v -12.2433 -44.1514 -138.7995
v -11.7178 -44.4144 -144.0621
v -11.7178 -44.6762 -138.8257
v -11 -44.6065 -144.0717
v -11 -44.8683 -138.8353
v -10.2822 -44.4144 -144.0621
v -10.2822 -44.6762 -138.8257
v -9.7567 -43.8896 -144.0358
v -9.7567 -44.1514 -138.7995
v -9.5644 -43.1727 -144
v -9.5644 -43.4345 -138.7636
v -9.7567 -42.4558 -143.9642
v -9.7567 -42.7176 -138.7278
v -10.2822 -41.931 -143.9379
v -10.2822 -42.1928 -138.7016
v -11 -41.7389 -143.9283
v -11 -42.0007 -138.692
v -11.7178 -41.931 -143.9379
v -11.7178 -42.1928 -138.7016
v -12.2433 -42.4558 -143.9642
v -12.2433 -42.7176 -138.7278
f 2281 2283 2284 2282
f 2283 2285 2286 2284
f 2285 2287 2288 2286
f 2287 2289 2290 2288
f 2289 2291 2292 2290
f 2291 2293 2294 2292
f 2293 2295 2296 2294
f 2295 2297 2298 2296
f 2297 2299 2300 2298
f 2299 2301 2302 2300
f 2301 2303 2304 2302
f 2303 2281 2282 2304
f 2303 2301 2299 2297 2295 2293 2291 2289 2287 2285 2283 2281
f 2282 2284 2286 2288 2290 2292 2294 2296 2298 2300 2302 2304
v -12.4356 -43.4345 -138.7636
v -12.4356 -43.6592 -133.5273
v -12.2433 -44.1516 -138.7944
v -12.2433 -44.3764 -133.5581
v -11.7178 -44.6766 -138.8169
v -11.7178 -44.9014 -133.5806
v -11 -44.8688 -138.8252
v -11 -45.0935 -133.5888
v -10.2822 -44.6766 -138.8169
v -10.2822 -44.9014 -133.5806
v -9.7567 -44.1516 -138.7944
v -9.7567 -44.3764 -133.5581
v -9.5644 -43.4345 -138.7636
v -9.5644 -43.6592 -133.5273
v -9.7567 -42.7173 -138.7329
v -9.7567 -42.9421 -133.4965
v -10.2822 -42.1924 -138.7103
v -10.2822 -42.4171 -133.474
v -11 -42.0002 -138.7021
v -11 -42.2249 -133.4657
v -11.7178 -42.1924 -138.7103
v -11.7178 -42.4171 -133.474
v -12.2433 -42.7173 -138.7329
v -12.2433 -42.9421 -133.4965
f 2305 2307 2308 2306
f 2307 2309 2310 2308
f 2309 2311 2312 2310
f 2311 2313 2314 2312
f 2313 2315 2316 2314
f 2315 2317 2318 2316
f 2317 2319 2320 2318
f 2319 2321 2322 2320
f 2321 2323 2324 2322
f 2323 2325 2326 2324
f 2325 2327 2328 2326
f 2327 2305 2306 2328
f 2327 2325 2323 2321 2319 2317 2315 2313 2311 2309 2307 2305
f 2306 2308 2310 2312 2314 2316 2318 2320 2322 2324 2326 2328
v -12.4356 -43.6592 -133.5273
v -12.4356 -43.8426 -128.2909
v -12.2433 -44.3766 -133.5524
v -12.2433 -44.5599 -128.316
v -11.7178 -44.9017 -133.5708
v -11.7178 -45.0851 -128.3344
v -11 -45.094 -133.5775
v -11 -45.2773 -128.3411
v -10.2822 -44.9017 -133.5708
v -10.2822 -45.0851 -128.3344
v -9.7567 -44.3766 -133.5524
v -9.7567 -44.5599 -128.316
v -9.5644 -43.6592 -133.5273
v -9.5644 -43.8426 -128.2909
v -9.7567 -42.9419 -133.5022
v -9.7567 -43.1252 -128.2658
v -10.2822 -42.4167 -133.4838
v -10.2822 -42.6001 -128.2474
v -11 -42.2245 -133.477
v -11 -42.4079 -128.2407
v -11.7178 -42.4167 -133.4838
v -11.7178 -42.6001 -128.2474
v -12.2433 -42.9419 -133.5022
v -12.2433 -43.1252 -128.2658
f 2329 2331 2332 2330
f 2331 2333 2334 2332
f 2333 2335 2336 2334
f 2335 2337 2338 2336
f 2337 2339 2340 2338
f 2339 2341 2342 2340
f 2341 2343 2344 2342
f 2343 2345 2346 2344
f 2345 2347 2348 2346
f 2347 2349 2350 2348
f 2349 2351 2352 2350
f 2351 2329 2330 2352
f 2351 2349 2347 2345 2343 2341 2339 2337 2335 2333 2331 2329
f 2330 2332 2334 2336 2338 2340 2342 2344 2346 2348 2350 2352
v -12.4356 -43.8426 -128.2909
v -12.4356 -43.9195 -123.0545
v -12.2433 -44.5603 -128.3014
v -12.2433 -44.6372 -123.0651
v -11.7178 -45.0857 -128.3092
v -11.7178 -45.1626 -123.0728
v -11 -45.278 -128.312
v -11 -45.3549 -123.0756
v -10.2822 -45.0857 -128.3092
v -10.2822 -45.1626 -123.0728
v -9.7567 -44.5603 -128.3014
v -9.7567 -44.6372 -123.0651
v -9.5644 -43.8426 -128.2909
v -9.5644 -43.9195 -123.0545
v -9.7567 -43.1249 -128.2804
v -9.7567 -43.2017 -123.044
v -10.2822 -42.5994 -128.2727
v -10.2822 -42.6763 -123.0363
v -11 -42.4071 -128.2698
v -11 -42.484 -123.0335
v -11.7178 -42.5994 -128.2727
v -11.7178 -42.6763 -123.0363
v -12.2433 -43.1249 -128.2804
v -12.2433 -43.2017 -123.044
f 2353 2355 2356 2354
f 2355 2357 2358 2356
f 2357 2359 2360 2358
f 2359 2361 2362 2360
f 2361 2363 2364 2362
f 2363 2365 2366 2364
f 2365 2367 2368 2366
f 2367 2369 2370 2368
f 2369 2371 2372 2370
f 2371 2373 2374 2372
f 2373 2375 2376 2374
f 2375 2353 2354 2376
f 2375 2373 2371 2369 2367 2365 2363 2361 2359 2357 2355 2353
f 2354 2356 2358 2360 2362 2364 2366 2368 2370 2372 2374 2376
v -12.4356 -43.9195 -123.0545
v -12.4356 -43.9325 -117.8182
v -12.2433 -44.6372 -123.0563
v -12.2433 -44.6503 -117.82
v -11.7178 -45.1627 -123.0576
v -11.7178 -45.1757 -117.8213
v -11 -45.355 -123.0581
v -11 -45.3681 -117.8217
v -10.2822 -45.1627 -123.0576
v -10.2822 -45.1757 -117.8213
v -9.7567 -44.6372 -123.0563
v -9.7567 -44.6503 -117.82
v -9.5644 -43.9195 -123.0545
v -9.5644 -43.9325 -117.8182
v -9.7567 -43.2017 -123.0528
v -9.7567 -43.2147 -117.8164
v -10.2822 -42.6762 -123.0515
v -10.2822 -42.6892 -117.8151
v -11 -42.4839 -123.051
v -11 -42.4969 -117.8146
v -11.7178 -42.6762 -123.0515
v -11.7178 -42.6892 -117.8151
v -12.2433 -43.2017 -123.0528
v -12.2433 -43.2147 -117.8164
f 2377 2379 2380 2378
f 2379 2381 2382 2380
f 2381 2383 2384 2382
f 2383 2385 2386 2384
f 2385 2387 2388 2386
f 2387 2389 2390 2388
f 2389 2391 2392 2390
f 2391 2393 2394 2392
f 2393 2395 2396 2394
f 2395 2397 2398 2396
f 2397 2399 2400 2398
f 2399 2377 2378 2400
f 2399 2397 2395 2393 2391 2389 2387 2385 2383 2381 2379 2377
f 2378 2380 2382 2384 2386 2388 2390 2392 2394 2396 2398 2400
v -12.4356 -43.9325 -117.8182
v -12.4356 -43.8648 -112.5818
v -12.2433 -44.6502 -117.8089
v -12.2433 -44.5826 -112.5725
v -11.7178 -45.1756 -117.8021
v -11.7178 -45.108 -112.5658
v -11 -45.3679 -117.7996
v -11 -45.3003 -112.5633
v -10.2822 -45.1756 -117.8021
v -10.2822 -45.108 -112.5658
v -9.7567 -44.6502 -117.8089
v -9.7567 -44.5826 -112.5725
v -9.5644 -43.9325 -117.8182
v -9.5644 -43.8648 -112.5818
v -9.7567 -43.2147 -117.8275
v -9.7567 -43.1471 -112.5911
v -10.2822 -42.6893 -117.8342
v -10.2822 -42.6216 -112.5979
v -11 -42.497 -117.8367
v -11 -42.4293 -112.6004
v -11.7178 -42.6893 -117.8342
v -11.7178 -42.6216 -112.5979
v -12.2433 -43.2147 -117.8275
v -12.2433 -43.1471 -112.5911
f 2401 2403 2404 2402
f 2403 2405 2406 2404
f 2405 2407 2408 2406
f 2407 2409 2410 2408
f 2409 2411 2412 2410
f 2411 2413 2414 2412
f 2413 2415 2416 2414
f 2415 2417 2418 2416
f 2417 2419 2420 2418
f 2419 2421 2422 2420
f 2421 2423 2424 2422
f 2423 2401 2402 2424
f 2423 2421 2419 2417 2415 2413 2411 2409 2407 2405 2403 2401
f 2402 2404 2406 2408 2410 2412 2414 2416 2418 2420 2422 2424
v -12.4356 -43.8648 -112.5818
v -12.4356 -43.6649 -107.3455
v -12.2433 -44.5821 -112.5544
v -12.2433 -44.3822 -107.3181
v -11.7178 -45.1072 -112.5344
v -11.7178 -44.9073 -107.298
v -11 -45.2994 -112.5271
v -11 -45.0995 -107.2907
v -10.2822 -45.1072 -112.5344
v -10.2822 -44.9073 -107.298
v -9.7567 -44.5821 -112.5544
v -9.7567 -44.3822 -107.3181
v -9.5644 -43.8648 -112.5818
v -9.5644 -43.6649 -107.3455
v -9.7567 -43.1475 -112.6092
v -9.7567 -42.9477 -107.3728
v -10.2822 -42.6224 -112.6292
v -10.2822 -42.4226 -107.3929
v -11 -42.4303 -112.6366
v -11 -42.2304 -107.4002
v -11.7178 -42.6224 -112.6292
v -11.7178 -42.4226 -107.3929
v -12.2433 -43.1475 -112.6092
v -12.2433 -42.9477 -107.3728
f 2425 2427 2428 2426
f 2427 2429 2430 2428
f 2429 2431 2432 2430
f 2431 2433 2434 2432
f 2433 2435 2436 2434
f 2435 2437 2438 2436
f 2437 2439 2440 2438
f 2439 2441 2442 2440
f 2441 2443 2444 2442
f 2443 2445 2446 2444
f 2445 2447 2448 2446
f 2447 2425 2426 2448
f 2447 2445 2443 2441 2439 2437 2435 2433 2431 2429 2427 2425
f 2426 2428 2430 2432 2434 2436 2438 2440 2442 2444 2446 2448
v -12.4356 -43.6649 -107.3455
v -12.4356 -43.3969 -102.1091
v -12.2433 -44.3818 -107.3088
v -12.2433 -44.1138 -102.0724
v -11.7178 -44.9066 -107.2819
v -11.7178 -44.6386 -102.0455
v -11 -45.0987 -107.2721
v -11 -44.8306 -102.0357
v -10.2822 -44.9066 -107.2819
v -10.2822 -44.6386 -102.0455
v -9.7567 -44.3818 -107.3088
v -9.7567 -44.1138 -102.0724
v -9.5644 -43.6649 -107.3455
v -9.5644 -43.3969 -102.1091
v -9.7567 -42.9481 -107.3821
v -9.7567 -42.6801 -102.1458
v -10.2822 -42.4233 -107.409
v -10.2822 -42.1553 -102.1726
v -11 -42.2312 -107.4188
v -11 -41.9632 -102.1825
v -11.7178 -42.4233 -107.409
v -11.7178 -42.1553 -102.1726
v -12.2433 -42.9481 -107.3821
v -12.2433 -42.6801 -102.1458
f 2449 2451 2452 2450
f 2451 2453 2454 2452
f 2453 2455 2456 2454
f 2455 2457 2458 2456
f 2457 2459 2460 2458
f 2459 2461 2462 2460
f 2461 2463 2464 2462
f 2463 2465 2466 2464
f 2465 2467 2468 2466
f 2467 2469 2470 2468
f 2469 2471 2472 2470
f 2471 2449 2450 2472
f 2471 2469 2467 2465 2463 2461 2459 2457 2455 2453 2451 2449
f 2450 2452 2454 2456 2458 2460 2462 2464 2466 2468 2470 2472
v -12.4356 -43.3969 -102.1091
v -12.4356 -43.0376 -96.8727
v -12.2433 -44.113 -102.06
v -12.2433 -43.7537 -96.8236
v -11.7178 -44.6373 -102.024
v -11.7178 -44.278 -96.7876
v -11 -44.8292 -102.0108
v -11 -44.4699 -96.7745
v -10.2822 -44.6373 -102.024
v -10.2822 -44.278 -96.7876
v -9.7567 -44.113 -102.06
v -9.7567 -43.7537 -96.8236
v -9.5644 -43.3969 -102.1091
v -9.5644 -43.0376 -96.8727
v -9.7567 -42.6808 -102.1582
v -9.7567 -42.3215 -96.9219
v -10.2822 -42.1566 -102.1942
v -10.2822 -41.7973 -96.9578
v -11 -41.9647 -102.2074
v -11 -41.6054 -96.971
v -11.7178 -42.1566 -102.1942
v -11.7178 -41.7973 -96.9578
v -12.2433 -42.6808 -102.1582
v -12.2433 -42.3215 -96.9219
f 2473 2475 2476 2474
f 2475 2477 2478 2476
f 2477 2479 2480 2478
f 2479 2481 2482 2480
f 2481 2483 2484 2482
f 2483 2485 2486 2484
f 2485 2487 2488 2486
f 2487 2489 2490 2488
f 2489 2491 2492 2490
f 2491 2493 2494 2492
f 2493 2495 2496 2494
f 2495 2473 2474 2496
f 2495 2493 2491 2489 2487 2485 2483 2481 2479 2477 2475 2473
f 2474 2476 2478 2480 2482 2484 2486 2488 2490 2492 2494 2496
v -12.4356 -43.0376 -96.8727
v -12.4356 -42.575 -91.6364
v -12.2433 -43.7526 -96.8096
v -12.2433 -43.29 -91.5732
v -11.7178 -44.2761 -96.7633
v -11.7178 -43.8135 -91.5269
v -11 -44.4677 -96.7464
v -11 -44.005 -91.51
v -10.2822 -44.2761 -96.7633
v -10.2822 -43.8135 -91.5269
v -9.7567 -43.7526 -96.8096
v -9.7567 -43.29 -91.5732
v -9.5644 -43.0376 -96.8727
v -9.5644 -42.575 -91.6364
v -9.7567 -42.3226 -96.9359
v -9.7567 -41.86 -91.6995
v -10.2822 -41.7992 -96.9821
v -10.2822 -41.3366 -91.7458
v -11 -41.6076 -96.9991
v -11 -41.145 -91.7627
v -11.7178 -41.7992 -96.9821
v -11.7178 -41.3366 -91.7458
v -12.2433 -42.3226 -96.9359
v -12.2433 -41.86 -91.6995
f 2497 2499 2500 2498
f 2499 2501 2502 2500
f 2501 2503 2504 2502
f 2503 2505 2506 2504
f 2505 2507 2508 2506
f 2507 2509 2510 2508
f 2509 2511 2512 2510
f 2511 2513 2514 2512
f 2513 2515 2516 2514
f 2515 2517 2518 2516
f 2517 2519 2520 2518
f 2519 2497 2498 2520
f 2519 2517 2515 2513 2511 2509 2507 2505 2503 2501 2499 2497
f 2498 2500 2502 2504 2506 2508 2510 2512 2514 2516 2518 2520
v -12.4356 -42.575 -91.6364
v -12.4356 -42.0616 -86.4
v -12.2433 -43.2894 -91.5663
v -12.2433 -42.776 -86.33
v -11.7178 -43.8123 -91.5151
v -11.7178 -43.299 -86.2787
v -11 -44.0038 -91.4963
v -11 -43.4904 -86.2599
v -10.2822 -43.8123 -91.5151
v -10.2822 -43.299 -86.2787
v -9.7567 -43.2894 -91.5663
v -9.7567 -42.776 -86.33
v -9.5644 -42.575 -91.6364
v -9.5644 -42.0616 -86.4
v -9.7567 -41.8606 -91.7064
v -9.7567 -41.3473 -86.47
v -10.2822 -41.3377 -91.7577
v -10.2822 -40.8243 -86.5213
v -11 -41.1463 -91.7764
v -11 -40.6329 -86.5401
v -11.7178 -41.3377 -91.7577
v -11.7178 -40.8243 -86.5213
v -12.2433 -41.8606 -91.7064
v -12.2433 -41.3473 -86.47
f 2521 2523 2524 2522
f 2523 2525 2526 2524
f 2525 2527 2528 2526
f 2527 2529 2530 2528
f 2529 2531 2532 2530
f 2531 2533 2534 2532
f 2533 2535 2536 2534
f 2535 2537 2538 2536
f 2537 2539 2540 2538
f 2539 2541 2542 2540
f 2541 2543 2544 2542
f 2543 2521 2522 2544
f 2543 2541 2539 2537 2535 2533 2531 2529 2527 2525 2523 2521
f 2522 2524 2526 2528 2530 2532 2534 2536 2538 2540 2542 2544
o Edge_1
v -12.4356 -42.0616 -86.4
v -12.4356 -41.503 -81.3714
v -12.2433 -42.775 -86.3207
v -12.2433 -42.2164 -81.2922
v -11.7178 -43.2973 -86.2627
v -11.7178 -42.7386 -81.2341
v -11 -43.4885 -86.2415
v -11 -42.9298 -81.2129
v -10.2822 -43.2973 -86.2627
v -10.2822 -42.7386 -81.2341
v -9.7567 -42.775 -86.3207
v -9.7567 -42.2164 -81.2922
v -9.5644 -42.0616 -86.4
v -9.5644 -41.503 -81.3714
v -9.7567 -41.3482 -86.4793
v -9.7567 -40.7895 -81.4507
v -10.2822 -40.826 -86.5373
v -10.2822 -40.2673 -81.5087
v -11 -40.6348 -86.5585
v -11 -40.0761 -81.5299
v -11.7178 -40.826 -86.5373
v -11.7178 -40.2673 -81.5087
v -12.2433 -41.3482 -86.4793
v -12.2433 -40.7895 -81.4507
f 2545 2547 2548 2546
f 2547 2549 2550 2548
f 2549 2551 2552 2550
f 2551 2553 2554 2552
f 2553 2555 2556 2554
f 2555 2557 2558 2556
f 2557 2559 2560 2558
f 2559 2561 2562 2560
f 2561 2563 2564 2562
f 2563 2565 2566 2564
f 2565 2567 2568 2566
f 2567 2545 2546 2568
f 2567 2565 2563 2561 2559 2557 2555 2553 2551 2549 2547 2545
f 2546 2548 2550 2552 2554 2556 2558 2560 2562 2564 2566 2568
v -12.4356 -41.503 -81.3714
v -12.4356 -40.8936 -76.3429
v -12.2433 -42.2155 -81.2851
v -12.2433 -41.6062 -76.2565
v -11.7178 -42.7372 -81.2219
v -11.7178 -42.1278 -76.1933
v -11 -42.9281 -81.1987
v -11 -42.3188 -76.1702
v -10.2822 -42.7372 -81.2219
v -10.2822 -42.1278 -76.1933
v -9.7567 -42.2155 -81.2851
v -9.7567 -41.6062 -76.2565
v -9.5644 -41.503 -81.3714
v -9.5644 -40.8936 -76.3429
v -9.7567 -40.7904 -81.4578
v -9.7567 -40.181 -76.4292
v -10.2822 -40.2687 -81.521
v -10.2822 -39.6594 -76.4924
v -11 -40.0778 -81.5441
v -11 -39.4684 -76.5156
v -11.7178 -40.2687 -81.521
v -11.7178 -39.6594 -76.4924
v -12.2433 -40.7904 -81.4578
v -12.2433 -40.181 -76.4292
f 2569 2571 2572 2570
f 2571 2573 2574 2572
f 2573 2575 2576 2574
f 2575 2577 2578 2576
f 2577 2579 2580 2578
f 2579 2581 2582 2580
f 2581 2583 2584 2582
f 2583 2585 2586 2584
f 2585 2587 2588 2586
f 2587 2589 2590 2588
f 2589 2591 2592 2590
f 2591 2569 2570 2592
f 2591 2589 2587 2585 2583 2581 2579 2577 2575 2573 2571 2569
f 2570 2572 2574 2576 2578 2580 2582 2584 2586 2588 2590 2592
v -12.4356 -40.8936 -76.3429
v -12.4356 -40.2587 -71.3143
v -12.2433 -41.6057 -76.2529
v -12.2433 -40.9708 -71.2244
v -11.7178 -42.1271 -76.1871
v -11.7178 -41.4922 -71.1585
v -11 -42.3179 -76.163
v -11 -41.683 -71.1345
v -10.2822 -42.1271 -76.1871
v -10.2822 -41.4922 -71.1585
v -9.7567 -41.6057 -76.2529
v -9.7567 -40.9708 -71.2244
v -9.5644 -40.8936 -76.3429
v -9.5644 -40.2587 -71.3143
v -9.7567 -40.1815 -76.4328
v -9.7567 -39.5465 -71.4042
v -10.2822 -39.6601 -76.4986
v -10.2822 -39.0252 -71.47
v -11 -39.4693 -76.5227
v -11 -38.8344 -71.4941
v -11.7178 -39.6601 -76.4986
v -11.7178 -39.0252 -71.47
v -12.2433 -40.1815 -76.4328
v -12.2433 -39.5465 -71.4042
f 2593 2595 2596 2594
f 2595 2597 2598 2596
f 2597 2599 2600 2598
f 2599 2601 2602 2600
f 2601 2603 2604 2602
f 2603 2605 2606 2604
f 2605 2607 2608 2606
f 2607 2609 2610 2608
f 2609 2611 2612 2610
f 2611 2613 2614 2612
f 2613 2615 2616 2614
f 2615 2593 2594 2616
f 2615 2613 2611 2609 2607 2605 2603 2601 2599 2597 2595 2593
f 2594 2596 2598 2600 2602 2604 2606 2608 2610 2612 2614 2616
v -12.4356 -40.2587 -71.3143
v -12.4356 -39.5824 -66.2857
v -12.2433 -40.9701 -71.2186
v -12.2433 -40.2938 -66.19
v -11.7178 -41.4909 -71.1486
v -11.7178 -40.8146 -66.12
v -11 -41.6815 -71.1229
v -11 -41.0052 -66.0944
v -10.2822 -41.4909 -71.1486
v -10.2822 -40.8146 -66.12
v -9.7567 -40.9701 -71.2186
v -9.7567 -40.2938 -66.19
v -9.5644 -40.2587 -71.3143
v -9.5644 -39.5824 -66.2857
v -9.7567 -39.5473 -71.41
v -9.7567 -38.871 -66.3814
v -10.2822 -39.0265 -71.48
v -10.2822 -38.3502 -66.4514
v -11 -38.8359 -71.5056
v -11 -38.1596 -66.4771
v -11.7178 -39.0265 -71.48
v -11.7178 -38.3502 -66.4514
v -12.2433 -39.5473 -71.41
v -12.2433 -38.871 -66.3814
f 2617 2619 2620 2618
f 2619 2621 2622 2620
f 2621 2623 2624 2622
f 2623 2625 2626 2624
f 2625 2627 2628 2626
f 2627 2629 2630 2628
f 2629 2631 2632 2630
f 2631 2633 2634 2632
f 2633 2635 2636 2634
f 2635 2637 2638 2636
f 2637 2639 2640 2638
f 2639 2617 2618 2640
f 2639 2637 2635 2633 2631 2629 2627 2625 2623 2621 2619 2617
f 2618 2620 2622 2624 2626 2628 2630 2632 2634 2636 2638 2640
v -12.4356 -39.5824 -66.2857
v -12.4356 -38.8902 -61.2571
v -12.2433 -40.2935 -66.1878
v -12.2433 -39.6013 -61.1593
v -11.7178 -40.814 -66.1162
v -11.7178 -40.1219 -61.0876
v -11 -41.0046 -66.09
v -11 -40.3124 -61.0614
v -10.2822 -40.814 -66.1162
v -10.2822 -40.1219 -61.0876
v -9.7567 -40.2935 -66.1878
v -9.7567 -39.6013 -61.1593
v -9.5644 -39.5824 -66.2857
v -9.5644 -38.8902 -61.2571
v -9.7567 -38.8713 -66.3836
v -9.7567 -38.1791 -61.355
v -10.2822 -38.3507 -66.4553
v -10.2822 -37.6586 -61.4267
v -11 -38.1602 -66.4815
v -11 -37.468 -61.4529
v -11.7178 -38.3507 -66.4553
v -11.7178 -37.6586 -61.4267
v -12.2433 -38.8713 -66.3836
v -12.2433 -38.1791 -61.355
f 2641 2643 2644 2642
f 2643 2645 2646 2644
f 2645 2647 2648 2646
f 2647 2649 2650 2648
f 2649 2651 2652 2650
f 2651 2653 2654 2652
f 2653 2655 2656 2654
f 2655 2657 2658 2656
f 2657 2659 2660 2658
f 2659 2661 2662 2660
f 2661 2663 2664 2662
f 2663 2641 2642 2664
f 2663 2661 2659 2657 2655 2653 2651 2649 2647 2645 2643 2641
f 2642 2644 2646 2648 2650 2652 2654 2656 2658 2660 2662 2664
v -12.4356 -38.8902 -61.2571
v -12.4356 -38.1848 -56.2286
v -12.2433 -39.601 -61.1574
v -12.2433 -38.8956 -56.1289
v -11.7178 -40.1214 -61.0844
v -11.7178 -39.416 -56.0559
v -11 -40.3119 -61.0577
v -11 -39.6065 -56.0291
v -10.2822 -40.1214 -61.0844
v -10.2822 -39.416 -56.0559
v -9.7567 -39.601 -61.1574
v -9.7567 -38.8956 -56.1289
v -9.5644 -38.8902 -61.2571
v -9.5644 -38.1848 -56.2286
v -9.7567 -38.1794 -61.3569
v -9.7567 -37.474 -56.3283
v -10.2822 -37.659 -61.4299
v -10.2822 -36.9536 -56.4013
v -11 -37.4685 -61.4566
v -11 -36.7631 -56.428
v -11.7178 -37.659 -61.4299
v -11.7178 -36.9536 -56.4013
v -12.2433 -38.1794 -61.3569
v -12.2433 -37.474 -56.3283
f 2665 2667 2668 2666
f 2667 2669 2670 2668
f 2669 2671 2672 2670
f 2671 2673 2674 2672
f 2673 2675 2676 2674
f 2675 2677 2678 2676
f 2677 2679 2680 2678
f 2679 2681 2682 2680
f 2681 2683 2684 2682
f 2683 2685 2686 2684
f 2685 2687 2688 2686
f 2687 2665 2666 2688
f 2687 2685 2683 2681 2679 2677 2675 2673 2671 2669 2667 2665
f 2666 2668 2670 2672 2674 2676 2678 2680 2682 2684 2686 2688
v -12.4356 -38.1848 -56.2286
v -12.4356 -37.4697 -51.2
v -12.2433 -38.8954 -56.1275
v -12.2433 -38.1803 -51.0989
v -11.7178 -39.4157 -56.0535
v -11.7178 -38.7005 -51.0249
v -11 -39.6061 -56.0264
v -11 -38.891 -50.9979
v -10.2822 -39.4157 -56.0535
v -10.2822 -38.7005 -51.0249
v -9.7567 -38.8954 -56.1275
v -9.7567 -38.1803 -51.0989
v -9.5644 -38.1848 -56.2286
v -9.5644 -37.4697 -51.2
v -9.7567 -37.4741 -56.3296
v -9.7567 -36.759 -51.3011
v -10.2822 -36.9539 -56.4036
v -10.2822 -36.2388 -51.3751
v -11 -36.7635 -56.4307
v -11 -36.0484 -51.4021
v -11.7178 -36.9539 -56.4036
v -11.7178 -36.2388 -51.3751
v -12.2433 -37.4741 -56.3296
v -12.2433 -36.759 -51.3011
f 2689 2691 2692 2690
f 2691 2693 2694 2692
f 2693 2695 2696 2694
f 2695 2697 2698 2696
f 2697 2699 2700 2698
f 2699 2701 2702 2700
f 2701 2703 2704 2702
f 2703 2705 2706 2704
f 2705 2707 2708 2706
f 2707 2709 2710 2708
f 2709 2711 2712 2710
f 2711 2689 2690 2712
f 2711 2709 2707 2705 2703 2701 2699 2697 2695 2693 2691 2689
f 2690 2692 2694 2696 2698 2700 2702 2704 2706 2708 2710 2712
o Edge_2
v -12.4356 -37.4697 -51.2
v -12.4356 -36.6911 -45.6889
v -12.2433 -38.1804 -51.0996
v -12.2433 -37.4018 -45.5885
v -11.7178 -38.7007 -51.0261
v -11.7178 -37.9221 -45.515
v -11 -38.8911 -50.9992
v -11 -38.1125 -45.4881
v -10.2822 -38.7007 -51.0261
v -10.2822 -37.9221 -45.515
v -9.7567 -38.1804 -51.0996
v -9.7567 -37.4018 -45.5885
v -9.5644 -37.4697 -51.2
v -9.5644 -36.6911 -45.6889
v -9.7567 -36.7589 -51.3004
v -9.7567 -35.9803 -45.7893
v -10.2822 -36.2386 -51.3739
v -10.2822 -35.46 -45.8628
v -11 -36.0482 -51.4008
v -11 -35.2696 -45.8897
v -11.7178 -36.2386 -51.3739
v -11.7178 -35.46 -45.8628
v -12.2433 -36.7589 -51.3004
v -12.2433 -35.9803 -45.7893
f 2713 2715 2716 2714
f 2715 2717 2718 2716
f 2717 2719 2720 2718
f 2719 2721 2722 2720
f 2721 2723 2724 2722
f 2723 2725 2726 2724
f 2725 2727 2728 2726
f 2727 2729 2730 2728
f 2729 2731 2732 2730
f 2731 2733 2734 2732
f 2733 2735 2736 2734
f 2735 2713 2714 2736
f 2735 2733 2731 2729 2727 2725 2723 2721 2719 2717 2715 2713
f 2714 2716 2718 2720 2722 2724 2726 2728 2730 2732 2734 2736
v -12.4356 -36.6911 -45.6889
v -12.4356 -35.9203 -40.1778
v -12.2433 -37.4019 -45.5895
v -12.2433 -36.6312 -40.0784
v -11.7178 -37.9223 -45.5167
v -11.7178 -37.1516 -40.0056
v -11 -38.1128 -45.4901
v -11 -37.3421 -39.9789
v -10.2822 -37.9223 -45.5167
v -10.2822 -37.1516 -40.0056
v -9.7567 -37.4019 -45.5895
v -9.7567 -36.6312 -40.0784
v -9.5644 -36.6911 -45.6889
v -9.5644 -35.9203 -40.1778
v -9.7567 -35.9802 -45.7883
v -9.7567 -35.2094 -40.2772
v -10.2822 -35.4598 -45.8611
v -10.2822 -34.689 -40.35
v -11 -35.2693 -45.8877
v -11 -34.4986 -40.3766
v -11.7178 -35.4598 -45.8611
v -11.7178 -34.689 -40.35
v -12.2433 -35.9802 -45.7883
v -12.2433 -35.2094 -40.2772
f 2737 2739 2740 2738
f 2739 2741 2742 2740
f 2741 2743 2744 2742
f 2743 2745 2746 2744
f 2745 2747 2748 2746
f 2747 2749 2750 2748
f 2749 2751 2752 2750
f 2751 2753 2754 2752
f 2753 2755 2756 2754
f 2755 2757 2758 2756
f 2757 2759 2760 2758
f 2759 2737 2738 2760
f 2759 2757 2755 2753 2751 2749 2747 2745 2743 2741 2739 2737
f 2738 2740 2742 2744 2746 2748 2750 2752 2754 2756 2758 2760
v -12.4356 -35.9203 -40.1778
v -12.4356 -35.1921 -34.6667
v -12.2433 -36.6319 -40.0837
v -12.2433 -35.9037 -34.5726
v -11.7178 -37.1529 -40.0149
v -11.7178 -36.4247 -34.5038
v -11 -37.3436 -39.9897
v -11 -36.6153 -34.4786
v -10.2822 -37.1529 -40.0149
v -10.2822 -36.4247 -34.5038
v -9.7567 -36.6319 -40.0837
v -9.7567 -35.9037 -34.5726
v -9.5644 -35.9203 -40.1778
v -9.5644 -35.1921 -34.6667
v -9.7567 -35.2087 -40.2718
v -9.7567 -34.4805 -34.7607
v -10.2822 -34.6878 -40.3406
v -10.2822 -33.9596 -34.8295
v -11 -34.4971 -40.3658
v -11 -33.7689 -34.8547
v -11.7178 -34.6878 -40.3406
v -11.7178 -33.9596 -34.8295
v -12.2433 -35.2087 -40.2718
v -12.2433 -34.4805 -34.7607
f 2761 2763 2764 2762
f 2763 2765 2766 2764
f 2765 2767 2768 2766
f 2767 2769 2770 2768
f 2769 2771 2772 2770
f 2771 2773 2774 2772
f 2773 2775 2776 2774
f 2775 2777 2778 2776
f 2777 2779 2780 2778
f 2779 2781 2782 2780
f 2781 2783 2784 2782
f 2783 2761 2762 2784
f 2783 2781 2779 2777 2775 2773 2771 2769 2767 2765 2763 2761
f 2762 2764 2766 2768 2770 2772 2774 2776 2778 2780 2782 2784
v -12.4356 -35.1921 -34.6667
v -12.4356 -34.5055 -29.1556
v -12.2433 -35.9044 -34.5779
v -12.2433 -35.2178 -29.0668
v -11.7178 -36.4258 -34.513
v -11.7178 -35.7392 -29.0018
v -11 -36.6167 -34.4892
v -11 -35.9301 -28.9781
v -10.2822 -36.4258 -34.513
v -10.2822 -35.7392 -29.0018
v -9.7567 -35.9044 -34.5779
v -9.7567 -35.2178 -29.0668
v -9.5644 -35.1921 -34.6667
v -9.5644 -34.5055 -29.1556
v -9.7567 -34.4798 -34.7554
v -9.7567 -33.7932 -29.2443
v -10.2822 -33.9584 -34.8204
v -10.2822 -33.2718 -29.3093
v -11 -33.7675 -34.8442
v -11 -33.0809 -29.333
v -11.7178 -33.9584 -34.8204
v -11.7178 -33.2718 -29.3093
v -12.2433 -34.4798 -34.7554
v -12.2433 -33.7932 -29.2443
f 2785 2787 2788 2786
f 2787 2789 2790 2788
f 2789 2791 2792 2790
f 2791 2793 2794 2792
f 2793 2795 2796 2794
f 2795 2797 2798 2796
f 2797 2799 2800 2798
f 2799 2801 2802 2800
f 2801 2803 2804 2802
f 2803 2805 2806 2804
f 2805 2807 2808 2806
f 2807 2785 2786 2808
f 2807 2805 2803 2801 2799 2797 2795 2793 2791 2789 2787 2785
f 2786 2788 2790 2792 2794 2796 2798 2800 2802 2804 2806 2808
v -12.4356 -34.5055 -29.1556
v -12.4356 -33.8636 -23.6444
v -12.2433 -35.2185 -29.0725
v -12.2433 -34.5766 -23.5614
v -11.7178 -35.7404 -29.0117
v -11.7178 -35.0985 -23.5006
v -11 -35.9315 -28.9895
v -11 -35.2895 -23.4784
v -10.2822 -35.7404 -29.0117
v -10.2822 -35.0985 -23.5006
v -9.7567 -35.2185 -29.0725
v -9.7567 -34.5766 -23.5614
v -9.5644 -34.5055 -29.1556
v -9.5644 -33.8636 -23.6444
v -9.7567 -33.7925 -29.2386
v -9.7567 -33.1506 -23.7275
v -10.2822 -33.2706 -29.2994
v -10.2822 -32.6287 -23.7883
v -11 -33.0795 -29.3216
v -11 -32.4376 -23.8105
v -11.7178 -33.2706 -29.2994
v -11.7178 -32.6287 -23.7883
v -12.2433 -33.7925 -29.2386
v -12.2433 -33.1506 -23.7275
f 2809 2811 2812 2810
f 2811 2813 2814 2812
f 2813 2815 2816 2814
f 2815 2817 2818 2816
f 2817 2819 2820 2818
f 2819 2821 2822 2820
f 2821 2823 2824 2822
f 2823 2825 2826 2824
f 2825 2827 2828 2826
f 2827 2829 2830 2828
f 2829 2831 2832 2830
f 2831 2809 2810 2832
f 2831 2829 2827 2825 2823 2821 2819 2817 2815 2813 2811 2809
f 2810 2812 2814 2816 2818 2820 2822 2824 2826 2828 2830 2832
v -12.4356 -33.8636 -23.6444
v -12.4356 -33.324 -18.1333
v -12.2433 -34.578 -23.5745
v -12.2433 -34.0383 -18.0634
v -11.7178 -35.1009 -23.5233
v -11.7178 -34.5613 -18.0122
v -11 -35.2924 -23.5045
v -11 -34.7527 -17.9934
v -10.2822 -35.1009 -23.5233
v -10.2822 -34.5613 -18.0122
v -9.7567 -34.578 -23.5745
v -9.7567 -34.0383 -18.0634
v -9.5644 -33.8636 -23.6444
v -9.5644 -33.324 -18.1333
v -9.7567 -33.1492 -23.7144
v -9.7567 -32.6096 -18.2033
v -10.2822 -32.6262 -23.7656
v -10.2822 -32.0866 -18.2545
v -11 -32.4348 -23.7843
v -11 -31.8952 -18.2732
v -11.7178 -32.6262 -23.7656
v -11.7178 -32.0866 -18.2545
v -12.2433 -33.1492 -23.7144
v -12.2433 -32.6096 -18.2033
f 2833 2835 2836 2834
f 2835 2837 2838 2836
f 2837 2839 2840 2838
f 2839 2841 2842 2840
f 2841 2843 2844 2842
f 2843 2845 2846 2844
f 2845 2847 2848 2846
f 2847 2849 2850 2848
f 2849 2851 2852 2850
f 2851 2853 2854 2852
f 2853 2855 2856 2854
f 2855 2833 2834 2856
f 2855 2853 2851 2849 2847 2845 2843 2841 2839 2837 2835 2833
f 2834 2836 2838 2840 2842 2844 2846 2848 2850 2852 2854 2856
v -12.4356 -33.324 -18.1333
v -12.4356 -32.8509 -12.6222
v -12.2433 -34.0391 -18.0719
v -12.2433 -33.5661 -12.5608
v -11.7178 -34.5627 -18.027
v -11.7178 -34.0896 -12.5159
v -11 -34.7543 -18.0106
v -11 -34.2812 -12.4994
v -10.2822 -34.5627 -18.027
v -10.2822 -34.0896 -12.5159
v -9.7567 -34.0391 -18.0719
v -9.7567 -33.5661 -12.5608
v -9.5644 -33.324 -18.1333
v -9.5644 -32.8509 -12.6222
v -9.7567 -32.6088 -18.1947
v -9.7567 -32.1357 -12.6836
v -10.2822 -32.0852 -18.2397
v -10.2822 -31.6122 -12.7286
v -11 -31.8936 -18.2561
v -11 -31.4205 -12.745
v -11.7178 -32.0852 -18.2397
v -11.7178 -31.6122 -12.7286
v -12.2433 -32.6088 -18.1947
v -12.2433 -32.1357 -12.6836
f 2857 2859 2860 2858
f 2859 2861 2862 2860
f 2861 2863 2864 2862
f 2863 2865 2866 2864
f 2865 2867 2868 2866
f 2867 2869 2870 2868
f 2869 2871 2872 2870
f 2871 2873 2874 2872
f 2873 2875 2876 2874
f 2875 2877 2878 2876
f 2877 2879 2880 2878
f 2879 2857 2858 2880
f 2879 2877 2875 2873 2871 2869 2867 2865 2863 2861 2859 2857
f 2858 2860 2862 2864 2866 2868 2870 2872 2874 2876 2878 2880
v -12.4356 -32.8509 -12.6222
v -12.4356 -32.4205 -7.1111
v -12.2433 -33.5665 -12.5663
v -12.2433 -33.1361 -7.0552
v -11.7178 -34.0904 -12.5254
v -11.7178 -33.66 -7.0143
v -11 -34.2821 -12.5104
v -11 -33.8517 -6.9993
v -10.2822 -34.0904 -12.5254
v -10.2822 -33.66 -7.0143
v -9.7567 -33.5665 -12.5663
v -9.7567 -33.1361 -7.0552
v -9.5644 -32.8509 -12.6222
v -9.5644 -32.4205 -7.1111
v -9.7567 -32.1353 -12.6781
v -9.7567 -31.7049 -7.167
v -10.2822 -31.6114 -12.719
v -10.2822 -31.181 -7.2079
v -11 -31.4196 -12.734
v -11 -30.9892 -7.2229
v -11.7178 -31.6114 -12.719
v -11.7178 -31.181 -7.2079
v -12.2433 -32.1353 -12.6781
v -12.2433 -31.7049 -7.167
f 2881 2883 2884 2882
f 2883 2885 2886 2884
f 2885 2887 2888 2886
f 2887 2889 2890 2888
f 2889 2891 2892 2890
f 2891 2893 2894 2892
f 2893 2895 2896 2894
f 2895 2897 2898 2896
f 2897 2899 2900 2898
f 2899 2901 2902 2900
f 2901 2903 2904 2902
f 2903 2881 2882 2904
f 2903 2901 2899 2897 2895 2893 2891 2889 2887 2885 2883 2881
f 2882 2884 2886 2888 2890 2892 2894 2896 2898 2900 2902 2904
v -12.4356 -32.4205 -7.1111
v -12.4356 -31.9934 -1.6
v -12.2433 -33.1361 -7.0556
v -12.2433 -32.709 -1.5445
v -11.7178 -33.66 -7.015
v -11.7178 -33.2329 -1.5039
v -11 -33.8518 -7.0002
v -11 -33.4247 -1.4891
v -10.2822 -33.66 -7.015
v -10.2822 -33.2329 -1.5039
v -9.7567 -33.1361 -7.0556
v -9.7567 -32.709 -1.5445
v -9.5644 -32.4205 -7.1111
v -9.5644 -31.9934 -1.6
v -9.7567 -31.7048 -7.1666
v -9.7567 -31.2777 -1.6555
v -10.2822 -31.1809 -7.2072
v -10.2822 -30.7538 -1.6961
v -11 -30.9892 -7.222
v -11 -30.562 -1.7109
v -11.7178 -31.1809 -7.2072
v -11.7178 -30.7538 -1.6961
v -12.2433 -31.7048 -7.1666
v -12.2433 -31.2777 -1.6555
f 2905 2907 2908 2906
f 2907 2909 2910 2908
f 2909 2911 2912 2910
f 2911 2913 2914 2912
f 2913 2915 2916 2914
f 2915 2917 2918 2916
f 2917 2919 2920 2918
f 2919 2921 2922 2920
f 2921 2923 2924 2922
f 2923 2925 2926 2924
f 2925 2927 2928 2926
f 2927 2905 2906 2928
f 2927 2925 2923 2921 2919 2917 2915 2913 2911 2909 2907 2905
f 2906 2908 2910 2912 2914 2916 2918 2920 2922 2924 2926 2928
o Edge_3
v -12.4356 -31.9934 -1.6
v -12.4356 -31.6834 2.8
v -12.2433 -32.7094 -1.5496
v -12.2433 -32.3994 2.8504
v -11.7178 -33.2335 -1.5126
v -11.7178 -32.9236 2.8874
v -11 -33.4254 -1.4991
v -11 -33.1154 2.9009
v -10.2822 -33.2335 -1.5126
v -10.2822 -32.9236 2.8874
v -9.7567 -32.7094 -1.5496
v -9.7567 -32.3994 2.8504
v -9.5644 -31.9934 -1.6
v -9.5644 -31.6834 2.8
v -9.7567 -31.2773 -1.6504
v -9.7567 -30.9674 2.7496
v -10.2822 -30.7532 -1.6874
v -10.2822 -30.4432 2.7126
v -11 -30.5613 -1.7009
v -11 -30.2513 2.6991
v -11.7178 -30.7532 -1.6874
v -11.7178 -30.4432 2.7126
v -12.2433 -31.2773 -1.6504
v -12.2433 -30.9674 2.7496
f 2929 2931 2932 2930
f 2931 2933 2934 2932
f 2933 2935 2936 2934
f 2935 2937 2938 2936
f 2937 2939 2940 2938
f 2939 2941 2942 2940
f 2941 2943 2944 2942
f 2943 2945 2946 2944
f 2945 2947 2948 2946
f 2947 2949 2950 2948
f 2949 2951 2952 2950
f 2951 2929 2930 2952
f 2951 2949 2947 2945 2943 2941 2939 2937 2935 2933 2931 2929
f 2930 2932 2934 2936 2938 2940 2942 2944 2946 2948 2950 2952
v -12.4356 -31.6834 2.8
v -12.4356 -31.3911 7.2
v -12.2433 -32.3996 2.8476
v -12.2433 -32.1074 7.2476
v -11.7178 -32.9239 2.8824
v -11.7178 -32.6317 7.2824
v -11 -33.1158 2.8951
v -11 -32.8236 7.2951
v -10.2822 -32.9239 2.8824
v -10.2822 -32.6317 7.2824
v -9.7567 -32.3996 2.8476
v -9.7567 -32.1074 7.2476
v -9.5644 -31.6834 2.8
v -9.5644 -31.3911 7.2
v -9.7567 -30.9672 2.7524
v -9.7567 -30.6749 7.1524
v -10.2822 -30.4428 2.7176
v -10.2822 -30.1506 7.1176
v -11 -30.2509 2.7049
v -11 -29.9587 7.1049
v -11.7178 -30.4428 2.7176
v -11.7178 -30.1506 7.1176
v -12.2433 -30.9672 2.7524
v -12.2433 -30.6749 7.1524
f 2953 2955 2956 2954
f 2955 2957 2958 2956
f 2957 2959 2960 2958
f 2959 2961 2962 2960
f 2961 2963 2964 2962
f 2963 2965 2966 2964
f 2965 2967 2968 2966
f 2967 2969 2970 2968
f 2969 2971 2972 2970
f 2971 2973 2974 2972
f 2973 2975 2976 2974
f 2975 2953 2954 2976
f 2975 2973 2971 2969 2967 2965 2963 2961 2959 2957 2955 2953
f 2954 2956 2958 2960 2962 2964 2966 2968 2970 2972 2974 2976
v -12.4356 -31.3911 7.2
v -12.4356 -32.2684 11.6
v -12.2433 -32.0951 7.0596
v -12.2433 -32.9724 11.4596
v -11.7178 -32.6104 6.9569
v -11.7178 -33.4877 11.3569
v -11 -32.799 6.9193
v -11 -33.6763 11.3193
v -10.2822 -32.6104 6.9569
v -10.2822 -33.4877 11.3569
v -9.7567 -32.0951 7.0596
v -9.7567 -32.9724 11.4596
v -9.5644 -31.3911 7.2
v -9.5644 -32.2684 11.6
v -9.7567 -30.6872 7.3404
v -9.7567 -31.5645 11.7404
v -10.2822 -30.1719 7.4431
v -10.2822 -31.0492 11.8431
v -11 -29.9833 7.4807
v -11 -30.8605 11.8807
v -11.7178 -30.1719 7.4431
v -11.7178 -31.0492 11.8431
v -12.2433 -30.6872 7.3404
v -12.2433 -31.5645 11.7404
f 2977 2979 2980 2978
f 2979 2981 2982 2980
f 2981 2983 2984 2982
f 2983 2985 2986 2984
f 2985 2987 2988 2986
f 2987 2989 2990 2988
f 2989 2991 2992 2990
f 2991 2993 2994 2992
f 2993 2995 2996 2994
f 2995 2997 2998 2996
f 2997 2999 3000 2998
f 2999 2977 2978 3000
f 2999 2997 2995 2993 2991 2989 2987 2985 2983 2981 2979 2977
f 2978 2980 2982 2984 2986 2988 2990 2992 2994 2996 2998 3000
v -12.4356 -32.2684 11.6
v -12.4356 -33.1457 16
v -12.2433 -32.9724 11.4596
v -12.2433 -33.8497 15.8596
v -11.7178 -33.4877 11.3569
v -11.7178 -34.365 15.7569
v -11 -33.6763 11.3193
v -11 -34.5536 15.7193
v -10.2822 -33.4877 11.3569
v -10.2822 -34.365 15.7569
v -9.7567 -32.9724 11.4596
v -9.7567 -33.8497 15.8596
v -9.5644 -32.2684 11.6
v -9.5644 -33.1457 16
v -9.7567 -31.5645 11.7404
v -9.7567 -32.4418 16.1404
v -10.2822 -31.0492 11.8431
v -10.2822 -31.9264 16.2431
v -11 -30.8605 11.8807
v -11 -31.7378 16.2807
v -11.7178 -31.0492 11.8431
v -11.7178 -31.9264 16.2431
v -12.2433 -31.5645 11.7404
v -12.2433 -32.4418 16.1404
f 3001 3003 3004 3002
f 3003 3005 3006 3004
f 3005 3007 3008 3006
f 3007 3009 3010 3008
f 3009 3011 3012 3010
f 3011 3013 3014 3012
f 3013 3015 3016 3014
f 3015 3017 3018 3016
f 3017 3019 3020 3018
f 3019 3021 3022 3020
f 3021 3023 3024 3022
f 3023 3001 3002 3024
f 3023 3021 3019 3017 3015 3013 3011 3009 3007 3005 3003 3001
f 3002 3004 3006 3008 3010 3012 3014 3016 3018 3020 3022 3024
o Edge_4
v -12.4356 -33.1457 16
v -12.4356 -33.1404 21.5385
v -12.2433 -33.8635 16.0007
v -12.2433 -33.8582 21.5391
v -11.7178 -34.389 16.0012
v -11.7178 -34.3837 21.5397
v -11 -34.5813 16.0014
v -11 -34.576 21.5398
v -10.2822 -34.389 16.0012
v -10.2822 -34.3837 21.5397
v -9.7567 -33.8635 16.0007
v -9.7567 -33.8582 21.5391
v -9.5644 -33.1457 16
v -9.5644 -33.1404 21.5385
v -9.7567 -32.4279 15.9993
v -9.7567 -32.4226 21.5378
v -10.2822 -31.9024 15.9988
v -10.2822 -31.8971 21.5373
v -11 -31.7101 15.9986
v -11 -31.7048 21.5371
v -11.7178 -31.9024 15.9988
v -11.7178 -31.8971 21.5373
v -12.2433 -32.4279 15.9993
v -12.2433 -32.4226 21.5378
f 3025 3027 3028 3026
f 3027 3029 3030 3028
f 3029 3031 3032 3030
f 3031 3033 3034 3032
f 3033 3035 3036 3034
f 3035 3037 3038 3036
f 3037 3039 3040 3038
f 3039 3041 3042 3040
f 3041 3043 3044 3042
f 3043 3045 3046 3044
f 3045 3047 3048 3046
f 3047 3025 3026 3048
f 3047 3045 3043 3041 3039 3037 3035 3033 3031 3029 3027 3025
f 3026 3028 3030 3032 3034 3036 3038 3040 3042 3044 3046 3048
v -12.4356 -33.1404 21.5385
v -12.4356 -33.214 27.0769
v -12.2433 -33.8582 21.5289
v -12.2433 -33.9317 27.0674
v -11.7178 -34.3836 21.5219
v -11.7178 -34.4572 27.0604
v -11 -34.5759 21.5194
v -11 -34.6495 27.0579
v -10.2822 -34.3836 21.5219
v -10.2822 -34.4572 27.0604
v -9.7567 -33.8582 21.5289
v -9.7567 -33.9317 27.0674
v -9.5644 -33.1404 21.5385
v -9.5644 -33.214 27.0769
v -9.7567 -32.4227 21.548
v -9.7567 -32.4963 27.0865
v -10.2822 -31.8973 21.555
v -10.2822 -31.9708 27.0934
v -11 -31.7049 21.5575
v -11 -31.7785 27.096
v -11.7178 -31.8973 21.555
v -11.7178 -31.9708 27.0934
v -12.2433 -32.4227 21.548
v -12.2433 -32.4963 27.0865
f 3049 3051 3052 3050
f 3051 3053 3054 3052
f 3053 3055 3056 3054
f 3055 3057 3058 3056
f 3057 3059 3060 3058
f 3059 3061 3062 3060
f 3061 3063 3064 3062
f 3063 3065 3066 3064
f 3065 3067 3068 3066
f 3067 3069 3070 3068
f 3069 3071 3072 3070
f 3071 3049 3050 3072
f 3071 3069 3067 3065 3063 3061 3059 3057 3055 3053 3051 3049
f 3050 3052 3054 3056 3058 3060 3062 3064 3066 3068 3070 3072
v -12.4356 -33.214 27.0769
v -12.4356 -33.3594 32.6154
v -12.2433 -33.9316 27.0581
v -12.2433 -34.077 32.5965
v -11.7178 -34.4568 27.0443
v -11.7178 -34.6023 32.5827
v -11 -34.6491 27.0392
v -11 -34.7946 32.5777
v -10.2822 -34.4568 27.0443
v -10.2822 -34.6023 32.5827
v -9.7567 -33.9316 27.0581
v -9.7567 -34.077 32.5965
v -9.5644 -33.214 27.0769
v -9.5644 -33.3594 32.6154
v -9.7567 -32.4964 27.0958
v -9.7567 -32.6419 32.6342
v -10.2822 -31.9712 27.1096
v -10.2822 -32.1166 32.648
v -11 -31.7789 27.1146
v -11 -31.9243 32.6531
v -11.7178 -31.9712 27.1096
v -11.7178 -32.1166 32.648
v -12.2433 -32.4964 27.0958
v -12.2433 -32.6419 32.6342
f 3073 3075 3076 3074
f 3075 3077 3078 3076
f 3077 3079 3080 3078
f 3079 3081 3082 3080
f 3081 3083 3084 3082
f 3083 3085 3086 3084
f 3085 3087 3088 3086
f 3087 3089 3090 3088
f 3089 3091 3092 3090
f 3091 3093 3094 3092
f 3093 3095 3096 3094
f 3095 3073 3074 3096
f 3095 3093 3091 3089 3087 3085 3083 3081 3079 3077 3075 3073
f 3074 3076 3078 3080 3082 3084 3086 3088 3090 3092 3094 3096
v -12.4356 -33.3594 32.6154
v -12.4356 -33.547 38.1538
v -12.2433 -34.0768 32.5911
v -12.2433 -34.2644 38.1296
v -11.7178 -34.602 32.5733
v -11.7178 -34.7896 38.1118
v -11 -34.7942 32.5668
v -11 -34.9818 38.1053
v -10.2822 -34.602 32.5733
v -10.2822 -34.7896 38.1118
v -9.7567 -34.0768 32.5911
v -9.7567 -34.2644 38.1296
v -9.5644 -33.3594 32.6154
v -9.5644 -33.547 38.1538
v -9.7567 -32.6421 32.6397
v -9.7567 -32.8296 38.1781
v -10.2822 -32.1169 32.6575
v -10.2822 -32.3045 38.1959
v -11 -31.9247 32.664
v -11 -32.1122 38.2024
v -11.7178 -32.1169 32.6575
v -11.7178 -32.3045 38.1959
v -12.2433 -32.6421 32.6397
v -12.2433 -32.8296 38.1781
f 3097 3099 3100 3098
f 3099 3101 3102 3100
f 3101 3103 3104 3102
f 3103 3105 3106 3104
f 3105 3107 3108 3106
f 3107 3109 3110 3108
f 3109 3111 3112 3110
f 3111 3113 3114 3112
f 3113 3115 3116 3114
f 3115 3117 3118 3116
f 3117 3119 3120 3118
f 3119 3097 3098 3120
f 3119 3117 3115 3113 3111 3109 3107 3105 3103 3101 3099 3097
f 3098 3100 3102 3104 3106 3108 3110 3112 3114 3116 3118 3120
v -12.4356 -33.547 38.1538
v -12.4356 -33.7191 43.6923
v -12.2433 -34.2645 38.1316
v -12.2433 -34.4365 43.67
v -11.7178 -34.7897 38.1152
v -11.7178 -34.9617 43.6537
v -11 -34.9819 38.1093
v -11 -35.154 43.6477
v -10.2822 -34.7897 38.1152
v -10.2822 -34.9617 43.6537
v -9.7567 -34.2645 38.1316
v -9.7567 -34.4365 43.67
v -9.5644 -33.547 38.1538
v -9.5644 -33.7191 43.6923
v -9.7567 -32.8296 38.1761
v -9.7567 -33.0016 43.7146
v -10.2822 -32.3044 38.1924
v -10.2822 -32.4764 43.7309
v -11 -32.1121 38.1984
v -11 -32.2842 43.7369
v -11.7178 -32.3044 38.1924
v -11.7178 -32.4764 43.7309
v -12.2433 -32.8296 38.1761
v -12.2433 -33.0016 43.7146
f 3121 3123 3124 3122
f 3123 3125 3126 3124
f 3125 3127 3128 3126
f 3127 3129 3130 3128
f 3129 3131 3132 3130
f 3131 3133 3134 3132
f 3133 3135 3136 3134
f 3135 3137 3138 3136
f 3137 3139 3140 3138
f 3139 3141 3142 3140
f 3141 3143 3144 3142
f 3143 3121 3122 3144
f 3143 3141 3139 3137 3135 3133 3131 3129 3127 3125 3123 3121
f 3122 3124 3126 3128 3130 3132 3134 3136 3138 3140 3142 3144
v -12.4356 -33.7191 43.6923
v -12.4356 -33.8694 49.2308
v -12.2433 -34.4366 43.6728
v -12.2433 -34.5869 49.2113
v -11.7178 -34.9619 43.6586
v -11.7178 -35.1122 49.197
v -11 -35.1541 43.6534
v -11 -35.3045 49.1918
v -10.2822 -34.9619 43.6586
v -10.2822 -35.1122 49.197
v -9.7567 -34.4366 43.6728
v -9.7567 -34.5869 49.2113
v -9.5644 -33.7191 43.6923
v -9.5644 -33.8694 49.2308
v -9.7567 -33.0015 43.7118
v -9.7567 -33.1519 49.2502
v -10.2822 -32.4763 43.726
v -10.2822 -32.6266 49.2645
v -11 -32.284 43.7313
v -11 -32.4343 49.2697
v -11.7178 -32.4763 43.726
v -11.7178 -32.6266 49.2645
v -12.2433 -33.0015 43.7118
v -12.2433 -33.1519 49.2502
f 3145 3147 3148 3146
f 3147 3149 3150 3148
f 3149 3151 3152 3150
f 3151 3153 3154 3152
f 3153 3155 3156 3154
f 3155 3157 3158 3156
f 3157 3159 3160 3158
f 3159 3161 3162 3160
f 3161 3163 3164 3162
f 3163 3165 3166 3164
f 3165 3167 3168 3166
f 3167 3145 3146 3168
f 3167 3165 3163 3161 3159 3157 3155 3153 3151 3149 3147 3145
f 3146 3148 3150 3152 3154 3156 3158 3160 3162 3164 3166 3168
v -12.4356 -33.8694 49.2308
v -12.4356 -33.9447 54.7692
v -12.2433 -34.5871 49.221
v -12.2433 -34.6624 54.7595
v -11.7178 -35.1125 49.2139
v -11.7178 -35.1878 54.7523
v -11 -35.3049 49.2113
v -11 -35.3802 54.7497
v -10.2822 -35.1125 49.2139
v -10.2822 -35.1878 54.7523
v -9.7567 -34.5871 49.221
v -9.7567 -34.6624 54.7595
v -9.5644 -33.8694 49.2308
v -9.5644 -33.9447 54.7692
v -9.7567 -33.1517 49.2405
v -9.7567 -33.227 54.779
v -10.2822 -32.6262 49.2477
v -10.2822 -32.7015 54.7861
v -11 -32.4339 49.2503
v -11 -32.5092 54.7887
v -11.7178 -32.6262 49.2477
v -11.7178 -32.7015 54.7861
v -12.2433 -33.1517 49.2405
v -12.2433 -33.227 54.779
f 3169 3171 3172 3170
f 3171 3173 3174 3172
f 3173 3175 3176 3174
f 3175 3177 3178 3176
f 3177 3179 3180 3178
f 3179 3181 3182 3180
f 3181 3183 3184 3182
f 3183 3185 3186 3184
f 3185 3187 3188 3186
f 3187 3189 3190 3188
f 3189 3191 3192 3190
f 3191 3169 3170 3192
f 3191 3189 3187 3185 3183 3181 3179 3177 3175 3173 3171 3169
f 3170 3172 3174 3176 3178 3180 3182 3184 3186 3188 3190 3192
v -12.4356 -33.9447 54.7692
v -12.4356 -33.9493 60.3077
v -12.2433 -34.6625 54.7686
v -12.2433 -34.6671 60.3071
v -11.7178 -35.188 54.7682
v -11.7178 -35.1926 60.3066
v -11 -35.3803 54.768
v -11 -35.3849 60.3065
v -10.2822 -35.188 54.7682
v -10.2822 -35.1926 60.3066
v -9.7567 -34.6625 54.7686
v -9.7567 -34.6671 60.3071
v -9.5644 -33.9447 54.7692
v -9.5644 -33.9493 60.3077
v -9.7567 -33.2269 54.7698
v -9.7567 -33.2315 60.3083
v -10.2822 -32.7014 54.7703
v -10.2822 -32.7061 60.3087
v -11 -32.5091 54.7704
v -11 -32.5137 60.3089
v -11.7178 -32.7014 54.7703
v -11.7178 -32.7061 60.3087
v -12.2433 -33.2269 54.7698
v -12.2433 -33.2315 60.3083
f 3193 3195 3196 3194
f 3195 3197 3198 3196
f 3197 3199 3200 3198
f 3199 3201 3202 3200
f 3201 3203 3204 3202
f 3203 3205 3206 3204
f 3205 3207 3208 3206
f 3207 3209 3210 3208
f 3209 3211 3212 3210
f 3211 3213 3214 3212
f 3213 3215 3216 3214
f 3215 3193 3194 3216
f 3215 3213 3211 3209 3207 3205 3203 3201 3199 3197 3195 3193
f 3194 3196 3198 3200 3202 3204 3206 3208 3210 3212 3214 3216
v -12.4356 -33.9493 60.3077
v -12.4356 -33.8942 65.8462
v -12.2433 -34.6671 60.3148
v -12.2433 -34.612 65.8533
v -11.7178 -35.1925 60.3201
v -11.7178 -35.1374 65.8585
v -11 -35.3849 60.322
v -11 -35.3298 65.8604
v -10.2822 -35.1925 60.3201
v -10.2822 -35.1374 65.8585
v -9.7567 -34.6671 60.3148
v -9.7567 -34.612 65.8533
v -9.5644 -33.9493 60.3077
v -9.5644 -33.8942 65.8462
v -9.7567 -33.2316 60.3006
v -9.7567 -33.1765 65.839
v -10.2822 -32.7061 60.2953
v -10.2822 -32.651 65.8338
v -11 -32.5138 60.2934
v -11 -32.4587 65.8319
v -11.7178 -32.7061 60.2953
v -11.7178 -32.651 65.8338
v -12.2433 -33.2316 60.3006
v -12.2433 -33.1765 65.839
f 3217 3219 3220 3218
f 3219 3221 3222 3220
f 3221 3223 3224 3222
f 3223 3225 3226 3224
f 3225 3227 3228 3226
f 3227 3229 3230 3228
f 3229 3231 3232 3230
f 3231 3233 3234 3232
f 3233 3235 3236 3234
f 3235 3237 3238 3236
f 3237 3239 3240 3238
f 3239 3217 3218 3240
f 3239 3237 3235 3233 3231 3229 3227 3225 3223 3221 3219 3217
f 3218 3220 3222 3224 3226 3228 3230 3232 3234 3236 3238 3240
v -12.4356 -33.8942 65.8462
v -12.4356 -33.7543 71.3846
v -12.2433 -34.6118 65.8643
v -12.2433 -34.4719 71.4027
v -11.7178 -35.1371 65.8776
v -11.7178 -34.9972 71.416
v -11 -35.3294 65.8824
v -11 -35.1894 71.4209
v -10.2822 -35.1371 65.8776
v -10.2822 -34.9972 71.416
v -9.7567 -34.6118 65.8643
v -9.7567 -34.4719 71.4027
v -9.5644 -33.8942 65.8462
v -9.5644 -33.7543 71.3846
v -9.7567 -33.1767 65.828
v -9.7567 -33.0367 71.3665
v -10.2822 -32.6514 65.8148
v -10.2822 -32.5114 71.3532
v -11 -32.4591 65.8099
v -11 -32.3192 71.3484
v -11.7178 -32.6514 65.8148
v -11.7178 -32.5114 71.3532
v -12.2433 -33.1767 65.828
v -12.2433 -33.0367 71.3665
f 3241 3243 3244 3242
f 3243 3245 3246 3244
f 3245 3247 3248 3246
f 3247 3249 3250 3248
f 3249 3251 3252 3250
f 3251 3253 3254 3252
f 3253 3255 3256 3254
f 3255 3257 3258 3256
f 3257 3259 3260 3258
f 3259 3261 3262 3260
f 3261 3263 3264 3262
f 3263 3241 3242 3264
f 3263 3261 3259 3257 3255 3253 3251 3249 3247 3245 3243 3241
f 3242 3244 3246 3248 3250 3252 3254 3256 3258 3260 3262 3264
v -12.4356 -33.7543 71.3846
v -12.4356 -33.5252 76.9231
v -12.2433 -34.4715 71.4143
v -12.2433 -34.2424 76.9527
v -11.7178 -34.9965 71.436
v -11.7178 -34.7674 76.9745
v -11 -35.1887 71.4439
v -11 -34.9596 76.9824
v -10.2822 -34.9965 71.436
v -10.2822 -34.7674 76.9745
v -9.7567 -34.4715 71.4143
v -9.7567 -34.2424 76.9527
v -9.5644 -33.7543 71.3846
v -9.5644 -33.5252 76.9231
v -9.7567 -33.0371 71.3549
v -9.7567 -32.808 76.8934
v -10.2822 -32.5121 71.3332
v -10.2822 -32.283 76.8717
v -11 -32.3199 71.3253
v -11 -32.0908 76.8637
v -11.7178 -32.5121 71.3332
v -11.7178 -32.283 76.8717
v -12.2433 -33.0371 71.3549
v -12.2433 -32.808 76.8934
f 3265 3267 3268 3266
f 3267 3269 3270 3268
f 3269 3271 3272 3270
f 3271 3273 3274 3272
f 3273 3275 3276 3274
f 3275 3277 3278 3276
f 3277 3279 3280 3278
f 3279 3281 3282 3280
f 3281 3283 3284 3282
f 3283 3285 3286 3284
f 3285 3287 3288 3286
f 3287 3265 3266 3288
f 3287 3285 3283 3281 3279 3277 3275 3273 3271 3269 3267 3265
f 3266 3268 3270 3272 3274 3276 3278 3280 3282 3284 3286 3288
v -12.4356 -33.5252 76.9231
v -12.4356 -33.219 82.4615
v -12.2433 -34.2419 76.9627
v -12.2433 -33.9357 82.5012
v -11.7178 -34.7666 76.9917
v -11.7178 -34.4603 82.5302
v -11 -34.9586 77.0023
v -11 -34.6524 82.5408
v -10.2822 -34.7666 76.9917
v -10.2822 -34.4603 82.5302
v -9.7567 -34.2419 76.9627
v -9.7567 -33.9357 82.5012
v -9.5644 -33.5252 76.9231
v -9.5644 -33.219 82.4615
v -9.7567 -32.8085 76.8834
v -9.7567 -32.5023 82.4219
v -10.2822 -32.2838 76.8544
v -10.2822 -31.9776 82.3929
v -11 -32.0918 76.8438
v -11 -31.7856 82.3823
v -11.7178 -32.2838 76.8544
v -11.7178 -31.9776 82.3929
v -12.2433 -32.8085 76.8834
v -12.2433 -32.5023 82.4219
f 3289 3291 3292 3290
f 3291 3293 3294 3292
f 3293 3295 3296 3294
f 3295 3297 3298 3296
f 3297 3299 3300 3298
f 3299 3301 3302 3300
f 3301 3303 3304 3302
f 3303 3305 3306 3304
f 3305 3307 3308 3306
f 3307 3309 3310 3308
f 3309 3311 3312 3310
f 3311 3289 3290 3312
f 3311 3309 3307 3305 3303 3301 3299 3297 3295 3293 3291 3289
f 3290 3292 3294 3296 3298 3300 3302 3304 3306 3308 3310 3312
v -12.4356 -33.219 82.4615
v -12.4356 -32.8081 88
v -12.2433 -33.9348 82.5146
v -12.2433 -33.5239 88.0531
v -11.7178 -34.4588 82.5535
v -11.7178 -34.048 88.092
v -11 -34.6506 82.5677
v -11 -34.2398 88.1062
v -10.2822 -34.4588 82.5535
v -10.2822 -34.048 88.092
v -9.7567 -33.9348 82.5146
v -9.7567 -33.5239 88.0531
v -9.5644 -33.219 82.4615
v -9.5644 -32.8081 88
v -9.7567 -32.5031 82.4084
v -9.7567 -32.0923 87.9469
v -10.2822 -31.9791 82.3696
v -10.2822 -31.5682 87.908
v -11 -31.7873 82.3553
v -11 -31.3764 87.8938
v -11.7178 -31.9791 82.3696
v -11.7178 -31.5682 87.908
v -12.2433 -32.5031 82.4084
v -12.2433 -32.0923 87.9469
f 3313 3315 3316 3314
f 3315 3317 3318 3316
f 3317 3319 3320 3318
f 3319 3321 3322 3320
f 3321 3323 3324 3322
f 3323 3325 3326 3324
f 3325 3327 3328 3326
f 3327 3329 3330 3328
f 3329 3331 3332 3330
f 3331 3333 3334 3332
f 3333 3335 3336 3334
f 3335 3313 3314 3336
f 3335 3333 3331 3329 3327 3325 3323 3321 3319 3317 3315 3313
f 3314 3316 3318 3320 3322 3324 3326 3328 3330 3332 3334 3336
v -12.4356 -32.8081 88
v -12.4356 -32.2477 93.5385
v -12.2433 -33.5223 88.0723
v -12.2433 -32.9618 93.6107
v -11.7178 -34.0451 88.1252
v -11.7178 -33.4846 93.6636
v -11 -34.2364 88.1445
v -11 -33.676 93.683
v -10.2822 -34.0451 88.1252
v -10.2822 -33.4846 93.6636
v -9.7567 -33.5223 88.0723
v -9.7567 -32.9618 93.6107
v -9.5644 -32.8081 88
v -9.5644 -32.2477 93.5385
v -9.7567 -32.0939 87.9277
v -9.7567 -31.5335 93.4662
v -10.2822 -31.5711 87.8748
v -10.2822 -31.0107 93.4133
v -11 -31.3798 87.8555
v -11 -30.8194 93.3939
v -11.7178 -31.5711 87.8748
v -11.7178 -31.0107 93.4133
v -12.2433 -32.0939 87.9277
v -12.2433 -31.5335 93.4662
f 3337 3339 3340 3338
f 3339 3341 3342 3340
f 3341 3343 3344 3342
f 3343 3345 3346 3344
f 3345 3347 3348 3346
f 3347 3349 3350 3348
f 3349 3351 3352 3350
f 3351 3353 3354 3352
f 3353 3355 3356 3354
f 3355 3357 3358 3356
f 3357 3359 3360 3358
f 3359 3337 3338 3360
f 3359 3357 3355 3353 3351 3349 3347 3345 3343 3341 3339 3337
f 3338 3340 3342 3344 3346 3348 3350 3352 3354 3356 3358 3360
v -12.4356 -32.2477 93.5385
v -12.4356 -31.6102 99.0769
v -12.2433 -32.9608 93.6205
v -12.2433 -32.3233 99.159
v -11.7178 -33.4828 93.6806
v -11.7178 -32.8453 99.2191
v -11 -33.6739 93.7026
v -11 -33.0364 99.2411
v -10.2822 -33.4828 93.6806
v -10.2822 -32.8453 99.2191
v -9.7567 -32.9608 93.6205
v -9.7567 -32.3233 99.159
v -9.5644 -32.2477 93.5385
v -9.5644 -31.6102 99.0769
v -9.7567 -31.5346 93.4564
v -9.7567 -30.8971 98.9948
v -10.2822 -31.0126 93.3963
v -10.2822 -30.3751 98.9348
v -11 -30.8215 93.3743
v -11 -30.184 98.9128
v -11.7178 -31.0126 93.3963
v -11.7178 -30.3751 98.9348
v -12.2433 -31.5346 93.4564
v -12.2433 -30.8971 98.9948
f 3361 3363 3364 3362
f 3363 3365 3366 3364
f 3365 3367 3368 3366
f 3367 3369 3370 3368
f 3369 3371 3372 3370
f 3371 3373 3374 3372
f 3373 3375 3376 3374
f 3375 3377 3378 3376
f 3377 3379 3380 3378
f 3379 3381 3382 3380
f 3381 3383 3384 3382
f 3383 3361 3362 3384
f 3383 3381 3379 3377 3375 3373 3371 3369 3367 3365 3363 3361
f 3362 3364 3366 3368 3370 3372 3374 3376 3378 3380 3382 3384
v -12.4356 -31.6102 99.0769
v -12.4356 -30.8993 104.6154
v -12.2433 -32.3222 99.1683
v -12.2433 -31.6113 104.7068
v -11.7178 -32.8434 99.2352
v -11.7178 -32.1325 104.7737
v -11 -33.0341 99.2597
v -11 -32.3233 104.7981
v -10.2822 -32.8434 99.2352
v -10.2822 -32.1325 104.7737
v -9.7567 -32.3222 99.1683
v -9.7567 -31.6113 104.7068
v -9.5644 -31.6102 99.0769
v -9.5644 -30.8993 104.6154
v -9.7567 -30.8982 98.9855
v -9.7567 -30.1874 104.524
v -10.2822 -30.3771 98.9186
v -10.2822 -29.6662 104.4571
v -11 -30.1863 98.8942
v -11 -29.4754 104.4326
v -11.7178 -30.3771 98.9186
v -11.7178 -29.6662 104.4571
v -12.2433 -30.8982 98.9855
v -12.2433 -30.1874 104.524
f 3385 3387 3388 3386
f 3387 3389 3390 3388
f 3389 3391 3392 3390
f 3391 3393 3394 3392
f 3393 3395 3396 3394
f 3395 3397 3398 3396
f 3397 3399 3400 3398
f 3399 3401 3402 3400
f 3401 3403 3404 3402
f 3403 3405 3406 3404
f 3405 3407 3408 3406
f 3407 3385 3386 3408
f 3407 3405 3403 3401 3399 3397 3395 3393 3391 3389 3387 3385
f 3386 3388 3390 3392 3394 3396 3398 3400 3402 3404 3406 3408
v -12.4356 -30.8993 104.6154
v -12.4356 -30.1389 110.1538
v -12.2433 -31.6105 104.713
v -12.2433 -30.85 110.2515
v -11.7178 -32.131 104.7845
v -11.7178 -31.3706 110.323
v -11 -32.3216 104.8107
v -11 -31.5612 110.3491
v -10.2822 -32.131 104.7845
v -10.2822 -31.3706 110.323
v -9.7567 -31.6105 104.713
v -9.7567 -30.85 110.2515
v -9.5644 -30.8993 104.6154
v -9.5644 -30.1389 110.1538
v -9.7567 -30.1882 104.5177
v -9.7567 -29.4278 110.0562
v -10.2822 -29.6676 104.4463
v -10.2822 -28.9072 109.9847
v -11 -29.4771 104.4201
v -11 -28.7167 109.9586
v -11.7178 -29.6676 104.4463
v -11.7178 -28.9072 109.9847
v -12.2433 -30.1882 104.5177
v -12.2433 -29.4278 110.0562
f 3409 3411 3412 3410
f 3411 3413 3414 3412
f 3413 3415 3416 3414
f 3415 3417 3418 3416
f 3417 3419 3420 3418
f 3419 3421 3422 3420
f 3421 3423 3424 3422
f 3423 3425 3426 3424
f 3425 3427 3428 3426
f 3427 3429 3430 3428
f 3429 3431 3432 3430
f 3431 3409 3410 3432
f 3431 3429 3427 3425 3423 3421 3419 3417 3415 3413 3411 3409
f 3410 3412 3414 3416 3418 3420 3422 3424 3426 3428 3430 3432
v -12.4356 -30.1389 110.1538
v -12.4356 -29.3995 115.6923
v -12.2433 -30.8504 110.2488
v -12.2433 -30.1109 115.7873
v -11.7178 -31.3712 110.3184
v -11.7178 -30.6318 115.8568
v -11 -31.5619 110.3438
v -11 -30.8224 115.8823
v -10.2822 -31.3712 110.3184
v -10.2822 -30.6318 115.8568
v -9.7567 -30.8504 110.2488
v -9.7567 -30.1109 115.7873
v -9.5644 -30.1389 110.1538
v -9.5644 -29.3995 115.6923
v -9.7567 -29.4274 110.0589
v -9.7567 -28.688 115.5973
v -10.2822 -28.9066 109.9893
v -10.2822 -28.1671 115.5278
v -11 -28.7159 109.9639
v -11 -27.9765 115.5023
v -11.7178 -28.9066 109.9893
v -11.7178 -28.1671 115.5278
v -12.2433 -29.4274 110.0589
v -12.2433 -28.688 115.5973
f 3433 3435 3436 3434
f 3435 3437 3438 3436
f 3437 3439 3440 3438
f 3439 3441 3442 3440
f 3441 3443 3444 3442
f 3443 3445 3446 3444
f 3445 3447 3448 3446
f 3447 3449 3450 3448
f 3449 3451 3452 3450
f 3451 3453 3454 3452
f 3453 3455 3456 3454
f 3455 3433 3434 3456
f 3455 3453 3451 3449 3447 3445 3443 3441 3439 3437 3435 3433
f 3434 3436 3438 3440 3442 3444 3446 3448 3450 3452 3454 3456
v -12.4356 -29.3995 115.6923
v -12.4356 -28.6893 121.2308
v -12.2433 -30.1114 115.7836
v -12.2433 -29.4013 121.3221
v -11.7178 -30.6326 115.8504
v -11.7178 -29.9225 121.3889
v -11 -30.8234 115.8749
v -11 -30.1132 121.4134
v -10.2822 -30.6326 115.8504
v -10.2822 -29.9225 121.3889
v -9.7567 -30.1114 115.7836
v -9.7567 -29.4013 121.3221
v -9.5644 -29.3995 115.6923
v -9.5644 -28.6893 121.2308
v -9.7567 -28.6875 115.601
v -9.7567 -27.9773 121.1395
v -10.2822 -28.1663 115.5342
v -10.2822 -27.4561 121.0726
v -11 -27.9755 115.5097
v -11 -27.2654 121.0482
v -11.7178 -28.1663 115.5342
v -11.7178 -27.4561 121.0726
v -12.2433 -28.6875 115.601
v -12.2433 -27.9773 121.1395
f 3457 3459 3460 3458
f 3459 3461 3462 3460
f 3461 3463 3464 3462
f 3463 3465 3466 3464
f 3465 3467 3468 3466
f 3467 3469 3470 3468
f 3469 3471 3472 3470
f 3471 3473 3474 3472
f 3473 3475 3476 3474
f 3475 3477 3478 3476
f 3477 3479 3480 3478
f 3479 3457 3458 3480
f 3479 3477 3475 3473 3471 3469 3467 3465 3463 3461 3459 3457
f 3458 3460 3462 3464 3466 3468 3470 3472 3474 3476 3478 3480
v -12.4356 -28.6893 121.2308
v -12.4356 -28.0804 126.7692
v -12.2433 -29.4028 121.3092
v -12.2433 -28.7939 126.8477
v -11.7178 -29.9251 121.3666
v -11.7178 -29.3162 126.9051
v -11 -30.1163 121.3877
v -11 -29.5074 126.9261
v -10.2822 -29.9251 121.3666
v -10.2822 -29.3162 126.9051
v -9.7567 -29.4028 121.3092
v -9.7567 -28.7939 126.8477
v -9.5644 -28.6893 121.2308
v -9.5644 -28.0804 126.7692
v -9.7567 -27.9758 121.1523
v -9.7567 -27.3669 126.6908
v -10.2822 -27.4535 121.0949
v -10.2822 -26.8446 126.6334
v -11 -27.2623 121.0739
v -11 -26.6534 126.6123
v -11.7178 -27.4535 121.0949
v -11.7178 -26.8446 126.6334
v -12.2433 -27.9758 121.1523
v -12.2433 -27.3669 126.6908
f 3481 3483 3484 3482
f 3483 3485 3486 3484
f 3485 3487 3488 3486
f 3487 3489 3490 3488
f 3489 3491 3492 3490
f 3491 3493 3494 3492
f 3493 3495 3496 3494
f 3495 3497 3498 3496
f 3497 3499 3500 3498
f 3499 3501 3502 3500
f 3501 3503 3504 3502
f 3503 3481 3482 3504
f 3503 3501 3499 3497 3495 3493 3491 3489 3487 3485 3483 3481
f 3482 3484 3486 3488 3490 3492 3494 3496 3498 3500 3502 3504
v -12.4356 -28.0804 126.7692
v -12.4356 -27.5743 132.3077
v -12.2433 -28.7952 126.8345
v -12.2433 -28.2892 132.373
v -11.7178 -29.3185 126.8824
v -11.7178 -28.8124 132.4208
v -11 -29.5101 126.8999
v -11 -29.004 132.4383
v -10.2822 -29.3185 126.8824
v -10.2822 -28.8124 132.4208
v -9.7567 -28.7952 126.8345
v -9.7567 -28.2892 132.373
v -9.5644 -28.0804 126.7692
v -9.5644 -27.5743 132.3077
v -9.7567 -27.3656 126.7039
v -9.7567 -26.8595 132.2424
v -10.2822 -26.8423 126.6561
v -10.2822 -26.3362 132.1946
v -11 -26.6508 126.6386
v -11 -26.1447 132.1771
v -11.7178 -26.8423 126.6561
v -11.7178 -26.3362 132.1946
v -12.2433 -27.3656 126.7039
v -12.2433 -26.8595 132.2424
f 3505 3507 3508 3506
f 3507 3509 3510 3508
f 3509 3511 3512 3510
f 3511 3513 3514 3512
f 3513 3515 3516 3514
f 3515 3517 3518 3516
f 3517 3519 3520 3518
f 3519 3521 3522 3520
f 3521 3523 3524 3522
f 3523 3525 3526 3524
f 3525 3527 3528 3526
f 3527 3505 3506 3528
f 3527 3525 3523 3521 3519 3517 3515 3513 3511 3509 3507 3505
f 3506 3508 3510 3512 3514 3516 3518 3520 3522 3524 3526 3528
v -12.4356 -27.5743 132.3077
v -12.4356 -27.1556 137.8462
v -12.2433 -28.2901 132.3618
v -12.2433 -27.8713 137.9003
v -11.7178 -28.8141 132.4014
v -11.7178 -28.3953 137.9399
v -11 -29.0058 132.4159
v -11 -28.5871 137.9544
v -10.2822 -28.8141 132.4014
v -10.2822 -28.3953 137.9399
v -9.7567 -28.2901 132.3618
v -9.7567 -27.8713 137.9003
v -9.5644 -27.5743 132.3077
v -9.5644 -27.1556 137.8462
v -9.7567 -26.8586 132.2536
v -9.7567 -26.4398 137.792
v -10.2822 -26.3346 132.214
v -10.2822 -25.9159 137.7524
v -11 -26.1428 132.1995
v -11 -25.7241 137.7379
v -11.7178 -26.3346 132.214
v -11.7178 -25.9159 137.7524
v -12.2433 -26.8586 132.2536
v -12.2433 -26.4398 137.792
f 3529 3531 3532 3530
f 3531 3533 3534 3532
f 3533 3535 3536 3534
f 3535 3537 3538 3536
f 3537 3539 3540 3538
f 3539 3541 3542 3540
f 3541 3543 3544 3542
f 3543 3545 3546 3544
f 3545 3547 3548 3546
f 3547 3549 3550 3548
f 3549 3551 3552 3550
f 3551 3529 3530 3552
f 3551 3549 3547 3545 3543 3541 3539 3537 3535 3533 3531 3529
f 3530 3532 3534 3536 3538 3540 3542 3544 3546 3548 3550 3552
v -12.4356 -27.1556 137.8462
v -12.4356 -26.8617 143.3846
v -12.2433 -27.8724 137.8842
v -12.2433 -27.5785 143.4226
v -11.7178 -28.3971 137.912
v -11.7178 -28.1032 143.4505
v -11 -28.5892 137.9222
v -11 -28.2953 143.4607
v -10.2822 -28.3971 137.912
v -10.2822 -28.1032 143.4505
v -9.7567 -27.8724 137.8842
v -9.7567 -27.5785 143.4226
v -9.5644 -27.1556 137.8462
v -9.5644 -26.8617 143.3846
v -9.7567 -26.4388 137.8081
v -9.7567 -26.1449 143.3466
v -10.2822 -25.9141 137.7803
v -10.2822 -25.6202 143.3187
v -11 -25.722 137.7701
v -11 -25.4281 143.3085
v -11.7178 -25.9141 137.7803
v -11.7178 -25.6202 143.3187
v -12.2433 -26.4388 137.8081
v -12.2433 -26.1449 143.3466
f 3553 3555 3556 3554
f 3555 3557 3558 3556
f 3557 3559 3560 3558
f 3559 3561 3562 3560
f 3561 3563 3564 3562
f 3563 3565 3566 3564
f 3565 3567 3568 3566
f 3567 3569 3570 3568
f 3569 3571 3572 3570
f 3571 3573 3574 3572
f 3573 3575 3576 3574
f 3575 3553 3554 3576
f 3575 3573 3571 3569 3567 3565 3563 3561 3559 3557 3555 3553
f 3554 3556 3558 3560 3562 3564 3566 3568 3570 3572 3574 3576
v -12.4356 -26.8617 143.3846
v -12.4356 -26.6686 148.9231
v -12.2433 -27.5791 143.4096
v -12.2433 -27.3859 148.9481
v -11.7178 -28.1042 143.4279
v -11.7178 -27.9111 148.9664
v -11 -28.2964 143.4347
v -11 -28.1033 148.9731
v -10.2822 -28.1042 143.4279
v -10.2822 -27.9111 148.9664
v -9.7567 -27.5791 143.4096
v -9.7567 -27.3859 148.9481
v -9.5644 -26.8617 143.3846
v -9.5644 -26.6686 148.9231
v -9.7567 -26.1443 143.3596
v -9.7567 -25.9512 148.8981
v -10.2822 -25.6192 143.3413
v -10.2822 -25.426 148.8797
v -11 -25.427 143.3346
v -11 -25.2338 148.873
v -11.7178 -25.6192 143.3413
v -11.7178 -25.426 148.8797
v -12.2433 -26.1443 143.3596
v -12.2433 -25.9512 148.8981
f 3577 3579 3580 3578
f 3579 3581 3582 3580
f 3581 3583 3584 3582
f 3583 3585 3586 3584
f 3585 3587 3588 3586
f 3587 3589 3590 3588
f 3589 3591 3592 3590
f 3591 3593 3594 3592
f 3593 3595 3596 3594
f 3595 3597 3598 3596
f 3597 3599 3600 3598
f 3599 3577 3578 3600
f 3599 3597 3595 3593 3591 3589 3587 3585 3583 3581 3579 3577
f 3578 3580 3582 3584 3586 3588 3590 3592 3594 3596 3598 3600
v -12.4356 -26.6686 148.9231
v -12.4356 -26.5418 154.4615
v -12.2433 -27.3862 148.9395
v -12.2433 -27.2594 154.478
v -11.7178 -27.9115 148.9515
v -11.7178 -27.7847 154.49
v -11 -28.1038 148.9559
v -11 -27.977 154.4944
v -10.2822 -27.9115 148.9515
v -10.2822 -27.7847 154.49
v -9.7567 -27.3862 148.9395
v -9.7567 -27.2594 154.478
v -9.5644 -26.6686 148.9231
v -9.5644 -26.5418 154.4615
v -9.7567 -25.9509 148.9067
v -9.7567 -25.8242 154.4451
v -10.2822 -25.4256 148.8946
v -10.2822 -25.2988 154.4331
v -11 -25.2333 148.8902
v -11 -25.1066 154.4287
v -11.7178 -25.4256 148.8946
v -11.7178 -25.2988 154.4331
v -12.2433 -25.9509 148.9067
v -12.2433 -25.8242 154.4451
f 3601 3603 3604 3602
f 3603 3605 3606 3604
f 3605 3607 3608 3606
f 3607 3609 3610 3608
f 3609 3611 3612 3610
f 3611 3613 3614 3612
f 3613 3615 3616 3614
f 3615 3617 3618 3616
f 3617 3619 3620 3618
f 3619 3621 3622 3620
f 3621 3623 3624 3622
f 3623 3601 3602 3624
f 3623 3621 3619 3617 3615 3613 3611 3609 3607 3605 3603 3601
f 3602 3604 3606 3608 3610 3612 3614 3616 3618 3620 3622 3624
v -12.4356 -26.5418 154.4615
v -12.4356 -26.4902 160
v -12.2433 -27.2596 154.4682
v -12.2433 -27.208 160.0067
v -11.7178 -27.785 154.4731
v -11.7178 -27.7335 160.0116
v -11 -27.9773 154.4749
v -11 -27.9258 160.0134
v -10.2822 -27.785 154.4731
v -10.2822 -27.7335 160.0116
v -9.7567 -27.2596 154.4682
v -9.7567 -27.208 160.0067
v -9.5644 -26.5418 154.4615
v -9.5644 -26.4902 160
v -9.7567 -25.824 154.4549
v -9.7567 -25.7725 159.9933
v -10.2822 -25.2986 154.45
v -10.2822 -25.247 159.9884
v -11 -25.1062 154.4482
v -11 -25.0547 159.9866
v -11.7178 -25.2986 154.45
v -11.7178 -25.247 159.9884
v -12.2433 -25.824 154.4549
v -12.2433 -25.7725 159.9933
f 3625 3627 3628 3626
f 3627 3629 3630 3628
f 3629 3631 3632 3630
f 3631 3633 3634 3632
f 3633 3635 3636 3634
f 3635 3637 3638 3636
f 3637 3639 3640 3638
f 3639 3641 3642 3640
f 3641 3643 3644 3642
f 3643 3645 3646 3644
f 3645 3647 3648 3646
f 3647 3625 3626 3648
f 3647 3645 3643 3641 3639 3637 3635 3633 3631 3629 3627 3625
f 3626 3628 3630 3632 3634 3636 3638 3640 3642 3644 3646 3648
o Edge_5
v 9.5644 -41.8393 -144
v 9.5644 -41.897 -138.7636
v 9.7567 -42.5571 -144.0079
v 9.7567 -42.6147 -138.7715
v 10.2822 -43.0825 -144.0137
v 10.2822 -43.1402 -138.7773
v 11 -43.2749 -144.0158
v 11 -43.3325 -138.7794
v 11.7178 -43.0825 -144.0137
v 11.7178 -43.1402 -138.7773
v 12.2433 -42.5571 -144.0079
v 12.2433 -42.6147 -138.7715
v 12.4356 -41.8393 -144
v 12.4356 -41.897 -138.7636
v 12.2433 -41.1216 -143.9921
v 12.2433 -41.1792 -138.7557
v 11.7178 -40.5962 -143.9863
v 11.7178 -40.6538 -138.75
v 11 -40.4038 -143.9842
v 11 -40.4615 -138.7478
v 10.2822 -40.5962 -143.9863
v 10.2822 -40.6538 -138.75
v 9.7567 -41.1216 -143.9921
v 9.7567 -41.1792 -138.7557
f 3649 3651 3652 3650
f 3651 3653 3654 3652
f 3653 3655 3656 3654
f 3655 3657 3658 3656
f 3657 3659 3660 3658
f 3659 3661 3662 3660
f 3661 3663 3664 3662
f 3663 3665 3666 3664
f 3665 3667 3668 3666
f 3667 3669 3670 3668
f 3669 3671 3672 3670
f 3671 3649 3650 3672
f 3671 3669 3667 3665 3663 3661 3659 3657 3655 3653 3651 3649
f 3650 3652 3654 3656 3658 3660 3662 3664 3666 3668 3670 3672
v 9.5644 -41.897 -138.7636
v 9.5644 -41.9282 -133.5273
v 9.7567 -42.6148 -138.7679
v 9.7567 -42.646 -133.5315
v 10.2822 -43.1402 -138.771
v 10.2822 -43.1714 -133.5347
v 11 -43.3326 -138.7722
v 11 -43.3638 -133.5358
v 11.7178 -43.1402 -138.771
v 11.7178 -43.1714 -133.5347
v 12.2433 -42.6148 -138.7679
v 12.2433 -42.646 -133.5315
v 12.4356 -41.897 -138.7636
v 12.4356 -41.9282 -133.5273
v 12.2433 -41.1792 -138.7594
v 12.2433 -41.2104 -133.523
v 11.7178 -40.6537 -138.7562
v 11.7178 -40.6849 -133.5199
v 11 -40.4614 -138.7551
v 11 -40.4926 -133.5187
v 10.2822 -40.6537 -138.7562
v 10.2822 -40.6849 -133.5199
v 9.7567 -41.1792 -138.7594
v 9.7567 -41.2104 -133.523
f 3673 3675 3676 3674
f 3675 3677 3678 3676
f 3677 3679 3680 3678
f 3679 3681 3682 3680
f 3681 3683 3684 3682
f 3683 3685 3686 3684
f 3685 3687 3688 3686
f 3687 3689 3690 3688
f 3689 3691 3692 3690
f 3691 3693 3694 3692
f 3693 3695 3696 3694
f 3695 3673 3674 3696
f 3695 3693 3691 3689 3687 3685 3683 3681 3679 3677 3675 3673
f 3674 3676 3678 3680 3682 3684 3686 3688 3690 3692 3694 3696
v 9.5644 -41.9282 -133.5273
v 9.5644 -41.9298 -128.2909
v 9.7567 -42.646 -133.5275
v 9.7567 -42.6476 -128.2911
v 10.2822 -43.1715 -133.5277
v 10.2822 -43.1731 -128.2913
v 11 -43.3638 -133.5277
v 11 -43.3654 -128.2914
v 11.7178 -43.1715 -133.5277
v 11.7178 -43.1731 -128.2913
v 12.2433 -42.646 -133.5275
v 12.2433 -42.6476 -128.2911
v 12.4356 -41.9282 -133.5273
v 12.4356 -41.9298 -128.2909
v 12.2433 -41.2104 -133.527
v 12.2433 -41.212 -128.2907
v 11.7178 -40.6849 -133.5269
v 11.7178 -40.6866 -128.2905
v 11 -40.4926 -133.5268
v 11 -40.4942 -128.2905
v 10.2822 -40.6849 -133.5269
v 10.2822 -40.6866 -128.2905
v 9.7567 -41.2104 -133.527
v 9.7567 -41.212 -128.2907
f 3697 3699 3700 3698
f 3699 3701 3702 3700
f 3701 3703 3704 3702
f 3703 3705 3706 3704
f 3705 3707 3708 3706
f 3707 3709 3710 3708
f 3709 3711 3712 3710
f 3711 3713 3714 3712
f 3713 3715 3716 3714
f 3715 3717 3718 3716
f 3717 3719 3720 3718
f 3719 3697 3698 3720
f 3719 3717 3715 3713 3711 3709 3707 3705 3703 3701 3699 3697
f 3698 3700 3702 3704 3706 3708 3710 3712 3714 3716 3718 3720
v 9.5644 -41.9298 -128.2909
v 9.5644 -41.863 -123.0545
v 9.7567 -42.6476 -128.2818
v 9.7567 -42.5808 -123.0454
v 10.2822 -43.173 -128.2751
v 10.2822 -43.1062 -123.0387
v 11 -43.3653 -128.2726
v 11 -43.2985 -123.0362
v 11.7178 -43.173 -128.2751
v 11.7178 -43.1062 -123.0387
v 12.2433 -42.6476 -128.2818
v 12.2433 -42.5808 -123.0454
v 12.4356 -41.9298 -128.2909
v 12.4356 -41.863 -123.0545
v 12.2433 -41.2121 -128.3001
v 12.2433 -41.1453 -123.0637
v 11.7178 -40.6867 -128.3068
v 11.7178 -40.6199 -123.0704
v 11 -40.4943 -128.3092
v 11 -40.4276 -123.0729
v 10.2822 -40.6867 -128.3068
v 10.2822 -40.6199 -123.0704
v 9.7567 -41.2121 -128.3001
v 9.7567 -41.1453 -123.0637
f 3721 3723 3724 3722
f 3723 3725 3726 3724
f 3725 3727 3728 3726
f 3727 3729 3730 3728
f 3729 3731 3732 3730
f 3731 3733 3734 3732
f 3733 3735 3736 3734
f 3735 3737 3738 3736
f 3737 3739 3740 3738
f 3739 3741 3742 3740
f 3741 3743 3744 3742
f 3743 3721 3722 3744
f 3743 3741 3739 3737 3735 3733 3731 3729 3727 3725 3723 3721
f 3722 3724 3726 3728 3730 3732 3734 3736 3738 3740 3742 3744
v 9.5644 -41.863 -123.0545
v 9.5644 -41.7548 -117.8182
v 9.7567 -42.5807 -123.0397
v 9.7567 -42.4725 -117.8034
v 10.2822 -43.106 -123.0289
v 10.2822 -42.9978 -117.7925
v 11 -43.2983 -123.0249
v 11 -43.1901 -117.7885
v 11.7178 -43.106 -123.0289
v 11.7178 -42.9978 -117.7925
v 12.2433 -42.5807 -123.0397
v 12.2433 -42.4725 -117.8034
v 12.4356 -41.863 -123.0545
v 12.4356 -41.7548 -117.8182
v 12.2433 -41.1454 -123.0694
v 12.2433 -41.0372 -117.833
v 11.7178 -40.62 -123.0802
v 11.7178 -40.5118 -117.8439
v 11 -40.4277 -123.0842
v 11 -40.3195 -117.8478
v 10.2822 -40.62 -123.0802
v 10.2822 -40.5118 -117.8439
v 9.7567 -41.1454 -123.0694
v 9.7567 -41.0372 -117.833
f 3745 3747 3748 3746
f 3747 3749 3750 3748
f 3749 3751 3752 3750
f 3751 3753 3754 3752
f 3753 3755 3756 3754
f 3755 3757 3758 3756
f 3757 3759 3760 3758
f 3759 3761 3762 3760
f 3761 3763 3764 3762
f 3763 3765 3766 3764
f 3765 3767 3768 3766
f 3767 3745 3746 3768
f 3767 3765 3763 3761 3759 3757 3755 3753 3751 3749 3747 3745
f 3746 3748 3750 3752 3754 3756 3758 3760 3762 3764 3766 3768
v 9.5644 -41.7548 -117.8182
v 9.5644 -41.5943 -112.5818
v 9.7567 -42.4723 -117.7962
v 9.7567 -42.3118 -112.5598
v 10.2822 -42.9975 -117.7801
v 10.2822 -42.837 -112.5437
v 11 -43.1898 -117.7742
v 11 -43.0292 -112.5378
v 11.7178 -42.9975 -117.7801
v 11.7178 -42.837 -112.5437
v 12.2433 -42.4723 -117.7962
v 12.2433 -42.3118 -112.5598
v 12.4356 -41.7548 -117.8182
v 12.4356 -41.5943 -112.5818
v 12.2433 -41.0374 -117.8402
v 12.2433 -40.8768 -112.6038
v 11.7178 -40.5122 -117.8563
v 11.7178 -40.3516 -112.6199
v 11 -40.3199 -117.8622
v 11 -40.1594 -112.6258
v 10.2822 -40.5122 -117.8563
v 10.2822 -40.3516 -112.6199
v 9.7567 -41.0374 -117.8402
v 9.7567 -40.8768 -112.6038
f 3769 3771 3772 3770
f 3771 3773 3774 3772
f 3773 3775 3776 3774
f 3775 3777 3778 3776
f 3777 3779 3780 3778
f 3779 3781 3782 3780
f 3781 3783 3784 3782
f 3783 3785 3786 3784
f 3785 3787 3788 3786
f 3787 3789 3790 3788
f 3789 3791 3792 3790
f 3791 3769 3770 3792
f 3791 3789 3787 3785 3783 3781 3779 3777 3775 3773 3771 3769
f 3770 3772 3774 3776 3778 3780 3782 3784 3786 3788 3790 3792
v 9.5644 -41.5943 -112.5818
v 9.5644 -41.344 -107.3455
v 9.7567 -42.3113 -112.5475
v 9.7567 -42.061 -107.3112
v 10.2822 -42.8361 -112.5225
v 10.2822 -42.5858 -107.2861
v 11 -43.0283 -112.5133
v 11 -42.7779 -107.2769
v 11.7178 -42.8361 -112.5225
v 11.7178 -42.5858 -107.2861
v 12.2433 -42.3113 -112.5475
v 12.2433 -42.061 -107.3112
v 12.4356 -41.5943 -112.5818
v 12.4356 -41.344 -107.3455
v 12.2433 -40.8773 -112.6161
v 12.2433 -40.627 -107.3797
v 11.7178 -40.3524 -112.6412
v 11.7178 -40.1021 -107.4048
v 11 -40.1603 -112.6504
v 11 -39.91 -107.414
v 10.2822 -40.3524 -112.6412
v 10.2822 -40.1021 -107.4048
v 9.7567 -40.8773 -112.6161
v 9.7567 -40.627 -107.3797
f 3793 3795 3796 3794
f 3795 3797 3798 3796
f 3797 3799 3800 3798
f 3799 3801 3802 3800
f 3801 3803 3804 3802
f 3803 3805 3806 3804
f 3805 3807 3808 3806
f 3807 3809 3810 3808
f 3809 3811 3812 3810
f 3811 3813 3814 3812
f 3813 3815 3816 3814
f 3815 3793 3794 3816
f 3815 3813 3811 3809 3807 3805 3803 3801 3799 3797 3795 3793
f 3794 3796 3798 3800 3802 3804 3806 3808 3810 3812 3814 3816
v 9.5644 -41.344 -107.3455
v 9.5644 -41.0461 -102.1091
v 9.7567 -42.0606 -107.3047
v 9.7567 -41.7627 -102.0683
v 10.2822 -42.5852 -107.2748
v 10.2822 -42.2873 -102.0385
v 11 -42.7773 -107.2639
v 11 -42.4794 -102.0276
v 11.7178 -42.5852 -107.2748
v 11.7178 -42.2873 -102.0385
v 12.2433 -42.0606 -107.3047
v 12.2433 -41.7627 -102.0683
v 12.4356 -41.344 -107.3455
v 12.4356 -41.0461 -102.1091
v 12.2433 -40.6273 -107.3862
v 12.2433 -40.3294 -102.1499
v 11.7178 -40.1027 -107.4161
v 11.7178 -39.8048 -102.1797
v 11 -39.9107 -107.427
v 11 -39.6128 -102.1906
v 10.2822 -40.1027 -107.4161
v 10.2822 -39.8048 -102.1797
v 9.7567 -40.6273 -107.3862
v 9.7567 -40.3294 -102.1499
f 3817 3819 3820 3818
f 3819 3821 3822 3820
f 3821 3823 3824 3822
f 3823 3825 3826 3824
f 3825 3827 3828 3826
f 3827 3829 3830 3828
f 3829 3831 3832 3830
f 3831 3833 3834 3832
f 3833 3835 3836 3834
f 3835 3837 3838 3836
f 3837 3839 3840 3838
f 3839 3817 3818 3840
f 3839 3837 3835 3833 3831 3829 3827 3825 3823 3821 3819 3817
f 3818 3820 3822 3824 3826 3828 3830 3832 3834 3836 3838 3840
v 9.5644 -41.0461 -102.1091
v 9.5644 -40.6838 -96.8727
v 9.7567 -41.7622 -102.0596
v 9.7567 -41.3999 -96.8232
v 10.2822 -42.2864 -102.0233
v 10.2822 -41.9241 -96.7869
v 11 -42.4783 -102.01
v 11 -42.116 -96.7737
v 11.7178 -42.2864 -102.0233
v 11.7178 -41.9241 -96.7869
v 12.2433 -41.7622 -102.0596
v 12.2433 -41.3999 -96.8232
v 12.4356 -41.0461 -102.1091
v 12.4356 -40.6838 -96.8727
v 12.2433 -40.33 -102.1586
v 12.2433 -39.9677 -96.9223
v 11.7178 -39.8058 -102.1949
v 11.7178 -39.4435 -96.9585
v 11 -39.6139 -102.2082
v 11 -39.2517 -96.9718
v 10.2822 -39.8058 -102.1949
v 10.2822 -39.4435 -96.9585
v 9.7567 -40.33 -102.1586
v 9.7567 -39.9677 -96.9223
f 3841 3843 3844 3842
f 3843 3845 3846 3844
f 3845 3847 3848 3846
f 3847 3849 3850 3848
f 3849 3851 3852 3850
f 3851 3853 3854 3852
f 3853 3855 3856 3854
f 3855 3857 3858 3856
f 3857 3859 3860 3858
f 3859 3861 3862 3860
f 3861 3863 3864 3862
f 3863 3841 3842 3864
f 3863 3861 3859 3857 3855 3853 3851 3849 3847 3845 3843 3841
f 3842 3844 3846 3848 3850 3852 3854 3856 3858 3860 3862 3864
v 9.5644 -40.6838 -96.8727
v 9.5644 -40.249 -91.6364
v 9.7567 -41.3992 -96.8133
v 9.7567 -40.9643 -91.577
v 10.2822 -41.9228 -96.7698
v 10.2822 -41.488 -91.5335
v 11 -42.1145 -96.7539
v 11 -41.6797 -91.5176
v 11.7178 -41.9228 -96.7698
v 11.7178 -41.488 -91.5335
v 12.2433 -41.3992 -96.8133
v 12.2433 -40.9643 -91.577
v 12.4356 -40.6838 -96.8727
v 12.4356 -40.249 -91.6364
v 12.2433 -39.9685 -96.9321
v 12.2433 -39.5337 -91.6958
v 11.7178 -39.4448 -96.9756
v 11.7178 -39.01 -91.7393
v 11 -39.2532 -96.9915
v 11 -38.8183 -91.7552
v 10.2822 -39.4448 -96.9756
v 10.2822 -39.01 -91.7393
v 9.7567 -39.9685 -96.9321
v 9.7567 -39.5337 -91.6958
f 3865 3867 3868 3866
f 3867 3869 3870 3868
f 3869 3871 3872 3870
f 3871 3873 3874 3872
f 3873 3875 3876 3874
f 3875 3877 3878 3876
f 3877 3879 3880 3878
f 3879 3881 3882 3880
f 3881 3883 3884 3882
f 3883 3885 3886 3884
f 3885 3887 3888 3886
f 3887 3865 3866 3888
f 3887 3885 3883 3881 3879 3877 3875 3873 3871 3869 3867 3865
f 3866 3868 3870 3872 3874 3876 3878 3880 3882 3884 3886 3888
v 9.5644 -40.249 -91.6364
v 9.5644 -39.7804 -86.4
v 9.7567 -40.9639 -91.5724
v 9.7567 -40.4954 -86.336
v 10.2822 -41.4873 -91.5256
v 10.2822 -41.0187 -86.2892
v 11 -41.6789 -91.5084
v 11 -41.2103 -86.272
v 11.7178 -41.4873 -91.5256
v 11.7178 -41.0187 -86.2892
v 12.2433 -40.9639 -91.5724
v 12.2433 -40.4954 -86.336
v 12.4356 -40.249 -91.6364
v 12.4356 -39.7804 -86.4
v 12.2433 -39.5341 -91.7003
v 12.2433 -39.0655 -86.464
v 11.7178 -39.0107 -91.7472
v 11.7178 -38.5421 -86.5108
v 11 -38.8191 -91.7643
v 11 -38.3505 -86.528
v 10.2822 -39.0107 -91.7472
v 10.2822 -38.5421 -86.5108
v 9.7567 -39.5341 -91.7003
v 9.7567 -39.0655 -86.464
f 3889 3891 3892 3890
f 3891 3893 3894 3892
f 3893 3895 3896 3894
f 3895 3897 3898 3896
f 3897 3899 3900 3898
f 3899 3901 3902 3900
f 3901 3903 3904 3902
f 3903 3905 3906 3904
f 3905 3907 3908 3906
f 3907 3909 3910 3908
f 3909 3911 3912 3910
f 3911 3889 3890 3912
f 3911 3909 3907 3905 3903 3901 3899 3897 3895 3893 3891 3889
f 3890 3892 3894 3896 3898 3900 3902 3904 3906 3908 3910 3912
o Edge_6
v 9.5644 -39.7804 -86.4
v 9.5644 -39.2885 -81.3714
v 9.7567 -40.4948 -86.3301
v 9.7567 -40.0029 -81.3015
v 10.2822 -41.0178 -86.279
v 10.2822 -40.5259 -81.2504
v 11 -41.2092 -86.2602
v 11 -40.7173 -81.2317
v 11.7178 -41.0178 -86.279
v 11.7178 -40.5259 -81.2504
v 12.2433 -40.4948 -86.3301
v 12.2433 -40.0029 -81.3015
v 12.4356 -39.7804 -86.4
v 12.4356 -39.2885 -81.3714
v 12.2433 -39.066 -86.4699
v 12.2433 -38.5741 -81.4413
v 11.7178 -38.5431 -86.521
v 11.7178 -38.0512 -81.4925
v 11 -38.3516 -86.5398
v 11 -37.8597 -81.5112
v 10.2822 -38.5431 -86.521
v 10.2822 -38.0512 -81.4925
v 9.7567 -39.066 -86.4699
v 9.7567 -38.5741 -81.4413
f 3913 3915 3916 3914
f 3915 3917 3918 3916
f 3917 3919 3920 3918
f 3919 3921 3922 3920
f 3921 3923 3924 3922
f 3923 3925 3926 3924
f 3925 3927 3928 3926
f 3927 3929 3930 3928
f 3929 3931 3932 3930
f 3931 3933 3934 3932
f 3933 3935 3936 3934
f 3935 3913 3914 3936
f 3935 3933 3931 3929 3927 3925 3923 3921 3919 3917 3915 3913
f 3914 3916 3918 3920 3922 3924 3926 3928 3930 3932 3934 3936
v 9.5644 -39.2885 -81.3714
v 9.5644 -38.7729 -76.3429
v 9.7567 -40.0026 -81.2982
v 9.7567 -39.487 -76.2696
v 10.2822 -40.5253 -81.2446
v 10.2822 -40.0097 -76.216
v 11 -40.7166 -81.225
v 11 -40.2011 -76.1964
v 11.7178 -40.5253 -81.2446
v 11.7178 -40.0097 -76.216
v 12.2433 -40.0026 -81.2982
v 12.2433 -39.487 -76.2696
v 12.4356 -39.2885 -81.3714
v 12.4356 -38.7729 -76.3429
v 12.2433 -38.5745 -81.4446
v 12.2433 -38.0589 -76.4161
v 11.7178 -38.0517 -81.4982
v 11.7178 -37.5362 -76.4697
v 11 -37.8604 -81.5179
v 11 -37.3448 -76.4893
v 10.2822 -38.0517 -81.4982
v 10.2822 -37.5362 -76.4697
v 9.7567 -38.5745 -81.4446
v 9.7567 -38.0589 -76.4161
f 3937 3939 3940 3938
f 3939 3941 3942 3940
f 3941 3943 3944 3942
f 3943 3945 3946 3944
f 3945 3947 3948 3946
f 3947 3949 3950 3948
f 3949 3951 3952 3950
f 3951 3953 3954 3952
f 3953 3955 3956 3954
f 3955 3957 3958 3956
f 3957 3959 3960 3958
f 3959 3937 3938 3960
f 3959 3957 3955 3953 3951 3949 3947 3945 3943 3941 3939 3937
f 3938 3940 3942 3944 3946 3948 3950 3952 3954 3956 3958 3960
v 9.5644 -38.7729 -76.3429
v 9.5644 -38.2476 -71.3143
v 9.7567 -39.4869 -76.2683
v 9.7567 -38.9615 -71.2397
v 10.2822 -40.0095 -76.2137
v 10.2822 -39.4841 -71.1851
v 11 -40.2008 -76.1937
v 11 -39.6754 -71.1651
v 11.7178 -40.0095 -76.2137
v 11.7178 -39.4841 -71.1851
v 12.2433 -39.4869 -76.2683
v 12.2433 -38.9615 -71.2397
v 12.4356 -38.7729 -76.3429
v 12.4356 -38.2476 -71.3143
v 12.2433 -38.059 -76.4174
v 12.2433 -37.5337 -71.3889
v 11.7178 -37.5364 -76.472
v 11.7178 -37.0111 -71.4435
v 11 -37.3451 -76.492
v 11 -36.8198 -71.4635
v 10.2822 -37.5364 -76.472
v 10.2822 -37.0111 -71.4435
v 9.7567 -38.059 -76.4174
v 9.7567 -37.5337 -71.3889
f 3961 3963 3964 3962
f 3963 3965 3966 3964
f 3965 3967 3968 3966
f 3967 3969 3970 3968
f 3969 3971 3972 3970
f 3971 3973 3974 3972
f 3973 3975 3976 3974
f 3975 3977 3978 3976
f 3977 3979 3980 3978
f 3979 3981 3982 3980
f 3981 3983 3984 3982
f 3983 3961 3962 3984
f 3983 3981 3979 3977 3975 3973 3971 3969 3967 3965 3963 3961
f 3962 3964 3966 3968 3970 3972 3974 3976 3978 3980 3982 3984
v 9.5644 -38.2476 -71.3143
v 9.5644 -37.7166 -66.2857
v 9.7567 -38.9614 -71.2389
v 9.7567 -38.4304 -66.2103
v 10.2822 -39.484 -71.1837
v 10.2822 -38.953 -66.1552
v 11 -39.6753 -71.1635
v 11 -39.1443 -66.135
v 11.7178 -39.484 -71.1837
v 11.7178 -38.953 -66.1552
v 12.2433 -38.9614 -71.2389
v 12.2433 -38.4304 -66.2103
v 12.4356 -38.2476 -71.3143
v 12.4356 -37.7166 -66.2857
v 12.2433 -37.5338 -71.3897
v 12.2433 -37.0028 -66.3611
v 11.7178 -37.0112 -71.4448
v 11.7178 -36.4802 -66.4163
v 11 -36.8199 -71.465
v 11 -36.2889 -66.4365
v 10.2822 -37.0112 -71.4448
v 10.2822 -36.4802 -66.4163
v 9.7567 -37.5338 -71.3897
v 9.7567 -37.0028 -66.3611
f 3985 3987 3988 3986
f 3987 3989 3990 3988
f 3989 3991 3992 3990
f 3991 3993 3994 3992
f 3993 3995 3996 3994
f 3995 3997 3998 3996
f 3997 3999 4000 3998
f 3999 4001 4002 4000
f 4001 4003 4004 4002
f 4003 4005 4006 4004
f 4005 4007 4008 4006
f 4007 3985 3986 4008
f 4007 4005 4003 4001 3999 3997 3995 3993 3991 3989 3987 3985
f 3986 3988 3990 3992 3994 3996 3998 4000 4002 4004 4006 4008
v 9.5644 -37.7166 -66.2857
v 9.5644 -37.193 -61.2571
v 9.7567 -38.4305 -66.2114
v 9.7567 -37.9069 -61.1828
v 10.2822 -38.9532 -66.1569
v 10.2822 -38.4295 -61.1284
v 11 -39.1445 -66.137
v 11 -38.6208 -61.1085
v 11.7178 -38.9532 -66.1569
v 11.7178 -38.4295 -61.1284
v 12.2433 -38.4305 -66.2114
v 12.2433 -37.9069 -61.1828
v 12.4356 -37.7166 -66.2857
v 12.4356 -37.193 -61.2571
v 12.2433 -37.0027 -66.3601
v 12.2433 -36.479 -61.3315
v 11.7178 -36.48 -66.4145
v 11.7178 -35.9564 -61.3859
v 11 -36.2887 -66.4344
v 11 -35.7651 -61.4058
v 10.2822 -36.48 -66.4145
v 10.2822 -35.9564 -61.3859
v 9.7567 -37.0027 -66.3601
v 9.7567 -36.479 -61.3315
f 4009 4011 4012 4010
f 4011 4013 4014 4012
f 4013 4015 4016 4014
f 4015 4017 4018 4016
f 4017 4019 4020 4018
f 4019 4021 4022 4020
f 4021 4023 4024 4022
f 4023 4025 4026 4024
f 4025 4027 4028 4026
f 4027 4029 4030 4028
f 4029 4031 4032 4030
f 4031 4009 4010 4032
f 4031 4029 4027 4025 4023 4021 4019 4017 4015 4013 4011 4009
f 4010 4012 4014 4016 4018 4020 4022 4024 4026 4028 4030 4032
v 9.5644 -37.193 -61.2571
v 9.5644 -36.6755 -56.2286
v 9.7567 -37.907 -61.1837
v 9.7567 -37.3895 -56.1551
v 10.2822 -38.4297 -61.1299
v 10.2822 -37.9122 -56.1013
v 11 -38.621 -61.1102
v 11 -38.1035 -56.0816
v 11.7178 -38.4297 -61.1299
v 11.7178 -37.9122 -56.1013
v 12.2433 -37.907 -61.1837
v 12.2433 -37.3895 -56.1551
v 12.4356 -37.193 -61.2571
v 12.4356 -36.6755 -56.2286
v 12.2433 -36.4789 -61.3306
v 12.2433 -35.9614 -56.3021
v 11.7178 -35.9562 -61.3844
v 11.7178 -35.4387 -56.3558
v 11 -35.7649 -61.4041
v 11 -35.2474 -56.3755
v 10.2822 -35.9562 -61.3844
v 10.2822 -35.4387 -56.3558
v 9.7567 -36.4789 -61.3306
v 9.7567 -35.9614 -56.3021
f 4033 4035 4036 4034
f 4035 4037 4038 4036
f 4037 4039 4040 4038
f 4039 4041 4042 4040
f 4041 4043 4044 4042
f 4043 4045 4046 4044
f 4045 4047 4048 4046
f 4047 4049 4050 4048
f 4049 4051 4052 4050
f 4051 4053 4054 4052
f 4053 4055 4056 4054
f 4055 4033 4034 4056
f 4055 4053 4051 4049 4047 4045 4043 4041 4039 4037 4035 4033
f 4034 4036 4038 4040 4042 4044 4046 4048 4050 4052 4054 4056
v 9.5644 -36.6755 -56.2286
v 9.5644 -36.1835 -51.2
v 9.7567 -37.3898 -56.1587
v 9.7567 -36.8979 -51.1301
v 10.2822 -37.9128 -56.1075
v 10.2822 -37.4209 -51.079
v 11 -38.1042 -56.0888
v 11 -37.6123 -51.0602
v 11.7178 -37.9128 -56.1075
v 11.7178 -37.4209 -51.079
v 12.2433 -37.3898 -56.1587
v 12.2433 -36.8979 -51.1301
v 12.4356 -36.6755 -56.2286
v 12.4356 -36.1835 -51.2
v 12.2433 -35.9611 -56.2985
v 12.2433 -35.4692 -51.2699
v 11.7178 -35.4381 -56.3496
v 11.7178 -34.9462 -51.321
v 11 -35.2467 -56.3683
v 11 -34.7548 -51.3398
v 10.2822 -35.4381 -56.3496
v 10.2822 -34.9462 -51.321
v 9.7567 -35.9611 -56.2985
v 9.7567 -35.4692 -51.2699
f 4057 4059 4060 4058
f 4059 4061 4062 4060
f 4061 4063 4064 4062
f 4063 4065 4066 4064
f 4065 4067 4068 4066
f 4067 4069 4070 4068
f 4069 4071 4072 4070
f 4071 4073 4074 4072
f 4073 4075 4076 4074
f 4075 4077 4078 4076
f 4077 4079 4080 4078
f 4079 4057 4058 4080
f 4079 4077 4075 4073 4071 4069 4067 4065 4063 4061 4059 4057
f 4058 4060 4062 4064 4066 4068 4070 4072 4074 4076 4078 4080
o Edge_7
v 9.5644 -36.1835 -51.2
v 9.5644 -35.6623 -45.6889
v 9.7567 -36.8982 -51.1324
v 9.7567 -36.3769 -45.6213
v 10.2822 -37.4213 -51.0829
v 10.2822 -36.9001 -45.5718
v 11 -37.6128 -51.0648
v 11 -37.0916 -45.5537
v 11.7178 -37.4213 -51.0829
v 11.7178 -36.9001 -45.5718
v 12.2433 -36.8982 -51.1324
v 12.2433 -36.3769 -45.6213
v 12.4356 -36.1835 -51.2
v 12.4356 -35.6623 -45.6889
v 12.2433 -35.4689 -51.2676
v 12.2433 -34.9477 -45.7565
v 11.7178 -34.9458 -51.3171
v 11.7178 -34.4246 -45.8059
v 11 -34.7543 -51.3352
v 11 -34.2331 -45.8241
v 10.2822 -34.9458 -51.3171
v 10.2822 -34.4246 -45.8059
v 9.7567 -35.4689 -51.2676
v 9.7567 -34.9477 -45.7565
f 4081 4083 4084 4082
f 4083 4085 4086 4084
f 4085 4087 4088 4086
f 4087 4089 4090 4088
f 4089 4091 4092 4090
f 4091 4093 4094 4092
f 4093 4095 4096 4094
f 4095 4097 4098 4096
f 4097 4099 4100 4098
f 4099 4101 4102 4100
f 4101 4103 4104 4102
f 4103 4081 4082 4104
f 4103 4101 4099 4097 4095 4093 4091 4089 4087 4085 4083 4081
f 4082 4084 4086 4088 4090 4092 4094 4096 4098 4100 4102 4104
v 9.5644 -35.6623 -45.6889
v 9.5644 -35.164 -40.1778
v 9.7567 -36.3772 -45.6243
v 9.7567 -35.8789 -40.1131
v 10.2822 -36.9005 -45.5769
v 10.2822 -36.4023 -40.0658
v 11 -37.0921 -45.5596
v 11 -36.5938 -40.0485
v 11.7178 -36.9005 -45.5769
v 11.7178 -36.4023 -40.0658
v 12.2433 -36.3772 -45.6243
v 12.2433 -35.8789 -40.1131
v 12.4356 -35.6623 -45.6889
v 12.4356 -35.164 -40.1778
v 12.2433 -34.9474 -45.7535
v 12.2433 -34.4492 -40.2424
v 11.7178 -34.4241 -45.8008
v 11.7178 -33.9258 -40.2897
v 11 -34.2326 -45.8182
v 11 -33.7343 -40.3071
v 10.2822 -34.4241 -45.8008
v 10.2822 -33.9258 -40.2897
v 9.7567 -34.9474 -45.7535
v 9.7567 -34.4492 -40.2424
f 4105 4107 4108 4106
f 4107 4109 4110 4108
f 4109 4111 4112 4110
f 4111 4113 4114 4112
f 4113 4115 4116 4114
f 4115 4117 4118 4116
f 4117 4119 4120 4118
f 4119 4121 4122 4120
f 4121 4123 4124 4122
f 4123 4125 4126 4124
f 4125 4127 4128 4126
f 4127 4105 4106 4128
f 4127 4125 4123 4121 4119 4117 4115 4113 4111 4109 4107 4105
f 4106 4108 4110 4112 4114 4116 4118 4120 4122 4124 4126 4128
v 9.5644 -35.164 -40.1778
v 9.5644 -34.7136 -34.6667
v 9.7567 -35.8795 -40.1193
v 9.7567 -35.429 -34.6082
v 10.2822 -36.4032 -40.0765
v 10.2822 -35.9528 -34.5654
v 11 -36.5949 -40.0608
v 11 -36.1445 -34.5497
v 11.7178 -36.4032 -40.0765
v 11.7178 -35.9528 -34.5654
v 12.2433 -35.8795 -40.1193
v 12.2433 -35.429 -34.6082
v 12.4356 -35.164 -40.1778
v 12.4356 -34.7136 -34.6667
v 12.2433 -34.4486 -40.2362
v 12.2433 -33.9982 -34.7251
v 11.7178 -33.9249 -40.279
v 11.7178 -33.4745 -34.7679
v 11 -33.7332 -40.2947
v 11 -33.2828 -34.7836
v 10.2822 -33.9249 -40.279
v 10.2822 -33.4745 -34.7679
v 9.7567 -34.4486 -40.2362
v 9.7567 -33.9982 -34.7251
f 4129 4131 4132 4130
f 4131 4133 4134 4132
f 4133 4135 4136 4134
f 4135 4137 4138 4136
f 4137 4139 4140 4138
f 4139 4141 4142 4140
f 4141 4143 4144 4142
f 4143 4145 4146 4144
f 4145 4147 4148 4146
f 4147 4149 4150 4148
f 4149 4151 4152 4150
f 4151 4129 4130 4152
f 4151 4149 4147 4145 4143 4141 4139 4137 4135 4133 4131 4129
f 4130 4132 4134 4136 4138 4140 4142 4144 4146 4148 4150 4152
v 9.5644 -34.7136 -34.6667
v 9.5644 -34.2971 -29.1556
v 9.7567 -35.4294 -34.6126
v 9.7567 -35.0128 -29.1015
v 10.2822 -35.9534 -34.573
v 10.2822 -35.5368 -29.0618
v 11 -36.1452 -34.5585
v 11 -35.7286 -29.0473
v 11.7178 -35.9534 -34.573
v 11.7178 -35.5368 -29.0618
v 12.2433 -35.4294 -34.6126
v 12.2433 -35.0128 -29.1015
v 12.4356 -34.7136 -34.6667
v 12.4356 -34.2971 -29.1556
v 12.2433 -33.9979 -34.7208
v 12.2433 -33.5813 -29.2097
v 11.7178 -33.4739 -34.7604
v 11.7178 -33.0573 -29.2493
v 11 -33.2821 -34.7749
v 11 -32.8655 -29.2638
v 10.2822 -33.4739 -34.7604
v 10.2822 -33.0573 -29.2493
v 9.7567 -33.9979 -34.7208
v 9.7567 -33.5813 -29.2097
f 4153 4155 4156 4154
f 4155 4157 4158 4156
f 4157 4159 4160 4158
f 4159 4161 4162 4160
f 4161 4163 4164 4162
f 4163 4165 4166 4164
f 4165 4167 4168 4166
f 4167 4169 4170 4168
f 4169 4171 4172 4170
f 4171 4173 4174 4172
f 4173 4175 4176 4174
f 4175 4153 4154 4176
f 4175 4173 4171 4169 4167 4165 4163 4161 4159 4157 4155 4153
f 4154 4156 4158 4160 4162 4164 4166 4168 4170 4172 4174 4176
v 9.5644 -34.2971 -29.1556
v 9.5644 -33.9157 -23.6444
v 9.7567 -35.0131 -29.106
v 9.7567 -34.6318 -23.5949
v 10.2822 -35.5374 -29.0697
v 10.2822 -35.156 -23.5586
v 11 -35.7292 -29.0565
v 11 -35.3479 -23.5454
v 11.7178 -35.5374 -29.0697
v 11.7178 -35.156 -23.5586
v 12.2433 -35.0131 -29.106
v 12.2433 -34.6318 -23.5949
v 12.4356 -34.2971 -29.1556
v 12.4356 -33.9157 -23.6444
v 12.2433 -33.581 -29.2051
v 12.2433 -33.1997 -23.694
v 11.7178 -33.0568 -29.2414
v 11.7178 -32.6754 -23.7303
v 11 -32.8649 -29.2546
v 11 -32.4836 -23.7435
v 10.2822 -33.0568 -29.2414
v 10.2822 -32.6754 -23.7303
v 9.7567 -33.581 -29.2051
v 9.7567 -33.1997 -23.694
f 4177 4179 4180 4178
f 4179 4181 4182 4180
f 4181 4183 4184 4182
f 4183 4185 4186 4184
f 4185 4187 4188 4186
f 4187 4189 4190 4188
f 4189 4191 4192 4190
f 4191 4193 4194 4192
f 4193 4195 4196 4194
f 4195 4197 4198 4196
f 4197 4199 4200 4198
f 4199 4177 4178 4200
f 4199 4197 4195 4193 4191 4189 4187 4185 4183 4181 4179 4177
f 4178 4180 4182 4184 4186 4188 4190 4192 4194 4196 4198 4200
v 9.5644 -33.9157 -23.6444
v 9.5644 -33.6075 -18.1333
v 9.7567 -34.6324 -23.6044
v 9.7567 -34.3242 -18.0933
v 10.2822 -35.1571 -23.575
v 10.2822 -34.8488 -18.0639
v 11 -35.3491 -23.5643
v 11 -35.0409 -18.0532
v 11.7178 -35.1571 -23.575
v 11.7178 -34.8488 -18.0639
v 12.2433 -34.6324 -23.6044
v 12.2433 -34.3242 -18.0933
v 12.4356 -33.9157 -23.6444
v 12.4356 -33.6075 -18.1333
v 12.2433 -33.1991 -23.6845
v 12.2433 -32.8908 -18.1734
v 11.7178 -32.6744 -23.7139
v 11.7178 -32.3662 -18.2028
v 11 -32.4824 -23.7246
v 11 -32.1742 -18.2135
v 10.2822 -32.6744 -23.7139
v 10.2822 -32.3662 -18.2028
v 9.7567 -33.1991 -23.6845
v 9.7567 -32.8908 -18.1734
f 4201 4203 4204 4202
f 4203 4205 4206 4204
f 4205 4207 4208 4206
f 4207 4209 4210 4208
f 4209 4211 4212 4210
f 4211 4213 4214 4212
f 4213 4215 4216 4214
f 4215 4217 4218 4216
f 4217 4219 4220 4218
f 4219 4221 4222 4220
f 4221 4223 4224 4222
f 4223 4201 4202 4224
f 4223 4221 4219 4217 4215 4213 4211 4209 4207 4205 4203 4201
f 4202 4204 4206 4208 4210 4212 4214 4216 4218 4220 4222 4224
v 9.5644 -33.6075 -18.1333
v 9.5644 -33.3559 -12.6222
v 9.7567 -34.3246 -18.1006
v 9.7567 -34.073 -12.5895
v 10.2822 -34.8495 -18.0766
v 10.2822 -34.5979 -12.5655
v 11 -35.0416 -18.0679
v 11 -34.7901 -12.5568
v 11.7178 -34.8495 -18.0766
v 11.7178 -34.5979 -12.5655
v 12.2433 -34.3246 -18.1006
v 12.2433 -34.073 -12.5895
v 12.4356 -33.6075 -18.1333
v 12.4356 -33.3559 -12.6222
v 12.2433 -32.8905 -18.1661
v 12.2433 -32.6389 -12.655
v 11.7178 -32.3655 -18.19
v 11.7178 -32.114 -12.6789
v 11 -32.1734 -18.1988
v 11 -31.9218 -12.6877
v 10.2822 -32.3655 -18.19
v 10.2822 -32.114 -12.6789
v 9.7567 -32.8905 -18.1661
v 9.7567 -32.6389 -12.655
f 4225 4227 4228 4226
f 4227 4229 4230 4228
f 4229 4231 4232 4230
f 4231 4233 4234 4232
f 4233 4235 4236 4234
f 4235 4237 4238 4236
f 4237 4239 4240 4238
f 4239 4241 4242 4240
f 4241 4243 4244 4242
f 4243 4245 4246 4244
f 4245 4247 4248 4246
f 4247 4225 4226 4248
f 4247 4245 4243 4241 4239 4237 4235 4233 4231 4229 4227 4225
f 4226 4228 4230 4232 4234 4236 4238 4240 4242 4244 4246 4248
v 9.5644 -33.3559 -12.6222
v 9.5644 -33.1561 -7.1111
v 9.7567 -34.0733 -12.5962
v 9.7567 -33.8735 -7.0851
v 10.2822 -34.5984 -12.5772
v 10.2822 -34.3986 -7.0661
v 11 -34.7906 -12.5702
v 11 -34.5908 -7.0591
v 11.7178 -34.5984 -12.5772
v 11.7178 -34.3986 -7.0661
v 12.2433 -34.0733 -12.5962
v 12.2433 -33.8735 -7.0851
v 12.4356 -33.3559 -12.6222
v 12.4356 -33.1561 -7.1111
v 12.2433 -32.6386 -12.6482
v 12.2433 -32.4388 -7.1371
v 11.7178 -32.1135 -12.6673
v 11.7178 -31.9137 -7.1562
v 11 -31.9213 -12.6742
v 11 -31.7215 -7.1631
v 10.2822 -32.1135 -12.6673
v 10.2822 -31.9137 -7.1562
v 9.7567 -32.6386 -12.6482
v 9.7567 -32.4388 -7.1371
f 4249 4251 4252 4250
f 4251 4253 4254 4252
f 4253 4255 4256 4254
f 4255 4257 4258 4256
f 4257 4259 4260 4258
f 4259 4261 4262 4260
f 4261 4263 4264 4262
f 4263 4265 4266 4264
f 4265 4267 4268 4266
f 4267 4269 4270 4268
f 4269 4271 4272 4270
f 4271 4249 4250 4272
f 4271 4269 4267 4265 4263 4261 4259 4257 4255 4253 4251 4249
f 4250 4252 4254 4256 4258 4260 4262 4264 4266 4268 4270 4272
v 9.5644 -33.1561 -7.1111
v 9.5644 -33.0394 -1.6
v 9.7567 -33.8738 -7.0959
v 9.7567 -33.757 -1.5848
v 10.2822 -34.3991 -7.0848
v 10.2822 -34.2824 -1.5737
v 11 -34.5914 -7.0807
v 11 -34.4747 -1.5696
v 11.7178 -34.3991 -7.0848
v 11.7178 -34.2824 -1.5737
v 12.2433 -33.8738 -7.0959
v 12.2433 -33.757 -1.5848
v 12.4356 -33.1561 -7.1111
v 12.4356 -33.0394 -1.6
v 12.2433 -32.4385 -7.1263
v 12.2433 -32.3218 -1.6152
v 11.7178 -31.9131 -7.1374
v 11.7178 -31.7964 -1.6263
v 11 -31.7208 -7.1415
v 11 -31.6041 -1.6304
v 10.2822 -31.9131 -7.1374
v 10.2822 -31.7964 -1.6263
v 9.7567 -32.4385 -7.1263
v 9.7567 -32.3218 -1.6152
f 4273 4275 4276 4274
f 4275 4277 4278 4276
f 4277 4279 4280 4278
f 4279 4281 4282 4280
f 4281 4283 4284 4282
f 4283 4285 4286 4284
f 4285 4287 4288 4286
f 4287 4289 4290 4288
f 4289 4291 4292 4290
f 4291 4293 4294 4292
f 4293 4295 4296 4294
f 4295 4273 4274 4296
f 4295 4293 4291 4289 4287 4285 4283 4281 4279 4277 4275 4273
f 4274 4276 4278 4280 4282 4284 4286 4288 4290 4292 4294 4296
o Edge_8
v 9.5644 -33.0394 -1.6
v 9.5644 -32.9887 2.8
v 9.7567 -33.7572 -1.5917
v 9.7567 -33.7065 2.8083
v 10.2822 -34.2826 -1.5857
v 10.2822 -34.2319 2.8143
v 11 -34.4749 -1.5835
v 11 -34.4242 2.8165
v 11.7178 -34.2826 -1.5857
v 11.7178 -34.2319 2.8143
v 12.2433 -33.7572 -1.5917
v 12.2433 -33.7065 2.8083
v 12.4356 -33.0394 -1.6
v 12.4356 -32.9887 2.8
v 12.2433 -32.3217 -1.6083
v 12.2433 -32.271 2.7917
v 11.7178 -31.7962 -1.6143
v 11.7178 -31.7455 2.7857
v 11 -31.6039 -1.6165
v 11 -31.5532 2.7835
v 10.2822 -31.7962 -1.6143
v 10.2822 -31.7455 2.7857
v 9.7567 -32.3217 -1.6083
v 9.7567 -32.271 2.7917
f 4297 4299 4300 4298
f 4299 4301 4302 4300
f 4301 4303 4304 4302
f 4303 4305 4306 4304
f 4305 4307 4308 4306
f 4307 4309 4310 4308
f 4309 4311 4312 4310
f 4311 4313 4314 4312
f 4313 4315 4316 4314
f 4315 4317 4318 4316
f 4317 4319 4320 4318
f 4319 4297 4298 4320
f 4319 4317 4315 4313 4311 4309 4307 4305 4303 4301 4299 4297
f 4298 4300 4302 4304 4306 4308 4310 4312 4314 4316 4318 4320
v 9.5644 -32.9887 2.8
v 9.5644 -32.9623 7.2
v 9.7567 -33.7065 2.8043
v 9.7567 -33.6801 7.2043
v 10.2822 -34.232 2.8075
v 10.2822 -34.2056 7.2075
v 11 -34.4243 2.8086
v 11 -34.3979 7.2086
v 11.7178 -34.232 2.8075
v 11.7178 -34.2056 7.2075
v 12.2433 -33.7065 2.8043
v 12.2433 -33.6801 7.2043
v 12.4356 -32.9887 2.8
v 12.4356 -32.9623 7.2
v 12.2433 -32.2709 2.7957
v 12.2433 -32.2445 7.1957
v 11.7178 -31.7455 2.7925
v 11.7178 -31.7191 7.1925
v 11 -31.5532 2.7914
v 11 -31.5268 7.1914
v 10.2822 -31.7455 2.7925
v 10.2822 -31.7191 7.1925
v 9.7567 -32.2709 2.7957
v 9.7567 -32.2445 7.1957
f 4321 4323 4324 4322
f 4323 4325 4326 4324
f 4325 4327 4328 4326
f 4327 4329 4330 4328
f 4329 4331 4332 4330
f 4331 4333 4334 4332
f 4333 4335 4336 4334
f 4335 4337 4338 4336
f 4337 4339 4340 4338
f 4339 4341 4342 4340
f 4341 4343 4344 4342
f 4343 4321 4322 4344
f 4343 4341 4339 4337 4335 4333 4331 4329 4327 4325 4323 4321
f 4322 4324 4326 4328 4330 4332 4334 4336 4338 4340 4342 4344
v 9.5644 -32.9623 7.2
v 9.5644 -32.9033 11.6
v 9.7567 -33.6801 7.2096
v 9.7567 -33.621 11.6096
v 10.2822 -34.2055 7.2167
v 10.2822 -34.1464 11.6167
v 11 -34.3978 7.2193
v 11 -34.3388 11.6193
v 11.7178 -34.2055 7.2167
v 11.7178 -34.1464 11.6167
v 12.2433 -33.6801 7.2096
v 12.2433 -33.621 11.6096
v 12.4356 -32.9623 7.2
v 12.4356 -32.9033 11.6
v 12.2433 -32.2446 7.1904
v 12.2433 -32.1855 11.5904
v 11.7178 -31.7192 7.1833
v 11.7178 -31.6601 11.5833
v 11 -31.5269 7.1807
v 11 -31.4678 11.5807
v 10.2822 -31.7192 7.1833
v 10.2822 -31.6601 11.5833
v 9.7567 -32.2446 7.1904
v 9.7567 -32.1855 11.5904
f 4345 4347 4348 4346
f 4347 4349 4350 4348
f 4349 4351 4352 4350
f 4351 4353 4354 4352
f 4353 4355 4356 4354
f 4355 4357 4358 4356
f 4357 4359 4360 4358
f 4359 4361 4362 4360
f 4361 4363 4364 4362
f 4363 4365 4366 4364
f 4365 4367 4368 4366
f 4367 4345 4346 4368
f 4367 4365 4363 4361 4359 4357 4355 4353 4351 4349 4347 4345
f 4346 4348 4350 4352 4354 4356 4358 4360 4362 4364 4366 4368
v 9.5644 -32.9033 11.6
v 9.5644 -32.837 16
v 9.7567 -33.621 11.6108
v 9.7567 -33.5547 16.0108
v 10.2822 -34.1464 11.6187
v 10.2822 -34.0801 16.0187
v 11 -34.3387 11.6216
v 11 -34.2724 16.0216
v 11.7178 -34.1464 11.6187
v 11.7178 -34.0801 16.0187
v 12.2433 -33.621 11.6108
v 12.2433 -33.5547 16.0108
v 12.4356 -32.9033 11.6
v 12.4356 -32.837 16
v 12.2433 -32.1856 11.5892
v 12.2433 -32.1192 15.9892
v 11.7178 -31.6602 11.5813
v 11.7178 -31.5938 15.9813
v 11 -31.4678 11.5784
v 11 -31.4015 15.9784
v 10.2822 -31.6602 11.5813
v 10.2822 -31.5938 15.9813
v 9.7567 -32.1856 11.5892
v 9.7567 -32.1192 15.9892
f 4369 4371 4372 4370
f 4371 4373 4374 4372
f 4373 4375 4376 4374
f 4375 4377 4378 4376
f 4377 4379 4380 4378
f 4379 4381 4382 4380
f 4381 4383 4384 4382
f 4383 4385 4386 4384
f 4385 4387 4388 4386
f 4387 4389 4390 4388
f 4389 4391 4392 4390
f 4391 4369 4370 4392
f 4391 4389 4387 4385 4383 4381 4379 4377 4375 4373 4371 4369
f 4370 4372 4374 4376 4378 4380 4382 4384 4386 4388 4390 4392
o Edge_9
v 9.5644 -32.837 16
v 9.5644 -32.7263 21.5385
v 9.7567 -33.5546 16.0143
v 9.7567 -33.444 21.5528
v 10.2822 -34.08 16.0248
v 10.2822 -33.9693 21.5633
v 11 -34.2723 16.0287
v 11 -34.1616 21.5671
v 11.7178 -34.08 16.0248
v 11.7178 -33.9693 21.5633
v 12.2433 -33.5546 16.0143
v 12.2433 -33.444 21.5528
v 12.4356 -32.837 16
v 12.4356 -32.7263 21.5385
v 12.2433 -32.1193 15.9857
v 12.2433 -32.0087 21.5241
v 11.7178 -31.5939 15.9752
v 11.7178 -31.4833 21.5136
v 11 -31.4017 15.9713
v 11 -31.291 21.5098
v 10.2822 -31.5939 15.9752
v 10.2822 -31.4833 21.5136
v 9.7567 -32.1193 15.9857
v 9.7567 -32.0087 21.5241
f 4393 4395 4396 4394
f 4395 4397 4398 4396
f 4397 4399 4400 4398
f 4399 4401 4402 4400
f 4401 4403 4404 4402
f 4403 4405 4406 4404
f 4405 4407 4408 4406
f 4407 4409 4410 4408
f 4409 4411 4412 4410
f 4411 4413 4414 4412
f 4413 4415 4416 4414
f 4415 4393 4394 4416
f 4415 4413 4411 4409 4407 4405 4403 4401 4399 4397 4395 4393
f 4394 4396 4398 4400 4402 4404 4406 4408 4410 4412 4414 4416
v 9.5644 -32.7263 21.5385
v 9.5644 -32.6509 27.0769
v 9.7567 -33.4441 21.5482
v 9.7567 -33.3686 27.0867
v 10.2822 -33.9695 21.5554
v 10.2822 -33.894 27.0939
v 11 -34.1618 21.558
v 11 -34.0863 27.0965
v 11.7178 -33.9695 21.5554
v 11.7178 -33.894 27.0939
v 12.2433 -33.4441 21.5482
v 12.2433 -33.3686 27.0867
v 12.4356 -32.7263 21.5385
v 12.4356 -32.6509 27.0769
v 12.2433 -32.0086 21.5287
v 12.2433 -31.9331 27.0671
v 11.7178 -31.4832 21.5215
v 11.7178 -31.4077 27.06
v 11 -31.2909 21.5189
v 11 -31.2154 27.0574
v 10.2822 -31.4832 21.5215
v 10.2822 -31.4077 27.06
v 9.7567 -32.0086 21.5287
v 9.7567 -31.9331 27.0671
f 4417 4419 4420 4418
f 4419 4421 4422 4420
f 4421 4423 4424 4422
f 4423 4425 4426 4424
f 4425 4427 4428 4426
f 4427 4429 4430 4428
f 4429 4431 4432 4430
f 4431 4433 4434 4432
f 4433 4435 4436 4434
f 4435 4437 4438 4436
f 4437 4439 4440 4438
f 4439 4417 4418 4440
f 4439 4437 4435 4433 4431 4429 4427 4425 4423 4421 4419 4417
f 4418 4420 4422 4424 4426 4428 4430 4432 4434 4436 4438 4440
v 9.5644 -32.6509 27.0769
v 9.5644 -33.676 32.6154
v 9.7567 -33.3567 26.9463
v 9.7567 -34.3818 32.4847
v 10.2822 -33.8734 26.8506
v 10.2822 -34.8985 32.3891
v 11 -34.0625 26.8156
v 11 -35.0876 32.3541
v 11.7178 -33.8734 26.8506
v 11.7178 -34.8985 32.3891
v 12.2433 -33.3567 26.9463
v 12.2433 -34.3818 32.4847
v 12.4356 -32.6509 27.0769
v 12.4356 -33.676 32.6154
v 12.2433 -31.945 27.2076
v 12.2433 -32.9702 32.746
v 11.7178 -31.4284 27.3032
v 11.7178 -32.4535 32.8417
v 11 -31.2392 27.3382
v 11 -32.2644 32.8767
v 10.2822 -31.4284 27.3032
v 10.2822 -32.4535 32.8417
v 9.7567 -31.945 27.2076
v 9.7567 -32.9702 32.746
f 4441 4443 4444 4442
f 4443 4445 4446 4444
f 4445 4447 4448 4446
f 4447 4449 4450 4448
f 4449 4451 4452 4450
f 4451 4453 4454 4452
f 4453 4455 4456 4454
f 4455 4457 4458 4456
f 4457 4459 4460 4458
f 4459 4461 4462 4460
f 4461 4463 4464 4462
f 4463 4441 4442 4464
f 4463 4461 4459 4457 4455 4453 4451 4449 4447 4445 4443 4441
f 4442 4444 4446 4448 4450 4452 4454 4456 4458 4460 4462 4464
v 9.5644 -33.676 32.6154
v 9.5644 -34.7012 38.1538
v 9.7567 -34.3818 32.4847
v 9.7567 -35.407 38.0232
v 10.2822 -34.8985 32.3891
v 10.2822 -35.9237 37.9276
v 11 -35.0876 32.3541
v 11 -36.1128 37.8926
v 11.7178 -34.8985 32.3891
v 11.7178 -35.9237 37.9276
v 12.2433 -34.3818 32.4847
v 12.2433 -35.407 38.0232
v 12.4356 -33.676 32.6154
v 12.4356 -34.7012 38.1538
v 12.2433 -32.9702 32.746
v 12.2433 -33.9954 38.2845
v 11.7178 -32.4535 32.8417
v 11.7178 -33.4787 38.3801
v 11 -32.2644 32.8767
v 11 -33.2896 38.4151
v 10.2822 -32.4535 32.8417
v 10.2822 -33.4787 38.3801
v 9.7567 -32.9702 32.746
v 9.7567 -33.9954 38.2845
f 4465 4467 4468 4466
f 4467 4469 4470 4468
f 4469 4471 4472 4470
f 4471 4473 4474 4472
f 4473 4475 4476 4474
f 4475 4477 4478 4476
f 4477 4479 4480 4478
f 4479 4481 4482 4480
f 4481 4483 4484 4482
f 4483 4485 4486 4484
f 4485 4487 4488 4486
f 4487 4465 4466 4488
f 4487 4485 4483 4481 4479 4477 4475 4473 4471 4469 4467 4465
f 4466 4468 4470 4472 4474 4476 4478 4480 4482 4484 4486 4488
v 9.5644 -34.7012 38.1538
v 9.5644 -34.7739 43.6923
v 9.7567 -35.4189 38.1444
v 9.7567 -35.4916 43.6829
v 10.2822 -35.9443 38.1375
v 10.2822 -36.017 43.676
v 11 -36.1367 38.135
v 11 -36.2093 43.6735
v 11.7178 -35.9443 38.1375
v 11.7178 -36.017 43.676
v 12.2433 -35.4189 38.1444
v 12.2433 -35.4916 43.6829
v 12.4356 -34.7012 38.1538
v 12.4356 -34.7739 43.6923
v 12.2433 -33.9834 38.1633
v 12.2433 -34.0561 43.7017
v 11.7178 -33.458 38.1702
v 11.7178 -33.5307 43.7086
v 11 -33.2657 38.1727
v 11 -33.3384 43.7111
v 10.2822 -33.458 38.1702
v 10.2822 -33.5307 43.7086
v 9.7567 -33.9834 38.1633
v 9.7567 -34.0561 43.7017
f 4489 4491 4492 4490
f 4491 4493 4494 4492
f 4493 4495 4496 4494
f 4495 4497 4498 4496
f 4497 4499 4500 4498
f 4499 4501 4502 4500
f 4501 4503 4504 4502
f 4503 4505 4506 4504
f 4505 4507 4508 4506
f 4507 4509 4510 4508
f 4509 4511 4512 4510
f 4511 4489 4490 4512
f 4511 4509 4507 4505 4503 4501 4499 4497 4495 4493 4491 4489
f 4490 4492 4494 4496 4498 4500 4502 4504 4506 4508 4510 4512
v 9.5644 -34.7739 43.6923
v 9.5644 -34.8683 49.2308
v 9.7567 -35.4916 43.6801
v 9.7567 -35.586 49.2185
v 10.2822 -36.0169 43.6711
v 10.2822 -36.1114 49.2096
v 11 -36.2092 43.6678
v 11 -36.3037 49.2063
v 11.7178 -36.0169 43.6711
v 11.7178 -36.1114 49.2096
v 12.2433 -35.4916 43.6801
v 12.2433 -35.586 49.2185
v 12.4356 -34.7739 43.6923
v 12.4356 -34.8683 49.2308
v 12.2433 -34.0562 43.7045
v 12.2433 -34.1506 49.243
v 11.7178 -33.5308 43.7135
v 11.7178 -33.6252 49.252
v 11 -33.3385 43.7168
v 11 -33.4329 49.2553
v 10.2822 -33.5308 43.7135
v 10.2822 -33.6252 49.252
v 9.7567 -34.0562 43.7045
v 9.7567 -34.1506 49.243
f 4513 4515 4516 4514
f 4515 4517 4518 4516
f 4517 4519 4520 4518
f 4519 4521 4522 4520
f 4521 4523 4524 4522
f 4523 4525 4526 4524
f 4525 4527 4528 4526
f 4527 4529 4530 4528
f 4529 4531 4532 4530
f 4531 4533 4534 4532
f 4533 4535 4536 4534
f 4535 4513 4514 4536
f 4535 4533 4531 4529 4527 4525 4523 4521 4519 4517 4515 4513
f 4514 4516 4518 4520 4522 4524 4526 4528 4530 4532 4534 4536
v 9.5644 -34.8683 49.2308
v 9.5644 -34.9497 54.7692
v 9.7567 -35.586 49.2202
v 9.7567 -35.6674 54.7587
v 10.2822 -36.1115 49.2125
v 10.2822 -36.1928 54.751
v 11 -36.3038 49.2097
v 11 -36.3851 54.7481
v 11.7178 -36.1115 49.2125
v 11.7178 -36.1928 54.751
v 12.2433 -35.586 49.2202
v 12.2433 -35.6674 54.7587
v 12.4356 -34.8683 49.2308
v 12.4356 -34.9497 54.7692
v 12.2433 -34.1506 49.2413
v 12.2433 -34.2319 54.7798
v 11.7178 -33.6252 49.249
v 11.7178 -33.7065 54.7875
v 11 -33.4329 49.2519
v 11 -33.5142 54.7903
v 10.2822 -33.6252 49.249
v 10.2822 -33.7065 54.7875
v 9.7567 -34.1506 49.2413
v 9.7567 -34.2319 54.7798
f 4537 4539 4540 4538
f 4539 4541 4542 4540
f 4541 4543 4544 4542
f 4543 4545 4546 4544
f 4545 4547 4548 4546
f 4547 4549 4550 4548
f 4549 4551 4552 4550
f 4551 4553 4554 4552
f 4553 4555 4556 4554
f 4555 4557 4558 4556
f 4557 4559 4560 4558
f 4559 4537 4538 4560
f 4559 4557 4555 4553 4551 4549 4547 4545 4543 4541 4539 4537
f 4538 4540 4542 4544 4546 4548 4550 4552 4554 4556 4558 4560
v 9.5644 -34.9497 54.7692
v 9.5644 -34.9839 60.3077
v 9.7567 -35.6675 54.7648
v 9.7567 -35.7017 60.3032
v 10.2822 -36.1929 54.7615
v 10.2822 -36.2272 60.3
v 11 -36.3852 54.7603
v 11 -36.4195 60.2988
v 11.7178 -36.1929 54.7615
v 11.7178 -36.2272 60.3
v 12.2433 -35.6675 54.7648
v 12.2433 -35.7017 60.3032
v 12.4356 -34.9497 54.7692
v 12.4356 -34.9839 60.3077
v 12.2433 -34.2319 54.7737
v 12.2433 -34.2662 60.3121
v 11.7178 -33.7064 54.7769
v 11.7178 -33.7407 60.3154
v 11 -33.5141 54.7781
v 11 -33.5484 60.3166
v 10.2822 -33.7064 54.7769
v 10.2822 -33.7407 60.3154
v 9.7567 -34.2319 54.7737
v 9.7567 -34.2662 60.3121
f 4561 4563 4564 4562
f 4563 4565 4566 4564
f 4565 4567 4568 4566
f 4567 4569 4570 4568
f 4569 4571 4572 4570
f 4571 4573 4574 4572
f 4573 4575 4576 4574
f 4575 4577 4578 4576
f 4577 4579 4580 4578
f 4579 4581 4582 4580
f 4581 4583 4584 4582
f 4583 4561 4562 4584
f 4583 4581 4579 4577 4575 4573 4571 4569 4567 4565 4563 4561
f 4562 4564 4566 4568 4570 4572 4574 4576 4578 4580 4582 4584
v 9.5644 -34.9839 60.3077
v 9.5644 -34.9688 65.8462
v 9.7567 -35.7017 60.3097
v 9.7567 -35.6866 65.8481
v 10.2822 -36.2272 60.3111
v 10.2822 -36.2121 65.8496
v 11 -36.4195 60.3116
v 11 -36.4044 65.8501
v 11.7178 -36.2272 60.3111
v 11.7178 -36.2121 65.8496
v 12.2433 -35.7017 60.3097
v 12.2433 -35.6866 65.8481
v 12.4356 -34.9839 60.3077
v 12.4356 -34.9688 65.8462
v 12.2433 -34.2662 60.3057
v 12.2433 -34.251 65.8442
v 11.7178 -33.7407 60.3043
v 11.7178 -33.7255 65.8428
v 11 -33.5484 60.3038
v 11 -33.5332 65.8422
v 10.2822 -33.7407 60.3043
v 10.2822 -33.7255 65.8428
v 9.7567 -34.2662 60.3057
v 9.7567 -34.251 65.8442
f 4585 4587 4588 4586
f 4587 4589 4590 4588
f 4589 4591 4592 4590
f 4591 4593 4594 4592
f 4593 4595 4596 4594
f 4595 4597 4598 4596
f 4597 4599 4600 4598
f 4599 4601 4602 4600
f 4601 4603 4604 4602
f 4603 4605 4606 4604
f 4605 4607 4608 4606
f 4607 4585 4586 4608
f 4607 4605 4603 4601 4599 4597 4595 4593 4591 4589 4587 4585
f 4586 4588 4590 4592 4594 4596 4598 4600 4602 4604 4606 4608
v 9.5644 -34.9688 65.8462
v 9.5644 -34.8618 71.3846
v 9.7567 -35.6865 65.86
v 9.7567 -35.5795 71.3985
v 10.2822 -36.2118 65.8702
v 10.2822 -36.1049 71.4086
v 11 -36.4041 65.8739
v 11 -36.2971 71.4123
v 11.7178 -36.2118 65.8702
v 11.7178 -36.1049 71.4086
v 12.2433 -35.6865 65.86
v 12.2433 -35.5795 71.3985
v 12.4356 -34.9688 65.8462
v 12.4356 -34.8618 71.3846
v 12.2433 -34.2511 65.8323
v 12.2433 -34.1441 71.3708
v 11.7178 -33.7258 65.8221
v 11.7178 -33.6188 71.3606
v 11 -33.5335 65.8184
v 11 -33.4265 71.3569
v 10.2822 -33.7258 65.8221
v 10.2822 -33.6188 71.3606
v 9.7567 -34.2511 65.8323
v 9.7567 -34.1441 71.3708
f 4609 4611 4612 4610
f 4611 4613 4614 4612
f 4613 4615 4616 4614
f 4615 4617 4618 4616
f 4617 4619 4620 4618
f 4619 4621 4622 4620
f 4621 4623 4624 4622
f 4623 4625 4626 4624
f 4625 4627 4628 4626
f 4627 4629 4630 4628
f 4629 4631 4632 4630
f 4631 4609 4610 4632
f 4631 4629 4627 4625 4623 4621 4619 4617 4615 4613 4611 4609
f 4610 4612 4614 4616 4618 4620 4622 4624 4626 4628 4630 4632
v 9.5644 -34.8618 71.3846
v 9.5644 -34.6955 76.9231
v 9.7567 -35.5793 71.4062
v 9.7567 -35.413 76.9446
v 10.2822 -36.1045 71.4219
v 10.2822 -35.9382 76.9604
v 11 -36.2968 71.4277
v 11 -36.1305 76.9662
v 11.7178 -36.1045 71.4219
v 11.7178 -35.9382 76.9604
v 12.2433 -35.5793 71.4062
v 12.2433 -35.413 76.9446
v 12.4356 -34.8618 71.3846
v 12.4356 -34.6955 76.9231
v 12.2433 -34.1443 71.3631
v 12.2433 -33.9781 76.9015
v 11.7178 -33.6191 71.3473
v 11.7178 -33.4528 76.8858
v 11 -33.4269 71.3415
v 11 -33.2606 76.88
v 10.2822 -33.6191 71.3473
v 10.2822 -33.4528 76.8858
v 9.7567 -34.1443 71.3631
v 9.7567 -33.9781 76.9015
f 4633 4635 4636 4634
f 4635 4637 4638 4636
f 4637 4639 4640 4638
f 4639 4641 4642 4640
f 4641 4643 4644 4642
f 4643 4645 4646 4644
f 4645 4647 4648 4646
f 4647 4649 4650 4648
f 4649 4651 4652 4650
f 4651 4653 4654 4652
f 4653 4655 4656 4654
f 4655 4633 4634 4656
f 4655 4653 4651 4649 4647 4645 4643 4641 4639 4637 4635 4633
f 4634 4636 4638 4640 4642 4644 4646 4648 4650 4652 4654 4656
v 9.5644 -34.6955 76.9231
v 9.5644 -34.4916 82.4615
v 9.7567 -35.4129 76.9495
v 9.7567 -35.2089 82.488
v 10.2822 -35.938 76.9688
v 10.2822 -35.734 82.5073
v 11 -36.1302 76.9759
v 11 -35.9262 82.5144
v 11.7178 -35.938 76.9688
v 11.7178 -35.734 82.5073
v 12.2433 -35.4129 76.9495
v 12.2433 -35.2089 82.488
v 12.4356 -34.6955 76.9231
v 12.4356 -34.4916 82.4615
v 12.2433 -33.9782 76.8967
v 12.2433 -33.7743 82.4351
v 11.7178 -33.4531 76.8773
v 11.7178 -33.2492 82.4158
v 11 -33.2609 76.8703
v 11 -33.057 82.4087
v 10.2822 -33.4531 76.8773
v 10.2822 -33.2492 82.4158
v 9.7567 -33.9782 76.8967
v 9.7567 -33.7743 82.4351
f 4657 4659 4660 4658
f 4659 4661 4662 4660
f 4661 4663 4664 4662
f 4663 4665 4666 4664
f 4665 4667 4668 4666
f 4667 4669 4670 4668
f 4669 4671 4672 4670
f 4671 4673 4674 4672
f 4673 4675 4676 4674
f 4675 4677 4678 4676
f 4677 4679 4680 4678
f 4679 4657 4658 4680
f 4679 4677 4675 4673 4671 4669 4667 4665 4663 4661 4659 4657
f 4658 4660 4662 4664 4666 4668 4670 4672 4674 4676 4678 4680
v 9.5644 -34.4916 82.4615
v 9.5644 -34.2463 88
v 9.7567 -35.2087 82.4933
v 9.7567 -34.9634 88.0318
v 10.2822 -35.7337 82.5165
v 10.2822 -35.4884 88.055
v 11 -35.9258 82.525
v 11 -35.6805 88.0635
v 11.7178 -35.7337 82.5165
v 11.7178 -35.4884 88.055
v 12.2433 -35.2087 82.4933
v 12.2433 -34.9634 88.0318
v 12.4356 -34.4916 82.4615
v 12.4356 -34.2463 88
v 12.2433 -33.7745 82.4298
v 12.2433 -33.5292 87.9682
v 11.7178 -33.2496 82.4065
v 11.7178 -33.0043 87.945
v 11 -33.0574 82.398
v 11 -32.8121 87.9365
v 10.2822 -33.2496 82.4065
v 10.2822 -33.0043 87.945
v 9.7567 -33.7745 82.4298
v 9.7567 -33.5292 87.9682
f 4681 4683 4684 4682
f 4683 4685 4686 4684
f 4685 4687 4688 4686
f 4687 4689 4690 4688
f 4689 4691 4692 4690
f 4691 4693 4694 4692
f 4693 4695 4696 4694
f 4695 4697 4698 4696
f 4697 4699 4700 4698
f 4699 4701 4702 4700
f 4701 4703 4704 4702
f 4703 4681 4682 4704
f 4703 4701 4699 4697 4695 4693 4691 4689 4687 4685 4683 4681
f 4682 4684 4686 4688 4690 4692 4694 4696 4698 4700 4702 4704
v 9.5644 -34.2463 88
v 9.5644 -33.9336 93.5385
v 9.7567 -34.963 88.0405
v 9.7567 -34.6503 93.5789
v 10.2822 -35.4876 88.0701
v 10.2822 -35.1749 93.6086
v 11 -35.6797 88.0809
v 11 -35.3669 93.6194
v 11.7178 -35.4876 88.0701
v 11.7178 -35.1749 93.6086
v 12.2433 -34.963 88.0405
v 12.2433 -34.6503 93.5789
v 12.4356 -34.2463 88
v 12.4356 -33.9336 93.5385
v 12.2433 -33.5297 87.9595
v 12.2433 -33.2169 93.498
v 11.7178 -33.0051 87.9299
v 11.7178 -32.6923 93.4684
v 11 -32.813 87.9191
v 11 -32.5003 93.4575
v 10.2822 -33.0051 87.9299
v 10.2822 -32.6923 93.4684
v 9.7567 -33.5297 87.9595
v 9.7567 -33.2169 93.498
f 4705 4707 4708 4706
f 4707 4709 4710 4708
f 4709 4711 4712 4710
f 4711 4713 4714 4712
f 4713 4715 4716 4714
f 4715 4717 4718 4716
f 4717 4719 4720 4718
f 4719 4721 4722 4720
f 4721 4723 4724 4722
f 4723 4725 4726 4724
f 4725 4727 4728 4726
f 4727 4705 4706 4728
f 4727 4725 4723 4721 4719 4717 4715 4713 4711 4709 4707 4705
f 4706 4708 4710 4712 4714 4716 4718 4720 4722 4724 4726 4728
v 9.5644 -33.9336 93.5385
v 9.5644 -33.5661 99.0769
v 9.7567 -34.6498 93.586
v 9.7567 -34.2823 99.1244
v 10.2822 -35.1741 93.6208
v 10.2822 -34.8066 99.1592
v 11 -35.366 93.6335
v 11 -34.9986 99.172
v 11.7178 -35.1741 93.6208
v 11.7178 -34.8066 99.1592
v 12.2433 -34.6498 93.586
v 12.2433 -34.2823 99.1244
v 12.4356 -33.9336 93.5385
v 12.4356 -33.5661 99.0769
v 12.2433 -33.2174 93.4909
v 12.2433 -32.8499 99.0294
v 11.7178 -32.6931 93.4561
v 11.7178 -32.3256 98.9946
v 11 -32.5011 93.4434
v 11 -32.1337 98.9819
v 10.2822 -32.6931 93.4561
v 10.2822 -32.3256 98.9946
v 9.7567 -33.2174 93.4909
v 9.7567 -32.8499 99.0294
f 4729 4731 4732 4730
f 4731 4733 4734 4732
f 4733 4735 4736 4734
f 4735 4737 4738 4736
f 4737 4739 4740 4738
f 4739 4741 4742 4740
f 4741 4743 4744 4742
f 4743 4745 4746 4744
f 4745 4747 4748 4746
f 4747 4749 4750 4748
f 4749 4751 4752 4750
f 4751 4729 4730 4752
f 4751 4749 4747 4745 4743 4741 4739 4737 4735 4733 4731 4729
f 4730 4732 4734 4736 4738 4740 4742 4744 4746 4748 4750 4752
v 9.5644 -33.5661 99.0769
v 9.5644 -33.1397 104.6154
v 9.7567 -34.2818 99.132
v 9.7567 -33.8554 104.6705
v 10.2822 -34.8057 99.1724
v 10.2822 -34.3793 104.7108
v 11 -34.9975 99.1871
v 11 -34.5711 104.7256
v 11.7178 -34.8057 99.1724
v 11.7178 -34.3793 104.7108
v 12.2433 -34.2818 99.132
v 12.2433 -33.8554 104.6705
v 12.4356 -33.5661 99.0769
v 12.4356 -33.1397 104.6154
v 12.2433 -32.8504 99.0218
v 12.2433 -32.424 104.5603
v 11.7178 -32.3265 98.9815
v 11.7178 -31.9001 104.52
v 11 -32.1347 98.9667
v 11 -31.7084 104.5052
v 10.2822 -32.3265 98.9815
v 10.2822 -31.9001 104.52
v 9.7567 -32.8504 99.0218
v 9.7567 -32.424 104.5603
f 4753 4755 4756 4754
f 4755 4757 4758 4756
f 4757 4759 4760 4758
f 4759 4761 4762 4760
f 4761 4763 4764 4762
f 4763 4765 4766 4764
f 4765 4767 4768 4766
f 4767 4769 4770 4768
f 4769 4771 4772 4770
f 4771 4773 4774 4772
f 4773 4775 4776 4774
f 4775 4753 4754 4776
f 4775 4773 4771 4769 4767 4765 4763 4761 4759 4757 4755 4753
f 4754 4756 4758 4760 4762 4764 4766 4768 4770 4772 4774 4776
v 9.5644 -33.1397 104.6154
v 9.5644 -32.6095 110.1538
v 9.7567 -33.8543 104.6838
v 9.7567 -33.3241 110.2222
v 10.2822 -34.3773 104.7339
v 10.2822 -33.8472 110.2723
v 11 -34.5688 104.7522
v 11 -34.0386 110.2906
v 11.7178 -34.3773 104.7339
v 11.7178 -33.8472 110.2723
v 12.2433 -33.8543 104.6838
v 12.2433 -33.3241 110.2222
v 12.4356 -33.1397 104.6154
v 12.4356 -32.6095 110.1538
v 12.2433 -32.4252 104.547
v 12.2433 -31.895 110.0854
v 11.7178 -31.9021 104.4969
v 11.7178 -31.3719 110.0354
v 11 -31.7107 104.4786
v 11 -31.1805 110.017
v 10.2822 -31.9021 104.4969
v 10.2822 -31.3719 110.0354
v 9.7567 -32.4252 104.547
v 9.7567 -31.895 110.0854
f 4777 4779 4780 4778
f 4779 4781 4782 4780
f 4781 4783 4784 4782
f 4783 4785 4786 4784
f 4785 4787 4788 4786
f 4787 4789 4790 4788
f 4789 4791 4792 4790
f 4791 4793 4794 4792
f 4793 4795 4796 4794
f 4795 4797 4798 4796
f 4797 4799 4800 4798
f 4799 4777 4778 4800
f 4799 4797 4795 4793 4791 4789 4787 4785 4783 4781 4779 4777
f 4778 4780 4782 4784 4786 4788 4790 4792 4794 4796 4798 4800
v 9.5644 -32.6095 110.1538
v 9.5644 -32.0449 115.6923
v 9.7567 -33.3236 110.2266
v 9.7567 -32.759 115.7651
v 10.2822 -33.8464 110.2799
v 10.2822 -33.2817 115.8184
v 11 -34.0377 110.2995
v 11 -33.4731 115.8379
v 11.7178 -33.8464 110.2799
v 11.7178 -33.2817 115.8184
v 12.2433 -33.3236 110.2266
v 12.2433 -32.759 115.7651
v 12.4356 -32.6095 110.1538
v 12.4356 -32.0449 115.6923
v 12.2433 -31.8954 110.081
v 12.2433 -31.3308 115.6195
v 11.7178 -31.3727 110.0277
v 11.7178 -30.808 115.5662
v 11 -31.1813 110.0082
v 11 -30.6167 115.5467
v 10.2822 -31.3727 110.0277
v 10.2822 -30.808 115.5662
v 9.7567 -31.8954 110.081
v 9.7567 -31.3308 115.6195
f 4801 4803 4804 4802
f 4803 4805 4806 4804
f 4805 4807 4808 4806
f 4807 4809 4810 4808
f 4809 4811 4812 4810
f 4811 4813 4814 4812
f 4813 4815 4816 4814
f 4815 4817 4818 4816
f 4817 4819 4820 4818
f 4819 4821 4822 4820
f 4821 4823 4824 4822
f 4823 4801 4802 4824
f 4823 4821 4819 4817 4815 4813 4811 4809 4807 4805 4803 4801
f 4802 4804 4806 4808 4810 4812 4814 4816 4818 4820 4822 4824
v 9.5644 -32.0449 115.6923
v 9.5644 -31.4532 121.2308
v 9.7567 -32.7586 115.7686
v 9.7567 -32.1669 121.307
v 10.2822 -33.2811 115.8244
v 10.2822 -32.6894 121.3628
v 11 -33.4724 115.8448
v 11 -32.8806 121.3833
v 11.7178 -33.2811 115.8244
v 11.7178 -32.6894 121.3628
v 12.2433 -32.7586 115.7686
v 12.2433 -32.1669 121.307
v 12.4356 -32.0449 115.6923
v 12.4356 -31.4532 121.2308
v 12.2433 -31.3312 115.6161
v 12.2433 -30.7394 121.1545
v 11.7178 -30.8087 115.5602
v 11.7178 -30.2169 121.0987
v 11 -30.6174 115.5398
v 11 -30.0257 121.0783
v 10.2822 -30.8087 115.5602
v 10.2822 -30.2169 121.0987
v 9.7567 -31.3312 115.6161
v 9.7567 -30.7394 121.1545
f 4825 4827 4828 4826
f 4827 4829 4830 4828
f 4829 4831 4832 4830
f 4831 4833 4834 4832
f 4833 4835 4836 4834
f 4835 4837 4838 4836
f 4837 4839 4840 4838
f 4839 4841 4842 4840
f 4841 4843 4844 4842
f 4843 4845 4846 4844
f 4845 4847 4848 4846
f 4847 4825 4826 4848
f 4847 4845 4843 4841 4839 4837 4835 4833 4831 4829 4827 4825
f 4826 4828 4830 4832 4834 4836 4838 4840 4842 4844 4846 4848
v 9.5644 -31.4532 121.2308
v 9.5644 -30.8677 126.7692
v 9.7567 -32.167 121.3062
v 9.7567 -31.5815 126.8447
v 10.2822 -32.6895 121.3615
v 10.2822 -32.1041 126.8999
v 11 -32.8808 121.3817
v 11 -32.2954 126.9201
v 11.7178 -32.6895 121.3615
v 11.7178 -32.1041 126.8999
v 12.2433 -32.167 121.3062
v 12.2433 -31.5815 126.8447
v 12.4356 -31.4532 121.2308
v 12.4356 -30.8677 126.7692
v 12.2433 -30.7393 121.1553
v 12.2433 -30.1539 126.6938
v 11.7178 -30.2168 121.1001
v 11.7178 -29.6313 126.6385
v 11 -30.0255 121.0799
v 11 -29.4401 126.6183
v 10.2822 -30.2168 121.1001
v 10.2822 -29.6313 126.6385
v 9.7567 -30.7393 121.1553
v 9.7567 -30.1539 126.6938
f 4849 4851 4852 4850
f 4851 4853 4854 4852
f 4853 4855 4856 4854
f 4855 4857 4858 4856
f 4857 4859 4860 4858
f 4859 4861 4862 4860
f 4861 4863 4864 4862
f 4863 4865 4866 4864
f 4865 4867 4868 4866
f 4867 4869 4870 4868
f 4869 4871 4872 4870
f 4871 4849 4850 4872
f 4871 4869 4867 4865 4863 4861 4859 4857 4855 4853 4851 4849
f 4850 4852 4854 4856 4858 4860 4862 4864 4866 4868 4870 4872
v 9.5644 -30.8677 126.7692
v 9.5644 -30.3313 132.3077
v 9.7567 -31.5822 126.8384
v 9.7567 -31.0458 132.3769
v 10.2822 -32.1052 126.8891
v 10.2822 -31.5688 132.4275
v 11 -32.2966 126.9076
v 11 -31.7603 132.4461
v 11.7178 -32.1052 126.8891
v 11.7178 -31.5688 132.4275
v 12.2433 -31.5822 126.8384
v 12.2433 -31.0458 132.3769
v 12.4356 -30.8677 126.7692
v 12.4356 -30.3313 132.3077
v 12.2433 -30.1533 126.7
v 12.2433 -29.6169 132.2385
v 11.7178 -29.6302 126.6494
v 11.7178 -29.0939 132.1878
v 11 -29.4388 126.6308
v 11 -28.9024 132.1693
v 10.2822 -29.6302 126.6494
v 10.2822 -29.0939 132.1878
v 9.7567 -30.1533 126.7
v 9.7567 -29.6169 132.2385
f 4873 4875 4876 4874
f 4875 4877 4878 4876
f 4877 4879 4880 4878
f 4879 4881 4882 4880
f 4881 4883 4884 4882
f 4883 4885 4886 4884
f 4885 4887 4888 4886
f 4887 4889 4890 4888
f 4889 4891 4892 4890
f 4891 4893 4894 4892
f 4893 4895 4896 4894
f 4895 4873 4874 4896
f 4895 4893 4891 4889 4887 4885 4883 4881 4879 4877 4875 4873
f 4874 4876 4878 4880 4882 4884 4886 4888 4890 4892 4894 4896
v 9.5644 -30.3313 132.3077
v 9.5644 -29.847 137.8462
v 9.7567 -31.0464 132.3702
v 9.7567 -30.5621 137.9087
v 10.2822 -31.5699 132.416
v 10.2822 -31.0856 137.9545
v 11 -31.7615 132.4327
v 11 -31.2772 137.9712
v 11.7178 -31.5699 132.416
v 11.7178 -31.0856 137.9545
v 12.2433 -31.0464 132.3702
v 12.2433 -30.5621 137.9087
v 12.4356 -30.3313 132.3077
v 12.4356 -29.847 137.8462
v 12.2433 -29.6163 132.2452
v 12.2433 -29.132 137.7836
v 11.7178 -29.0928 132.1994
v 11.7178 -28.6085 137.7379
v 11 -28.9012 132.1826
v 11 -28.4169 137.7211
v 10.2822 -29.0928 132.1994
v 10.2822 -28.6085 137.7379
v 9.7567 -29.6163 132.2452
v 9.7567 -29.132 137.7836
f 4897 4899 4900 4898
f 4899 4901 4902 4900
f 4901 4903 4904 4902
f 4903 4905 4906 4904
f 4905 4907 4908 4906
f 4907 4909 4910 4908
f 4909 4911 4912 4910
f 4911 4913 4914 4912
f 4913 4915 4916 4914
f 4915 4917 4918 4916
f 4917 4919 4920 4918
f 4919 4897 4898 4920
f 4919 4917 4915 4913 4911 4909 4907 4905 4903 4901 4899 4897
f 4898 4900 4902 4904 4906 4908 4910 4912 4914 4916 4918 4920
v 9.5644 -29.847 137.8462
v 9.5644 -29.4604 143.3846
v 9.7567 -30.5631 137.8961
v 9.7567 -30.1765 143.4346
v 10.2822 -31.0873 137.9327
v 10.2822 -30.7007 143.4712
v 11 -31.2792 137.9461
v 11 -30.8925 143.4846
v 11.7178 -31.0873 137.9327
v 11.7178 -30.7007 143.4712
v 12.2433 -30.5631 137.8961
v 12.2433 -30.1765 143.4346
v 12.4356 -29.847 137.8462
v 12.4356 -29.4604 143.3846
v 12.2433 -29.131 137.7962
v 12.2433 -28.7443 143.3346
v 11.7178 -28.6068 137.7596
v 11.7178 -28.2202 143.298
v 11 -28.4149 137.7462
v 11 -28.0283 143.2846
v 10.2822 -28.6068 137.7596
v 10.2822 -28.2202 143.298
v 9.7567 -29.131 137.7962
v 9.7567 -28.7443 143.3346
f 4921 4923 4924 4922
f 4923 4925 4926 4924
f 4925 4927 4928 4926
f 4927 4929 4930 4928
f 4929 4931 4932 4930
f 4931 4933 4934 4932
f 4933 4935 4936 4934
f 4935 4937 4938 4936
f 4937 4939 4940 4938
f 4939 4941 4942 4940
f 4941 4943 4944 4942
f 4943 4921 4922 4944
f 4943 4941 4939 4937 4935 4933 4931 4929 4927 4925 4923 4921
f 4922 4924 4926 4928 4930 4932 4934 4936 4938 4940 4942 4944
v 9.5644 -29.4604 143.3846
v 9.5644 -29.1864 148.9231
v 9.7567 -30.1773 143.4201
v 9.7567 -29.9033 148.9585
v 10.2822 -30.7022 143.4461
v 10.2822 -30.4281 148.9845
v 11 -30.8943 143.4556
v 11 -30.6202 148.994
v 11.7178 -30.7022 143.4461
v 11.7178 -30.4281 148.9845
v 12.2433 -30.1773 143.4201
v 12.2433 -29.9033 148.9585
v 12.4356 -29.4604 143.3846
v 12.4356 -29.1864 148.9231
v 12.2433 -28.7435 143.3491
v 12.2433 -28.4695 148.8876
v 11.7178 -28.2187 143.3232
v 11.7178 -27.9446 148.8616
v 11 -28.0266 143.3137
v 11 -27.7525 148.8521
v 10.2822 -28.2187 143.3232
v 10.2822 -27.9446 148.8616
v 9.7567 -28.7435 143.3491
v 9.7567 -28.4695 148.8876
f 4945 4947 4948 4946
f 4947 4949 4950 4948
f 4949 4951 4952 4950
f 4951 4953 4954 4952
f 4953 4955 4956 4954
f 4955 4957 4958 4956
f 4957 4959 4960 4958
f 4959 4961 4962 4960
f 4961 4963 4964 4962
f 4963 4965 4966 4964
f 4965 4967 4968 4966
f 4967 4945 4946 4968
f 4967 4965 4963 4961 4959 4957 4955 4953 4951 4949 4947 4945
f 4946 4948 4950 4952 4954 4956 4958 4960 4962 4964 4966 4968
v 9.5644 -29.1864 148.9231
v 9.5644 -28.9906 154.4615
v 9.7567 -29.9037 148.9484
v 9.7567 -29.7079 154.4869
v 10.2822 -30.4289 148.967
v 10.2822 -30.233 154.5055
v 11 -30.6211 148.9738
v 11 -30.4253 154.5123
v 11.7178 -30.4289 148.967
v 11.7178 -30.233 154.5055
v 12.2433 -29.9037 148.9484
v 12.2433 -29.7079 154.4869
v 12.4356 -29.1864 148.9231
v 12.4356 -28.9906 154.4615
v 12.2433 -28.469 148.8977
v 12.2433 -28.2732 154.4362
v 11.7178 -27.9439 148.8791
v 11.7178 -27.7481 154.4176
v 11 -27.7517 148.8724
v 11 -27.5559 154.4108
v 10.2822 -27.9439 148.8791
v 10.2822 -27.7481 154.4176
v 9.7567 -28.469 148.8977
v 9.7567 -28.2732 154.4362
f 4969 4971 4972 4970
f 4971 4973 4974 4972
f 4973 4975 4976 4974
f 4975 4977 4978 4976
f 4977 4979 4980 4978
f 4979 4981 4982 4980
f 4981 4983 4984 4982
f 4983 4985 4986 4984
f 4985 4987 4988 4986
f 4987 4989 4990 4988
f 4989 4991 4992 4990
f 4991 4969 4970 4992
f 4991 4989 4987 4985 4983 4981 4979 4977 4975 4973 4971 4969
f 4970 4972 4974 4976 4978 4980 4982 4984 4986 4988 4990 4992
v 9.5644 -28.9906 154.4615
v 9.5644 -28.8871 160
v 9.7567 -29.7082 154.4749
v 9.7567 -29.6048 160.0134
v 10.2822 -30.2336 154.4848
v 10.2822 -30.1301 160.0232
v 11 -30.4259 154.4884
v 11 -30.3224 160.0268
v 11.7178 -30.2336 154.4848
v 11.7178 -30.1301 160.0232
v 12.2433 -29.7082 154.4749
v 12.2433 -29.6048 160.0134
v 12.4356 -28.9906 154.4615
v 12.4356 -28.8871 160
v 12.2433 -28.2729 154.4481
v 12.2433 -28.1694 159.9866
v 11.7178 -27.7475 154.4383
v 11.7178 -27.644 159.9768
v 11 -27.5552 154.4347
v 11 -27.4517 159.9732
v 10.2822 -27.7475 154.4383
v 10.2822 -27.644 159.9768
v 9.7567 -28.2729 154.4481
v 9.7567 -28.1694 159.9866
f 4993 4995 4996 4994
f 4995 4997 4998 4996
f 4997 4999 5000 4998
f 4999 5001 5002 5000
f 5001 5003 5004 5002
f 5003 5005 5006 5004
f 5005 5007 5008 5006
f 5007 5009 5010 5008
f 5009 5011 5012 5010
f 5011 5013 5014 5012
f 5013 5015 5016 5014
f 5015 4993 4994 5016
f 5015 5013 5011 5009 5007 5005 5003 5001 4999 4997 4995 4993
f 4994 4996 4998 5000 5002 5004 5006 5008 5010 5012 5014 5016
o Edge_10
v -152 -21.7351 161.4356
v -146.3967 -21.9053 161.4356
v -152.0218 -22.4526 161.2433
v -146.4185 -22.6228 161.2433
v -152.0377 -22.9778 160.7178
v -146.4344 -23.148 160.7178
v -152.0436 -23.1701 160
v -146.4403 -23.3403 160
v -152.0377 -22.9778 159.2822
v -146.4344 -23.148 159.2822
v -152.0218 -22.4526 158.7567
v -146.4185 -22.6228 158.7567
v -152 -21.7351 158.5644
v -146.3967 -21.9053 158.5644
v -151.9782 -21.0177 158.7567
v -146.3749 -21.1879 158.7567
v -151.9623 -20.4924 159.2822
v -146.3589 -20.6626 159.2822
v -151.9564 -20.3002 160
v -146.3531 -20.4704 160
v -151.9623 -20.4924 160.7178
v -146.3589 -20.6626 160.7178
v -151.9782 -21.0177 161.2433
v -146.3749 -21.1879 161.2433
f 5017 5019 5020 5018
f 5019 5021 5022 5020
f 5021 5023 5024 5022
f 5023 5025 5026 5024
f 5025 5027 5028 5026
f 5027 5029 5030 5028
f 5029 5031 5032 5030
f 5031 5033 5034 5032
f 5033 5035 5036 5034
f 5035 5037 5038 5036
f 5037 5039 5040 5038
f 5039 5017 5018 5040
f 5039 5037 5035 5033 5031 5029 5027 5025 5023 5021 5019 5017
f 5018 5020 5022 5024 5026 5028 5030 5032 5034 5036 5038 5040
v -146.3967 -21.9053 161.4356
v -140.7933 -22.0471 161.4356
v -146.4148 -22.6229 161.2433
v -140.8115 -22.7646 161.2433
v -146.4281 -23.1482 160.7178
v -140.8248 -23.2899 160.7178
v -146.433 -23.3405 160
v -140.8296 -23.4822 160
v -146.4281 -23.1482 159.2822
v -140.8248 -23.2899 159.2822
v -146.4148 -22.6229 158.7567
v -140.8115 -22.7646 158.7567
v -146.3967 -21.9053 158.5644
v -140.7933 -22.0471 158.5644
v -146.3785 -21.1878 158.7567
v -140.7752 -21.3295 158.7567
v -146.3652 -20.6625 159.2822
v -140.7619 -20.8042 159.2822
v -146.3604 -20.4702 160
v -140.757 -20.6119 160
v -146.3652 -20.6625 160.7178
v -140.7619 -20.8042 160.7178
v -146.3785 -21.1878 161.2433
v -140.7752 -21.3295 161.2433
f 5041 5043 5044 5042
f 5043 5045 5046 5044
f 5045 5047 5048 5046
f 5047 5049 5050 5048
f 5049 5051 5052 5050
f 5051 5053 5054 5052
f 5053 5055 5056 5054
f 5055 5057 5058 5056
f 5057 5059 5060 5058
f 5059 5061 5062 5060
f 5061 5063 5064 5062
f 5063 5041 5042 5064
f 5063 5061 5059 5057 5055 5053 5051 5049 5047 5045 5043 5041
f 5042 5044 5046 5048 5050 5052 5054 5056 5058 5060 5062 5064
v -140.7933 -22.0471 161.4356
v -135.19 -22.1649 161.4356
v -140.8084 -22.7647 161.2433
v -135.2051 -22.8826 161.2433
v -140.8195 -23.2901 160.7178
v -135.2161 -23.4079 160.7178
v -140.8235 -23.4824 160
v -135.2202 -23.6002 160
v -140.8195 -23.2901 159.2822
v -135.2161 -23.4079 159.2822
v -140.8084 -22.7647 158.7567
v -135.2051 -22.8826 158.7567
v -140.7933 -22.0471 158.5644
v -135.19 -22.1649 158.5644
v -140.7782 -21.3294 158.7567
v -135.1749 -21.4473 158.7567
v -140.7672 -20.8041 159.2822
v -135.1639 -20.9219 159.2822
v -140.7631 -20.6118 160
v -135.1598 -20.7296 160
v -140.7672 -20.8041 160.7178
v -135.1639 -20.9219 160.7178
v -140.7782 -21.3294 161.2433
v -135.1749 -21.4473 161.2433
f 5065 5067 5068 5066
f 5067 5069 5070 5068
f 5069 5071 5072 5070
f 5071 5073 5074 5072
f 5073 5075 5076 5074
f 5075 5077 5078 5076
f 5077 5079 5080 5078
f 5079 5081 5082 5080
f 5081 5083 5084 5082
f 5083 5085 5086 5084
f 5085 5087 5088 5086
f 5087 5065 5066 5088
f 5087 5085 5083 5081 5079 5077 5075 5073 5071 5069 5067 5065
f 5066 5068 5070 5072 5074 5076 5078 5080 5082 5084 5086 5088
v -135.19 -22.1649 161.4356
v -129.5867 -22.2516 161.4356
v -135.2011 -22.8826 161.2433
v -129.5978 -22.9693 161.2433
v -135.2092 -23.408 160.7178
v -129.6059 -23.4947 160.7178
v -135.2122 -23.6004 160
v -129.6089 -23.687 160
v -135.2092 -23.408 159.2822
v -129.6059 -23.4947 159.2822
v -135.2011 -22.8826 158.7567
v -129.5978 -22.9693 158.7567
v -135.19 -22.1649 158.5644
v -129.5867 -22.2516 158.5644
v -135.1789 -21.4472 158.7567
v -129.5756 -21.5339 158.7567
v -135.1708 -20.9218 159.2822
v -129.5674 -21.0085 159.2822
v -135.1678 -20.7295 160
v -129.5645 -20.8162 160
v -135.1708 -20.9218 160.7178
v -129.5674 -21.0085 160.7178
v -135.1789 -21.4472 161.2433
v -129.5756 -21.5339 161.2433
f 5089 5091 5092 5090
f 5091 5093 5094 5092
f 5093 5095 5096 5094
f 5095 5097 5098 5096
f 5097 5099 5100 5098
f 5099 5101 5102 5100
f 5101 5103 5104 5102
f 5103 5105 5106 5104
f 5105 5107 5108 5106
f 5107 5109 5110 5108
f 5109 5111 5112 5110
f 5111 5089 5090 5112
f 5111 5109 5107 5105 5103 5101 5099 5097 5095 5093 5091 5089
f 5090 5092 5094 5096 5098 5100 5102 5104 5106 5108 5110 5112
v -129.5867 -22.2516 161.4356
v -123.9833 -22.3073 161.4356
v -129.5938 -22.9694 161.2433
v -123.9905 -23.025 161.2433
v -129.599 -23.4948 160.7178
v -123.9957 -23.5505 160.7178
v -129.6009 -23.6871 160
v -123.9976 -23.7428 160
v -129.599 -23.4948 159.2822
v -123.9957 -23.5505 159.2822
v -129.5938 -22.9694 158.7567
v -123.9905 -23.025 158.7567
v -129.5867 -22.2516 158.5644
v -123.9833 -22.3073 158.5644
v -129.5795 -21.5338 158.7567
v -123.9762 -21.5895 158.7567
v -129.5743 -21.0084 159.2822
v -123.971 -21.0641 159.2822
v -129.5724 -20.8161 160
v -123.9691 -20.8717 160
v -129.5743 -21.0084 160.7178
v -123.971 -21.0641 160.7178
v -129.5795 -21.5338 161.2433
v -123.9762 -21.5895 161.2433
f 5113 5115 5116 5114
f 5115 5117 5118 5116
f 5117 5119 5120 5118
f 5119 5121 5122 5120
f 5121 5123 5124 5122
f 5123 5125 5126 5124
f 5125 5127 5128 5126
f 5127 5129 5130 5128
f 5129 5131 5132 5130
f 5131 5133 5134 5132
f 5133 5135 5136 5134
f 5135 5113 5114 5136
f 5135 5133 5131 5129 5127 5125 5123 5121 5119 5117 5115 5113
f 5114 5116 5118 5120 5122 5124 5126 5128 5130 5132 5134 5136
v -123.9833 -22.3073 161.4356
v -118.38 -22.3463 161.4356
v -123.9883 -23.0251 161.2433
v -118.385 -23.0641 161.2433
v -123.992 -23.5505 160.7178
v -118.3887 -23.5895 160.7178
v -123.9933 -23.7428 160
v -118.39 -23.7818 160
v -123.992 -23.5505 159.2822
v -118.3887 -23.5895 159.2822
v -123.9883 -23.0251 158.7567
v -118.385 -23.0641 158.7567
v -123.9833 -22.3073 158.5644
v -118.38 -22.3463 158.5644
v -123.9783 -21.5895 158.7567
v -118.375 -21.6285 158.7567
v -123.9747 -21.064 159.2822
v -118.3713 -21.103 159.2822
v -123.9733 -20.8717 160
v -118.37 -20.9107 160
v -123.9747 -21.064 160.7178
v -118.3713 -21.103 160.7178
v -123.9783 -21.5895 161.2433
v -118.375 -21.6285 161.2433
f 5137 5139 5140 5138
f 5139 5141 5142 5140
f 5141 5143 5144 5142
f 5143 5145 5146 5144
f 5145 5147 5148 5146
f 5147 5149 5150 5148
f 5149 5151 5152 5150
f 5151 5153 5154 5152
f 5153 5155 5156 5154
f 5155 5157 5158 5156
f 5157 5159 5160 5158
f 5159 5137 5138 5160
f 5159 5157 5155 5153 5151 5149 5147 5145 5143 5141 5139 5137
f 5138 5140 5142 5144 5146 5148 5150 5152 5154 5156 5158 5160
v -118.38 -22.3463 161.4356
v -112.7767 -22.3699 161.4356
v -118.383 -23.0641 161.2433
v -112.7797 -23.0877 161.2433
v -118.3853 -23.5895 160.7178
v -112.7819 -23.6132 160.7178
v -118.3861 -23.7819 160
v -112.7827 -23.8055 160
v -118.3853 -23.5895 159.2822
v -112.7819 -23.6132 159.2822
v -118.383 -23.0641 158.7567
v -112.7797 -23.0877 158.7567
v -118.38 -22.3463 158.5644
v -112.7767 -22.3699 158.5644
v -118.377 -21.6285 158.7567
v -112.7736 -21.6522 158.7567
v -118.3747 -21.103 159.2822
v -112.7714 -21.1267 159.2822
v -118.3739 -20.9107 160
v -112.7706 -20.9344 160
v -118.3747 -21.103 160.7178
v -112.7714 -21.1267 160.7178
v -118.377 -21.6285 161.2433
v -112.7736 -21.6522 161.2433
f 5161 5163 5164 5162
f 5163 5165 5166 5164
f 5165 5167 5168 5166
f 5167 5169 5170 5168
f 5169 5171 5172 5170
f 5171 5173 5174 5172
f 5173 5175 5176 5174
f 5175 5177 5178 5176
f 5177 5179 5180 5178
f 5179 5181 5182 5180
f 5181 5183 5184 5182
f 5183 5161 5162 5184
f 5183 5181 5179 5177 5175 5173 5171 5169 5167 5165 5163 5161
f 5162 5164 5166 5168 5170 5172 5174 5176 5178 5180 5182 5184
v -112.7767 -22.3699 161.4356
v -107.1733 -22.384 161.4356
v -112.7785 -23.0877 161.2433
v -107.1751 -23.1018 161.2433
v -112.7798 -23.6132 160.7178
v -107.1764 -23.6272 160.7178
v -112.7803 -23.8055 160
v -107.1769 -23.8196 160
v -112.7798 -23.6132 159.2822
v -107.1764 -23.6272 159.2822
v -112.7785 -23.0877 158.7567
v -107.1751 -23.1018 158.7567
v -112.7767 -22.3699 158.5644
v -107.1733 -22.384 158.5644
v -112.7749 -21.6521 158.7567
v -107.1715 -21.6662 158.7567
v -112.7736 -21.1267 159.2822
v -107.1702 -21.1407 159.2822
v -112.7731 -20.9343 160
v -107.1697 -20.9484 160
v -112.7736 -21.1267 160.7178
v -107.1702 -21.1407 160.7178
v -112.7749 -21.6521 161.2433
v -107.1715 -21.6662 161.2433
f 5185 5187 5188 5186
f 5187 5189 5190 5188
f 5189 5191 5192 5190
f 5191 5193 5194 5192
f 5193 5195 5196 5194
f 5195 5197 5198 5196
f 5197 5199 5200 5198
f 5199 5201 5202 5200
f 5201 5203 5204 5202
f 5203 5205 5206 5204
f 5205 5207 5208 5206
f 5207 5185 5186 5208
f 5207 5205 5203 5201 5199 5197 5195 5193 5191 5189 5187 5185
f 5186 5188 5190 5192 5194 5196 5198 5200 5202 5204 5206 5208
v -107.1733 -22.384 161.4356
v -101.57 -22.4022 161.4356
v -107.1757 -23.1018 161.2433
v -101.5723 -23.12 161.2433
v -107.1774 -23.6272 160.7178
v -101.574 -23.6455 160.7178
v -107.178 -23.8196 160
v -101.5747 -23.8378 160
v -107.1774 -23.6272 159.2822
v -101.574 -23.6455 159.2822
v -107.1757 -23.1018 158.7567
v -101.5723 -23.12 158.7567
v -107.1733 -22.384 158.5644
v -101.57 -22.4022 158.5644
v -107.171 -21.6662 158.7567
v -101.5677 -21.6844 158.7567
v -107.1693 -21.1407 159.2822
v -101.566 -21.159 159.2822
v -107.1687 -20.9484 160
v -101.5653 -20.9666 160
v -107.1693 -21.1407 160.7178
v -101.566 -21.159 160.7178
v -107.171 -21.6662 161.2433
v -101.5677 -21.6844 161.2433
f 5209 5211 5212 5210
f 5211 5213 5214 5212
f 5213 5215 5216 5214
f 5215 5217 5218 5216
f 5217 5219 5220 5218
f 5219 5221 5222 5220
f 5221 5223 5224 5222
f 5223 5225 5226 5224
f 5225 5227 5228 5226
f 5227 5229 5230 5228
f 5229 5231 5232 5230
f 5231 5209 5210 5232
f 5231 5229 5227 5225 5223 5221 5219 5217 5215 5213 5211 5209
f 5210 5212 5214 5216 5218 5220 5222 5224 5226 5228 5230 5232
v -101.57 -22.4022 161.4356
v -95.9667 -22.4271 161.4356
v -101.5732 -23.12 161.2433
v -95.9699 -23.1449 161.2433
v -101.5755 -23.6455 160.7178
v -95.9722 -23.6704 160.7178
v -101.5764 -23.8378 160
v -95.973 -23.8627 160
v -101.5755 -23.6455 159.2822
v -95.9722 -23.6704 159.2822
v -101.5732 -23.12 158.7567
v -95.9699 -23.1449 158.7567
v -101.57 -22.4022 158.5644
v -95.9667 -22.4271 158.5644
v -101.5668 -21.6844 158.7567
v -95.9635 -21.7093 158.7567
v -101.5645 -21.159 159.2822
v -95.9611 -21.1839 159.2822
v -101.5636 -20.9666 160
v -95.9603 -20.9915 160
v -101.5645 -21.159 160.7178
v -95.9611 -21.1839 160.7178
v -101.5668 -21.6844 161.2433
v -95.9635 -21.7093 161.2433
f 5233 5235 5236 5234
f 5235 5237 5238 5236
f 5237 5239 5240 5238
f 5239 5241 5242 5240
f 5241 5243 5244 5242
f 5243 5245 5246 5244
f 5245 5247 5248 5246
f 5247 5249 5250 5248
f 5249 5251 5252 5250
f 5251 5253 5254 5252
f 5253 5255 5256 5254
f 5255 5233 5234 5256
f 5255 5253 5251 5249 5247 5245 5243 5241 5239 5237 5235 5233
f 5234 5236 5238 5240 5242 5244 5246 5248 5250 5252 5254 5256
v -95.9667 -22.4271 161.4356
v -90.3633 -22.4735 161.4356
v -95.9726 -23.1449 161.2433
v -90.3693 -23.1913 161.2433
v -95.977 -23.6703 160.7178
v -90.3736 -23.7167 160.7178
v -95.9785 -23.8627 160
v -90.3752 -23.909 160
v -95.977 -23.6703 159.2822
v -90.3736 -23.7167 159.2822
v -95.9726 -23.1449 158.7567
v -90.3693 -23.1913 158.7567
v -95.9667 -22.4271 158.5644
v -90.3633 -22.4735 158.5644
v -95.9607 -21.7093 158.7567
v -90.3574 -21.7557 158.7567
v -95.9564 -21.1839 159.2822
v -90.353 -21.2303 159.2822
v -95.9548 -20.9916 160
v -90.3515 -21.0379 160
v -95.9564 -21.1839 160.7178
v -90.353 -21.2303 160.7178
v -95.9607 -21.7093 161.2433
v -90.3574 -21.7557 161.2433
f 5257 5259 5260 5258
f 5259 5261 5262 5260
f 5261 5263 5264 5262
f 5263 5265 5266 5264
f 5265 5267 5268 5266
f 5267 5269 5270 5268
f 5269 5271 5272 5270
f 5271 5273 5274 5272
f 5273 5275 5276 5274
f 5275 5277 5278 5276
f 5277 5279 5280 5278
f 5279 5257 5258 5280
f 5279 5277 5275 5273 5271 5269 5267 5265 5263 5261 5259 5257
f 5258 5260 5262 5264 5266 5268 5270 5272 5274 5276 5278 5280
v -90.3633 -22.4735 161.4356
v -84.76 -22.5457 161.4356
v -90.3726 -23.1912 161.2433
v -84.7692 -23.2634 161.2433
v -90.3793 -23.7167 160.7178
v -84.776 -23.7888 160.7178
v -90.3818 -23.909 160
v -84.7785 -23.9811 160
v -90.3793 -23.7167 159.2822
v -84.776 -23.7888 159.2822
v -90.3726 -23.1912 158.7567
v -84.7692 -23.2634 158.7567
v -90.3633 -22.4735 158.5644
v -84.76 -22.5457 158.5644
v -90.3541 -21.7558 158.7567
v -84.7508 -21.8279 158.7567
v -90.3473 -21.2303 159.2822
v -84.744 -21.3025 159.2822
v -90.3448 -21.038 160
v -84.7415 -21.1102 160
v -90.3473 -21.2303 160.7178
v -84.744 -21.3025 160.7178
v -90.3541 -21.7558 161.2433
v -84.7508 -21.8279 161.2433
f 5281 5283 5284 5282
f 5283 5285 5286 5284
f 5285 5287 5288 5286
f 5287 5289 5290 5288
f 5289 5291 5292 5290
f 5291 5293 5294 5292
f 5293 5295 5296 5294
f 5295 5297 5298 5296
f 5297 5299 5300 5298
f 5299 5301 5302 5300
f 5301 5303 5304 5302
f 5303 5281 5282 5304
f 5303 5301 5299 5297 5295 5293 5291 5289 5287 5285 5283 5281
f 5282 5284 5286 5288 5290 5292 5294 5296 5298 5300 5302 5304
o Edge_11
v -84.76 -22.5457 161.4356
v -79.0862 -22.6426 161.4356
v -84.7723 -23.2634 161.2433
v -79.0984 -23.3603 161.2433
v -84.7812 -23.7888 160.7178
v -79.1074 -23.8857 160.7178
v -84.7845 -23.9811 160
v -79.1107 -24.078 160
v -84.7812 -23.7888 159.2822
v -79.1074 -23.8857 159.2822
v -84.7723 -23.2634 158.7567
v -79.0984 -23.3603 158.7567
v -84.76 -22.5457 158.5644
v -79.0862 -22.6426 158.5644
v -84.7477 -21.828 158.7567
v -79.0739 -21.9249 158.7567
v -84.7388 -21.3026 159.2822
v -79.0649 -21.3995 159.2822
v -84.7355 -21.1103 160
v -79.0616 -21.2072 160
v -84.7388 -21.3026 160.7178
v -79.0649 -21.3995 160.7178
v -84.7477 -21.828 161.2433
v -79.0739 -21.9249 161.2433
f 5305 5307 5308 5306
f 5307 5309 5310 5308
f 5309 5311 5312 5310
f 5311 5313 5314 5312
f 5313 5315 5316 5314
f 5315 5317 5318 5316
f 5317 5319 5320 5318
f 5319 5321 5322 5320
f 5321 5323 5324 5322
f 5323 5325 5326 5324
f 5325 5327 5328 5326
f 5327 5305 5306 5328
f 5327 5325 5323 5321 5319 5317 5315 5313 5311 5309 5307 5305
f 5306 5308 5310 5312 5314 5316 5318 5320 5322 5324 5326 5328
v -79.0862 -22.6426 161.4356
v -73.4123 -22.7718 161.4356
v -79.1025 -23.3602 161.2433
v -73.4287 -23.4895 161.2433
v -79.1145 -23.8855 160.7178
v -73.4406 -24.0148 160.7178
v -79.1189 -24.0778 160
v -73.445 -24.2071 160
v -79.1145 -23.8855 159.2822
v -73.4406 -24.0148 159.2822
v -79.1025 -23.3602 158.7567
v -73.4287 -23.4895 158.7567
v -79.0862 -22.6426 158.5644
v -73.4123 -22.7718 158.5644
v -79.0698 -21.925 158.7567
v -73.396 -22.0542 158.7567
v -79.0578 -21.3996 159.2822
v -73.384 -21.5289 159.2822
v -79.0535 -21.2073 160
v -73.3796 -21.3366 160
v -79.0578 -21.3996 160.7178
v -73.384 -21.5289 160.7178
v -79.0698 -21.925 161.2433
v -73.396 -22.0542 161.2433
f 5329 5331 5332 5330
f 5331 5333 5334 5332
f 5333 5335 5336 5334
f 5335 5337 5338 5336
f 5337 5339 5340 5338
f 5339 5341 5342 5340
f 5341 5343 5344 5342
f 5343 5345 5346 5344
f 5345 5347 5348 5346
f 5347 5349 5350 5348
f 5349 5351 5352 5350
f 5351 5329 5330 5352
f 5351 5349 5347 5345 5343 5341 5339 5337 5335 5333 5331 5329
f 5330 5332 5334 5336 5338 5340 5342 5344 5346 5348 5350 5352
v -73.4123 -22.7718 161.4356
v -67.7385 -22.9418 161.4356
v -73.4338 -23.4893 161.2433
v -67.76 -23.6593 161.2433
v -73.4495 -24.0146 160.7178
v -67.7757 -24.1845 160.7178
v -73.4553 -24.2068 160
v -67.7814 -24.3768 160
v -73.4495 -24.0146 159.2822
v -67.7757 -24.1845 159.2822
v -73.4338 -23.4893 158.7567
v -67.76 -23.6593 158.7567
v -73.4123 -22.7718 158.5644
v -67.7385 -22.9418 158.5644
v -73.3908 -22.0544 158.7567
v -67.717 -22.2243 158.7567
v -73.3751 -21.5291 159.2822
v -67.7012 -21.6991 159.2822
v -73.3693 -21.3369 160
v -67.6955 -21.5068 160
v -73.3751 -21.5291 160.7178
v -67.7012 -21.6991 160.7178
v -73.3908 -22.0544 161.2433
v -67.717 -22.2243 161.2433
f 5353 5355 5356 5354
f 5355 5357 5358 5356
f 5357 5359 5360 5358
f 5359 5361 5362 5360
f 5361 5363 5364 5362
f 5363 5365 5366 5364
f 5365 5367 5368 5366
f 5367 5369 5370 5368
f 5369 5371 5372 5370
f 5371 5373 5374 5372
f 5373 5375 5376 5374
f 5375 5353 5354 5376
f 5375 5373 5371 5369 5367 5365 5363 5361 5359 5357 5355 5353
f 5354 5356 5358 5360 5362 5364 5366 5368 5370 5372 5374 5376
v -67.7385 -22.9418 161.4356
v -62.0646 -23.1389 161.4356
v -67.7634 -23.6592 161.2433
v -62.0895 -23.8563 161.2433
v -67.7816 -24.1843 160.7178
v -62.1078 -24.3814 160.7178
v -67.7883 -24.3765 160
v -62.1145 -24.5737 160
v -67.7816 -24.1843 159.2822
v -62.1078 -24.3814 159.2822
v -67.7634 -23.6592 158.7567
v -62.0895 -23.8563 158.7567
v -67.7385 -22.9418 158.5644
v -62.0646 -23.1389 158.5644
v -67.7135 -22.2244 158.7567
v -62.0397 -22.4216 158.7567
v -67.6953 -21.6993 159.2822
v -62.0214 -21.8964 159.2822
v -67.6886 -21.5071 160
v -62.0148 -21.7042 160
v -67.6953 -21.6993 160.7178
v -62.0214 -21.8964 160.7178
v -67.7135 -22.2244 161.2433
v -62.0397 -22.4216 161.2433
f 5377 5379 5380 5378
f 5379 5381 5382 5380
f 5381 5383 5384 5382
f 5383 5385 5386 5384
f 5385 5387 5388 5386
f 5387 5389 5390 5388
f 5389 5391 5392 5390
f 5391 5393 5394 5392
f 5393 5395 5396 5394
f 5395 5397 5398 5396
f 5397 5399 5400 5398
f 5399 5377 5378 5400
f 5399 5397 5395 5393 5391 5389 5387 5385 5383 5381 5379 5377
f 5378 5380 5382 5384 5386 5388 5390 5392 5394 5396 5398 5400
v -62.0646 -23.1389 161.4356
v -56.3908 -23.363 161.4356
v -62.0929 -23.8562 161.2433
v -56.4191 -24.0802 161.2433
v -62.1137 -24.3812 160.7178
v -56.4398 -24.6053 160.7178
v -62.1213 -24.5734 160
v -56.4474 -24.7975 160
v -62.1137 -24.3812 159.2822
v -56.4398 -24.6053 159.2822
v -62.0929 -23.8562 158.7567
v -56.4191 -24.0802 158.7567
v -62.0646 -23.1389 158.5644
v -56.3908 -23.363 158.5644
v -62.0363 -22.4217 158.7567
v -56.3624 -22.6457 158.7567
v -62.0156 -21.8966 159.2822
v -56.3417 -22.1207 159.2822
v -62.008 -21.7044 160
v -56.3341 -21.9285 160
v -62.0156 -21.8966 160.7178
v -56.3417 -22.1207 160.7178
v -62.0363 -22.4217 161.2433
v -56.3624 -22.6457 161.2433
f 5401 5403 5404 5402
f 5403 5405 5406 5404
f 5405 5407 5408 5406
f 5407 5409 5410 5408
f 5409 5411 5412 5410
f 5411 5413 5414 5412
f 5413 5415 5416 5414
f 5415 5417 5418 5416
f 5417 5419 5420 5418
f 5419 5421 5422 5420
f 5421 5423 5424 5422
f 5423 5401 5402 5424
f 5423 5421 5419 5417 5415 5413 5411 5409 5407 5405 5403 5401
f 5402 5404 5406 5408 5410 5412 5414 5416 5418 5420 5422 5424
v -56.3908 -23.363 161.4356
v -50.7169 -23.6291 161.4356
v -56.4244 -24.08 161.2433
v -50.7505 -24.3461 161.2433
v -56.449 -24.6049 160.7178
v -50.7752 -24.871 160.7178
v -56.458 -24.797 160
v -50.7842 -25.0631 160
v -56.449 -24.6049 159.2822
v -50.7752 -24.871 159.2822
v -56.4244 -24.08 158.7567
v -50.7505 -24.3461 158.7567
v -56.3908 -23.363 158.5644
v -50.7169 -23.6291 158.5644
v -56.3571 -22.646 158.7567
v -50.6833 -22.912 158.7567
v -56.3325 -22.1211 159.2822
v -50.6587 -22.3872 159.2822
v -56.3235 -21.929 160
v -50.6497 -22.195 160
v -56.3325 -22.1211 160.7178
v -50.6587 -22.3872 160.7178
v -56.3571 -22.646 161.2433
v -50.6833 -22.912 161.2433
f 5425 5427 5428 5426
f 5427 5429 5430 5428
f 5429 5431 5432 5430
f 5431 5433 5434 5432
f 5433 5435 5436 5434
f 5435 5437 5438 5436
f 5437 5439 5440 5438
f 5439 5441 5442 5440
f 5441 5443 5444 5442
f 5443 5445 5446 5444
f 5445 5447 5448 5446
f 5447 5425 5426 5448
f 5447 5445 5443 5441 5439 5437 5435 5433 5431 5429 5427 5425
f 5426 5428 5430 5432 5434 5436 5438 5440 5442 5444 5446 5448
v -50.7169 -23.6291 161.4356
v -45.0431 -23.9235 161.4356
v -50.7541 -24.3459 161.2433
v -45.0803 -24.6403 161.2433
v -50.7814 -24.8707 160.7178
v -45.1075 -25.1651 160.7178
v -50.7913 -25.0627 160
v -45.1175 -25.3572 160
v -50.7814 -24.8707 159.2822
v -45.1075 -25.1651 159.2822
v -50.7541 -24.3459 158.7567
v -45.0803 -24.6403 158.7567
v -50.7169 -23.6291 158.5644
v -45.0431 -23.9235 158.5644
v -50.6797 -22.9122 158.7567
v -45.0059 -23.2067 158.7567
v -50.6525 -22.3875 159.2822
v -44.9786 -22.6819 159.2822
v -50.6425 -22.1954 160
v -44.9687 -22.4898 160
v -50.6525 -22.3875 160.7178
v -44.9786 -22.6819 160.7178
v -50.6797 -22.9122 161.2433
v -45.0059 -23.2067 161.2433
f 5449 5451 5452 5450
f 5451 5453 5454 5452
f 5453 5455 5456 5454
f 5455 5457 5458 5456
f 5457 5459 5460 5458
f 5459 5461 5462 5460
f 5461 5463 5464 5462
f 5463 5465 5466 5464
f 5465 5467 5468 5466
f 5467 5469 5470 5468
f 5469 5471 5472 5470
f 5471 5449 5450 5472
f 5471 5469 5467 5465 5463 5461 5459 5457 5455 5453 5451 5449
f 5450 5452 5454 5456 5458 5460 5462 5464 5466 5468 5470 5472
v -45.0431 -23.9235 161.4356
v -39.3692 -24.2451 161.4356
v -45.0837 -24.6401 161.2433
v -39.4099 -24.9618 161.2433
v -45.1134 -25.1648 160.7178
v -39.4396 -25.4864 160.7178
v -45.1243 -25.3568 160
v -39.4505 -25.6784 160
v -45.1134 -25.1648 159.2822
v -39.4396 -25.4864 159.2822
v -45.0837 -24.6401 158.7567
v -39.4099 -24.9618 158.7567
v -45.0431 -23.9235 158.5644
v -39.3692 -24.2451 158.5644
v -45.0025 -23.2068 158.7567
v -39.3286 -23.5285 158.7567
v -44.9727 -22.6822 159.2822
v -39.2989 -23.0039 159.2822
v -44.9618 -22.4902 160
v -39.288 -22.8118 160
v -44.9727 -22.6822 160.7178
v -39.2989 -23.0039 160.7178
v -45.0025 -23.2068 161.2433
v -39.3286 -23.5285 161.2433
f 5473 5475 5476 5474
f 5475 5477 5478 5476
f 5477 5479 5480 5478
f 5479 5481 5482 5480
f 5481 5483 5484 5482
f 5483 5485 5486 5484
f 5485 5487 5488 5486
f 5487 5489 5490 5488
f 5489 5491 5492 5490
f 5491 5493 5494 5492
f 5493 5495 5496 5494
f 5495 5473 5474 5496
f 5495 5493 5491 5489 5487 5485 5483 5481 5479 5477 5475 5473
f 5474 5476 5478 5480 5482 5484 5486 5488 5490 5492 5494 5496
v -39.3692 -24.2451 161.4356
v -33.6954 -24.6044 161.4356
v -39.4146 -24.9615 161.2433
v -33.7407 -25.3207 161.2433
v -39.4478 -25.4859 160.7178
v -33.7739 -25.8452 160.7178
v -39.4599 -25.6779 160
v -33.7861 -26.0371 160
v -39.4478 -25.4859 159.2822
v -33.7739 -25.8452 159.2822
v -39.4146 -24.9615 158.7567
v -33.7407 -25.3207 158.7567
v -39.3692 -24.2451 158.5644
v -33.6954 -24.6044 158.5644
v -39.3239 -23.5288 158.7567
v -33.65 -23.888 158.7567
v -39.2907 -23.0044 159.2822
v -33.6168 -23.3636 159.2822
v -39.2785 -22.8124 160
v -33.6047 -23.1716 160
v -39.2907 -23.0044 160.7178
v -33.6168 -23.3636 160.7178
v -39.3239 -23.5288 161.2433
v -33.65 -23.888 161.2433
f 5497 5499 5500 5498
f 5499 5501 5502 5500
f 5501 5503 5504 5502
f 5503 5505 5506 5504
f 5505 5507 5508 5506
f 5507 5509 5510 5508
f 5509 5511 5512 5510
f 5511 5513 5514 5512
f 5513 5515 5516 5514
f 5515 5517 5518 5516
f 5517 5519 5520 5518
f 5519 5497 5498 5520
f 5519 5517 5515 5513 5511 5509 5507 5505 5503 5501 5499 5497
f 5498 5500 5502 5504 5506 5508 5510 5512 5514 5516 5518 5520
v -33.6954 -24.6044 161.4356
v -28.0215 -25.0099 161.4356
v -33.7466 -25.3203 161.2433
v -28.0727 -25.7259 161.2433
v -33.784 -25.8445 160.7178
v -28.1102 -26.25 160.7178
v -33.7977 -26.0363 160
v -28.1239 -26.4418 160
v -33.784 -25.8445 159.2822
v -28.1102 -26.25 159.2822
v -33.7466 -25.3203 158.7567
v -28.0727 -25.7259 158.7567
v -33.6954 -24.6044 158.5644
v -28.0215 -25.0099 158.5644
v -33.6442 -23.8884 158.7567
v -27.9704 -24.2939 158.7567
v -33.6068 -23.3643 159.2822
v -27.9329 -23.7698 159.2822
v -33.593 -23.1724 160
v -27.9192 -23.5779 160
v -33.6068 -23.3643 160.7178
v -27.9329 -23.7698 160.7178
v -33.6442 -23.8884 161.2433
v -27.9704 -24.2939 161.2433
f 5521 5523 5524 5522
f 5523 5525 5526 5524
f 5525 5527 5528 5526
f 5527 5529 5530 5528
f 5529 5531 5532 5530
f 5531 5533 5534 5532
f 5533 5535 5536 5534
f 5535 5537 5538 5536
f 5537 5539 5540 5538
f 5539 5541 5542 5540
f 5541 5543 5544 5542
f 5543 5521 5522 5544
f 5543 5541 5539 5537 5535 5533 5531 5529 5527 5525 5523 5521
f 5522 5524 5526 5528 5530 5532 5534 5536 5538 5540 5542 5544
v -28.0215 -25.0099 161.4356
v -22.3477 -25.4529 161.4356
v -28.0774 -25.7255 161.2433
v -22.4036 -26.1685 161.2433
v -28.1183 -26.2494 160.7178
v -22.4445 -26.6924 160.7178
v -28.1333 -26.4411 160
v -22.4595 -26.8842 160
v -28.1183 -26.2494 159.2822
v -22.4445 -26.6924 159.2822
v -28.0774 -25.7255 158.7567
v -22.4036 -26.1685 158.7567
v -28.0215 -25.0099 158.5644
v -22.3477 -25.4529 158.5644
v -27.9657 -24.2943 158.7567
v -22.2918 -24.7373 158.7567
v -27.9248 -23.7704 159.2822
v -22.2509 -24.2134 159.2822
v -27.9098 -23.5786 160
v -22.2359 -24.0217 160
v -27.9248 -23.7704 160.7178
v -22.2509 -24.2134 160.7178
v -27.9657 -24.2943 161.2433
v -22.2918 -24.7373 161.2433
f 5545 5547 5548 5546
f 5547 5549 5550 5548
f 5549 5551 5552 5550
f 5551 5553 5554 5552
f 5553 5555 5556 5554
f 5555 5557 5558 5556
f 5557 5559 5560 5558
f 5559 5561 5562 5560
f 5561 5563 5564 5562
f 5563 5565 5566 5564
f 5565 5567 5568 5566
f 5567 5545 5546 5568
f 5567 5565 5563 5561 5559 5557 5555 5553 5551 5549 5547 5545
f 5546 5548 5550 5552 5554 5556 5558 5560 5562 5564 5566 5568
v -22.3477 -25.4529 161.4356
v -16.6738 -25.9355 161.4356
v -22.4085 -26.1681 161.2433
v -16.7347 -26.6507 161.2433
v -22.4531 -26.6917 160.7178
v -16.7792 -27.1743 160.7178
v -22.4694 -26.8834 160
v -16.7955 -27.3659 160
v -22.4531 -26.6917 159.2822
v -16.7792 -27.1743 159.2822
v -22.4085 -26.1681 158.7567
v -16.7347 -26.6507 158.7567
v -22.3477 -25.4529 158.5644
v -16.6738 -25.9355 158.5644
v -22.2869 -24.7377 158.7567
v -16.613 -25.2203 158.7567
v -22.2423 -24.2141 159.2822
v -16.5685 -24.6967 159.2822
v -22.226 -24.0225 160
v -16.5522 -24.5051 160
v -22.2423 -24.2141 160.7178
v -16.5685 -24.6967 160.7178
v -22.2869 -24.7377 161.2433
v -16.613 -25.2203 161.2433
f 5569 5571 5572 5570
f 5571 5573 5574 5572
f 5573 5575 5576 5574
f 5575 5577 5578 5576
f 5577 5579 5580 5578
f 5579 5581 5582 5580
f 5581 5583 5584 5582
f 5583 5585 5586 5584
f 5585 5587 5588 5586
f 5587 5589 5590 5588
f 5589 5591 5592 5590
f 5591 5569 5570 5592
f 5591 5589 5587 5585 5583 5581 5579 5577 5575 5573 5571 5569
f 5570 5572 5574 5576 5578 5580 5582 5584 5586 5588 5590 5592
v -16.6738 -25.9355 161.4356
v -11 -26.4902 161.4356
v -16.7437 -26.6499 161.2433
v -11.0698 -27.2046 161.2433
v -16.7948 -27.1729 160.7178
v -11.121 -27.7276 160.7178
v -16.8135 -27.3643 160
v -11.1397 -27.919 160
v -16.7948 -27.1729 159.2822
v -11.121 -27.7276 159.2822
v -16.7437 -26.6499 158.7567
v -11.0698 -27.2046 158.7567
v -16.6738 -25.9355 158.5644
v -11 -26.4902 158.5644
v -16.604 -25.2211 158.7567
v -10.9302 -25.7758 158.7567
v -16.5529 -24.6981 159.2822
v -10.879 -25.2529 159.2822
v -16.5342 -24.5067 160
v -10.8603 -25.0614 160
v -16.5529 -24.6981 160.7178
v -10.879 -25.2529 160.7178
v -16.604 -25.2211 161.2433
v -10.9302 -25.7758 161.2433
f 5593 5595 5596 5594
f 5595 5597 5598 5596
f 5597 5599 5600 5598
f 5599 5601 5602 5600
f 5601 5603 5604 5602
f 5603 5605 5606 5604
f 5605 5607 5608 5606
f 5607 5609 5610 5608
f 5609 5611 5612 5610
f 5611 5613 5614 5612
f 5613 5615 5616 5614
f 5615 5593 5594 5616
f 5615 5613 5611 5609 5607 5605 5603 5601 5599 5597 5595 5593
f 5594 5596 5598 5600 5602 5604 5606 5608 5610 5612 5614 5616
o Edge_12
v -11 -26.4902 161.4356
v -5.5 -27.0516 161.4356
v -11.0729 -27.2043 161.2433
v -5.5729 -27.7657 161.2433
v -11.1263 -27.7271 160.7178
v -5.6263 -28.2885 160.7178
v -11.1458 -27.9184 160
v -5.6458 -28.4798 160
v -11.1263 -27.7271 159.2822
v -5.6263 -28.2885 159.2822
v -11.0729 -27.2043 158.7567
v -5.5729 -27.7657 158.7567
v -11 -26.4902 158.5644
v -5.5 -27.0516 158.5644
v -10.9271 -25.7761 158.7567
v -5.4271 -26.3376 158.7567
v -10.8737 -25.2534 159.2822
v -5.3737 -25.8148 159.2822
v -10.8542 -25.0621 160
v -5.3542 -25.6235 160
v -10.8737 -25.2534 160.7178
v -5.3737 -25.8148 160.7178
v -10.9271 -25.7761 161.2433
v -5.4271 -26.3376 161.2433
f 5617 5619 5620 5618
f 5619 5621 5622 5620
f 5621 5623 5624 5622
f 5623 5625 5626 5624
f 5625 5627 5628 5626
f 5627 5629 5630 5628
f 5629 5631 5632 5630
f 5631 5633 5634 5632
f 5633 5635 5636 5634
f 5635 5637 5638 5636
f 5637 5639 5640 5638
f 5639 5617 5618 5640
f 5639 5637 5635 5633 5631 5629 5627 5625 5623 5621 5619 5617
f 5618 5620 5622 5624 5626 5628 5630 5632 5634 5636 5638 5640
v -5.5 -27.0516 161.4356
v 0 -27.6341 161.4356
v -5.5756 -27.7655 161.2433
v -0.0756 -28.3479 161.2433
v -5.6309 -28.288 160.7178
v -0.1309 -28.8704 160.7178
v -5.6512 -28.4793 160
v -0.1512 -29.0617 160
v -5.6309 -28.288 159.2822
v -0.1309 -28.8704 159.2822
v -5.5756 -27.7655 158.7567
v -0.0756 -28.3479 158.7567
v -5.5 -27.0516 158.5644
v 0 -27.6341 158.5644
v -5.4244 -26.3378 158.7567
v 0.0756 -26.9203 158.7567
v -5.3691 -25.8153 159.2822
v 0.1309 -26.3977 159.2822
v -5.3488 -25.624 160
v 0.1512 -26.2064 160
v -5.3691 -25.8153 160.7178
v 0.1309 -26.3977 160.7178
v -5.4244 -26.3378 161.2433
v 0.0756 -26.9203 161.2433
f 5641 5643 5644 5642
f 5643 5645 5646 5644
f 5645 5647 5648 5646
f 5647 5649 5650 5648
f 5649 5651 5652 5650
f 5651 5653 5654 5652
f 5653 5655 5656 5654
f 5655 5657 5658 5656
f 5657 5659 5660 5658
f 5659 5661 5662 5660
f 5661 5663 5664 5662
f 5663 5641 5642 5664
f 5663 5661 5659 5657 5655 5653 5651 5649 5647 5645 5643 5641
f 5642 5644 5646 5648 5650 5652 5654 5656 5658 5660 5662 5664
v 0 -27.6341 161.4356
v 5.5 -28.243 161.4356
v -0.079 -28.3475 161.2433
v 5.421 -28.9564 161.2433
v -0.1368 -28.8698 160.7178
v 5.3632 -29.4787 160.7178
v -0.158 -29.061 160
v 5.342 -29.6699 160
v -0.1368 -28.8698 159.2822
v 5.3632 -29.4787 159.2822
v -0.079 -28.3475 158.7567
v 5.421 -28.9564 158.7567
v 0 -27.6341 158.5644
v 5.5 -28.243 158.5644
v 0.079 -26.9206 158.7567
v 5.579 -27.5295 158.7567
v 0.1368 -26.3983 159.2822
v 5.6368 -27.0073 159.2822
v 0.158 -26.2072 160
v 5.658 -26.8161 160
v 0.1368 -26.3983 160.7178
v 5.6368 -27.0073 160.7178
v 0.079 -26.9206 161.2433
v 5.579 -27.5295 161.2433
f 5665 5667 5668 5666
f 5667 5669 5670 5668
f 5669 5671 5672 5670
f 5671 5673 5674 5672
f 5673 5675 5676 5674
f 5675 5677 5678 5676
f 5677 5679 5680 5678
f 5679 5681 5682 5680
f 5681 5683 5684 5682
f 5683 5685 5686 5684
f 5685 5687 5688 5686
f 5687 5665 5666 5688
f 5687 5685 5683 5681 5679 5677 5675 5673 5671 5669 5667 5665
f 5666 5668 5670 5672 5674 5676 5678 5680 5682 5684 5686 5688
v 5.5 -28.243 161.4356
v 11 -28.8871 161.4356
v 5.4165 -28.9559 161.2433
v 10.9165 -29.6 161.2433
v 5.3554 -29.4778 160.7178
v 10.8554 -30.1219 160.7178
v 5.333 -29.6688 160
v 10.833 -30.3129 160
v 5.3554 -29.4778 159.2822
v 10.8554 -30.1219 159.2822
v 5.4165 -28.9559 158.7567
v 10.9165 -29.6 158.7567
v 5.5 -28.243 158.5644
v 11 -28.8871 158.5644
v 5.5835 -27.53 158.7567
v 11.0835 -28.1742 158.7567
v 5.6446 -27.0081 159.2822
v 11.1446 -27.6523 159.2822
v 5.667 -26.8171 160
v 11.167 -27.4612 160
v 5.6446 -27.0081 160.7178
v 11.1446 -27.6523 160.7178
v 5.5835 -27.53 161.2433
v 11.0835 -28.1742 161.2433
f 5689 5691 5692 5690
f 5691 5693 5694 5692
f 5693 5695 5696 5694
f 5695 5697 5698 5696
f 5697 5699 5700 5698
f 5699 5701 5702 5700
f 5701 5703 5704 5702
f 5703 5705 5706 5704
f 5705 5707 5708 5706
f 5707 5709 5710 5708
f 5709 5711 5712 5710
f 5711 5689 5690 5712
f 5711 5709 5707 5705 5703 5701 5699 5697 5695 5693 5691 5689
f 5690 5692 5694 5696 5698 5700 5702 5704 5706 5708 5710 5712
o Edge_13
v 11 -28.8871 161.4356
v 16.6738 -29.5854 161.4356
v 10.9123 -29.5995 161.2433
v 16.5862 -30.2979 161.2433
v 10.8481 -30.121 160.7178
v 16.522 -30.8194 160.7178
v 10.8246 -30.3119 160
v 16.4985 -31.0103 160
v 10.8481 -30.121 159.2822
v 16.522 -30.8194 159.2822
v 10.9123 -29.5995 158.7567
v 16.5862 -30.2979 158.7567
v 11 -28.8871 158.5644
v 16.6738 -29.5854 158.5644
v 11.0877 -28.1747 158.7567
v 16.7615 -28.873 158.7567
v 11.1519 -27.6531 159.2822
v 16.8257 -28.3515 159.2822
v 11.1754 -27.4622 160
v 16.8492 -28.1606 160
v 11.1519 -27.6531 160.7178
v 16.8257 -28.3515 160.7178
v 11.0877 -28.1747 161.2433
v 16.7615 -28.873 161.2433
f 5713 5715 5716 5714
f 5715 5717 5718 5716
f 5717 5719 5720 5718
f 5719 5721 5722 5720
f 5721 5723 5724 5722
f 5723 5725 5726 5724
f 5725 5727 5728 5726
f 5727 5729 5730 5728
f 5729 5731 5732 5730
f 5731 5733 5734 5732
f 5733 5735 5736 5734
f 5735 5713 5714 5736
f 5735 5733 5731 5729 5727 5725 5723 5721 5719 5717 5715 5713
f 5714 5716 5718 5720 5722 5724 5726 5728 5730 5732 5734 5736
v 16.6738 -29.5854 161.4356
v 22.3477 -30.3346 161.4356
v 16.5799 -30.2971 161.2433
v 22.2537 -31.0462 161.2433
v 16.5111 -30.818 160.7178
v 22.185 -31.5671 160.7178
v 16.4859 -31.0087 160
v 22.1598 -31.7578 160
v 16.5111 -30.818 159.2822
v 22.185 -31.5671 159.2822
v 16.5799 -30.2971 158.7567
v 22.2537 -31.0462 158.7567
v 16.6738 -29.5854 158.5644
v 22.3477 -30.3346 158.5644
v 16.7678 -28.8738 158.7567
v 22.4416 -29.6229 158.7567
v 16.8366 -28.3529 159.2822
v 22.5104 -29.102 159.2822
v 16.8618 -28.1622 160
v 22.5356 -28.9113 160
v 16.8366 -28.3529 160.7178
v 22.5104 -29.102 160.7178
v 16.7678 -28.8738 161.2433
v 22.4416 -29.6229 161.2433
f 5737 5739 5740 5738
f 5739 5741 5742 5740
f 5741 5743 5744 5742
f 5743 5745 5746 5744
f 5745 5747 5748 5746
f 5747 5749 5750 5748
f 5749 5751 5752 5750
f 5751 5753 5754 5752
f 5753 5755 5756 5754
f 5755 5757 5758 5756
f 5757 5759 5760 5758
f 5759 5737 5738 5760
f 5759 5757 5755 5753 5751 5749 5747 5745 5743 5741 5739 5737
f 5738 5740 5742 5744 5746 5748 5750 5752 5754 5756 5758 5760
v 22.3477 -30.3346 161.4356
v 28.0215 -31.1331 161.4356
v 22.2477 -31.0453 161.2433
v 27.9215 -31.8439 161.2433
v 22.1744 -31.5657 160.7178
v 27.8483 -32.3642 160.7178
v 22.1476 -31.7561 160
v 27.8215 -32.5547 160
v 22.1744 -31.5657 159.2822
v 27.8483 -32.3642 159.2822
v 22.2477 -31.0453 158.7567
v 27.9215 -31.8439 158.7567
v 22.3477 -30.3346 158.5644
v 28.0215 -31.1331 158.5644
v 22.4477 -29.6238 158.7567
v 28.1216 -30.4223 158.7567
v 22.521 -29.1034 159.2822
v 28.1948 -29.9019 159.2822
v 22.5478 -28.913 160
v 28.2216 -29.7115 160
v 22.521 -29.1034 160.7178
v 28.1948 -29.9019 160.7178
v 22.4477 -29.6238 161.2433
v 28.1216 -30.4223 161.2433
f 5761 5763 5764 5762
f 5763 5765 5766 5764
f 5765 5767 5768 5766
f 5767 5769 5770 5768
f 5769 5771 5772 5770
f 5771 5773 5774 5772
f 5773 5775 5776 5774
f 5775 5777 5778 5776
f 5777 5779 5780 5778
f 5779 5781 5782 5780
f 5781 5783 5784 5782
f 5783 5761 5762 5784
f 5783 5781 5779 5777 5775 5773 5771 5769 5767 5765 5763 5761
f 5762 5764 5766 5768 5770 5772 5774 5776 5778 5780 5782 5784
v 28.0215 -31.1331 161.4356
v 33.6954 -31.9578 161.4356
v 27.9183 -31.8434 161.2433
v 33.5921 -32.6682 161.2433
v 27.8427 -32.3634 160.7178
v 33.5165 -33.1882 160.7178
v 27.815 -32.5537 160
v 33.4889 -33.3785 160
v 27.8427 -32.3634 159.2822
v 33.5165 -33.1882 159.2822
v 27.9183 -31.8434 158.7567
v 33.5921 -32.6682 158.7567
v 28.0215 -31.1331 158.5644
v 33.6954 -31.9578 158.5644
v 28.1248 -30.4227 158.7567
v 33.7986 -31.2475 158.7567
v 28.2004 -29.9027 159.2822
v 33.8742 -30.7275 159.2822
v 28.228 -29.7124 160
v 33.9019 -30.5372 160
v 28.2004 -29.9027 160.7178
v 33.8742 -30.7275 160.7178
v 28.1248 -30.4227 161.2433
v 33.7986 -31.2475 161.2433
f 5785 5787 5788 5786
f 5787 5789 5790 5788
f 5789 5791 5792 5790
f 5791 5793 5794 5792
f 5793 5795 5796 5794
f 5795 5797 5798 5796
f 5797 5799 5800 5798
f 5799 5801 5802 5800
f 5801 5803 5804 5802
f 5803 5805 5806 5804
f 5805 5807 5808 5806
f 5807 5785 5786 5808
f 5807 5805 5803 5801 5799 5797 5795 5793 5791 5789 5787 5785
f 5786 5788 5790 5792 5794 5796 5798 5800 5802 5804 5806 5808
v 33.6954 -31.9578 161.4356
v 39.3692 -32.8049 161.4356
v 33.5894 -32.6678 161.2433
v 39.2632 -33.5148 161.2433
v 33.5118 -33.1875 160.7178
v 39.1857 -34.0345 160.7178
v 33.4834 -33.3777 160
v 39.1573 -34.2247 160
v 33.5118 -33.1875 159.2822
v 39.1857 -34.0345 159.2822
v 33.5894 -32.6678 158.7567
v 39.2632 -33.5148 158.7567
v 33.6954 -31.9578 158.5644
v 39.3692 -32.8049 158.5644
v 33.8014 -31.2479 158.7567
v 39.4752 -32.0949 158.7567
v 33.879 -30.7282 159.2822
v 39.5528 -31.5752 159.2822
v 33.9074 -30.538 160
v 39.5812 -31.385 160
v 33.879 -30.7282 160.7178
v 39.5528 -31.5752 160.7178
v 33.8014 -31.2479 161.2433
v 39.4752 -32.0949 161.2433
f 5809 5811 5812 5810
f 5811 5813 5814 5812
f 5813 5815 5816 5814
f 5815 5817 5818 5816
f 5817 5819 5820 5818
f 5819 5821 5822 5820
f 5821 5823 5824 5822
f 5823 5825 5826 5824
f 5825 5827 5828 5826
f 5827 5829 5830 5828
f 5829 5831 5832 5830
f 5831 5809 5810 5832
f 5831 5829 5827 5825 5823 5821 5819 5817 5815 5813 5811 5809
f 5810 5812 5814 5816 5818 5820 5822 5824 5826 5828 5830 5832
v 39.3692 -32.8049 161.4356
v 45.0431 -33.6599 161.4356
v 39.2623 -33.5146 161.2433
v 44.9361 -34.3697 161.2433
v 39.184 -34.0342 160.7178
v 44.8578 -34.8893 160.7178
v 39.1553 -34.2244 160
v 44.8291 -35.0795 160
v 39.184 -34.0342 159.2822
v 44.8578 -34.8893 159.2822
v 39.2623 -33.5146 158.7567
v 44.9361 -34.3697 158.7567
v 39.3692 -32.8049 158.5644
v 45.0431 -33.6599 158.5644
v 39.4762 -32.0951 158.7567
v 45.15 -32.9501 158.7567
v 39.5545 -31.5755 159.2822
v 45.2283 -32.4305 159.2822
v 39.5832 -31.3853 160
v 45.257 -32.2404 160
v 39.5545 -31.5755 160.7178
v 45.2283 -32.4305 160.7178
v 39.4762 -32.0951 161.2433
v 45.15 -32.9501 161.2433
f 5833 5835 5836 5834
f 5835 5837 5838 5836
f 5837 5839 5840 5838
f 5839 5841 5842 5840
f 5841 5843 5844 5842
f 5843 5845 5846 5844
f 5845 5847 5848 5846
f 5847 5849 5850 5848
f 5849 5851 5852 5850
f 5851 5853 5854 5852
f 5853 5855 5856 5854
f 5855 5833 5834 5856
f 5855 5853 5851 5849 5847 5845 5843 5841 5839 5837 5835 5833
f 5834 5836 5838 5840 5842 5844 5846 5848 5850 5852 5854 5856
v 45.0431 -33.6599 161.4356
v 50.7169 -34.5017 161.4356
v 44.9377 -34.37 161.2433
v 50.6116 -35.2117 161.2433
v 44.8606 -34.8897 160.7178
v 50.5345 -35.7315 160.7178
v 44.8324 -35.08 160
v 50.5063 -35.9217 160
v 44.8606 -34.8897 159.2822
v 50.5345 -35.7315 159.2822
v 44.9377 -34.37 158.7567
v 50.6116 -35.2117 158.7567
v 45.0431 -33.6599 158.5644
v 50.7169 -34.5017 158.5644
v 45.1484 -32.9499 158.7567
v 50.8223 -33.7916 158.7567
v 45.2255 -32.4301 159.2822
v 50.8994 -33.2719 159.2822
v 45.2537 -32.2399 160
v 50.9276 -33.0816 160
v 45.2255 -32.4301 160.7178
v 50.8994 -33.2719 160.7178
v 45.1484 -32.9499 161.2433
v 50.8223 -33.7916 161.2433
f 5857 5859 5860 5858
f 5859 5861 5862 5860
f 5861 5863 5864 5862
f 5863 5865 5866 5864
f 5865 5867 5868 5866
f 5867 5869 5870 5868
f 5869 5871 5872 5870
f 5871 5873 5874 5872
f 5873 5875 5876 5874
f 5875 5877 5878 5876
f 5877 5879 5880 5878
f 5879 5857 5858 5880
f 5879 5877 5875 5873 5871 5869 5867 5865 5863 5861 5859 5857
f 5858 5860 5862 5864 5866 5868 5870 5872 5874 5876 5878 5880
v 50.7169 -34.5017 161.4356
v 56.3908 -35.3255 161.4356
v 50.6138 -35.212 161.2433
v 56.2876 -36.0358 161.2433
v 50.5383 -35.732 160.7178
v 56.2121 -36.5558 160.7178
v 50.5106 -35.9224 160
v 56.1845 -36.7462 160
v 50.5383 -35.732 159.2822
v 56.2121 -36.5558 159.2822
v 50.6138 -35.212 158.7567
v 56.2876 -36.0358 158.7567
v 50.7169 -34.5017 158.5644
v 56.3908 -35.3255 158.5644
v 50.8201 -33.7913 158.7567
v 56.4939 -34.6151 158.7567
v 50.8956 -33.2713 159.2822
v 56.5694 -34.0951 159.2822
v 50.9232 -33.081 160
v 56.597 -33.9047 160
v 50.8956 -33.2713 160.7178
v 56.5694 -34.0951 160.7178
v 50.8201 -33.7913 161.2433
v 56.4939 -34.6151 161.2433
f 5881 5883 5884 5882
f 5883 5885 5886 5884
f 5885 5887 5888 5886
f 5887 5889 5890 5888
f 5889 5891 5892 5890
f 5891 5893 5894 5892
f 5893 5895 5896 5894
f 5895 5897 5898 5896
f 5897 5899 5900 5898
f 5899 5901 5902 5900
f 5901 5903 5904 5902
f 5903 5881 5882 5904
f 5903 5901 5899 5897 5895 5893 5891 5889 5887 5885 5883 5881
f 5882 5884 5886 5888 5890 5892 5894 5896 5898 5900 5902 5904
v 56.3908 -35.3255 161.4356
v 62.0646 -36.1102 161.4356
v 56.2924 -36.0365 161.2433
v 61.9663 -36.8212 161.2433
v 56.2204 -36.557 160.7178
v 61.8943 -37.3417 160.7178
v 56.1941 -36.7475 160
v 61.8679 -37.5322 160
v 56.2204 -36.557 159.2822
v 61.8943 -37.3417 159.2822
v 56.2924 -36.0365 158.7567
v 61.9663 -36.8212 158.7567
v 56.3908 -35.3255 158.5644
v 62.0646 -36.1102 158.5644
v 56.4891 -34.6144 158.7567
v 62.163 -35.3991 158.7567
v 56.5611 -34.0939 159.2822
v 62.2349 -34.8786 159.2822
v 56.5874 -33.9034 160
v 62.2613 -34.6881 160
v 56.5611 -34.0939 160.7178
v 62.2349 -34.8786 160.7178
v 56.4891 -34.6144 161.2433
v 62.163 -35.3991 161.2433
f 5905 5907 5908 5906
f 5907 5909 5910 5908
f 5909 5911 5912 5910
f 5911 5913 5914 5912
f 5913 5915 5916 5914
f 5915 5917 5918 5916
f 5917 5919 5920 5918
f 5919 5921 5922 5920
f 5921 5923 5924 5922
f 5923 5925 5926 5924
f 5925 5927 5928 5926
f 5927 5905 5906 5928
f 5927 5925 5923 5921 5919 5917 5915 5913 5911 5909 5907 5905
f 5906 5908 5910 5912 5914 5916 5918 5920 5922 5924 5926 5928
v 62.0646 -36.1102 161.4356
v 67.7385 -36.844 161.4356
v 61.9725 -36.822 161.2433
v 67.6464 -37.5558 161.2433
v 61.9052 -37.3432 160.7178
v 67.579 -38.077 160.7178
v 61.8805 -37.5339 160
v 67.5543 -38.2677 160
v 61.9052 -37.3432 159.2822
v 67.579 -38.077 159.2822
v 61.9725 -36.822 158.7567
v 67.6464 -37.5558 158.7567
v 62.0646 -36.1102 158.5644
v 67.7385 -36.844 158.5644
v 62.1567 -35.3983 158.7567
v 67.8305 -36.1321 158.7567
v 62.2241 -34.8772 159.2822
v 67.8979 -35.611 159.2822
v 62.2487 -34.6864 160
v 67.9226 -35.4202 160
v 62.2241 -34.8772 160.7178
v 67.8979 -35.611 160.7178
v 62.1567 -35.3983 161.2433
v 67.8305 -36.1321 161.2433
f 5929 5931 5932 5930
f 5931 5933 5934 5932
f 5933 5935 5936 5934
f 5935 5937 5938 5936
f 5937 5939 5940 5938
f 5939 5941 5942 5940
f 5941 5943 5944 5942
f 5943 5945 5946 5944
f 5945 5947 5948 5946
f 5947 5949 5950 5948
f 5949 5951 5952 5950
f 5951 5929 5930 5952
f 5951 5949 5947 5945 5943 5941 5939 5937 5935 5933 5931 5929
f 5930 5932 5934 5936 5938 5940 5942 5944 5946 5948 5950 5952
v 67.7385 -36.844 161.4356
v 73.4123 -37.5355 161.4356
v 67.6516 -37.5565 161.2433
v 73.3255 -38.248 161.2433
v 67.5881 -38.0781 160.7178
v 73.2619 -38.7696 160.7178
v 67.5648 -38.269 160
v 73.2386 -38.9605 160
v 67.5881 -38.0781 159.2822
v 73.2619 -38.7696 159.2822
v 67.6516 -37.5565 158.7567
v 73.3255 -38.248 158.7567
v 67.7385 -36.844 158.5644
v 73.4123 -37.5355 158.5644
v 67.8253 -36.1314 158.7567
v 73.4991 -36.8229 158.7567
v 67.8889 -35.6098 159.2822
v 73.5627 -36.3013 159.2822
v 67.9121 -35.4189 160
v 73.586 -36.1104 160
v 67.8889 -35.6098 160.7178
v 73.5627 -36.3013 160.7178
v 67.8253 -36.1314 161.2433
v 73.4991 -36.8229 161.2433
f 5953 5955 5956 5954
f 5955 5957 5958 5956
f 5957 5959 5960 5958
f 5959 5961 5962 5960
f 5961 5963 5964 5962
f 5963 5965 5966 5964
f 5965 5967 5968 5966
f 5967 5969 5970 5968
f 5969 5971 5972 5970
f 5971 5973 5974 5972
f 5973 5975 5976 5974
f 5975 5953 5954 5976
f 5975 5973 5971 5969 5967 5965 5963 5961 5959 5957 5955 5953
f 5954 5956 5958 5960 5962 5964 5966 5968 5970 5972 5974 5976
v 73.4123 -37.5355 161.4356
v 79.0862 -38.179 161.4356
v 73.3314 -38.2487 161.2433
v 79.0053 -38.8923 161.2433
v 73.2722 -38.7708 160.7178
v 78.946 -39.4144 160.7178
v 73.2505 -38.9619 160
v 78.9243 -39.6055 160
v 73.2722 -38.7708 159.2822
v 78.946 -39.4144 159.2822
v 73.3314 -38.2487 158.7567
v 79.0053 -38.8923 158.7567
v 73.4123 -37.5355 158.5644
v 79.0862 -38.179 158.5644
v 73.4932 -36.8222 158.7567
v 79.1671 -37.4658 158.7567
v 73.5524 -36.3001 159.2822
v 79.2263 -36.9437 159.2822
v 73.5741 -36.109 160
v 79.248 -36.7526 160
v 73.5524 -36.3001 160.7178
v 79.2263 -36.9437 160.7178
v 73.4932 -36.8222 161.2433
v 79.1671 -37.4658 161.2433
f 5977 5979 5980 5978
f 5979 5981 5982 5980
f 5981 5983 5984 5982
f 5983 5985 5986 5984
f 5985 5987 5988 5986
f 5987 5989 5990 5988
f 5989 5991 5992 5990
f 5991 5993 5994 5992
f 5993 5995 5996 5994
f 5995 5997 5998 5996
f 5997 5999 6000 5998
f 5999 5977 5978 6000
f 5999 5997 5995 5993 5991 5989 5987 5985 5983 5981 5979 5977
f 5978 5980 5982 5984 5986 5988 5990 5992 5994 5996 5998 6000
v 79.0862 -38.179 161.4356
v 84.76 -38.7473 161.4356
v 79.0146 -38.8933 161.2433
v 84.6885 -39.4615 161.2433
v 78.9623 -39.4161 160.7178
v 84.6361 -39.9844 160.7178
v 78.9431 -39.6075 160
v 84.6169 -40.1758 160
v 78.9623 -39.4161 159.2822
v 84.6361 -39.9844 159.2822
v 79.0146 -38.8933 158.7567
v 84.6885 -39.4615 158.7567
v 79.0862 -38.179 158.5644
v 84.76 -38.7473 158.5644
v 79.1577 -37.4648 158.7567
v 84.8315 -38.0331 158.7567
v 79.2101 -36.942 159.2822
v 84.8839 -37.5102 159.2822
v 79.2292 -36.7506 160
v 84.9031 -37.3189 160
v 79.2101 -36.942 160.7178
v 84.8839 -37.5102 160.7178
v 79.1577 -37.4648 161.2433
v 84.8315 -38.0331 161.2433
f 6001 6003 6004 6002
f 6003 6005 6006 6004
f 6005 6007 6008 6006
f 6007 6009 6010 6008
f 6009 6011 6012 6010
f 6011 6013 6014 6012
f 6013 6015 6016 6014
f 6015 6017 6018 6016
f 6017 6019 6020 6018
f 6019 6021 6022 6020
f 6021 6023 6024 6022
f 6023 6001 6002 6024
f 6023 6021 6019 6017 6015 6013 6011 6009 6007 6005 6003 6001
f 6002 6004 6006 6008 6010 6012 6014 6016 6018 6020 6022 6024
o Edge_14
v 84.76 -38.7473 161.4356
v 90.3633 -39.2632 161.4356
v 84.6942 -39.4621 161.2433
v 90.2975 -39.9779 161.2433
v 84.646 -39.9854 160.7178
v 90.2494 -40.5012 160.7178
v 84.6284 -40.1769 160
v 90.2317 -40.6927 160
v 84.646 -39.9854 159.2822
v 90.2494 -40.5012 159.2822
v 84.6942 -39.4621 158.7567
v 90.2975 -39.9779 158.7567
v 84.76 -38.7473 158.5644
v 90.3633 -39.2632 158.5644
v 84.8258 -38.0325 158.7567
v 90.4291 -38.5484 158.7567
v 84.874 -37.5093 159.2822
v 90.4773 -38.0251 159.2822
v 84.8916 -37.3178 160
v 90.4949 -37.8336 160
v 84.874 -37.5093 160.7178
v 90.4773 -38.0251 160.7178
v 84.8258 -38.0325 161.2433
v 90.4291 -38.5484 161.2433
f 6025 6027 6028 6026
f 6027 6029 6030 6028
f 6029 6031 6032 6030
f 6031 6033 6034 6032
f 6033 6035 6036 6034
f 6035 6037 6038 6036
f 6037 6039 6040 6038
f 6039 6041 6042 6040
f 6041 6043 6044 6042
f 6043 6045 6046 6044
f 6045 6047 6048 6046
f 6047 6025 6026 6048
f 6047 6045 6043 6041 6039 6037 6035 6033 6031 6029 6027 6025
f 6026 6028 6030 6032 6034 6036 6038 6040 6042 6044 6046 6048
v 90.3633 -39.2632 161.4356
v 95.9667 -39.7347 161.4356
v 90.3031 -39.9784 161.2433
v 95.9065 -40.45 161.2433
v 90.2591 -40.5021 160.7178
v 95.8624 -40.9736 160.7178
v 90.2429 -40.6937 160
v 95.8463 -41.1653 160
v 90.2591 -40.5021 159.2822
v 95.8624 -40.9736 159.2822
v 90.3031 -39.9784 158.7567
v 95.9065 -40.45 158.7567
v 90.3633 -39.2632 158.5644
v 95.9667 -39.7347 158.5644
v 90.4235 -38.5479 158.7567
v 96.0269 -39.0194 158.7567
v 90.4676 -38.0243 159.2822
v 96.0709 -38.4958 159.2822
v 90.4837 -37.8326 160
v 96.0871 -38.3042 160
v 90.4676 -38.0243 160.7178
v 96.0709 -38.4958 160.7178
v 90.4235 -38.5479 161.2433
v 96.0269 -39.0194 161.2433
f 6049 6051 6052 6050
f 6051 6053 6054 6052
f 6053 6055 6056 6054
f 6055 6057 6058 6056
f 6057 6059 6060 6058
f 6059 6061 6062 6060
f 6061 6063 6064 6062
f 6063 6065 6066 6064
f 6065 6067 6068 6066
f 6067 6069 6070 6068
f 6069 6071 6072 6070
f 6071 6049 6050 6072
f 6071 6069 6067 6065 6063 6061 6059 6057 6055 6053 6051 6049
f 6050 6052 6054 6056 6058 6060 6062 6064 6066 6068 6070 6072
v 95.9667 -39.7347 161.4356
v 101.57 -40.1383 161.4356
v 95.9151 -40.4507 161.2433
v 101.5184 -40.8543 161.2433
v 95.8773 -40.9748 160.7178
v 101.4807 -41.3784 160.7178
v 95.8635 -41.1666 160
v 101.4669 -41.5702 160
v 95.8773 -40.9748 159.2822
v 101.4807 -41.3784 159.2822
v 95.9151 -40.4507 158.7567
v 101.5184 -40.8543 158.7567
v 95.9667 -39.7347 158.5644
v 101.57 -40.1383 158.5644
v 96.0182 -39.0188 158.7567
v 101.6216 -39.4224 158.7567
v 96.056 -38.4947 159.2822
v 101.6593 -38.8983 159.2822
v 96.0698 -38.3028 160
v 101.6731 -38.7064 160
v 96.056 -38.4947 160.7178
v 101.6593 -38.8983 160.7178
v 96.0182 -39.0188 161.2433
v 101.6216 -39.4224 161.2433
f 6073 6075 6076 6074
f 6075 6077 6078 6076
f 6077 6079 6080 6078
f 6079 6081 6082 6080
f 6081 6083 6084 6082
f 6083 6085 6086 6084
f 6085 6087 6088 6086
f 6087 6089 6090 6088
f 6089 6091 6092 6090
f 6091 6093 6094 6092
f 6093 6095 6096 6094
f 6095 6073 6074 6096
f 6095 6093 6091 6089 6087 6085 6083 6081 6079 6077 6075 6073
f 6074 6076 6078 6080 6082 6084 6086 6088 6090 6092 6094 6096
v 101.57 -40.1383 161.4356
v 107.1733 -40.4886 161.4356
v 101.5252 -40.8547 161.2433
v 107.1286 -41.205 161.2433
v 101.4924 -41.3792 160.7178
v 107.0958 -41.7294 160.7178
v 101.4804 -41.5711 160
v 107.0838 -41.9214 160
v 101.4924 -41.3792 159.2822
v 107.0958 -41.7294 159.2822
v 101.5252 -40.8547 158.7567
v 107.1286 -41.205 158.7567
v 101.57 -40.1383 158.5644
v 107.1733 -40.4886 158.5644
v 101.6148 -39.4219 158.7567
v 107.2181 -39.7722 158.7567
v 101.6476 -38.8975 159.2822
v 107.2509 -39.2477 159.2822
v 101.6596 -38.7055 160
v 107.2629 -39.0558 160
v 101.6476 -38.8975 160.7178
v 107.2509 -39.2477 160.7178
v 101.6148 -39.4219 161.2433
v 107.2181 -39.7722 161.2433
f 6097 6099 6100 6098
f 6099 6101 6102 6100
f 6101 6103 6104 6102
f 6103 6105 6106 6104
f 6105 6107 6108 6106
f 6107 6109 6110 6108
f 6109 6111 6112 6110
f 6111 6113 6114 6112
f 6113 6115 6116 6114
f 6115 6117 6118 6116
f 6117 6119 6120 6118
f 6119 6097 6098 6120
f 6119 6117 6115 6113 6111 6109 6107 6105 6103 6101 6099 6097
f 6098 6100 6102 6104 6106 6108 6110 6112 6114 6116 6118 6120
v 107.1733 -40.4886 161.4356
v 112.7767 -40.7918 161.4356
v 107.1346 -41.2053 161.2433
v 112.7379 -41.5085 161.2433
v 107.1062 -41.73 160.7178
v 112.7095 -42.0332 160.7178
v 107.0958 -41.9221 160
v 112.6991 -42.2253 160
v 107.1062 -41.73 159.2822
v 112.7095 -42.0332 159.2822
v 107.1346 -41.2053 158.7567
v 112.7379 -41.5085 158.7567
v 107.1733 -40.4886 158.5644
v 112.7767 -40.7918 158.5644
v 107.2121 -39.7718 158.7567
v 112.8154 -40.075 158.7567
v 107.2405 -39.2471 159.2822
v 112.8438 -39.5503 159.2822
v 107.2509 -39.0551 160
v 112.8542 -39.3583 160
v 107.2405 -39.2471 160.7178
v 112.8438 -39.5503 160.7178
v 107.2121 -39.7718 161.2433
v 112.8154 -40.075 161.2433
f 6121 6123 6124 6122
f 6123 6125 6126 6124
f 6125 6127 6128 6126
f 6127 6129 6130 6128
f 6129 6131 6132 6130
f 6131 6133 6134 6132
f 6133 6135 6136 6134
f 6135 6137 6138 6136
f 6137 6139 6140 6138
f 6139 6141 6142 6140
f 6141 6143 6144 6142
f 6143 6121 6122 6144
f 6143 6141 6139 6137 6135 6133 6131 6129 6127 6125 6123 6121
f 6122 6124 6126 6128 6130 6132 6134 6136 6138 6140 6142 6144
v 112.7767 -40.7918 161.4356
v 118.38 -41.0298 161.4356
v 112.7462 -41.5089 161.2433
v 118.3495 -41.747 161.2433
v 112.7239 -42.0339 160.7178
v 118.3272 -42.272 160.7178
v 112.7157 -42.2261 160
v 118.3191 -42.4641 160
v 112.7239 -42.0339 159.2822
v 118.3272 -42.272 159.2822
v 112.7462 -41.5089 158.7567
v 118.3495 -41.747 158.7567
v 112.7767 -40.7918 158.5644
v 118.38 -41.0298 158.5644
v 112.8071 -40.0746 158.7567
v 118.4105 -40.3127 158.7567
v 112.8294 -39.5496 159.2822
v 118.4328 -39.7877 159.2822
v 112.8376 -39.3574 160
v 118.4409 -39.5955 160
v 112.8294 -39.5496 160.7178
v 118.4328 -39.7877 160.7178
v 112.8071 -40.0746 161.2433
v 118.4105 -40.3127 161.2433
f 6145 6147 6148 6146
f 6147 6149 6150 6148
f 6149 6151 6152 6150
f 6151 6153 6154 6152
f 6153 6155 6156 6154
f 6155 6157 6158 6156
f 6157 6159 6160 6158
f 6159 6161 6162 6160
f 6161 6163 6164 6162
f 6163 6165 6166 6164
f 6165 6167 6168 6166
f 6167 6145 6146 6168
f 6167 6165 6163 6161 6159 6157 6155 6153 6151 6149 6147 6145
f 6146 6148 6150 6152 6154 6156 6158 6160 6162 6164 6166 6168
v 118.38 -41.0298 161.4356
v 123.9833 -41.1737 161.4356
v 118.3616 -41.7474 161.2433
v 123.9649 -41.8912 161.2433
v 118.3481 -42.2727 160.7178
v 123.9514 -42.4165 160.7178
v 118.3432 -42.465 160
v 123.9465 -42.6088 160
v 118.3481 -42.2727 159.2822
v 123.9514 -42.4165 159.2822
v 118.3616 -41.7474 158.7567
v 123.9649 -41.8912 158.7567
v 118.38 -41.0298 158.5644
v 123.9833 -41.1737 158.5644
v 118.3984 -40.3123 158.7567
v 124.0018 -40.4561 158.7567
v 118.4119 -39.787 159.2822
v 124.0152 -39.9308 159.2822
v 118.4168 -39.5947 160
v 124.0202 -39.7386 160
v 118.4119 -39.787 160.7178
v 124.0152 -39.9308 160.7178
v 118.3984 -40.3123 161.2433
v 124.0018 -40.4561 161.2433
f 6169 6171 6172 6170
f 6171 6173 6174 6172
f 6173 6175 6176 6174
f 6175 6177 6178 6176
f 6177 6179 6180 6178
f 6179 6181 6182 6180
f 6181 6183 6184 6182
f 6183 6185 6186 6184
f 6185 6187 6188 6186
f 6187 6189 6190 6188
f 6189 6191 6192 6190
f 6191 6169 6170 6192
f 6191 6189 6187 6185 6183 6181 6179 6177 6175 6173 6171 6169
f 6170 6172 6174 6176 6178 6180 6182 6184 6186 6188 6190 6192
v 123.9833 -41.1737 161.4356
v 129.5867 -41.2339 161.4356
v 123.9756 -41.8914 161.2433
v 129.5789 -41.9517 161.2433
v 123.97 -42.4169 160.7178
v 129.5733 -42.4771 160.7178
v 123.9679 -42.6092 160
v 129.5712 -42.6695 160
v 123.97 -42.4169 159.2822
v 129.5733 -42.4771 159.2822
v 123.9756 -41.8914 158.7567
v 129.5789 -41.9517 158.7567
v 123.9833 -41.1737 158.5644
v 129.5867 -41.2339 158.5644
v 123.9911 -40.4559 158.7567
v 129.5944 -40.5162 158.7567
v 123.9967 -39.9305 159.2822
v 129.6 -39.9908 159.2822
v 123.9988 -39.7382 160
v 129.6021 -39.7984 160
v 123.9967 -39.9305 160.7178
v 129.6 -39.9908 160.7178
v 123.9911 -40.4559 161.2433
v 129.5944 -40.5162 161.2433
f 6193 6195 6196 6194
f 6195 6197 6198 6196
f 6197 6199 6200 6198
f 6199 6201 6202 6200
f 6201 6203 6204 6202
f 6203 6205 6206 6204
f 6205 6207 6208 6206
f 6207 6209 6210 6208
f 6209 6211 6212 6210
f 6211 6213 6214 6212
f 6213 6215 6216 6214
f 6215 6193 6194 6216
f 6215 6213 6211 6209 6207 6205 6203 6201 6199 6197 6195 6193
f 6194 6196 6198 6200 6202 6204 6206 6208 6210 6212 6214 6216
v 129.5867 -41.2339 161.4356
v 135.19 -40.1231 161.4356
v 129.7262 -41.938 161.2433
v 135.3296 -40.8272 161.2433
v 129.8284 -42.4535 160.7178
v 135.4318 -41.3427 160.7178
v 129.8658 -42.6421 160
v 135.4692 -41.5313 160
v 129.8284 -42.4535 159.2822
v 135.4318 -41.3427 159.2822
v 129.7262 -41.938 158.7567
v 135.3296 -40.8272 158.7567
v 129.5867 -41.2339 158.5644
v 135.19 -40.1231 158.5644
v 129.4471 -40.5298 158.7567
v 135.0504 -39.419 158.7567
v 129.3449 -40.0144 159.2822
v 134.9482 -38.9036 159.2822
v 129.3075 -39.8258 160
v 134.9108 -38.7149 160
v 129.3449 -40.0144 160.7178
v 134.9482 -38.9036 160.7178
v 129.4471 -40.5298 161.2433
v 135.0504 -39.419 161.2433
f 6217 6219 6220 6218
f 6219 6221 6222 6220
f 6221 6223 6224 6222
f 6223 6225 6226 6224
f 6225 6227 6228 6226
f 6227 6229 6230 6228
f 6229 6231 6232 6230
f 6231 6233 6234 6232
f 6233 6235 6236 6234
f 6235 6237 6238 6236
f 6237 6239 6240 6238
f 6239 6217 6218 6240
f 6239 6237 6235 6233 6231 6229 6227 6225 6223 6221 6219 6217
f 6218 6220 6222 6224 6226 6228 6230 6232 6234 6236 6238 6240
v 135.19 -40.1231 161.4356
v 140.7933 -39.0123 161.4356
v 135.3296 -40.8272 161.2433
v 140.9329 -39.7164 161.2433
v 135.4318 -41.3427 160.7178
v 141.0351 -40.2319 160.7178
v 135.4692 -41.5313 160
v 141.0725 -40.4205 160
v 135.4318 -41.3427 159.2822
v 141.0351 -40.2319 159.2822
v 135.3296 -40.8272 158.7567
v 140.9329 -39.7164 158.7567
v 135.19 -40.1231 158.5644
v 140.7933 -39.0123 158.5644
v 135.0504 -39.419 158.7567
v 140.6538 -38.3082 158.7567
v 134.9482 -38.9036 159.2822
v 140.5516 -37.7928 159.2822
v 134.9108 -38.7149 160
v 140.5142 -37.6041 160
v 134.9482 -38.9036 160.7178
v 140.5516 -37.7928 160.7178
v 135.0504 -39.419 161.2433
v 140.6538 -38.3082 161.2433
f 6241 6243 6244 6242
f 6243 6245 6246 6244
f 6245 6247 6248 6246
f 6247 6249 6250 6248
f 6249 6251 6252 6250
f 6251 6253 6254 6252
f 6253 6255 6256 6254
f 6255 6257 6258 6256
f 6257 6259 6260 6258
f 6259 6261 6262 6260
f 6261 6263 6264 6262
f 6263 6241 6242 6264
f 6263 6261 6259 6257 6255 6253 6251 6249 6247 6245 6243 6241
f 6242 6244 6246 6248 6250 6252 6254 6256 6258 6260 6262 6264
v 140.7933 -39.0123 161.4356
v 146.3967 -38.7884 161.4356
v 140.822 -39.7296 161.2433
v 146.4253 -39.5056 161.2433
v 140.843 -40.2546 160.7178
v 146.4463 -40.0307 160.7178
v 140.8507 -40.4468 160
v 146.454 -40.2228 160
v 140.843 -40.2546 159.2822
v 146.4463 -40.0307 159.2822
v 140.822 -39.7296 158.7567
v 146.4253 -39.5056 158.7567
v 140.7933 -39.0123 158.5644
v 146.3967 -38.7884 158.5644
v 140.7647 -38.2951 158.7567
v 146.368 -38.0712 158.7567
v 140.7437 -37.77 159.2822
v 146.347 -37.5461 159.2822
v 140.736 -37.5779 160
v 146.3393 -37.3539 160
v 140.7437 -37.77 160.7178
v 146.347 -37.5461 160.7178
v 140.7647 -38.2951 161.2433
v 146.368 -38.0712 161.2433
f 6265 6267 6268 6266
f 6267 6269 6270 6268
f 6269 6271 6272 6270
f 6271 6273 6274 6272
f 6273 6275 6276 6274
f 6275 6277 6278 6276
f 6277 6279 6280 6278
f 6279 6281 6282 6280
f 6281 6283 6284 6282
f 6283 6285 6286 6284
f 6285 6287 6288 6286
f 6287 6265 6266 6288
f 6287 6285 6283 6281 6279 6277 6275 6273 6271 6269 6267 6265
f 6266 6268 6270 6272 6274 6276 6278 6280 6282 6284 6286 6288
v 146.3967 -38.7884 161.4356
v 152 -38.5113 161.4356
v 146.4321 -39.5053 161.2433
v 152.0355 -39.2282 161.2433
v 146.4581 -40.0301 160.7178
v 152.0614 -39.7531 160.7178
v 146.4676 -40.2222 160
v 152.0709 -39.9452 160
v 146.4581 -40.0301 159.2822
v 152.0614 -39.7531 159.2822
v 146.4321 -39.5053 158.7567
v 152.0355 -39.2282 158.7567
v 146.3967 -38.7884 158.5644
v 152 -38.5113 158.5644
v 146.3612 -38.0715 158.7567
v 151.9645 -37.7944 158.7567
v 146.3353 -37.5466 159.2822
v 151.9386 -37.2696 159.2822
v 146.3258 -37.3545 160
v 151.9291 -37.0775 160
v 146.3353 -37.5466 160.7178
v 151.9386 -37.2696 160.7178
v 146.3612 -38.0715 161.2433
v 151.9645 -37.7944 161.2433
f 6289 6291 6292 6290
f 6291 6293 6294 6292
f 6293 6295 6296 6294
f 6295 6297 6298 6296
f 6297 6299 6300 6298
f 6299 6301 6302 6300
f 6301 6303 6304 6302
f 6303 6305 6306 6304
f 6305 6307 6308 6306
f 6307 6309 6310 6308
f 6309 6311 6312 6310
f 6311 6289 6290 6312
f 6311 6309 6307 6305 6303 6301 6299 6297 6295 6293 6291 6289
f 6290 6292 6294 6296 6298 6300 6302 6304 6306 6308 6310 6312
o Edge_15
v -152 -34.6653 17.4356
v -146.3967 -34.4633 17.4356
v -151.9741 -35.3827 17.2433
v -146.3708 -35.1806 17.2433
v -151.9552 -35.9078 16.7178
v -146.3519 -35.7057 16.7178
v -151.9483 -36.1 16
v -146.3449 -35.898 16
v -151.9552 -35.9078 15.2822
v -146.3519 -35.7057 15.2822
v -151.9741 -35.3827 14.7567
v -146.3708 -35.1806 14.7567
v -152 -34.6653 14.5644
v -146.3967 -34.4633 14.5644
v -152.0259 -33.948 14.7567
v -146.4225 -33.7459 14.7567
v -152.0448 -33.4229 15.2822
v -146.4415 -33.2208 15.2822
v -152.0517 -33.2307 16
v -146.4484 -33.0286 16
v -152.0448 -33.4229 16.7178
v -146.4415 -33.2208 16.7178
v -152.0259 -33.948 17.2433
v -146.4225 -33.7459 17.2433
f 6313 6315 6316 6314
f 6315 6317 6318 6316
f 6317 6319 6320 6318
f 6319 6321 6322 6320
f 6321 6323 6324 6322
f 6323 6325 6326 6324
f 6325 6327 6328 6326
f 6327 6329 6330 6328
f 6329 6331 6332 6330
f 6331 6333 6334 6332
f 6333 6335 6336 6334
f 6335 6313 6314 6336
f 6335 6333 6331 6329 6327 6325 6323 6321 6319 6317 6315 6313
f 6314 6316 6318 6320 6322 6324 6326 6328 6330 6332 6334 6336
v -146.3967 -34.4633 17.4356
v -140.7933 -34.2546 17.4356
v -146.37 -35.1806 17.2433
v -140.7666 -34.9719 17.2433
v -146.3504 -35.7057 16.7178
v -140.7471 -35.497 16.7178
v -146.3432 -35.8979 16
v -140.7399 -35.6892 16
v -146.3504 -35.7057 15.2822
v -140.7471 -35.497 15.2822
v -146.37 -35.1806 14.7567
v -140.7666 -34.9719 14.7567
v -146.3967 -34.4633 14.5644
v -140.7933 -34.2546 14.5644
v -146.4234 -33.746 14.7567
v -140.82 -33.5373 14.7567
v -146.4429 -33.2209 15.2822
v -140.8396 -33.0122 15.2822
v -146.4501 -33.0287 16
v -140.8468 -32.82 16
v -146.4429 -33.2209 16.7178
v -140.8396 -33.0122 16.7178
v -146.4234 -33.746 17.2433
v -140.82 -33.5373 17.2433
f 6337 6339 6340 6338
f 6339 6341 6342 6340
f 6341 6343 6344 6342
f 6343 6345 6346 6344
f 6345 6347 6348 6346
f 6347 6349 6350 6348
f 6349 6351 6352 6350
f 6351 6353 6354 6352
f 6353 6355 6356 6354
f 6355 6357 6358 6356
f 6357 6359 6360 6358
f 6359 6337 6338 6360
f 6359 6357 6355 6353 6351 6349 6347 6345 6343 6341 6339 6337
f 6338 6340 6342 6344 6346 6348 6350 6352 6354 6356 6358 6360
v -140.7933 -34.2546 17.4356
v -135.19 -34.0446 17.4356
v -140.7665 -34.9719 17.2433
v -135.1631 -34.7619 17.2433
v -140.7468 -35.497 16.7178
v -135.1434 -35.287 16.7178
v -140.7396 -35.6892 16
v -135.1362 -35.4792 16
v -140.7468 -35.497 15.2822
v -135.1434 -35.287 15.2822
v -140.7665 -34.9719 14.7567
v -135.1631 -34.7619 14.7567
v -140.7933 -34.2546 14.5644
v -135.19 -34.0446 14.5644
v -140.8202 -33.5373 14.7567
v -135.2169 -33.3273 14.7567
v -140.8399 -33.0122 15.2822
v -135.2366 -32.8022 15.2822
v -140.8471 -32.82 16
v -135.2438 -32.61 16
v -140.8399 -33.0122 16.7178
v -135.2366 -32.8022 16.7178
v -140.8202 -33.5373 17.2433
v -135.2169 -33.3273 17.2433
f 6361 6363 6364 6362
f 6363 6365 6366 6364
f 6365 6367 6368 6366
f 6367 6369 6370 6368
f 6369 6371 6372 6370
f 6371 6373 6374 6372
f 6373 6375 6376 6374
f 6375 6377 6378 6376
f 6377 6379 6380 6378
f 6379 6381 6382 6380
f 6381 6383 6384 6382
f 6383 6361 6362 6384
f 6383 6381 6379 6377 6375 6373 6371 6369 6367 6365 6363 6361
f 6362 6364 6366 6368 6370 6372 6374 6376 6378 6380 6382 6384
v -135.19 -34.0446 17.4356
v -129.5867 -33.8394 17.4356
v -135.1637 -34.762 17.2433
v -129.5604 -34.5567 17.2433
v -135.1445 -35.2871 16.7178
v -129.5412 -35.0818 16.7178
v -135.1374 -35.4793 16
v -129.5341 -35.274 16
v -135.1445 -35.2871 15.2822
v -129.5412 -35.0818 15.2822
v -135.1637 -34.762 14.7567
v -129.5604 -34.5567 14.7567
v -135.19 -34.0446 14.5644
v -129.5867 -33.8394 14.5644
v -135.2163 -33.3273 14.7567
v -129.6129 -33.1221 14.7567
v -135.2355 -32.8022 15.2822
v -129.6322 -32.597 15.2822
v -135.2426 -32.61 16
v -129.6392 -32.4048 16
v -135.2355 -32.8022 16.7178
v -129.6322 -32.597 16.7178
v -135.2163 -33.3273 17.2433
v -129.6129 -33.1221 17.2433
f 6385 6387 6388 6386
f 6387 6389 6390 6388
f 6389 6391 6392 6390
f 6391 6393 6394 6392
f 6393 6395 6396 6394
f 6395 6397 6398 6396
f 6397 6399 6400 6398
f 6399 6401 6402 6400
f 6401 6403 6404 6402
f 6403 6405 6406 6404
f 6405 6407 6408 6406
f 6407 6385 6386 6408
f 6407 6405 6403 6401 6399 6397 6395 6393 6391 6389 6387 6385
f 6386 6388 6390 6392 6394 6396 6398 6400 6402 6404 6406 6408
v -129.5867 -33.8394 17.4356
v -123.9833 -33.6486 17.4356
v -129.5622 -34.5568 17.2433
v -123.9589 -34.366 17.2433
v -129.5444 -35.0819 16.7178
v -123.941 -34.8912 16.7178
v -129.5378 -35.2742 16
v -123.9345 -35.0834 16
v -129.5444 -35.0819 15.2822
v -123.941 -34.8912 15.2822
v -129.5622 -34.5568 14.7567
v -123.9589 -34.366 14.7567
v -129.5867 -33.8394 14.5644
v -123.9833 -33.6486 14.5644
v -129.6111 -33.122 14.7567
v -124.0078 -32.9313 14.7567
v -129.629 -32.5968 15.2822
v -124.0256 -32.4061 15.2822
v -129.6355 -32.4046 16
v -124.0322 -32.2139 16
v -129.629 -32.5968 16.7178
v -124.0256 -32.4061 16.7178
v -129.6111 -33.122 17.2433
v -124.0078 -32.9313 17.2433
f 6409 6411 6412 6410
f 6411 6413 6414 6412
f 6413 6415 6416 6414
f 6415 6417 6418 6416
f 6417 6419 6420 6418
f 6419 6421 6422 6420
f 6421 6423 6424 6422
f 6423 6425 6426 6424
f 6425 6427 6428 6426
f 6427 6429 6430 6428
f 6429 6431 6432 6430
f 6431 6409 6410 6432
f 6431 6429 6427 6425 6423 6421 6419 6417 6415 6413 6411 6409
f 6410 6412 6414 6416 6418 6420 6422 6424 6426 6428 6430 6432
v -123.9833 -33.6486 17.4356
v -118.38 -33.4687 17.4356
v -123.9603 -34.3661 17.2433
v -118.357 -34.1861 17.2433
v -123.9434 -34.8913 16.7178
v -118.3401 -34.7113 16.7178
v -123.9372 -35.0835 16
v -118.3339 -34.9035 16
v -123.9434 -34.8913 15.2822
v -118.3401 -34.7113 15.2822
v -123.9603 -34.3661 14.7567
v -118.357 -34.1861 14.7567
v -123.9833 -33.6486 14.5644
v -118.38 -33.4687 14.5644
v -124.0064 -32.9312 14.7567
v -118.403 -32.7512 14.7567
v -124.0232 -32.406 15.2822
v -118.4199 -32.226 15.2822
v -124.0294 -32.2138 16
v -118.4261 -32.0338 16
v -124.0232 -32.406 16.7178
v -118.4199 -32.226 16.7178
v -124.0064 -32.9312 17.2433
v -118.403 -32.7512 17.2433
f 6433 6435 6436 6434
f 6435 6437 6438 6436
f 6437 6439 6440 6438
f 6439 6441 6442 6440
f 6441 6443 6444 6442
f 6443 6445 6446 6444
f 6445 6447 6448 6446
f 6447 6449 6450 6448
f 6449 6451 6452 6450
f 6451 6453 6454 6452
f 6453 6455 6456 6454
f 6455 6433 6434 6456
f 6455 6453 6451 6449 6447 6445 6443 6441 6439 6437 6435 6433
f 6434 6436 6438 6440 6442 6444 6446 6448 6450 6452 6454 6456
v -118.38 -33.4687 17.4356
v -112.7767 -33.3002 17.4356
v -118.3584 -34.1861 17.2433
v -112.7551 -34.0177 17.2433
v -118.3426 -34.7114 16.7178
v -112.7393 -34.5429 16.7178
v -118.3369 -34.9036 16
v -112.7335 -34.7351 16
v -118.3426 -34.7114 15.2822
v -112.7393 -34.5429 15.2822
v -118.3584 -34.1861 14.7567
v -112.7551 -34.0177 14.7567
v -118.38 -33.4687 14.5644
v -112.7767 -33.3002 14.5644
v -118.4016 -32.7512 14.7567
v -112.7982 -32.5827 14.7567
v -118.4174 -32.226 15.2822
v -112.814 -32.0575 15.2822
v -118.4231 -32.0337 16
v -112.8198 -31.8652 16
v -118.4174 -32.226 16.7178
v -112.814 -32.0575 16.7178
v -118.4016 -32.7512 17.2433
v -112.7982 -32.5827 17.2433
f 6457 6459 6460 6458
f 6459 6461 6462 6460
f 6461 6463 6464 6462
f 6463 6465 6466 6464
f 6465 6467 6468 6466
f 6467 6469 6470 6468
f 6469 6471 6472 6470
f 6471 6473 6474 6472
f 6473 6475 6476 6474
f 6475 6477 6478 6476
f 6477 6479 6480 6478
f 6479 6457 6458 6480
f 6479 6477 6475 6473 6471 6469 6467 6465 6463 6461 6459 6457
f 6458 6460 6462 6464 6466 6468 6470 6472 6474 6476 6478 6480
v -112.7767 -33.3002 17.4356
v -107.1733 -33.1477 17.4356
v -112.7571 -34.0177 17.2433
v -107.1538 -33.8652 17.2433
v -112.7428 -34.543 16.7178
v -107.1395 -34.3905 16.7178
v -112.7376 -34.7352 16
v -107.1343 -34.5828 16
v -112.7428 -34.543 15.2822
v -107.1395 -34.3905 15.2822
v -112.7571 -34.0177 14.7567
v -107.1538 -33.8652 14.7567
v -112.7767 -33.3002 14.5644
v -107.1733 -33.1477 14.5644
v -112.7962 -32.5826 14.7567
v -107.1929 -32.4302 14.7567
v -112.8105 -32.0574 15.2822
v -107.2072 -31.9049 15.2822
v -112.8157 -31.8651 16
v -107.2124 -31.7126 16
v -112.8105 -32.0574 16.7178
v -107.2072 -31.9049 16.7178
v -112.7962 -32.5826 17.2433
v -107.1929 -32.4302 17.2433
f 6481 6483 6484 6482
f 6483 6485 6486 6484
f 6485 6487 6488 6486
f 6487 6489 6490 6488
f 6489 6491 6492 6490
f 6491 6493 6494 6492
f 6493 6495 6496 6494
f 6495 6497 6498 6496
f 6497 6499 6500 6498
f 6499 6501 6502 6500
f 6501 6503 6504 6502
f 6503 6481 6482 6504
f 6503 6501 6499 6497 6495 6493 6491 6489 6487 6485 6483 6481
f 6482 6484 6486 6488 6490 6492 6494 6496 6498 6500 6502 6504
v -107.1733 -33.1477 17.4356
v -101.57 -33.0058 17.4356
v -107.1552 -33.8653 17.2433
v -101.5518 -33.7234 17.2433
v -107.1419 -34.3906 16.7178
v -101.5385 -34.2487 16.7178
v -107.137 -34.5829 16
v -101.5337 -34.441 16
v -107.1419 -34.3906 15.2822
v -101.5385 -34.2487 15.2822
v -107.1552 -33.8653 14.7567
v -101.5518 -33.7234 14.7567
v -107.1733 -33.1477 14.5644
v -101.57 -33.0058 14.5644
v -107.1915 -32.4301 14.7567
v -101.5882 -32.2883 14.7567
v -107.2048 -31.9048 15.2822
v -101.6015 -31.763 15.2822
v -107.2097 -31.7126 16
v -101.6063 -31.5707 16
v -107.2048 -31.9048 16.7178
v -101.6015 -31.763 16.7178
v -107.1915 -32.4301 17.2433
v -101.5882 -32.2883 17.2433
f 6505 6507 6508 6506
f 6507 6509 6510 6508
f 6509 6511 6512 6510
f 6511 6513 6514 6512
f 6513 6515 6516 6514
f 6515 6517 6518 6516
f 6517 6519 6520 6518
f 6519 6521 6522 6520
f 6521 6523 6524 6522
f 6523 6525 6526 6524
f 6525 6527 6528 6526
f 6527 6505 6506 6528
f 6527 6525 6523 6521 6519 6517 6515 6513 6511 6509 6507 6505
f 6506 6508 6510 6512 6514 6516 6518 6520 6522 6524 6526 6528
v -101.57 -33.0058 17.4356
v -95.9667 -32.8744 17.4356
v -101.5532 -33.7234 17.2433
v -95.9498 -33.592 17.2433
v -101.5408 -34.2488 16.7178
v -95.9375 -34.1173 16.7178
v -101.5363 -34.441 16
v -95.933 -34.3096 16
v -101.5408 -34.2488 15.2822
v -95.9375 -34.1173 15.2822
v -101.5532 -33.7234 14.7567
v -95.9498 -33.592 14.7567
v -101.57 -33.0058 14.5644
v -95.9667 -32.8744 14.5644
v -101.5868 -32.2882 14.7567
v -95.9835 -32.1568 14.7567
v -101.5992 -31.7629 15.2822
v -95.9958 -31.6315 15.2822
v -101.6037 -31.5706 16
v -96.0003 -31.4392 16
v -101.5992 -31.7629 16.7178
v -95.9958 -31.6315 16.7178
v -101.5868 -32.2882 17.2433
v -95.9835 -32.1568 17.2433
f 6529 6531 6532 6530
f 6531 6533 6534 6532
f 6533 6535 6536 6534
f 6535 6537 6538 6536
f 6537 6539 6540 6538
f 6539 6541 6542 6540
f 6541 6543 6544 6542
f 6543 6545 6546 6544
f 6545 6547 6548 6546
f 6547 6549 6550 6548
f 6549 6551 6552 6550
f 6551 6529 6530 6552
f 6551 6549 6547 6545 6543 6541 6539 6537 6535 6533 6531 6529
f 6530 6532 6534 6536 6538 6540 6542 6544 6546 6548 6550 6552
v -95.9667 -32.8744 17.4356
v -90.3633 -32.7578 17.4356
v -95.9517 -33.592 17.2433
v -90.3484 -33.4754 17.2433
v -95.9408 -34.1174 16.7178
v -90.3375 -34.0008 16.7178
v -95.9368 -34.3097 16
v -90.3335 -34.1931 16
v -95.9408 -34.1174 15.2822
v -90.3375 -34.0008 15.2822
v -95.9517 -33.592 14.7567
v -90.3484 -33.4754 14.7567
v -95.9667 -32.8744 14.5644
v -90.3633 -32.7578 14.5644
v -95.9816 -32.1568 14.7567
v -90.3783 -32.0401 14.7567
v -95.9925 -31.6314 15.2822
v -90.3892 -31.5148 15.2822
v -95.9965 -31.4391 16
v -90.3932 -31.3225 16
v -95.9925 -31.6314 16.7178
v -90.3892 -31.5148 16.7178
v -95.9816 -32.1568 17.2433
v -90.3783 -32.0401 17.2433
f 6553 6555 6556 6554
f 6555 6557 6558 6556
f 6557 6559 6560 6558
f 6559 6561 6562 6560
f 6561 6563 6564 6562
f 6563 6565 6566 6564
f 6565 6567 6568 6566
f 6567 6569 6570 6568
f 6569 6571 6572 6570
f 6571 6573 6574 6572
f 6573 6575 6576 6574
f 6575 6553 6554 6576
f 6575 6573 6571 6569 6567 6565 6563 6561 6559 6557 6555 6553
f 6554 6556 6558 6560 6562 6564 6566 6568 6570 6572 6574 6576
v -90.3633 -32.7578 17.4356
v -84.76 -32.6509 17.4356
v -90.3496 -33.4754 17.2433
v -84.7463 -33.3686 17.2433
v -90.3396 -34.0008 16.7178
v -84.7363 -33.894 16.7178
v -90.336 -34.1931 16
v -84.7326 -34.0862 16
v -90.3396 -34.0008 15.2822
v -84.7363 -33.894 15.2822
v -90.3496 -33.4754 14.7567
v -84.7463 -33.3686 14.7567
v -90.3633 -32.7578 14.5644
v -84.76 -32.6509 14.5644
v -90.377 -32.0401 14.7567
v -84.7737 -31.9332 14.7567
v -90.387 -31.5147 15.2822
v -84.7837 -31.4079 15.2822
v -90.3907 -31.3224 16
v -84.7874 -31.2156 16
v -90.387 -31.5147 16.7178
v -84.7837 -31.4079 16.7178
v -90.377 -32.0401 17.2433
v -84.7737 -31.9332 17.2433
f 6577 6579 6580 6578
f 6579 6581 6582 6580
f 6581 6583 6584 6582
f 6583 6585 6586 6584
f 6585 6587 6588 6586
f 6587 6589 6590 6588
f 6589 6591 6592 6590
f 6591 6593 6594 6592
f 6593 6595 6596 6594
f 6595 6597 6598 6596
f 6597 6599 6600 6598
f 6599 6577 6578 6600
f 6599 6597 6595 6593 6591 6589 6587 6585 6583 6581 6579 6577
f 6578 6580 6582 6584 6586 6588 6590 6592 6594 6596 6598 6600
o Edge_16
v -84.76 -32.6509 17.4356
v -79.0862 -32.5506 17.4356
v -84.7473 -33.3686 17.2433
v -79.0735 -33.2683 17.2433
v -84.738 -33.894 16.7178
v -79.0642 -33.7937 16.7178
v -84.7346 -34.0863 16
v -79.0608 -33.986 16
v -84.738 -33.894 15.2822
v -79.0642 -33.7937 15.2822
v -84.7473 -33.3686 14.7567
v -79.0735 -33.2683 14.7567
v -84.76 -32.6509 14.5644
v -79.0862 -32.5506 14.5644
v -84.7727 -31.9332 14.7567
v -79.0988 -31.8329 14.7567
v -84.782 -31.4078 15.2822
v -79.1081 -31.3075 15.2822
v -84.7854 -31.2155 16
v -79.1115 -31.1152 16
v -84.782 -31.4078 16.7178
v -79.1081 -31.3075 16.7178
v -84.7727 -31.9332 17.2433
v -79.0988 -31.8329 17.2433
f 6601 6603 6604 6602
f 6603 6605 6606 6604
f 6605 6607 6608 6606
f 6607 6609 6610 6608
f 6609 6611 6612 6610
f 6611 6613 6614 6612
f 6613 6615 6616 6614
f 6615 6617 6618 6616
f 6617 6619 6620 6618
f 6619 6621 6622 6620
f 6621 6623 6624 6622
f 6623 6601 6602 6624
f 6623 6621 6619 6617 6615 6613 6611 6609 6607 6605 6603 6601
f 6602 6604 6606 6608 6610 6612 6614 6616 6618 6620 6622 6624
v -79.0862 -32.5506 17.4356
v -73.4123 -32.4596 17.4356
v -79.0746 -33.2683 17.2433
v -73.4008 -33.1773 17.2433
v -79.0662 -33.7937 16.7178
v -73.3924 -33.7027 16.7178
v -79.0631 -33.986 16
v -73.3893 -33.895 16
v -79.0662 -33.7937 15.2822
v -73.3924 -33.7027 15.2822
v -79.0746 -33.2683 14.7567
v -73.4008 -33.1773 14.7567
v -79.0862 -32.5506 14.5644
v -73.4123 -32.4596 14.5644
v -79.0977 -31.8329 14.7567
v -73.4238 -31.7419 14.7567
v -79.1061 -31.3075 15.2822
v -73.4322 -31.2165 15.2822
v -79.1092 -31.1152 16
v -73.4353 -31.0242 16
v -79.1061 -31.3075 16.7178
v -73.4322 -31.2165 16.7178
v -79.0977 -31.8329 17.2433
v -73.4238 -31.7419 17.2433
f 6625 6627 6628 6626
f 6627 6629 6630 6628
f 6629 6631 6632 6630
f 6631 6633 6634 6632
f 6633 6635 6636 6634
f 6635 6637 6638 6636
f 6637 6639 6640 6638
f 6639 6641 6642 6640
f 6641 6643 6644 6642
f 6643 6645 6646 6644
f 6645 6647 6648 6646
f 6647 6625 6626 6648
f 6647 6645 6643 6641 6639 6637 6635 6633 6631 6629 6627 6625
f 6626 6628 6630 6632 6634 6636 6638 6640 6642 6644 6646 6648
v -73.4123 -32.4596 17.4356
v -67.7385 -32.3806 17.4356
v -73.4023 -33.1773 17.2433
v -67.7285 -33.0983 17.2433
v -73.395 -33.7028 16.7178
v -67.7211 -33.6237 16.7178
v -73.3923 -33.8951 16
v -67.7185 -33.816 16
v -73.395 -33.7028 15.2822
v -67.7211 -33.6237 15.2822
v -73.4023 -33.1773 14.7567
v -67.7285 -33.0983 14.7567
v -73.4123 -32.4596 14.5644
v -67.7385 -32.3806 14.5644
v -73.4223 -31.7419 14.7567
v -67.7485 -31.6628 14.7567
v -73.4296 -31.2165 15.2822
v -67.7558 -31.1374 15.2822
v -73.4323 -31.0241 16
v -67.7585 -30.9451 16
v -73.4296 -31.2165 16.7178
v -67.7558 -31.1374 16.7178
v -73.4223 -31.7419 17.2433
v -67.7485 -31.6628 17.2433
f 6649 6651 6652 6650
f 6651 6653 6654 6652
f 6653 6655 6656 6654
f 6655 6657 6658 6656
f 6657 6659 6660 6658
f 6659 6661 6662 6660
f 6661 6663 6664 6662
f 6663 6665 6666 6664
f 6665 6667 6668 6666
f 6667 6669 6670 6668
f 6669 6671 6672 6670
f 6671 6649 6650 6672
f 6671 6669 6667 6665 6663 6661 6659 6657 6655 6653 6651 6649
f 6650 6652 6654 6656 6658 6660 6662 6664 6666 6668 6670 6672
v -67.7385 -32.3806 17.4356
v -62.0646 -32.3113 17.4356
v -67.7297 -33.0983 17.2433
v -62.0558 -33.029 17.2433
v -67.7233 -33.6238 16.7178
v -62.0494 -33.5544 16.7178
v -67.7209 -33.8161 16
v -62.0471 -33.7468 16
v -67.7233 -33.6238 15.2822
v -62.0494 -33.5544 15.2822
v -67.7297 -33.0983 14.7567
v -62.0558 -33.029 14.7567
v -67.7385 -32.3806 14.5644
v -62.0646 -32.3113 14.5644
v -67.7472 -31.6628 14.7567
v -62.0734 -31.5935 14.7567
v -67.7536 -31.1374 15.2822
v -62.0798 -31.0681 15.2822
v -67.756 -30.9451 16
v -62.0822 -30.8758 16
v -67.7536 -31.1374 16.7178
v -62.0798 -31.0681 16.7178
v -67.7472 -31.6628 17.2433
v -62.0734 -31.5935 17.2433
f 6673 6675 6676 6674
f 6675 6677 6678 6676
f 6677 6679 6680 6678
f 6679 6681 6682 6680
f 6681 6683 6684 6682
f 6683 6685 6686 6684
f 6685 6687 6688 6686
f 6687 6689 6690 6688
f 6689 6691 6692 6690
f 6691 6693 6694 6692
f 6693 6695 6696 6694
f 6695 6673 6674 6696
f 6695 6693 6691 6689 6687 6685 6683 6681 6679 6677 6675 6673
f 6674 6676 6678 6680 6682 6684 6686 6688 6690 6692 6694 6696
v -62.0646 -32.3113 17.4356
v -56.3908 -32.2525 17.4356
v -62.0572 -33.029 17.2433
v -56.3833 -32.9702 17.2433
v -62.0517 -33.5545 16.7178
v -56.3779 -33.4957 16.7178
v -62.0497 -33.7468 16
v -56.3759 -33.688 16
v -62.0517 -33.5545 15.2822
v -56.3779 -33.4957 15.2822
v -62.0572 -33.029 14.7567
v -56.3833 -32.9702 14.7567
v -62.0646 -32.3113 14.5644
v -56.3908 -32.2525 14.5644
v -62.0721 -31.5935 14.7567
v -56.3982 -31.5347 14.7567
v -62.0775 -31.0681 15.2822
v -56.4036 -31.0093 15.2822
v -62.0795 -30.8757 16
v -56.4056 -30.817 16
v -62.0775 -31.0681 16.7178
v -56.4036 -31.0093 16.7178
v -62.0721 -31.5935 17.2433
v -56.3982 -31.5347 17.2433
f 6697 6699 6700 6698
f 6699 6701 6702 6700
f 6701 6703 6704 6702
f 6703 6705 6706 6704
f 6705 6707 6708 6706
f 6707 6709 6710 6708
f 6709 6711 6712 6710
f 6711 6713 6714 6712
f 6713 6715 6716 6714
f 6715 6717 6718 6716
f 6717 6719 6720 6718
f 6719 6697 6698 6720
f 6719 6717 6715 6713 6711 6709 6707 6705 6703 6701 6699 6697
f 6698 6700 6702 6704 6706 6708 6710 6712 6714 6716 6718 6720
v -56.3908 -32.2525 17.4356
v -50.7169 -32.2172 17.4356
v -56.3863 -32.9703 17.2433
v -50.7125 -32.935 17.2433
v -56.383 -33.4957 16.7178
v -50.7092 -33.4604 16.7178
v -56.3818 -33.6881 16
v -50.708 -33.6527 16
v -56.383 -33.4957 15.2822
v -50.7092 -33.4604 15.2822
v -56.3863 -32.9703 14.7567
v -50.7125 -32.935 14.7567
v -56.3908 -32.2525 14.5644
v -50.7169 -32.2172 14.5644
v -56.3952 -31.5347 14.7567
v -50.7214 -31.4994 14.7567
v -56.3985 -31.0092 15.2822
v -50.7247 -30.9739 15.2822
v -56.3997 -30.8169 16
v -50.7259 -30.7816 16
v -56.3985 -31.0092 16.7178
v -50.7247 -30.9739 16.7178
v -56.3952 -31.5347 17.2433
v -50.7214 -31.4994 17.2433
f 6721 6723 6724 6722
f 6723 6725 6726 6724
f 6725 6727 6728 6726
f 6727 6729 6730 6728
f 6729 6731 6732 6730
f 6731 6733 6734 6732
f 6733 6735 6736 6734
f 6735 6737 6738 6736
f 6737 6739 6740 6738
f 6739 6741 6742 6740
f 6741 6743 6744 6742
f 6743 6721 6722 6744
f 6743 6741 6739 6737 6735 6733 6731 6729 6727 6725 6723 6721
f 6722 6724 6726 6728 6730 6732 6734 6736 6738 6740 6742 6744
v -50.7169 -32.2172 17.4356
v -45.0431 -32.2061 17.4356
v -50.7155 -32.935 17.2433
v -45.0417 -32.9239 17.2433
v -50.7145 -33.4604 16.7178
v -45.0406 -33.4493 16.7178
v -50.7141 -33.6528 16
v -45.0403 -33.6417 16
v -50.7145 -33.4604 15.2822
v -45.0406 -33.4493 15.2822
v -50.7155 -32.935 14.7567
v -45.0417 -32.9239 14.7567
v -50.7169 -32.2172 14.5644
v -45.0431 -32.2061 14.5644
v -50.7183 -31.4994 14.7567
v -45.0445 -31.4883 14.7567
v -50.7194 -30.9739 15.2822
v -45.0455 -30.9628 15.2822
v -50.7197 -30.7816 16
v -45.0459 -30.7705 16
v -50.7194 -30.9739 16.7178
v -45.0455 -30.9628 16.7178
v -50.7183 -31.4994 17.2433
v -45.0445 -31.4883 17.2433
f 6745 6747 6748 6746
f 6747 6749 6750 6748
f 6749 6751 6752 6750
f 6751 6753 6754 6752
f 6753 6755 6756 6754
f 6755 6757 6758 6756
f 6757 6759 6760 6758
f 6759 6761 6762 6760
f 6761 6763 6764 6762
f 6763 6765 6766 6764
f 6765 6767 6768 6766
f 6767 6745 6746 6768
f 6767 6765 6763 6761 6759 6757 6755 6753 6751 6749 6747 6745
f 6746 6748 6750 6752 6754 6756 6758 6760 6762 6764 6766 6768
v -45.0431 -32.2061 17.4356
v -39.3692 -32.2217 17.4356
v -45.0451 -32.9239 17.2433
v -39.3712 -32.9395 17.2433
v -45.0465 -33.4493 16.7178
v -39.3727 -33.465 16.7178
v -45.047 -33.6417 16
v -39.3732 -33.6573 16
v -45.0465 -33.4493 15.2822
v -39.3727 -33.465 15.2822
v -45.0451 -32.9239 14.7567
v -39.3712 -32.9395 14.7567
v -45.0431 -32.2061 14.5644
v -39.3692 -32.2217 14.5644
v -45.0411 -31.4883 14.7567
v -39.3673 -31.5039 14.7567
v -45.0396 -30.9628 15.2822
v -39.3658 -30.9785 15.2822
v -45.0391 -30.7705 16
v -39.3653 -30.7861 16
v -45.0396 -30.9628 16.7178
v -39.3658 -30.9785 16.7178
v -45.0411 -31.4883 17.2433
v -39.3673 -31.5039 17.2433
f 6769 6771 6772 6770
f 6771 6773 6774 6772
f 6773 6775 6776 6774
f 6775 6777 6778 6776
f 6777 6779 6780 6778
f 6779 6781 6782 6780
f 6781 6783 6784 6782
f 6783 6785 6786 6784
f 6785 6787 6788 6786
f 6787 6789 6790 6788
f 6789 6791 6792 6790
f 6791 6769 6770 6792
f 6791 6789 6787 6785 6783 6781 6779 6777 6775 6773 6771 6769
f 6770 6772 6774 6776 6778 6780 6782 6784 6786 6788 6790 6792
v -39.3692 -32.2217 17.4356
v -33.6954 -32.2814 17.4356
v -39.3768 -32.9395 17.2433
v -33.7029 -32.9992 17.2433
v -39.3823 -33.4649 16.7178
v -33.7085 -33.5246 16.7178
v -39.3843 -33.6572 16
v -33.7105 -33.7169 16
v -39.3823 -33.4649 15.2822
v -33.7085 -33.5246 15.2822
v -39.3768 -32.9395 14.7567
v -33.7029 -32.9992 14.7567
v -39.3692 -32.2217 14.5644
v -33.6954 -32.2814 14.5644
v -39.3617 -31.504 14.7567
v -33.6878 -31.5637 14.7567
v -39.3561 -30.9785 15.2822
v -33.6823 -31.0382 15.2822
v -39.3541 -30.7862 16
v -33.6803 -30.8459 16
v -39.3561 -30.9785 16.7178
v -33.6823 -31.0382 16.7178
v -39.3617 -31.504 17.2433
v -33.6878 -31.5637 17.2433
f 6793 6795 6796 6794
f 6795 6797 6798 6796
f 6797 6799 6800 6798
f 6799 6801 6802 6800
f 6801 6803 6804 6802
f 6803 6805 6806 6804
f 6805 6807 6808 6806
f 6807 6809 6810 6808
f 6809 6811 6812 6810
f 6811 6813 6814 6812
f 6813 6815 6816 6814
f 6815 6793 6794 6816
f 6815 6813 6811 6809 6807 6805 6803 6801 6799 6797 6795 6793
f 6794 6796 6798 6800 6802 6804 6806 6808 6810 6812 6814 6816
v -33.6954 -32.2814 17.4356
v -28.0215 -32.4046 17.4356
v -33.711 -32.9991 17.2433
v -28.0371 -33.1222 17.2433
v -33.7224 -33.5244 16.7178
v -28.0485 -33.6476 16.7178
v -33.7265 -33.7167 16
v -28.0527 -33.8399 16
v -33.7224 -33.5244 15.2822
v -28.0485 -33.6476 15.2822
v -33.711 -32.9991 14.7567
v -28.0371 -33.1222 14.7567
v -33.6954 -32.2814 14.5644
v -28.0215 -32.4046 14.5644
v -33.6798 -31.5638 14.7567
v -28.006 -31.687 14.7567
v -33.6684 -31.0385 15.2822
v -27.9946 -31.1616 15.2822
v -33.6642 -30.8462 16
v -27.9904 -30.9694 16
v -33.6684 -31.0385 16.7178
v -27.9946 -31.1616 16.7178
v -33.6798 -31.5638 17.2433
v -28.006 -31.687 17.2433
f 6817 6819 6820 6818
f 6819 6821 6822 6820
f 6821 6823 6824 6822
f 6823 6825 6826 6824
f 6825 6827 6828 6826
f 6827 6829 6830 6828
f 6829 6831 6832 6830
f 6831 6833 6834 6832
f 6833 6835 6836 6834
f 6835 6837 6838 6836
f 6837 6839 6840 6838
f 6839 6817 6818 6840
f 6839 6837 6835 6833 6831 6829 6827 6825 6823 6821 6819 6817
f 6818 6820 6822 6824 6826 6828 6830 6832 6834 6836 6838 6840
v -28.0215 -32.4046 17.4356
v -22.3477 -32.5804 17.4356
v -28.0438 -33.1221 17.2433
v -22.3699 -33.2978 17.2433
v -28.06 -33.6473 16.7178
v -22.3862 -33.823 16.7178
v -28.066 -33.8395 16
v -22.3921 -34.0153 16
v -28.06 -33.6473 15.2822
v -22.3862 -33.823 15.2822
v -28.0438 -33.1221 14.7567
v -22.3699 -33.2978 14.7567
v -28.0215 -32.4046 14.5644
v -22.3477 -32.5804 14.5644
v -27.9993 -31.6872 14.7567
v -22.3255 -31.8629 14.7567
v -27.983 -31.1619 15.2822
v -22.3092 -31.3377 15.2822
v -27.9771 -30.9697 16
v -22.3032 -31.1455 16
v -27.983 -31.1619 16.7178
v -22.3092 -31.3377 16.7178
v -27.9993 -31.6872 17.2433
v -22.3255 -31.8629 17.2433
f 6841 6843 6844 6842
f 6843 6845 6846 6844
f 6845 6847 6848 6846
f 6847 6849 6850 6848
f 6849 6851 6852 6850
f 6851 6853 6854 6852
f 6853 6855 6856 6854
f 6855 6857 6858 6856
f 6857 6859 6860 6858
f 6859 6861 6862 6860
f 6861 6863 6864 6862
f 6863 6841 6842 6864
f 6863 6861 6859 6857 6855 6853 6851 6849 6847 6845 6843 6841
f 6842 6844 6846 6848 6850 6852 6854 6856 6858 6860 6862 6864
v -22.3477 -32.5804 17.4356
v -16.6738 -32.8119 17.4356
v -22.377 -33.2976 17.2433
v -16.7031 -33.5291 17.2433
v -22.3984 -33.8226 16.7178
v -16.7245 -34.0542 16.7178
v -22.4062 -34.0148 16
v -16.7324 -34.2463 16
v -22.3984 -33.8226 15.2822
v -16.7245 -34.0542 15.2822
v -22.377 -33.2976 14.7567
v -16.7031 -33.5291 14.7567
v -22.3477 -32.5804 14.5644
v -16.6738 -32.8119 14.5644
v -22.3184 -31.8632 14.7567
v -16.6446 -32.0947 14.7567
v -22.297 -31.3381 15.2822
v -16.6231 -31.5697 15.2822
v -22.2891 -31.146 16
v -16.6153 -31.3775 16
v -22.297 -31.3381 16.7178
v -16.6231 -31.5697 16.7178
v -22.3184 -31.8632 17.2433
v -16.6446 -32.0947 17.2433
f 6865 6867 6868 6866
f 6867 6869 6870 6868
f 6869 6871 6872 6870
f 6871 6873 6874 6872
f 6873 6875 6876 6874
f 6875 6877 6878 6876
f 6877 6879 6880 6878
f 6879 6881 6882 6880
f 6881 6883 6884 6882
f 6883 6885 6886 6884
f 6885 6887 6888 6886
f 6887 6865 6866 6888
f 6887 6885 6883 6881 6879 6877 6875 6873 6871 6869 6867 6865
f 6866 6868 6870 6872 6874 6876 6878 6880 6882 6884 6886 6888
v -16.6738 -32.8119 17.4356
v -11 -33.1457 17.4356
v -16.716 -33.5285 17.2433
v -11.0422 -33.8623 17.2433
v -16.7469 -34.0531 16.7178
v -11.073 -34.3868 16.7178
v -16.7582 -34.2451 16
v -11.0843 -34.5788 16
v -16.7469 -34.0531 15.2822
v -11.073 -34.3868 15.2822
v -16.716 -33.5285 14.7567
v -11.0422 -33.8623 14.7567
v -16.6738 -32.8119 14.5644
v -11 -33.1457 14.5644
v -16.6317 -32.0954 14.7567
v -10.9578 -32.4291 14.7567
v -16.6008 -31.5708 15.2822
v -10.927 -31.9046 15.2822
v -16.5895 -31.3788 16
v -10.9157 -31.7126 16
v -16.6008 -31.5708 16.7178
v -10.927 -31.9046 16.7178
v -16.6317 -32.0954 17.2433
v -10.9578 -32.4291 17.2433
f 6889 6891 6892 6890
f 6891 6893 6894 6892
f 6893 6895 6896 6894
f 6895 6897 6898 6896
f 6897 6899 6900 6898
f 6899 6901 6902 6900
f 6901 6903 6904 6902
f 6903 6905 6906 6904
f 6905 6907 6908 6906
f 6907 6909 6910 6908
f 6909 6911 6912 6910
f 6911 6889 6890 6912
f 6911 6909 6907 6905 6903 6901 6899 6897 6895 6893 6891 6889
f 6890 6892 6894 6896 6898 6900 6902 6904 6906 6908 6910 6912
o Edge_17
v -11 -33.1457 17.4356
v -5.5 -32.5095 17.4356
v -10.9175 -33.8588 17.2433
v -5.4175 -33.2225 17.2433
v -10.8571 -34.3807 16.7178
v -5.3571 -33.7445 16.7178
v -10.835 -34.5718 16
v -5.335 -33.9356 16
v -10.8571 -34.3807 15.2822
v -5.3571 -33.7445 15.2822
v -10.9175 -33.8588 14.7567
v -5.4175 -33.2225 14.7567
v -11 -33.1457 14.5644
v -5.5 -32.5095 14.5644
v -11.0825 -32.4327 14.7567
v -5.5825 -31.7964 14.7567
v -11.1429 -31.9107 15.2822
v -5.6429 -31.2744 15.2822
v -11.165 -31.7196 16
v -5.665 -31.0834 16
v -11.1429 -31.9107 16.7178
v -5.6429 -31.2744 16.7178
v -11.0825 -32.4327 17.2433
v -5.5825 -31.7964 17.2433
f 6913 6915 6916 6914
f 6915 6917 6918 6916
f 6917 6919 6920 6918
f 6919 6921 6922 6920
f 6921 6923 6924 6922
f 6923 6925 6926 6924
f 6925 6927 6928 6926
f 6927 6929 6930 6928
f 6929 6931 6932 6930
f 6931 6933 6934 6932
f 6933 6935 6936 6934
f 6935 6913 6914 6936
f 6935 6933 6931 6929 6927 6925 6923 6921 6919 6917 6915 6913
f 6914 6916 6918 6920 6922 6924 6926 6928 6930 6932 6934 6936
v -5.5 -32.5095 17.4356
v 0 -31.8676 17.4356
v -5.4168 -33.2224 17.2433
v 0.0832 -32.5805 17.2433
v -5.3559 -33.7444 16.7178
v 0.1441 -33.1025 16.7178
v -5.3336 -33.9354 16
v 0.1664 -33.2935 16
v -5.3559 -33.7444 15.2822
v 0.1441 -33.1025 15.2822
v -5.4168 -33.2224 14.7567
v 0.0832 -32.5805 14.7567
v -5.5 -32.5095 14.5644
v 0 -31.8676 14.5644
v -5.5832 -31.7965 14.7567
v -0.0832 -31.1546 14.7567
v -5.6441 -31.2746 15.2822
v -0.1441 -30.6327 15.2822
v -5.6664 -31.0836 16
v -0.1664 -30.4416 16
v -5.6441 -31.2746 16.7178
v -0.1441 -30.6327 16.7178
v -5.5832 -31.7965 17.2433
v -0.0832 -31.1546 17.2433
f 6937 6939 6940 6938
f 6939 6941 6942 6940
f 6941 6943 6944 6942
f 6943 6945 6946 6944
f 6945 6947 6948 6946
f 6947 6949 6950 6948
f 6949 6951 6952 6950
f 6951 6953 6954 6952
f 6953 6955 6956 6954
f 6955 6957 6958 6956
f 6957 6959 6960 6958
f 6959 6937 6938 6960
f 6959 6957 6955 6953 6951 6949 6947 6945 6943 6941 6939 6937
f 6938 6940 6942 6944 6946 6948 6950 6952 6954 6956 6958 6960
v 0 -31.8676 17.4356
v 5.5 -32.3538 17.4356
v -0.0632 -32.5826 17.2433
v 5.4368 -33.0688 17.2433
v -0.1095 -33.106 16.7178
v 5.3905 -33.5923 16.7178
v -0.1264 -33.2976 16
v 5.3736 -33.7838 16
v -0.1095 -33.106 15.2822
v 5.3905 -33.5923 15.2822
v -0.0632 -32.5826 14.7567
v 5.4368 -33.0688 14.7567
v 0 -31.8676 14.5644
v 5.5 -32.3538 14.5644
v 0.0632 -31.1526 14.7567
v 5.5632 -31.6388 14.7567
v 0.1095 -30.6291 15.2822
v 5.6095 -31.1154 15.2822
v 0.1264 -30.4375 16
v 5.6264 -30.9238 16
v 0.1095 -30.6291 16.7178
v 5.6095 -31.1154 16.7178
v 0.0632 -31.1526 17.2433
v 5.5632 -31.6388 17.2433
f 6961 6963 6964 6962
f 6963 6965 6966 6964
f 6965 6967 6968 6966
f 6967 6969 6970 6968
f 6969 6971 6972 6970
f 6971 6973 6974 6972
f 6973 6975 6976 6974
f 6975 6977 6978 6976
f 6977 6979 6980 6978
f 6979 6981 6982 6980
f 6981 6983 6984 6982
f 6983 6961 6962 6984
f 6983 6981 6979 6977 6975 6973 6971 6969 6967 6965 6963 6961
f 6962 6964 6966 6968 6970 6972 6974 6976 6978 6980 6982 6984
v 5.5 -32.3538 17.4356
v 11 -32.837 17.4356
v 5.4372 -33.0689 17.2433
v 10.9372 -33.552 17.2433
v 5.3912 -33.5923 16.7178
v 10.8912 -34.0755 16.7178
v 5.3744 -33.7839 16
v 10.8744 -34.2671 16
v 5.3912 -33.5923 15.2822
v 10.8912 -34.0755 15.2822
v 5.4372 -33.0689 14.7567
v 10.9372 -33.552 14.7567
v 5.5 -32.3538 14.5644
v 11 -32.837 14.5644
v 5.5628 -31.6388 14.7567
v 11.0628 -32.1219 14.7567
v 5.6088 -31.1153 15.2822
v 11.1088 -31.5985 15.2822
v 5.6256 -30.9237 16
v 11.1256 -31.4069 16
v 5.6088 -31.1153 16.7178
v 11.1088 -31.5985 16.7178
v 5.5628 -31.6388 17.2433
v 11.0628 -32.1219 17.2433
f 6985 6987 6988 6986
f 6987 6989 6990 6988
f 6989 6991 6992 6990
f 6991 6993 6994 6992
f 6993 6995 6996 6994
f 6995 6997 6998 6996
f 6997 6999 7000 6998
f 6999 7001 7002 7000
f 7001 7003 7004 7002
f 7003 7005 7006 7004
f 7005 7007 7008 7006
f 7007 6985 6986 7008
f 7007 7005 7003 7001 6999 6997 6995 6993 6991 6989 6987 6985
f 6986 6988 6990 6992 6994 6996 6998 7000 7002 7004 7006 7008
o Edge_18
v 11 -32.837 17.4356
v 16.6738 -33.3178 17.4356
v 10.9394 -33.5522 17.2433
v 16.6132 -34.0331 17.2433
v 10.895 -34.0758 16.7178
v 16.5689 -34.5567 16.7178
v 10.8788 -34.2674 16
v 16.5526 -34.7483 16
v 10.895 -34.0758 15.2822
v 16.5689 -34.5567 15.2822
v 10.9394 -33.5522 14.7567
v 16.6132 -34.0331 14.7567
v 11 -32.837 14.5644
v 16.6738 -33.3178 14.5644
v 11.0606 -32.1217 14.7567
v 16.7345 -32.6026 14.7567
v 11.105 -31.5981 15.2822
v 16.7788 -32.079 15.2822
v 11.1212 -31.4065 16
v 16.7951 -31.8874 16
v 11.105 -31.5981 16.7178
v 16.7788 -32.079 16.7178
v 11.0606 -32.1217 17.2433
v 16.7345 -32.6026 17.2433
f 7009 7011 7012 7010
f 7011 7013 7014 7012
f 7013 7015 7016 7014
f 7015 7017 7018 7016
f 7017 7019 7020 7018
f 7019 7021 7022 7020
f 7021 7023 7024 7022
f 7023 7025 7026 7024
f 7025 7027 7028 7026
f 7027 7029 7030 7028
f 7029 7031 7032 7030
f 7031 7009 7010 7032
f 7031 7029 7027 7025 7023 7021 7019 7017 7015 7013 7011 7009
f 7010 7012 7014 7016 7018 7020 7022 7024 7026 7028 7030 7032
v 16.6738 -33.3178 17.4356
v 22.3477 -33.6883 17.4356
v 16.6271 -34.0341 17.2433
v 22.3009 -34.4046 17.2433
v 16.5928 -34.5585 16.7178
v 22.2667 -34.9289 16.7178
v 16.5803 -34.7504 16
v 22.2542 -35.1209 16
v 16.5928 -34.5585 15.2822
v 22.2667 -34.9289 15.2822
v 16.6271 -34.0341 14.7567
v 22.3009 -34.4046 14.7567
v 16.6738 -33.3178 14.5644
v 22.3477 -33.6883 14.5644
v 16.7206 -32.6016 14.7567
v 22.3945 -32.972 14.7567
v 16.7549 -32.0772 15.2822
v 22.4287 -32.4477 15.2822
v 16.7674 -31.8853 16
v 22.4412 -32.2558 16
v 16.7549 -32.0772 16.7178
v 22.4287 -32.4477 16.7178
v 16.7206 -32.6016 17.2433
v 22.3945 -32.972 17.2433
f 7033 7035 7036 7034
f 7035 7037 7038 7036
f 7037 7039 7040 7038
f 7039 7041 7042 7040
f 7041 7043 7044 7042
f 7043 7045 7046 7044
f 7045 7047 7048 7046
f 7047 7049 7050 7048
f 7049 7051 7052 7050
f 7051 7053 7054 7052
f 7053 7055 7056 7054
f 7055 7033 7034 7056
f 7055 7053 7051 7049 7047 7045 7043 7041 7039 7037 7035 7033
f 7034 7036 7038 7040 7042 7044 7046 7048 7050 7052 7054 7056
v 22.3477 -33.6883 17.4356
v 28.0215 -34.0446 17.4356
v 22.3027 -34.4047 17.2433
v 27.9766 -34.761 17.2433
v 22.2698 -34.9291 16.7178
v 27.9436 -35.2854 16.7178
v 22.2577 -35.1211 16
v 27.9316 -35.4774 16
v 22.2698 -34.9291 15.2822
v 27.9436 -35.2854 15.2822
v 22.3027 -34.4047 14.7567
v 27.9766 -34.761 14.7567
v 22.3477 -33.6883 14.5644
v 28.0215 -34.0446 14.5644
v 22.3927 -32.9719 14.7567
v 28.0665 -33.3282 14.7567
v 22.4256 -32.4475 15.2822
v 28.0995 -32.8038 15.2822
v 22.4377 -32.2555 16
v 28.1115 -32.6118 16
v 22.4256 -32.4475 16.7178
v 28.0995 -32.8038 16.7178
v 22.3927 -32.9719 17.2433
v 28.0665 -33.3282 17.2433
f 7057 7059 7060 7058
f 7059 7061 7062 7060
f 7061 7063 7064 7062
f 7063 7065 7066 7064
f 7065 7067 7068 7066
f 7067 7069 7070 7068
f 7069 7071 7072 7070
f 7071 7073 7074 7072
f 7073 7075 7076 7074
f 7075 7077 7078 7076
f 7077 7079 7080 7078
f 7079 7057 7058 7080
f 7079 7077 7075 7073 7071 7069 7067 7065 7063 7061 7059 7057
f 7058 7060 7062 7064 7066 7068 7070 7072 7074 7076 7078 7080
v 28.0215 -34.0446 17.4356
v 33.6954 -34.401 17.4356
v 27.9765 -34.761 17.2433
v 33.6504 -35.1174 17.2433
v 27.9436 -35.2854 16.7178
v 33.6174 -35.6418 16.7178
v 27.9315 -35.4774 16
v 33.6054 -35.8338 16
v 27.9436 -35.2854 15.2822
v 33.6174 -35.6418 15.2822
v 27.9765 -34.761 14.7567
v 33.6504 -35.1174 14.7567
v 28.0215 -34.0446 14.5644
v 33.6954 -34.401 14.5644
v 28.0665 -33.3282 14.7567
v 33.7404 -33.6846 14.7567
v 28.0995 -32.8038 15.2822
v 33.7733 -33.1602 15.2822
v 28.1115 -32.6118 16
v 33.7854 -32.9682 16
v 28.0995 -32.8038 16.7178
v 33.7733 -33.1602 16.7178
v 28.0665 -33.3282 17.2433
v 33.7404 -33.6846 17.2433
f 7081 7083 7084 7082
f 7083 7085 7086 7084
f 7085 7087 7088 7086
f 7087 7089 7090 7088
f 7089 7091 7092 7090
f 7091 7093 7094 7092
f 7093 7095 7096 7094
f 7095 7097 7098 7096
f 7097 7099 7100 7098
f 7099 7101 7102 7100
f 7101 7103 7104 7102
f 7103 7081 7082 7104
f 7103 7101 7099 7097 7095 7093 7091 7089 7087 7085 7083 7081
f 7082 7084 7086 7088 7090 7092 7094 7096 7098 7100 7102 7104
v 33.6954 -34.401 17.4356
v 39.3692 -34.7713 17.4356
v 33.6486 -35.1173 17.2433
v 39.3225 -35.4876 17.2433
v 33.6144 -35.6416 16.7178
v 39.2883 -36.0119 16.7178
v 33.6019 -35.8336 16
v 39.2757 -36.2039 16
v 33.6144 -35.6416 15.2822
v 39.2883 -36.0119 15.2822
v 33.6486 -35.1173 14.7567
v 39.3225 -35.4876 14.7567
v 33.6954 -34.401 14.5644
v 39.3692 -34.7713 14.5644
v 33.7421 -33.6847 14.7567
v 39.416 -34.055 14.7567
v 33.7764 -33.1604 15.2822
v 39.4502 -33.5307 15.2822
v 33.7889 -32.9684 16
v 39.4627 -33.3387 16
v 33.7764 -33.1604 16.7178
v 39.4502 -33.5307 16.7178
v 33.7421 -33.6847 17.2433
v 39.416 -34.055 17.2433
f 7105 7107 7108 7106
f 7107 7109 7110 7108
f 7109 7111 7112 7110
f 7111 7113 7114 7112
f 7113 7115 7116 7114
f 7115 7117 7118 7116
f 7117 7119 7120 7118
f 7119 7121 7122 7120
f 7121 7123 7124 7122
f 7123 7125 7126 7124
f 7125 7127 7128 7126
f 7127 7105 7106 7128
f 7127 7125 7123 7121 7119 7117 7115 7113 7111 7109 7107 7105
f 7106 7108 7110 7112 7114 7116 7118 7120 7122 7124 7126 7128
v 39.3692 -34.7713 17.4356
v 45.0431 -35.16 17.4356
v 39.3202 -35.4874 17.2433
v 44.994 -35.8761 17.2433
v 39.2843 -36.0117 16.7178
v 44.9581 -36.4004 16.7178
v 39.2711 -36.2035 16
v 44.945 -36.5923 16
v 39.2843 -36.0117 15.2822
v 44.9581 -36.4004 15.2822
v 39.3202 -35.4874 14.7567
v 44.994 -35.8761 14.7567
v 39.3692 -34.7713 14.5644
v 45.0431 -35.16 14.5644
v 39.4183 -34.0552 14.7567
v 45.0921 -34.4439 14.7567
v 39.4542 -33.5309 15.2822
v 45.1281 -33.9197 15.2822
v 39.4674 -33.3391 16
v 45.1412 -33.7278 16
v 39.4542 -33.5309 16.7178
v 45.1281 -33.9197 16.7178
v 39.4183 -34.0552 17.2433
v 45.0921 -34.4439 17.2433
f 7129 7131 7132 7130
f 7131 7133 7134 7132
f 7133 7135 7136 7134
f 7135 7137 7138 7136
f 7137 7139 7140 7138
f 7139 7141 7142 7140
f 7141 7143 7144 7142
f 7143 7145 7146 7144
f 7145 7147 7148 7146
f 7147 7149 7150 7148
f 7149 7151 7152 7150
f 7151 7129 7130 7152
f 7151 7149 7147 7145 7143 7141 7139 7137 7135 7133 7131 7129
f 7130 7132 7134 7136 7138 7140 7142 7144 7146 7148 7150 7152
v 45.0431 -35.16 17.4356
v 50.7169 -35.5588 17.4356
v 44.9928 -35.8761 17.2433
v 50.6666 -36.2748 17.2433
v 44.9559 -36.4002 16.7178
v 50.6298 -36.799 16.7178
v 44.9424 -36.5921 16
v 50.6163 -36.9909 16
v 44.9559 -36.4002 15.2822
v 50.6298 -36.799 15.2822
v 44.9928 -35.8761 14.7567
v 50.6666 -36.2748 14.7567
v 45.0431 -35.16 14.5644
v 50.7169 -35.5588 14.5644
v 45.0934 -34.444 14.7567
v 50.7672 -34.8428 14.7567
v 45.1302 -33.9198 15.2822
v 50.8041 -34.3186 15.2822
v 45.1437 -33.728 16
v 50.8176 -34.1267 16
v 45.1302 -33.9198 16.7178
v 50.8041 -34.3186 16.7178
v 45.0934 -34.444 17.2433
v 50.7672 -34.8428 17.2433
f 7153 7155 7156 7154
f 7155 7157 7158 7156
f 7157 7159 7160 7158
f 7159 7161 7162 7160
f 7161 7163 7164 7162
f 7163 7165 7166 7164
f 7165 7167 7168 7166
f 7167 7169 7170 7168
f 7169 7171 7172 7170
f 7171 7173 7174 7172
f 7173 7175 7176 7174
f 7175 7153 7154 7176
f 7175 7173 7171 7169 7167 7165 7163 7161 7159 7157 7155 7153
f 7154 7156 7158 7160 7162 7164 7166 7168 7170 7172 7174 7176
v 50.7169 -35.5588 17.4356
v 56.3908 -35.9664 17.4356
v 50.6655 -36.2748 17.2433
v 56.3393 -36.6823 17.2433
v 50.6278 -36.7989 16.7178
v 56.3017 -37.2064 16.7178
v 50.6141 -36.9907 16
v 56.2879 -37.3983 16
v 50.6278 -36.7989 15.2822
v 56.3017 -37.2064 15.2822
v 50.6655 -36.2748 14.7567
v 56.3393 -36.6823 14.7567
v 50.7169 -35.5588 14.5644
v 56.3908 -35.9664 14.5644
v 50.7684 -34.8428 14.7567
v 56.4422 -35.2504 14.7567
v 50.806 -34.3187 15.2822
v 56.4798 -34.7263 15.2822
v 50.8198 -34.1269 16
v 56.4936 -34.5344 16
v 50.806 -34.3187 16.7178
v 56.4798 -34.7263 16.7178
v 50.7684 -34.8428 17.2433
v 56.4422 -35.2504 17.2433
f 7177 7179 7180 7178
f 7179 7181 7182 7180
f 7181 7183 7184 7182
f 7183 7185 7186 7184
f 7185 7187 7188 7186
f 7187 7189 7190 7188
f 7189 7191 7192 7190
f 7191 7193 7194 7192
f 7193 7195 7196 7194
f 7195 7197 7198 7196
f 7197 7199 7200 7198
f 7199 7177 7178 7200
f 7199 7197 7195 7193 7191 7189 7187 7185 7183 7181 7179 7177
f 7178 7180 7182 7184 7186 7188 7190 7192 7194 7196 7198 7200
v 56.3908 -35.9664 17.4356
v 62.0646 -36.379 17.4356
v 56.3387 -36.6823 17.2433
v 62.0125 -37.095 17.2433
v 56.3006 -37.2063 16.7178
v 61.9744 -37.619 16.7178
v 56.2866 -37.3982 16
v 61.9605 -37.8109 16
v 56.3006 -37.2063 15.2822
v 61.9744 -37.619 15.2822
v 56.3387 -36.6823 14.7567
v 62.0125 -37.095 14.7567
v 56.3908 -35.9664 14.5644
v 62.0646 -36.379 14.5644
v 56.4428 -35.2504 14.7567
v 62.1167 -35.6631 14.7567
v 56.481 -34.7264 15.2822
v 62.1548 -35.1391 15.2822
v 56.4949 -34.5345 16
v 62.1688 -34.9472 16
v 56.481 -34.7264 16.7178
v 62.1548 -35.1391 16.7178
v 56.4428 -35.2504 17.2433
v 62.1167 -35.6631 17.2433
f 7201 7203 7204 7202
f 7203 7205 7206 7204
f 7205 7207 7208 7206
f 7207 7209 7210 7208
f 7209 7211 7212 7210
f 7211 7213 7214 7212
f 7213 7215 7216 7214
f 7215 7217 7218 7216
f 7217 7219 7220 7218
f 7219 7221 7222 7220
f 7221 7223 7224 7222
f 7223 7201 7202 7224
f 7223 7221 7219 7217 7215 7213 7211 7209 7207 7205 7203 7201
f 7202 7204 7206 7208 7210 7212 7214 7216 7218 7220 7222 7224
v 62.0646 -36.379 17.4356
v 67.7385 -36.7852 17.4356
v 62.0134 -37.095 17.2433
v 67.6872 -37.5012 17.2433
v 61.9758 -37.6191 16.7178
v 67.6497 -38.0253 16.7178
v 61.9621 -37.811 16
v 67.636 -38.2171 16
v 61.9758 -37.6191 15.2822
v 67.6497 -38.0253 15.2822
v 62.0134 -37.095 14.7567
v 67.6872 -37.5012 14.7567
v 62.0646 -36.379 14.5644
v 67.7385 -36.7852 14.5644
v 62.1159 -35.6631 14.7567
v 67.7897 -36.0692 14.7567
v 62.1534 -35.1389 15.2822
v 67.8272 -35.5451 15.2822
v 62.1671 -34.9471 16
v 67.841 -35.3533 16
v 62.1534 -35.1389 16.7178
v 67.8272 -35.5451 16.7178
v 62.1159 -35.6631 17.2433
v 67.7897 -36.0692 17.2433
f 7225 7227 7228 7226
f 7227 7229 7230 7228
f 7229 7231 7232 7230
f 7231 7233 7234 7232
f 7233 7235 7236 7234
f 7235 7237 7238 7236
f 7237 7239 7240 7238
f 7239 7241 7242 7240
f 7241 7243 7244 7242
f 7243 7245 7246 7244
f 7245 7247 7248 7246
f 7247 7225 7226 7248
f 7247 7245 7243 7241 7239 7237 7235 7233 7231 7229 7227 7225
f 7226 7228 7230 7232 7234 7236 7238 7240 7242 7244 7246 7248
v 67.7385 -36.7852 17.4356
v 73.4123 -37.1812 17.4356
v 67.6885 -37.5013 17.2433
v 73.3623 -37.8972 17.2433
v 67.6519 -38.0255 16.7178
v 73.3258 -38.4214 16.7178
v 67.6385 -38.2173 16
v 73.3124 -38.6133 16
v 67.6519 -38.0255 15.2822
v 73.3258 -38.4214 15.2822
v 67.6885 -37.5013 14.7567
v 73.3623 -37.8972 14.7567
v 67.7385 -36.7852 14.5644
v 73.4123 -37.1812 14.5644
v 67.7884 -36.0691 14.7567
v 73.4623 -36.4651 14.7567
v 67.825 -35.545 15.2822
v 73.4989 -35.9409 15.2822
v 67.8384 -35.3531 16
v 73.5123 -35.7491 16
v 67.825 -35.545 16.7178
v 73.4989 -35.9409 16.7178
v 67.7884 -36.0691 17.2433
v 73.4623 -36.4651 17.2433
f 7249 7251 7252 7250
f 7251 7253 7254 7252
f 7253 7255 7256 7254
f 7255 7257 7258 7256
f 7257 7259 7260 7258
f 7259 7261 7262 7260
f 7261 7263 7264 7262
f 7263 7265 7266 7264
f 7265 7267 7268 7266
f 7267 7269 7270 7268
f 7269 7271 7272 7270
f 7271 7249 7250 7272
f 7271 7269 7267 7265 7263 7261 7259 7257 7255 7253 7251 7249
f 7250 7252 7254 7256 7258 7260 7262 7264 7266 7268 7270 7272
v 73.4123 -37.1812 17.4356
v 79.0862 -37.5566 17.4356
v 73.3649 -37.8974 17.2433
v 79.0388 -38.2728 17.2433
v 73.3302 -38.4217 16.7178
v 79.0041 -38.7972 16.7178
v 73.3175 -38.6136 16
v 78.9914 -38.9891 16
v 73.3302 -38.4217 15.2822
v 79.0041 -38.7972 15.2822
v 73.3649 -37.8974 14.7567
v 79.0388 -38.2728 14.7567
v 73.4123 -37.1812 14.5644
v 79.0862 -37.5566 14.5644
v 73.4597 -36.4649 14.7567
v 79.1335 -36.8404 14.7567
v 73.4944 -35.9406 15.2822
v 79.1682 -36.3161 15.2822
v 73.5071 -35.7487 16
v 79.1809 -36.1241 16
v 73.4944 -35.9406 16.7178
v 79.1682 -36.3161 16.7178
v 73.4597 -36.4649 17.2433
v 79.1335 -36.8404 17.2433
f 7273 7275 7276 7274
f 7275 7277 7278 7276
f 7277 7279 7280 7278
f 7279 7281 7282 7280
f 7281 7283 7284 7282
f 7283 7285 7286 7284
f 7285 7287 7288 7286
f 7287 7289 7290 7288
f 7289 7291 7292 7290
f 7291 7293 7294 7292
f 7293 7295 7296 7294
f 7295 7273 7274 7296
f 7295 7293 7291 7289 7287 7285 7283 7281 7279 7277 7275 7273
f 7274 7276 7278 7280 7282 7284 7286 7288 7290 7292 7294 7296
v 79.0862 -37.5566 17.4356
v 84.76 -37.8957 17.4356
v 79.0433 -38.2731 17.2433
v 84.7172 -38.6122 17.2433
v 79.012 -38.7977 16.7178
v 84.6858 -39.1368 16.7178
v 79.0005 -38.9897 16
v 84.6744 -39.3288 16
v 79.012 -38.7977 15.2822
v 84.6858 -39.1368 15.2822
v 79.0433 -38.2731 14.7567
v 84.7172 -38.6122 14.7567
v 79.0862 -37.5566 14.5644
v 84.76 -37.8957 14.5644
v 79.129 -36.8401 14.7567
v 84.8028 -37.1792 14.7567
v 79.1603 -36.3156 15.2822
v 84.8342 -36.6547 15.2822
v 79.1718 -36.1236 16
v 84.8456 -36.4627 16
v 79.1603 -36.3156 16.7178
v 84.8342 -36.6547 16.7178
v 79.129 -36.8401 17.2433
v 84.8028 -37.1792 17.2433
f 7297 7299 7300 7298
f 7299 7301 7302 7300
f 7301 7303 7304 7302
f 7303 7305 7306 7304
f 7305 7307 7308 7306
f 7307 7309 7310 7308
f 7309 7311 7312 7310
f 7311 7313 7314 7312
f 7313 7315 7316 7314
f 7315 7317 7318 7316
f 7317 7319 7320 7318
f 7319 7297 7298 7320
f 7319 7317 7315 7313 7311 7309 7307 7305 7303 7301 7299 7297
f 7298 7300 7302 7304 7306 7308 7310 7312 7314 7316 7318 7320
o Edge_19
v 84.76 -37.8957 17.4356
v 90.3633 -38.2009 17.4356
v 84.721 -38.6125 17.2433
v 90.3243 -38.9177 17.2433
v 84.6924 -39.1371 16.7178
v 90.2957 -39.4424 16.7178
v 84.6819 -39.3292 16
v 90.2852 -39.6344 16
v 84.6924 -39.1371 15.2822
v 90.2957 -39.4424 15.2822
v 84.721 -38.6125 14.7567
v 90.3243 -38.9177 14.7567
v 84.76 -37.8957 14.5644
v 90.3633 -38.2009 14.5644
v 84.799 -37.179 14.7567
v 90.4024 -37.4842 14.7567
v 84.8276 -36.6543 15.2822
v 90.431 -36.9595 15.2822
v 84.8381 -36.4622 16
v 90.4414 -36.7675 16
v 84.8276 -36.6543 16.7178
v 90.431 -36.9595 16.7178
v 84.799 -37.179 17.2433
v 90.4024 -37.4842 17.2433
f 7321 7323 7324 7322
f 7323 7325 7326 7324
f 7325 7327 7328 7326
f 7327 7329 7330 7328
f 7329 7331 7332 7330
f 7331 7333 7334 7332
f 7333 7335 7336 7334
f 7335 7337 7338 7336
f 7337 7339 7340 7338
f 7339 7341 7342 7340
f 7341 7343 7344 7342
f 7343 7321 7322 7344
f 7343 7341 7339 7337 7335 7333 7331 7329 7327 7325 7323 7321
f 7322 7324 7326 7328 7330 7332 7334 7336 7338 7340 7342 7344
v 90.3633 -38.2009 17.4356
v 95.9667 -38.475 17.4356
v 90.3283 -38.9179 17.2433
v 95.9316 -39.1919 17.2433
v 90.3026 -39.4427 16.7178
v 95.9059 -39.7167 16.7178
v 90.2932 -39.6348 16
v 95.8965 -39.9088 16
v 90.3026 -39.4427 15.2822
v 95.9059 -39.7167 15.2822
v 90.3283 -38.9179 14.7567
v 95.9316 -39.1919 14.7567
v 90.3633 -38.2009 14.5644
v 95.9667 -38.475 14.5644
v 90.3984 -37.484 14.7567
v 96.0017 -37.758 14.7567
v 90.4241 -36.9592 15.2822
v 96.0274 -37.2332 15.2822
v 90.4335 -36.7671 16
v 96.0368 -37.0411 16
v 90.4241 -36.9592 16.7178
v 96.0274 -37.2332 16.7178
v 90.3984 -37.484 17.2433
v 96.0017 -37.758 17.2433
f 7345 7347 7348 7346
f 7347 7349 7350 7348
f 7349 7351 7352 7350
f 7351 7353 7354 7352
f 7353 7355 7356 7354
f 7355 7357 7358 7356
f 7357 7359 7360 7358
f 7359 7361 7362 7360
f 7361 7363 7364 7362
f 7363 7365 7366 7364
f 7365 7367 7368 7366
f 7367 7345 7346 7368
f 7367 7365 7363 7361 7359 7357 7355 7353 7351 7349 7347 7345
f 7346 7348 7350 7352 7354 7356 7358 7360 7362 7364 7366 7368
v 95.9667 -38.475 17.4356
v 101.57 -38.6905 17.4356
v 95.9391 -39.1922 17.2433
v 101.5424 -39.4078 17.2433
v 95.9189 -39.7173 16.7178
v 101.5222 -39.9329 16.7178
v 95.9115 -39.9095 16
v 101.5148 -40.1251 16
v 95.9189 -39.7173 15.2822
v 101.5222 -39.9329 15.2822
v 95.9391 -39.1922 14.7567
v 101.5424 -39.4078 14.7567
v 95.9667 -38.475 14.5644
v 101.57 -38.6905 14.5644
v 95.9943 -37.7577 14.7567
v 101.5976 -37.9733 14.7567
v 96.0145 -37.2326 15.2822
v 101.6178 -37.4482 15.2822
v 96.0219 -37.0404 16
v 101.6252 -37.256 16
v 96.0145 -37.2326 16.7178
v 101.6178 -37.4482 16.7178
v 95.9943 -37.7577 17.2433
v 101.5976 -37.9733 17.2433
f 7369 7371 7372 7370
f 7371 7373 7374 7372
f 7373 7375 7376 7374
f 7375 7377 7378 7376
f 7377 7379 7380 7378
f 7379 7381 7382 7380
f 7381 7383 7384 7382
f 7383 7385 7386 7384
f 7385 7387 7388 7386
f 7387 7389 7390 7388
f 7389 7391 7392 7390
f 7391 7369 7370 7392
f 7391 7389 7387 7385 7383 7381 7379 7377 7375 7373 7371 7369
f 7370 7372 7374 7376 7378 7380 7382 7384 7386 7388 7390 7392
v 101.57 -38.6905 17.4356
v 107.1733 -38.8736 17.4356
v 101.5466 -39.408 17.2433
v 107.1499 -39.591 17.2433
v 101.5294 -39.9331 16.7178
v 107.1327 -40.1162 16.7178
v 101.5231 -40.1254 16
v 107.1265 -40.3084 16
v 101.5294 -39.9331 15.2822
v 107.1327 -40.1162 15.2822
v 101.5466 -39.408 14.7567
v 107.1499 -39.591 14.7567
v 101.57 -38.6905 14.5644
v 107.1733 -38.8736 14.5644
v 101.5934 -37.9731 14.7567
v 107.1968 -38.1561 14.7567
v 101.6106 -37.4479 15.2822
v 107.2139 -37.631 15.2822
v 101.6169 -37.2557 16
v 107.2202 -37.4387 16
v 101.6106 -37.4479 16.7178
v 107.2139 -37.631 16.7178
v 101.5934 -37.9731 17.2433
v 107.1968 -38.1561 17.2433
f 7393 7395 7396 7394
f 7395 7397 7398 7396
f 7397 7399 7400 7398
f 7399 7401 7402 7400
f 7401 7403 7404 7402
f 7403 7405 7406 7404
f 7405 7407 7408 7406
f 7407 7409 7410 7408
f 7409 7411 7412 7410
f 7411 7413 7414 7412
f 7413 7415 7416 7414
f 7415 7393 7394 7416
f 7415 7413 7411 7409 7407 7405 7403 7401 7399 7397 7395 7393
f 7394 7396 7398 7400 7402 7404 7406 7408 7410 7412 7414 7416
v 107.1733 -38.8736 17.4356
v 112.7767 -39.025 17.4356
v 107.1539 -39.5911 17.2433
v 112.7573 -39.7425 17.2433
v 107.1397 -40.1164 16.7178
v 112.7431 -40.2678 16.7178
v 107.1346 -40.3086 16
v 112.7379 -40.4601 16
v 107.1397 -40.1164 15.2822
v 112.7431 -40.2678 15.2822
v 107.1539 -39.5911 14.7567
v 112.7573 -39.7425 14.7567
v 107.1733 -38.8736 14.5644
v 112.7767 -39.025 14.5644
v 107.1927 -38.156 14.7567
v 112.7961 -38.3074 14.7567
v 107.2069 -37.6307 15.2822
v 112.8103 -37.7822 15.2822
v 107.2121 -37.4385 16
v 112.8154 -37.5899 16
v 107.2069 -37.6307 16.7178
v 112.8103 -37.7822 16.7178
v 107.1927 -38.156 17.2433
v 112.7961 -38.3074 17.2433
f 7417 7419 7420 7418
f 7419 7421 7422 7420
f 7421 7423 7424 7422
f 7423 7425 7426 7424
f 7425 7427 7428 7426
f 7427 7429 7430 7428
f 7429 7431 7432 7430
f 7431 7433 7434 7432
f 7433 7435 7436 7434
f 7435 7437 7438 7436
f 7437 7439 7440 7438
f 7439 7417 7418 7440
f 7439 7437 7435 7433 7431 7429 7427 7425 7423 7421 7419 7417
f 7418 7420 7422 7424 7426 7428 7430 7432 7434 7436 7438 7440
v 112.7767 -39.025 17.4356
v 118.38 -39.1334 17.4356
v 112.7628 -39.7426 17.2433
v 118.3661 -39.851 17.2433
v 112.7526 -40.268 16.7178
v 118.356 -40.3764 16.7178
v 112.7489 -40.4603 16
v 118.3522 -40.5687 16
v 112.7526 -40.268 15.2822
v 118.356 -40.3764 15.2822
v 112.7628 -39.7426 14.7567
v 118.3661 -39.851 14.7567
v 112.7767 -39.025 14.5644
v 118.38 -39.1334 14.5644
v 112.7905 -38.3073 14.7567
v 118.3939 -38.4157 14.7567
v 112.8007 -37.7819 15.2822
v 118.404 -37.8903 15.2822
v 112.8044 -37.5896 16
v 118.4078 -37.698 16
v 112.8007 -37.7819 16.7178
v 118.404 -37.8903 16.7178
v 112.7905 -38.3073 17.2433
v 118.3939 -38.4157 17.2433
f 7441 7443 7444 7442
f 7443 7445 7446 7444
f 7445 7447 7448 7446
f 7447 7449 7450 7448
f 7449 7451 7452 7450
f 7451 7453 7454 7452
f 7453 7455 7456 7454
f 7455 7457 7458 7456
f 7457 7459 7460 7458
f 7459 7461 7462 7460
f 7461 7463 7464 7462
f 7463 7441 7442 7464
f 7463 7461 7459 7457 7455 7453 7451 7449 7447 7445 7443 7441
f 7442 7444 7446 7448 7450 7452 7454 7456 7458 7460 7462 7464
v 118.38 -39.1334 17.4356
v 123.9833 -39.2128 17.4356
v 118.3698 -39.8511 17.2433
v 123.9732 -39.9305 17.2433
v 118.3624 -40.3765 16.7178
v 123.9657 -40.456 16.7178
v 118.3596 -40.5688 16
v 123.963 -40.6483 16
v 118.3624 -40.3765 15.2822
v 123.9657 -40.456 15.2822
v 118.3698 -39.8511 14.7567
v 123.9732 -39.9305 14.7567
v 118.38 -39.1334 14.5644
v 123.9833 -39.2128 14.5644
v 118.3902 -38.4156 14.7567
v 123.9935 -38.4951 14.7567
v 118.3976 -37.8902 15.2822
v 124.001 -37.9697 15.2822
v 118.4004 -37.6979 16
v 124.0037 -37.7774 16
v 118.3976 -37.8902 16.7178
v 124.001 -37.9697 16.7178
v 118.3902 -38.4156 17.2433
v 123.9935 -38.4951 17.2433
f 7465 7467 7468 7466
f 7467 7469 7470 7468
f 7469 7471 7472 7470
f 7471 7473 7474 7472
f 7473 7475 7476 7474
f 7475 7477 7478 7476
f 7477 7479 7480 7478
f 7479 7481 7482 7480
f 7481 7483 7484 7482
f 7483 7485 7486 7484
f 7485 7487 7488 7486
f 7487 7465 7466 7488
f 7487 7485 7483 7481 7479 7477 7475 7473 7471 7469 7467 7465
f 7466 7468 7470 7472 7474 7476 7478 7480 7482 7484 7486 7488
v 123.9833 -39.2128 17.4356
v 129.5867 -39.2713 17.4356
v 123.9758 -39.9306 17.2433
v 129.5792 -39.9891 17.2433
v 123.9704 -40.456 16.7178
v 129.5737 -40.5145 16.7178
v 123.9683 -40.6483 16
v 129.5717 -40.7068 16
v 123.9704 -40.456 15.2822
v 129.5737 -40.5145 15.2822
v 123.9758 -39.9306 14.7567
v 129.5792 -39.9891 14.7567
v 123.9833 -39.2128 14.5644
v 129.5867 -39.2713 14.5644
v 123.9908 -38.4951 14.7567
v 129.5942 -38.5536 14.7567
v 123.9963 -37.9696 15.2822
v 129.5996 -38.0281 15.2822
v 123.9983 -37.7773 16
v 129.6017 -37.8358 16
v 123.9963 -37.9696 16.7178
v 129.5996 -38.0281 16.7178
v 123.9908 -38.4951 17.2433
v 129.5942 -38.5536 17.2433
f 7489 7491 7492 7490
f 7491 7493 7494 7492
f 7493 7495 7496 7494
f 7495 7497 7498 7496
f 7497 7499 7500 7498
f 7499 7501 7502 7500
f 7501 7503 7504 7502
f 7503 7505 7506 7504
f 7505 7507 7508 7506
f 7507 7509 7510 7508
f 7509 7511 7512 7510
f 7511 7489 7490 7512
f 7511 7509 7507 7505 7503 7501 7499 7497 7495 7493 7491 7489
f 7490 7492 7494 7496 7498 7500 7502 7504 7506 7508 7510 7512
v 129.5867 -39.2713 17.4356
v 135.19 -39.3066 17.4356
v 129.5821 -39.9891 17.2433
v 135.1855 -40.0244 17.2433
v 129.5788 -40.5146 16.7178
v 135.1822 -40.5499 16.7178
v 129.5776 -40.7069 16
v 135.181 -40.7422 16
v 129.5788 -40.5146 15.2822
v 135.1822 -40.5499 15.2822
v 129.5821 -39.9891 14.7567
v 135.1855 -40.0244 14.7567
v 129.5867 -39.2713 14.5644
v 135.19 -39.3066 14.5644
v 129.5912 -38.5535 14.7567
v 135.1945 -38.5889 14.7567
v 129.5945 -38.0281 15.2822
v 135.1978 -38.0634 15.2822
v 129.5957 -37.8358 16
v 135.199 -37.8711 16
v 129.5945 -38.0281 16.7178
v 135.1978 -38.0634 16.7178
v 129.5912 -38.5535 17.2433
v 135.1945 -38.5889 17.2433
f 7513 7515 7516 7514
f 7515 7517 7518 7516
f 7517 7519 7520 7518
f 7519 7521 7522 7520
f 7521 7523 7524 7522
f 7523 7525 7526 7524
f 7525 7527 7528 7526
f 7527 7529 7530 7528
f 7529 7531 7532 7530
f 7531 7533 7534 7532
f 7533 7535 7536 7534
f 7535 7513 7514 7536
f 7535 7533 7531 7529 7527 7525 7523 7521 7519 7517 7515 7513
f 7514 7516 7518 7520 7522 7524 7526 7528 7530 7532 7534 7536
v 135.19 -39.3066 17.4356
v 140.7933 -39.3185 17.4356
v 135.1885 -40.0244 17.2433
v 140.7918 -40.0363 17.2433
v 135.1874 -40.5499 16.7178
v 140.7907 -40.5618 16.7178
v 135.1869 -40.7422 16
v 140.7903 -40.7541 16
v 135.1874 -40.5499 15.2822
v 140.7907 -40.5618 15.2822
v 135.1885 -40.0244 14.7567
v 140.7918 -40.0363 14.7567
v 135.19 -39.3066 14.5644
v 140.7933 -39.3185 14.5644
v 135.1915 -38.5888 14.7567
v 140.7949 -38.6007 14.7567
v 135.1926 -38.0634 15.2822
v 140.796 -38.0753 15.2822
v 135.1931 -37.871 16
v 140.7964 -37.8829 16
v 135.1926 -38.0634 16.7178
v 140.796 -38.0753 16.7178
v 135.1915 -38.5888 17.2433
v 140.7949 -38.6007 17.2433
f 7537 7539 7540 7538
f 7539 7541 7542 7540
f 7541 7543 7544 7542
f 7543 7545 7546 7544
f 7545 7547 7548 7546
f 7547 7549 7550 7548
f 7549 7551 7552 7550
f 7551 7553 7554 7552
f 7553 7555 7556 7554
f 7555 7557 7558 7556
f 7557 7559 7560 7558
f 7559 7537 7538 7560
f 7559 7557 7555 7553 7551 7549 7547 7545 7543 7541 7539 7537
f 7538 7540 7542 7544 7546 7548 7550 7552 7554 7556 7558 7560
v 140.7933 -39.3185 17.4356
v 146.3967 -39.315 17.4356
v 140.7938 -40.0363 17.2433
v 146.3971 -40.0328 17.2433
v 140.7941 -40.5618 16.7178
v 146.3975 -40.5583 16.7178
v 140.7942 -40.7541 16
v 146.3976 -40.7506 16
v 140.7941 -40.5618 15.2822
v 146.3975 -40.5583 15.2822
v 140.7938 -40.0363 14.7567
v 146.3971 -40.0328 14.7567
v 140.7933 -39.3185 14.5644
v 146.3967 -39.315 14.5644
v 140.7929 -38.6007 14.7567
v 146.3962 -38.5972 14.7567
v 140.7925 -38.0753 15.2822
v 146.3959 -38.0717 15.2822
v 140.7924 -37.8829 16
v 146.3958 -37.8794 16
v 140.7925 -38.0753 16.7178
v 146.3959 -38.0717 16.7178
v 140.7929 -38.6007 17.2433
v 146.3962 -38.5972 17.2433
f 7561 7563 7564 7562
f 7563 7565 7566 7564
f 7565 7567 7568 7566
f 7567 7569 7570 7568
f 7569 7571 7572 7570
f 7571 7573 7574 7572
f 7573 7575 7576 7574
f 7575 7577 7578 7576
f 7577 7579 7580 7578
f 7579 7581 7582 7580
f 7581 7583 7584 7582
f 7583 7561 7562 7584
f 7583 7581 7579 7577 7575 7573 7571 7569 7567 7565 7563 7561
f 7562 7564 7566 7568 7570 7572 7574 7576 7578 7580 7582 7584
v 146.3967 -39.315 17.4356
v 152 -39.296 17.4356
v 146.3991 -40.0328 17.2433
v 152.0024 -40.0138 17.2433
v 146.4009 -40.5582 16.7178
v 152.0042 -40.5393 16.7178
v 146.4015 -40.7506 16
v 152.0049 -40.7316 16
v 146.4009 -40.5582 15.2822
v 152.0042 -40.5393 15.2822
v 146.3991 -40.0328 14.7567
v 152.0024 -40.0138 14.7567
v 146.3967 -39.315 14.5644
v 152 -39.296 14.5644
v 146.3942 -38.5972 14.7567
v 151.9976 -38.5782 14.7567
v 146.3925 -38.0717 15.2822
v 151.9958 -38.0528 15.2822
v 146.3918 -37.8794 16
v 151.9951 -37.8604 16
v 146.3925 -38.0717 16.7178
v 151.9958 -38.0528 16.7178
v 146.3942 -38.5972 17.2433
v 151.9976 -38.5782 17.2433
f 7585 7587 7588 7586
f 7587 7589 7590 7588
f 7589 7591 7592 7590
f 7591 7593 7594 7592
f 7593 7595 7596 7594
f 7595 7597 7598 7596
f 7597 7599 7600 7598
f 7599 7601 7602 7600
f 7601 7603 7604 7602
f 7603 7605 7606 7604
f 7605 7607 7608 7606
f 7607 7585 7586 7608
f 7607 7605 7603 7601 7599 7597 7595 7593 7591 7589 7587 7585
f 7586 7588 7590 7592 7594 7596 7598 7600 7602 7604 7606 7608
o Edge_20
v -152 -38.4534 -0.1644
v -146.3967 -38.3265 -0.1644
v -151.9838 -39.171 -0.3567
v -146.3804 -39.0441 -0.3567
v -151.9719 -39.6964 -0.8822
v -146.3685 -39.5695 -0.8822
v -151.9675 -39.8886 -1.6
v -146.3642 -39.7618 -1.6
v -151.9719 -39.6964 -2.3178
v -146.3685 -39.5695 -2.3178
v -151.9838 -39.171 -2.8433
v -146.3804 -39.0441 -2.8433
v -152 -38.4534 -3.0356
v -146.3967 -38.3265 -3.0356
v -152.0162 -37.7358 -2.8433
v -146.4129 -37.6089 -2.8433
v -152.0281 -37.2105 -2.3178
v -146.4248 -37.0836 -2.3178
v -152.0325 -37.0182 -1.6
v -146.4292 -36.8913 -1.6
v -152.0281 -37.2105 -0.8822
v -146.4248 -37.0836 -0.8822
v -152.0162 -37.7358 -0.3567
v -146.4129 -37.6089 -0.3567
f 7609 7611 7612 7610
f 7611 7613 7614 7612
f 7613 7615 7616 7614
f 7615 7617 7618 7616
f 7617 7619 7620 7618
f 7619 7621 7622 7620
f 7621 7623 7624 7622
f 7623 7625 7626 7624
f 7625 7627 7628 7626
f 7627 7629 7630 7628
f 7629 7631 7632 7630
f 7631 7609 7610 7632
f 7631 7629 7627 7625 7623 7621 7619 7617 7615 7613 7611 7609
f 7610 7612 7614 7616 7618 7620 7622 7624 7626 7628 7630 7632
v -146.3967 -38.3265 -0.1644
v -140.7933 -38.1808 -0.1644
v -146.378 -39.0441 -0.3567
v -140.7747 -38.8984 -0.3567
v -146.3643 -39.5694 -0.8822
v -140.761 -39.4236 -0.8822
v -146.3593 -39.7616 -1.6
v -140.756 -39.6159 -1.6
v -146.3643 -39.5694 -2.3178
v -140.761 -39.4236 -2.3178
v -146.378 -39.0441 -2.8433
v -140.7747 -38.8984 -2.8433
v -146.3967 -38.3265 -3.0356
v -140.7933 -38.1808 -3.0356
v -146.4153 -37.609 -2.8433
v -140.812 -37.4632 -2.8433
v -146.429 -37.0837 -2.3178
v -140.8257 -36.938 -2.3178
v -146.434 -36.8914 -1.6
v -140.8307 -36.7457 -1.6
v -146.429 -37.0837 -0.8822
v -140.8257 -36.938 -0.8822
v -146.4153 -37.609 -0.3567
v -140.812 -37.4632 -0.3567
f 7633 7635 7636 7634
f 7635 7637 7638 7636
f 7637 7639 7640 7638
f 7639 7641 7642 7640
f 7641 7643 7644 7642
f 7643 7645 7646 7644
f 7645 7647 7648 7646
f 7647 7649 7650 7648
f 7649 7651 7652 7650
f 7651 7653 7654 7652
f 7653 7655 7656 7654
f 7655 7633 7634 7656
f 7655 7653 7651 7649 7647 7645 7643 7641 7639 7637 7635 7633
f 7634 7636 7638 7640 7642 7644 7646 7648 7650 7652 7654 7656
v -140.7933 -38.1808 -0.1644
v -135.19 -38.0184 -0.1644
v -140.7725 -38.8983 -0.3567
v -135.1692 -38.7359 -0.3567
v -140.7573 -39.4235 -0.8822
v -135.154 -39.2611 -0.8822
v -140.7517 -39.6158 -1.6
v -135.1484 -39.4534 -1.6
v -140.7573 -39.4235 -2.3178
v -135.154 -39.2611 -2.3178
v -140.7725 -38.8983 -2.8433
v -135.1692 -38.7359 -2.8433
v -140.7933 -38.1808 -3.0356
v -135.19 -38.0184 -3.0356
v -140.8141 -37.4633 -2.8433
v -135.2108 -37.3009 -2.8433
v -140.8294 -36.9381 -2.3178
v -135.226 -36.7756 -2.3178
v -140.8349 -36.7458 -1.6
v -135.2316 -36.5834 -1.6
v -140.8294 -36.9381 -0.8822
v -135.226 -36.7756 -0.8822
v -140.8141 -37.4633 -0.3567
v -135.2108 -37.3009 -0.3567
f 7657 7659 7660 7658
f 7659 7661 7662 7660
f 7661 7663 7664 7662
f 7663 7665 7666 7664
f 7665 7667 7668 7666
f 7667 7669 7670 7668
f 7669 7671 7672 7670
f 7671 7673 7674 7672
f 7673 7675 7676 7674
f 7675 7677 7678 7676
f 7677 7679 7680 7678
f 7679 7657 7658 7680
f 7679 7677 7675 7673 7671 7669 7667 7665 7663 7661 7659 7657
f 7658 7660 7662 7664 7666 7668 7670 7672 7674 7676 7678 7680
v -135.19 -38.0184 -0.1644
v -129.5867 -37.8329 -0.1644
v -135.1662 -38.7358 -0.3567
v -129.5629 -38.5503 -0.3567
v -135.1489 -39.261 -0.8822
v -129.5455 -39.0755 -0.8822
v -135.1425 -39.4532 -1.6
v -129.5392 -39.2677 -1.6
v -135.1489 -39.261 -2.3178
v -129.5455 -39.0755 -2.3178
v -135.1662 -38.7358 -2.8433
v -129.5629 -38.5503 -2.8433
v -135.19 -38.0184 -3.0356
v -129.5867 -37.8329 -3.0356
v -135.2138 -37.301 -2.8433
v -129.6104 -37.1155 -2.8433
v -135.2311 -36.7758 -2.3178
v -129.6278 -36.5903 -2.3178
v -135.2375 -36.5836 -1.6
v -129.6342 -36.3981 -1.6
v -135.2311 -36.7758 -0.8822
v -129.6278 -36.5903 -0.8822
v -135.2138 -37.301 -0.3567
v -129.6104 -37.1155 -0.3567
f 7681 7683 7684 7682
f 7683 7685 7686 7684
f 7685 7687 7688 7686
f 7687 7689 7690 7688
f 7689 7691 7692 7690
f 7691 7693 7694 7692
f 7693 7695 7696 7694
f 7695 7697 7698 7696
f 7697 7699 7700 7698
f 7699 7701 7702 7700
f 7701 7703 7704 7702
f 7703 7681 7682 7704
f 7703 7701 7699 7697 7695 7693 7691 7689 7687 7685 7683 7681
f 7682 7684 7686 7688 7690 7692 7694 7696 7698 7700 7702 7704
v -129.5867 -37.8329 -0.1644
v -123.9833 -37.6133 -0.1644
v -129.5586 -38.5501 -0.3567
v -123.9552 -38.3305 -0.3567
v -129.538 -39.0752 -0.8822
v -123.9346 -38.8556 -0.8822
v -129.5304 -39.2674 -1.6
v -123.9271 -39.0478 -1.6
v -129.538 -39.0752 -2.3178
v -123.9346 -38.8556 -2.3178
v -129.5586 -38.5501 -2.8433
v -123.9552 -38.3305 -2.8433
v -129.5867 -37.8329 -3.0356
v -123.9833 -37.6133 -3.0356
v -129.6148 -37.1156 -2.8433
v -124.0114 -36.896 -2.8433
v -129.6354 -36.5906 -2.3178
v -124.032 -36.3709 -2.3178
v -129.6429 -36.3984 -1.6
v -124.0396 -36.1788 -1.6
v -129.6354 -36.5906 -0.8822
v -124.032 -36.3709 -0.8822
v -129.6148 -37.1156 -0.3567
v -124.0114 -36.896 -0.3567
f 7705 7707 7708 7706
f 7707 7709 7710 7708
f 7709 7711 7712 7710
f 7711 7713 7714 7712
f 7713 7715 7716 7714
f 7715 7717 7718 7716
f 7717 7719 7720 7718
f 7719 7721 7722 7720
f 7721 7723 7724 7722
f 7723 7725 7726 7724
f 7725 7727 7728 7726
f 7727 7705 7706 7728
f 7727 7725 7723 7721 7719 7717 7715 7713 7711 7709 7707 7705
f 7706 7708 7710 7712 7714 7716 7718 7720 7722 7724 7726 7728
v -123.9833 -37.6133 -0.1644
v -118.38 -37.3717 -0.1644
v -123.9524 -38.3304 -0.3567
v -118.3491 -38.0888 -0.3567
v -123.9298 -38.8554 -0.8822
v -118.3265 -38.6138 -0.8822
v -123.9215 -39.0475 -1.6
v -118.3182 -38.806 -1.6
v -123.9298 -38.8554 -2.3178
v -118.3265 -38.6138 -2.3178
v -123.9524 -38.3304 -2.8433
v -118.3491 -38.0888 -2.8433
v -123.9833 -37.6133 -3.0356
v -118.38 -37.3717 -3.0356
v -124.0142 -36.8961 -2.8433
v -118.4109 -36.6546 -2.8433
v -124.0369 -36.3711 -2.3178
v -118.4335 -36.1296 -2.3178
v -124.0452 -36.179 -1.6
v -118.4418 -35.9374 -1.6
v -124.0369 -36.3711 -0.8822
v -118.4335 -36.1296 -0.8822
v -124.0142 -36.8961 -0.3567
v -118.4109 -36.6546 -0.3567
f 7729 7731 7732 7730
f 7731 7733 7734 7732
f 7733 7735 7736 7734
f 7735 7737 7738 7736
f 7737 7739 7740 7738
f 7739 7741 7742 7740
f 7741 7743 7744 7742
f 7743 7745 7746 7744
f 7745 7747 7748 7746
f 7747 7749 7750 7748
f 7749 7751 7752 7750
f 7751 7729 7730 7752
f 7751 7749 7747 7745 7743 7741 7739 7737 7735 7733 7731 7729
f 7730 7732 7734 7736 7738 7740 7742 7744 7746 7748 7750 7752
v -118.38 -37.3717 -0.1644
v -112.7767 -37.108 -0.1644
v -118.3463 -38.0887 -0.3567
v -112.7429 -37.825 -0.3567
v -118.3216 -38.6136 -0.8822
v -112.7182 -38.3499 -0.8822
v -118.3125 -38.8057 -1.6
v -112.7092 -38.542 -1.6
v -118.3216 -38.6136 -2.3178
v -112.7182 -38.3499 -2.3178
v -118.3463 -38.0887 -2.8433
v -112.7429 -37.825 -2.8433
v -118.38 -37.3717 -3.0356
v -112.7767 -37.108 -3.0356
v -118.4137 -36.6547 -2.8433
v -112.8104 -36.391 -2.8433
v -118.4384 -36.1298 -2.3178
v -112.8351 -35.8661 -2.3178
v -118.4475 -35.9377 -1.6
v -112.8442 -35.674 -1.6
v -118.4384 -36.1298 -0.8822
v -112.8351 -35.8661 -0.8822
v -118.4137 -36.6547 -0.3567
v -112.8104 -36.391 -0.3567
f 7753 7755 7756 7754
f 7755 7757 7758 7756
f 7757 7759 7760 7758
f 7759 7761 7762 7760
f 7761 7763 7764 7762
f 7763 7765 7766 7764
f 7765 7767 7768 7766
f 7767 7769 7770 7768
f 7769 7771 7772 7770
f 7771 7773 7774 7772
f 7773 7775 7776 7774
f 7775 7753 7754 7776
f 7775 7773 7771 7769 7767 7765 7763 7761 7759 7757 7755 7753
f 7754 7756 7758 7760 7762 7764 7766 7768 7770 7772 7774 7776
v -112.7767 -37.108 -0.1644
v -107.1733 -36.8126 -0.1644
v -112.7389 -37.8248 -0.3567
v -107.1355 -37.5294 -0.3567
v -112.7112 -38.3496 -0.8822
v -107.1079 -38.0542 -0.8822
v -112.7011 -38.5416 -1.6
v -107.0978 -38.2462 -1.6
v -112.7112 -38.3496 -2.3178
v -107.1079 -38.0542 -2.3178
v -112.7389 -37.8248 -2.8433
v -107.1355 -37.5294 -2.8433
v -112.7767 -37.108 -3.0356
v -107.1733 -36.8126 -3.0356
v -112.8145 -36.3912 -2.8433
v -107.2111 -36.0958 -2.8433
v -112.8421 -35.8665 -2.3178
v -107.2388 -35.5711 -2.3178
v -112.8522 -35.6744 -1.6
v -107.2489 -35.379 -1.6
v -112.8421 -35.8665 -0.8822
v -107.2388 -35.5711 -0.8822
v -112.8145 -36.3912 -0.3567
v -107.2111 -36.0958 -0.3567
f 7777 7779 7780 7778
f 7779 7781 7782 7780
f 7781 7783 7784 7782
f 7783 7785 7786 7784
f 7785 7787 7788 7786
f 7787 7789 7790 7788
f 7789 7791 7792 7790
f 7791 7793 7794 7792
f 7793 7795 7796 7794
f 7795 7797 7798 7796
f 7797 7799 7800 7798
f 7799 7777 7778 7800
f 7799 7797 7795 7793 7791 7789 7787 7785 7783 7781 7779 7777
f 7778 7780 7782 7784 7786 7788 7790 7792 7794 7796 7798 7800
v -107.1733 -36.8126 -0.1644
v -101.57 -36.5005 -0.1644
v -107.1334 -37.5293 -0.3567
v -101.5301 -37.2172 -0.3567
v -107.1042 -38.054 -0.8822
v -101.5009 -37.7418 -0.8822
v -107.0935 -38.246 -1.6
v -101.4902 -37.9339 -1.6
v -107.1042 -38.054 -2.3178
v -101.5009 -37.7418 -2.3178
v -107.1334 -37.5293 -2.8433
v -101.5301 -37.2172 -2.8433
v -107.1733 -36.8126 -3.0356
v -101.57 -36.5005 -3.0356
v -107.2133 -36.0959 -2.8433
v -101.6099 -35.7838 -2.8433
v -107.2425 -35.5713 -2.3178
v -101.6391 -35.2591 -2.3178
v -107.2532 -35.3792 -1.6
v -101.6498 -35.0671 -1.6
v -107.2425 -35.5713 -0.8822
v -101.6391 -35.2591 -0.8822
v -107.2133 -36.0959 -0.3567
v -101.6099 -35.7838 -0.3567
f 7801 7803 7804 7802
f 7803 7805 7806 7804
f 7805 7807 7808 7806
f 7807 7809 7810 7808
f 7809 7811 7812 7810
f 7811 7813 7814 7812
f 7813 7815 7816 7814
f 7815 7817 7818 7816
f 7817 7819 7820 7818
f 7819 7821 7822 7820
f 7821 7823 7824 7822
f 7823 7801 7802 7824
f 7823 7821 7819 7817 7815 7813 7811 7809 7807 7805 7803 7801
f 7802 7804 7806 7808 7810 7812 7814 7816 7818 7820 7822 7824
v -101.57 -36.5005 -0.1644
v -95.9667 -36.1723 -0.1644
v -101.528 -37.2171 -0.3567
v -95.9247 -36.8889 -0.3567
v -101.4973 -37.7416 -0.8822
v -95.894 -37.4135 -0.8822
v -101.4861 -37.9336 -1.6
v -95.8827 -37.6055 -1.6
v -101.4973 -37.7416 -2.3178
v -95.894 -37.4135 -2.3178
v -101.528 -37.2171 -2.8433
v -95.9247 -36.8889 -2.8433
v -101.57 -36.5005 -3.0356
v -95.9667 -36.1723 -3.0356
v -101.612 -35.7839 -2.8433
v -96.0086 -35.4557 -2.8433
v -101.6427 -35.2593 -2.3178
v -96.0394 -34.9312 -2.3178
v -101.6539 -35.0673 -1.6
v -96.0506 -34.7392 -1.6
v -101.6427 -35.2593 -0.8822
v -96.0394 -34.9312 -0.8822
v -101.612 -35.7839 -0.3567
v -96.0086 -35.4557 -0.3567
f 7825 7827 7828 7826
f 7827 7829 7830 7828
f 7829 7831 7832 7830
f 7831 7833 7834 7832
f 7833 7835 7836 7834
f 7835 7837 7838 7836
f 7837 7839 7840 7838
f 7839 7841 7842 7840
f 7841 7843 7844 7842
f 7843 7845 7846 7844
f 7845 7847 7848 7846
f 7847 7825 7826 7848
f 7847 7845 7843 7841 7839 7837 7835 7833 7831 7829 7827 7825
f 7826 7828 7830 7832 7834 7836 7838 7840 7842 7844 7846 7848
v -95.9667 -36.1723 -0.1644
v -90.3633 -35.8232 -0.1644
v -95.922 -36.8887 -0.3567
v -90.3187 -36.5396 -0.3567
v -95.8894 -37.4132 -0.8822
v -90.286 -37.064 -0.8822
v -95.8774 -37.6051 -1.6
v -90.2741 -37.256 -1.6
v -95.8894 -37.4132 -2.3178
v -90.286 -37.064 -2.3178
v -95.922 -36.8887 -2.8433
v -90.3187 -36.5396 -2.8433
v -95.9667 -36.1723 -3.0356
v -90.3633 -35.8232 -3.0356
v -96.0113 -35.4559 -2.8433
v -90.408 -35.1068 -2.8433
v -96.044 -34.9315 -2.3178
v -90.4406 -34.5823 -2.3178
v -96.0559 -34.7395 -1.6
v -90.4526 -34.3904 -1.6
v -96.044 -34.9315 -0.8822
v -90.4406 -34.5823 -0.8822
v -96.0113 -35.4559 -0.3567
v -90.408 -35.1068 -0.3567
f 7849 7851 7852 7850
f 7851 7853 7854 7852
f 7853 7855 7856 7854
f 7855 7857 7858 7856
f 7857 7859 7860 7858
f 7859 7861 7862 7860
f 7861 7863 7864 7862
f 7863 7865 7866 7864
f 7865 7867 7868 7866
f 7867 7869 7870 7868
f 7869 7871 7872 7870
f 7871 7849 7850 7872
f 7871 7869 7867 7865 7863 7861 7859 7857 7855 7853 7851 7849
f 7850 7852 7854 7856 7858 7860 7862 7864 7866 7868 7870 7872
v -90.3633 -35.8232 -0.1644
v -84.76 -35.4642 -0.1644
v -90.3174 -36.5395 -0.3567
v -84.7141 -36.1806 -0.3567
v -90.2839 -37.0639 -0.8822
v -84.6805 -36.705 -0.8822
v -90.2716 -37.2559 -1.6
v -84.6682 -36.8969 -1.6
v -90.2839 -37.0639 -2.3178
v -84.6805 -36.705 -2.3178
v -90.3174 -36.5395 -2.8433
v -84.7141 -36.1806 -2.8433
v -90.3633 -35.8232 -3.0356
v -84.76 -35.4642 -3.0356
v -90.4092 -35.1069 -2.8433
v -84.8059 -34.7479 -2.8433
v -90.4428 -34.5825 -2.3178
v -84.8395 -34.2235 -2.3178
v -90.4551 -34.3905 -1.6
v -84.8518 -34.0316 -1.6
v -90.4428 -34.5825 -0.8822
v -84.8395 -34.2235 -0.8822
v -90.4092 -35.1069 -0.3567
v -84.8059 -34.7479 -0.3567
f 7873 7875 7876 7874
f 7875 7877 7878 7876
f 7877 7879 7880 7878
f 7879 7881 7882 7880
f 7881 7883 7884 7882
f 7883 7885 7886 7884
f 7885 7887 7888 7886
f 7887 7889 7890 7888
f 7889 7891 7892 7890
f 7891 7893 7894 7892
f 7893 7895 7896 7894
f 7895 7873 7874 7896
f 7895 7893 7891 7889 7887 7885 7883 7881 7879 7877 7875 7873
f 7874 7876 7878 7880 7882 7884 7886 7888 7890 7892 7894 7896
o Edge_21
v -84.76 -35.4642 -0.1644
v -79.4545 -35.1205 -0.1644
v -84.7136 -36.1805 -0.3567
v -79.4081 -35.8368 -0.3567
v -84.6796 -36.7049 -0.8822
v -79.3742 -36.3612 -0.8822
v -84.6672 -36.8968 -1.6
v -79.3617 -36.5531 -1.6
v -84.6796 -36.7049 -2.3178
v -79.3742 -36.3612 -2.3178
v -84.7136 -36.1805 -2.8433
v -79.4081 -35.8368 -2.8433
v -84.76 -35.4642 -3.0356
v -79.4545 -35.1205 -3.0356
v -84.8064 -34.7479 -2.8433
v -79.5009 -34.4042 -2.8433
v -84.8404 -34.2236 -2.3178
v -79.5349 -33.8799 -2.3178
v -84.8528 -34.0316 -1.6
v -79.5474 -33.6879 -1.6
v -84.8404 -34.2236 -0.8822
v -79.5349 -33.8799 -0.8822
v -84.8064 -34.7479 -0.3567
v -79.5009 -34.4042 -0.3567
f 7897 7899 7900 7898
f 7899 7901 7902 7900
f 7901 7903 7904 7902
f 7903 7905 7906 7904
f 7905 7907 7908 7906
f 7907 7909 7910 7908
f 7909 7911 7912 7910
f 7911 7913 7914 7912
f 7913 7915 7916 7914
f 7915 7917 7918 7916
f 7917 7919 7920 7918
f 7919 7897 7898 7920
f 7919 7917 7915 7913 7911 7909 7907 7905 7903 7901 7899 7897
f 7898 7900 7902 7904 7906 7908 7910 7912 7914 7916 7918 7920
v -79.4545 -35.1205 -0.1644
v -74.1491 -34.7776 -0.1644
v -79.4083 -35.8368 -0.3567
v -74.1028 -35.4939 -0.3567
v -79.3744 -36.3612 -0.8822
v -74.0689 -36.0183 -0.8822
v -79.362 -36.5531 -1.6
v -74.0565 -36.2103 -1.6
v -79.3744 -36.3612 -2.3178
v -74.0689 -36.0183 -2.3178
v -79.4083 -35.8368 -2.8433
v -74.1028 -35.4939 -2.8433
v -79.4545 -35.1205 -3.0356
v -74.1491 -34.7776 -3.0356
v -79.5008 -34.4042 -2.8433
v -74.1954 -34.0613 -2.8433
v -79.5347 -33.8798 -2.3178
v -74.2293 -33.537 -2.3178
v -79.5471 -33.6879 -1.6
v -74.2417 -33.345 -1.6
v -79.5347 -33.8798 -0.8822
v -74.2293 -33.537 -0.8822
v -79.5008 -34.4042 -0.3567
v -74.1954 -34.0613 -0.3567
f 7921 7923 7924 7922
f 7923 7925 7926 7924
f 7925 7927 7928 7926
f 7927 7929 7930 7928
f 7929 7931 7932 7930
f 7931 7933 7934 7932
f 7933 7935 7936 7934
f 7935 7937 7938 7936
f 7937 7939 7940 7938
f 7939 7941 7942 7940
f 7941 7943 7944 7942
f 7943 7921 7922 7944
f 7943 7941 7939 7937 7935 7933 7931 7929 7927 7925 7923 7921
f 7922 7924 7926 7928 7930 7932 7934 7936 7938 7940 7942 7944
v -74.1491 -34.7776 -0.1644
v -68.8436 -34.4497 -0.1644
v -74.1048 -35.4941 -0.3567
v -68.7993 -35.1661 -0.3567
v -74.0724 -36.0185 -0.8822
v -68.7669 -35.6906 -0.8822
v -74.0605 -36.2105 -1.6
v -68.7551 -35.8825 -1.6
v -74.0724 -36.0185 -2.3178
v -68.7669 -35.6906 -2.3178
v -74.1048 -35.4941 -2.8433
v -68.7993 -35.1661 -2.8433
v -74.1491 -34.7776 -3.0356
v -68.8436 -34.4497 -3.0356
v -74.1934 -34.0612 -2.8433
v -68.8879 -33.7332 -2.8433
v -74.2258 -33.5367 -2.3178
v -68.9203 -33.2088 -2.3178
v -74.2377 -33.3448 -1.6
v -68.9322 -33.0168 -1.6
v -74.2258 -33.5367 -0.8822
v -68.9203 -33.2088 -0.8822
v -74.1934 -34.0612 -0.3567
v -68.8879 -33.7332 -0.3567
f 7945 7947 7948 7946
f 7947 7949 7950 7948
f 7949 7951 7952 7950
f 7951 7953 7954 7952
f 7953 7955 7956 7954
f 7955 7957 7958 7956
f 7957 7959 7960 7958
f 7959 7961 7962 7960
f 7961 7963 7964 7962
f 7963 7965 7966 7964
f 7965 7967 7968 7966
f 7967 7945 7946 7968
f 7967 7965 7963 7961 7959 7957 7955 7953 7951 7949 7947 7945
f 7946 7948 7950 7952 7954 7956 7958 7960 7962 7964 7966 7968
v -68.8436 -34.4497 -0.1644
v -63.5382 -34.1369 -0.1644
v -68.8014 -35.1662 -0.3567
v -63.4959 -34.8535 -0.3567
v -68.7705 -35.6908 -0.8822
v -63.465 -35.378 -0.8822
v -68.7592 -35.8828 -1.6
v -63.4537 -35.57 -1.6
v -68.7705 -35.6908 -2.3178
v -63.465 -35.378 -2.3178
v -68.8014 -35.1662 -2.8433
v -63.4959 -34.8535 -2.8433
v -68.8436 -34.4497 -3.0356
v -63.5382 -34.1369 -3.0356
v -68.8859 -33.7331 -2.8433
v -63.5804 -33.4204 -2.8433
v -68.9168 -33.2085 -2.3178
v -63.6113 -32.8958 -2.3178
v -68.9281 -33.0165 -1.6
v -63.6227 -32.7038 -1.6
v -68.9168 -33.2085 -0.8822
v -63.6113 -32.8958 -0.8822
v -68.8859 -33.7331 -0.3567
v -63.5804 -33.4204 -0.3567
f 7969 7971 7972 7970
f 7971 7973 7974 7972
f 7973 7975 7976 7974
f 7975 7977 7978 7976
f 7977 7979 7980 7978
f 7979 7981 7982 7980
f 7981 7983 7984 7982
f 7983 7985 7986 7984
f 7985 7987 7988 7986
f 7987 7989 7990 7988
f 7989 7991 7992 7990
f 7991 7969 7970 7992
f 7991 7989 7987 7985 7983 7981 7979 7977 7975 7973 7971 7969
f 7970 7972 7974 7976 7978 7980 7982 7984 7986 7988 7990 7992
v -63.5382 -34.1369 -0.1644
v -58.2327 -33.8594 -0.1644
v -63.5007 -34.8537 -0.3567
v -58.1952 -34.5763 -0.3567
v -63.4732 -35.3785 -0.8822
v -58.1678 -35.101 -0.8822
v -63.4632 -35.5706 -1.6
v -58.1577 -35.2931 -1.6
v -63.4732 -35.3785 -2.3178
v -58.1678 -35.101 -2.3178
v -63.5007 -34.8537 -2.8433
v -58.1952 -34.5763 -2.8433
v -63.5382 -34.1369 -3.0356
v -58.2327 -33.8594 -3.0356
v -63.5757 -33.4201 -2.8433
v -58.2702 -33.1426 -2.8433
v -63.6031 -32.8954 -2.3178
v -58.2977 -32.6179 -2.3178
v -63.6132 -32.7033 -1.6
v -58.3077 -32.4258 -1.6
v -63.6031 -32.8954 -0.8822
v -58.2977 -32.6179 -0.8822
v -63.5757 -33.4201 -0.3567
v -58.2702 -33.1426 -0.3567
f 7993 7995 7996 7994
f 7995 7997 7998 7996
f 7997 7999 8000 7998
f 7999 8001 8002 8000
f 8001 8003 8004 8002
f 8003 8005 8006 8004
f 8005 8007 8008 8006
f 8007 8009 8010 8008
f 8009 8011 8012 8010
f 8011 8013 8014 8012
f 8013 8015 8016 8014
f 8015 7993 7994 8016
f 8015 8013 8011 8009 8007 8005 8003 8001 7999 7997 7995 7993
f 7994 7996 7998 8000 8002 8004 8006 8008 8010 8012 8014 8016
v -58.2327 -33.8594 -0.1644
v -52.9273 -33.6316 -0.1644
v -58.2019 -34.5766 -0.3567
v -52.8965 -34.3487 -0.3567
v -58.1794 -35.1016 -0.8822
v -52.8739 -34.8737 -0.8822
v -58.1711 -35.2937 -1.6
v -52.8657 -35.0659 -1.6
v -58.1794 -35.1016 -2.3178
v -52.8739 -34.8737 -2.3178
v -58.2019 -34.5766 -2.8433
v -52.8965 -34.3487 -2.8433
v -58.2327 -33.8594 -3.0356
v -52.9273 -33.6316 -3.0356
v -58.2635 -33.1423 -2.8433
v -52.9581 -32.9144 -2.8433
v -58.2861 -32.6173 -2.3178
v -52.9806 -32.3895 -2.3178
v -58.2943 -32.4252 -1.6
v -52.9889 -32.1973 -1.6
v -58.2861 -32.6173 -0.8822
v -52.9806 -32.3895 -0.8822
v -58.2635 -33.1423 -0.3567
v -52.9581 -32.9144 -0.3567
f 8017 8019 8020 8018
f 8019 8021 8022 8020
f 8021 8023 8024 8022
f 8023 8025 8026 8024
f 8025 8027 8028 8026
f 8027 8029 8030 8028
f 8029 8031 8032 8030
f 8031 8033 8034 8032
f 8033 8035 8036 8034
f 8035 8037 8038 8036
f 8037 8039 8040 8038
f 8039 8017 8018 8040
f 8039 8037 8035 8033 8031 8029 8027 8025 8023 8021 8019 8017
f 8018 8020 8022 8024 8026 8028 8030 8032 8034 8036 8038 8040
v -52.9273 -33.6316 -0.1644
v -47.6218 -33.4431 -0.1644
v -52.9018 -34.3489 -0.3567
v -47.5963 -34.1605 -0.3567
v -52.8831 -34.8741 -0.8822
v -47.5777 -34.6856 -0.8822
v -52.8763 -35.0663 -1.6
v -47.5709 -34.8778 -1.6
v -52.8831 -34.8741 -2.3178
v -47.5777 -34.6856 -2.3178
v -52.9018 -34.3489 -2.8433
v -47.5963 -34.1605 -2.8433
v -52.9273 -33.6316 -3.0356
v -47.6218 -33.4431 -3.0356
v -52.9528 -32.9142 -2.8433
v -47.6473 -32.7258 -2.8433
v -52.9714 -32.3891 -2.3178
v -47.666 -32.2006 -2.3178
v -52.9782 -32.1969 -1.6
v -47.6728 -32.0084 -1.6
v -52.9714 -32.3891 -0.8822
v -47.666 -32.2006 -0.8822
v -52.9528 -32.9142 -0.3567
v -47.6473 -32.7258 -0.3567
f 8041 8043 8044 8042
f 8043 8045 8046 8044
f 8045 8047 8048 8046
f 8047 8049 8050 8048
f 8049 8051 8052 8050
f 8051 8053 8054 8052
f 8053 8055 8056 8054
f 8055 8057 8058 8056
f 8057 8059 8060 8058
f 8059 8061 8062 8060
f 8061 8063 8064 8062
f 8063 8041 8042 8064
f 8063 8061 8059 8057 8055 8053 8051 8049 8047 8045 8043 8041
f 8042 8044 8046 8048 8050 8052 8054 8056 8058 8060 8062 8064
v -47.6218 -33.4431 -0.1644
v -42.3164 -33.3306 -0.1644
v -47.6066 -34.1608 -0.3567
v -42.3011 -34.0482 -0.3567
v -47.5955 -34.6861 -0.8822
v -42.29 -34.5736 -0.8822
v -47.5914 -34.8784 -1.6
v -42.2859 -34.7659 -1.6
v -47.5955 -34.6861 -2.3178
v -42.29 -34.5736 -2.3178
v -47.6066 -34.1608 -2.8433
v -42.3011 -34.0482 -2.8433
v -47.6218 -33.4431 -3.0356
v -42.3164 -33.3306 -3.0356
v -47.637 -32.7255 -2.8433
v -42.3316 -32.613 -2.8433
v -47.6482 -32.2001 -2.3178
v -42.3427 -32.0876 -2.3178
v -47.6523 -32.0078 -1.6
v -42.3468 -31.8953 -1.6
v -47.6482 -32.2001 -0.8822
v -42.3427 -32.0876 -0.8822
v -47.637 -32.7255 -0.3567
v -42.3316 -32.613 -0.3567
f 8065 8067 8068 8066
f 8067 8069 8070 8068
f 8069 8071 8072 8070
f 8071 8073 8074 8072
f 8073 8075 8076 8074
f 8075 8077 8078 8076
f 8077 8079 8080 8078
f 8079 8081 8082 8080
f 8081 8083 8084 8082
f 8083 8085 8086 8084
f 8085 8087 8088 8086
f 8087 8065 8066 8088
f 8087 8085 8083 8081 8079 8077 8075 8073 8071 8069 8067 8065
f 8066 8068 8070 8072 8074 8076 8078 8080 8082 8084 8086 8088
v -42.3164 -33.3306 -0.1644
v -37.0109 -33.295 -0.1644
v -42.3115 -34.0484 -0.3567
v -37.0061 -34.0127 -0.3567
v -42.308 -34.5738 -0.8822
v -37.0026 -34.5382 -0.8822
v -42.3067 -34.7662 -1.6
v -37.0013 -34.7305 -1.6
v -42.308 -34.5738 -2.3178
v -37.0026 -34.5382 -2.3178
v -42.3115 -34.0484 -2.8433
v -37.0061 -34.0127 -2.8433
v -42.3164 -33.3306 -3.0356
v -37.0109 -33.295 -3.0356
v -42.3212 -32.6128 -2.8433
v -37.0157 -32.5772 -2.8433
v -42.3247 -32.0874 -2.3178
v -37.0193 -32.0517 -2.3178
v -42.326 -31.895 -1.6
v -37.0206 -31.8594 -1.6
v -42.3247 -32.0874 -0.8822
v -37.0193 -32.0517 -0.8822
v -42.3212 -32.6128 -0.3567
v -37.0157 -32.5772 -0.3567
f 8089 8091 8092 8090
f 8091 8093 8094 8092
f 8093 8095 8096 8094
f 8095 8097 8098 8096
f 8097 8099 8100 8098
f 8099 8101 8102 8100
f 8101 8103 8104 8102
f 8103 8105 8106 8104
f 8105 8107 8108 8106
f 8107 8109 8110 8108
f 8109 8111 8112 8110
f 8111 8089 8090 8112
f 8111 8109 8107 8105 8103 8101 8099 8097 8095 8093 8091 8089
f 8090 8092 8094 8096 8098 8100 8102 8104 8106 8108 8110 8112
v -37.0109 -33.295 -0.1644
v -31.7055 -33.3153 -0.1644
v -37.0137 -34.0128 -0.3567
v -31.7082 -34.0331 -0.3567
v -37.0157 -34.5382 -0.8822
v -31.7102 -34.5586 -0.8822
v -37.0164 -34.7305 -1.6
v -31.711 -34.7509 -1.6
v -37.0157 -34.5382 -2.3178
v -31.7102 -34.5586 -2.3178
v -37.0137 -34.0128 -2.8433
v -31.7082 -34.0331 -2.8433
v -37.0109 -33.295 -3.0356
v -31.7055 -33.3153 -3.0356
v -37.0082 -32.5772 -2.8433
v -31.7027 -32.5975 -2.8433
v -37.0061 -32.0517 -2.3178
v -31.7007 -32.0721 -2.3178
v -37.0054 -31.8594 -1.6
v -31.6999 -31.8797 -1.6
v -37.0061 -32.0517 -0.8822
v -31.7007 -32.0721 -0.8822
v -37.0082 -32.5772 -0.3567
v -31.7027 -32.5975 -0.3567
f 8113 8115 8116 8114
f 8115 8117 8118 8116
f 8117 8119 8120 8118
f 8119 8121 8122 8120
f 8121 8123 8124 8122
f 8123 8125 8126 8124
f 8125 8127 8128 8126
f 8127 8129 8130 8128
f 8129 8131 8132 8130
f 8131 8133 8134 8132
f 8133 8135 8136 8134
f 8135 8113 8114 8136
f 8135 8133 8131 8129 8127 8125 8123 8121 8119 8117 8115 8113
f 8114 8116 8118 8120 8122 8124 8126 8128 8130 8132 8134 8136
v -31.7055 -33.3153 -0.1644
v -26.4 -33.4319 -0.1644
v -31.7212 -34.0329 -0.3567
v -26.4158 -34.1495 -0.3567
v -31.7328 -34.5583 -0.8822
v -26.4273 -34.6749 -0.8822
v -31.737 -34.7506 -1.6
v -26.4315 -34.8672 -1.6
v -31.7328 -34.5583 -2.3178
v -26.4273 -34.6749 -2.3178
v -31.7212 -34.0329 -2.8433
v -26.4158 -34.1495 -2.8433
v -31.7055 -33.3153 -3.0356
v -26.4 -33.4319 -3.0356
v -31.6897 -32.5977 -2.8433
v -26.3842 -32.7143 -2.8433
v -31.6781 -32.0723 -2.3178
v -26.3727 -32.1889 -2.3178
v -31.6739 -31.8801 -1.6
v -26.3685 -31.9967 -1.6
v -31.6781 -32.0723 -0.8822
v -26.3727 -32.1889 -0.8822
v -31.6897 -32.5977 -0.3567
v -26.3842 -32.7143 -0.3567
f 8137 8139 8140 8138
f 8139 8141 8142 8140
f 8141 8143 8144 8142
f 8143 8145 8146 8144
f 8145 8147 8148 8146
f 8147 8149 8150 8148
f 8149 8151 8152 8150
f 8151 8153 8154 8152
f 8153 8155 8156 8154
f 8155 8157 8158 8156
f 8157 8159 8160 8158
f 8159 8137 8138 8160
f 8159 8157 8155 8153 8151 8149 8147 8145 8143 8141 8139 8137
f 8138 8140 8142 8144 8146 8148 8150 8152 8154 8156 8158 8160
o Edge_22
v -26.4 -33.4319 -0.1644
v -21.2667 -32.5793 -0.1644
v -26.2824 -34.14 -0.3567
v -21.1491 -33.2874 -0.3567
v -26.1963 -34.6584 -0.8822
v -21.063 -33.8058 -0.8822
v -26.1648 -34.8481 -1.6
v -21.0314 -33.9955 -1.6
v -26.1963 -34.6584 -2.3178
v -21.063 -33.8058 -2.3178
v -26.2824 -34.14 -2.8433
v -21.1491 -33.2874 -2.8433
v -26.4 -33.4319 -3.0356
v -21.2667 -32.5793 -3.0356
v -26.5176 -32.7238 -2.8433
v -21.3843 -31.8712 -2.8433
v -26.6037 -32.2054 -2.3178
v -21.4704 -31.3528 -2.3178
v -26.6352 -32.0157 -1.6
v -21.5019 -31.1631 -1.6
v -26.6037 -32.2054 -0.8822
v -21.4704 -31.3528 -0.8822
v -26.5176 -32.7238 -0.3567
v -21.3843 -31.8712 -0.3567
f 8161 8163 8164 8162
f 8163 8165 8166 8164
f 8165 8167 8168 8166
f 8167 8169 8170 8168
f 8169 8171 8172 8170
f 8171 8173 8174 8172
f 8173 8175 8176 8174
f 8175 8177 8178 8176
f 8177 8179 8180 8178
f 8179 8181 8182 8180
f 8181 8183 8184 8182
f 8183 8161 8162 8184
f 8183 8181 8179 8177 8175 8173 8171 8169 8167 8165 8163 8161
f 8162 8164 8166 8168 8170 8172 8174 8176 8178 8180 8182 8184
v -21.2667 -32.5793 -0.1644
v -16.1333 -31.7267 -0.1644
v -21.1491 -33.2874 -0.3567
v -16.0157 -32.4348 -0.3567
v -21.063 -33.8058 -0.8822
v -15.9296 -32.9532 -0.8822
v -21.0314 -33.9955 -1.6
v -15.8981 -33.1429 -1.6
v -21.063 -33.8058 -2.3178
v -15.9296 -32.9532 -2.3178
v -21.1491 -33.2874 -2.8433
v -16.0157 -32.4348 -2.8433
v -21.2667 -32.5793 -3.0356
v -16.1333 -31.7267 -3.0356
v -21.3843 -31.8712 -2.8433
v -16.2509 -31.0186 -2.8433
v -21.4704 -31.3528 -2.3178
v -16.337 -30.5002 -2.3178
v -21.5019 -31.1631 -1.6
v -16.3686 -30.3105 -1.6
v -21.4704 -31.3528 -0.8822
v -16.337 -30.5002 -0.8822
v -21.3843 -31.8712 -0.3567
v -16.2509 -31.0186 -0.3567
f 8185 8187 8188 8186
f 8187 8189 8190 8188
f 8189 8191 8192 8190
f 8191 8193 8194 8192
f 8193 8195 8196 8194
f 8195 8197 8198 8196
f 8197 8199 8200 8198
f 8199 8201 8202 8200
f 8201 8203 8204 8202
f 8203 8205 8206 8204
f 8205 8207 8208 8206
f 8207 8185 8186 8208
f 8207 8205 8203 8201 8199 8197 8195 8193 8191 8189 8187 8185
f 8186 8188 8190 8192 8194 8196 8198 8200 8202 8204 8206 8208
v -16.1333 -31.7267 -0.1644
v -11 -31.9934 -0.1644
v -16.1706 -32.4435 -0.3567
v -11.0372 -32.7102 -0.3567
v -16.1978 -32.9683 -0.8822
v -11.0645 -33.2349 -0.8822
v -16.2078 -33.1604 -1.6
v -11.0745 -33.427 -1.6
v -16.1978 -32.9683 -2.3178
v -11.0645 -33.2349 -2.3178
v -16.1706 -32.4435 -2.8433
v -11.0372 -32.7102 -2.8433
v -16.1333 -31.7267 -3.0356
v -11 -31.9934 -3.0356
v -16.0961 -31.0099 -2.8433
v -10.9628 -31.2765 -2.8433
v -16.0688 -30.4851 -2.3178
v -10.9355 -30.7518 -2.3178
v -16.0589 -30.293 -1.6
v -10.9255 -30.5597 -1.6
v -16.0688 -30.4851 -0.8822
v -10.9355 -30.7518 -0.8822
v -16.0961 -31.0099 -0.3567
v -10.9628 -31.2765 -0.3567
f 8209 8211 8212 8210
f 8211 8213 8214 8212
f 8213 8215 8216 8214
f 8215 8217 8218 8216
f 8217 8219 8220 8218
f 8219 8221 8222 8220
f 8221 8223 8224 8222
f 8223 8225 8226 8224
f 8225 8227 8228 8226
f 8227 8229 8230 8228
f 8229 8231 8232 8230
f 8231 8209 8210 8232
f 8231 8229 8227 8225 8223 8221 8219 8217 8215 8213 8211 8209
f 8210 8212 8214 8216 8218 8220 8222 8224 8226 8228 8230 8232
o Edge_23
v -11 -31.9934 -0.1644
v -5.5 -32.2729 -0.1644
v -11.0364 -32.7102 -0.3567
v -5.5364 -32.9898 -0.3567
v -11.0631 -33.235 -0.8822
v -5.5631 -33.5146 -0.8822
v -11.0729 -33.4271 -1.6
v -5.5729 -33.7067 -1.6
v -11.0631 -33.235 -2.3178
v -5.5631 -33.5146 -2.3178
v -11.0364 -32.7102 -2.8433
v -5.5364 -32.9898 -2.8433
v -11 -31.9934 -3.0356
v -5.5 -32.2729 -3.0356
v -10.9636 -31.2765 -2.8433
v -5.4636 -31.556 -2.8433
v -10.9369 -30.7517 -2.3178
v -5.4369 -31.0312 -2.3178
v -10.9271 -30.5596 -1.6
v -5.4271 -30.8392 -1.6
v -10.9369 -30.7517 -0.8822
v -5.4369 -31.0312 -0.8822
v -10.9636 -31.2765 -0.3567
v -5.4636 -31.556 -0.3567
f 8233 8235 8236 8234
f 8235 8237 8238 8236
f 8237 8239 8240 8238
f 8239 8241 8242 8240
f 8241 8243 8244 8242
f 8243 8245 8246 8244
f 8245 8247 8248 8246
f 8247 8249 8250 8248
f 8249 8251 8252 8250
f 8251 8253 8254 8252
f 8253 8255 8256 8254
f 8255 8233 8234 8256
f 8255 8253 8251 8249 8247 8245 8243 8241 8239 8237 8235 8233
f 8234 8236 8238 8240 8242 8244 8246 8248 8250 8252 8254 8256
v -5.5 -32.2729 -0.1644
v 0 -32.5433 -0.1644
v -5.5352 -32.9898 -0.3567
v -0.0352 -33.2603 -0.3567
v -5.5611 -33.5147 -0.8822
v -0.0611 -33.7851 -0.8822
v -5.5705 -33.7068 -1.6
v -0.0705 -33.9772 -1.6
v -5.5611 -33.5147 -2.3178
v -0.0611 -33.7851 -2.3178
v -5.5352 -32.9898 -2.8433
v -0.0352 -33.2603 -2.8433
v -5.5 -32.2729 -3.0356
v 0 -32.5433 -3.0356
v -5.4648 -31.556 -2.8433
v 0.0352 -31.8264 -2.8433
v -5.4389 -31.0311 -2.3178
v 0.0611 -31.3016 -2.3178
v -5.4295 -30.839 -1.6
v 0.0705 -31.1095 -1.6
v -5.4389 -31.0311 -0.8822
v 0.0611 -31.3016 -0.8822
v -5.4648 -31.556 -0.3567
v 0.0352 -31.8264 -0.3567
f 8257 8259 8260 8258
f 8259 8261 8262 8260
f 8261 8263 8264 8262
f 8263 8265 8266 8264
f 8265 8267 8268 8266
f 8267 8269 8270 8268
f 8269 8271 8272 8270
f 8271 8273 8274 8272
f 8273 8275 8276 8274
f 8275 8277 8278 8276
f 8277 8279 8280 8278
f 8279 8257 8258 8280
f 8279 8277 8275 8273 8271 8269 8267 8265 8263 8261 8259 8257
f 8258 8260 8262 8264 8266 8268 8270 8272 8274 8276 8278 8280
v 0 -32.5433 -0.1644
v 5.5 -32.7772 -0.1644
v -0.0305 -33.2605 -0.3567
v 5.4695 -33.4944 -0.3567
v -0.0528 -33.7855 -0.8822
v 5.4472 -34.0193 -0.8822
v -0.061 -33.9776 -1.6
v 5.439 -34.2115 -1.6
v -0.0528 -33.7855 -2.3178
v 5.4472 -34.0193 -2.3178
v -0.0305 -33.2605 -2.8433
v 5.4695 -33.4944 -2.8433
v 0 -32.5433 -3.0356
v 5.5 -32.7772 -3.0356
v 0.0305 -31.8262 -2.8433
v 5.5305 -32.06 -2.8433
v 0.0528 -31.3012 -2.3178
v 5.5528 -31.5351 -2.3178
v 0.061 -31.109 -1.6
v 5.561 -31.3429 -1.6
v 0.0528 -31.3012 -0.8822
v 5.5528 -31.5351 -0.8822
v 0.0305 -31.8262 -0.3567
v 5.5305 -32.06 -0.3567
f 8281 8283 8284 8282
f 8283 8285 8286 8284
f 8285 8287 8288 8286
f 8287 8289 8290 8288
f 8289 8291 8292 8290
f 8291 8293 8294 8292
f 8293 8295 8296 8294
f 8295 8297 8298 8296
f 8297 8299 8300 8298
f 8299 8301 8302 8300
f 8301 8303 8304 8302
f 8303 8281 8282 8304
f 8303 8301 8299 8297 8295 8293 8291 8289 8287 8285 8283 8281
f 8282 8284 8286 8288 8290 8292 8294 8296 8298 8300 8302 8304
v 5.5 -32.7772 -0.1644
v 11 -33.0394 -0.1644
v 5.4658 -33.4942 -0.3567
v 10.9658 -33.7564 -0.3567
v 5.4408 -34.0191 -0.8822
v 10.9408 -34.2813 -0.8822
v 5.4316 -34.2112 -1.6
v 10.9316 -34.4734 -1.6
v 5.4408 -34.0191 -2.3178
v 10.9408 -34.2813 -2.3178
v 5.4658 -33.4942 -2.8433
v 10.9658 -33.7564 -2.8433
v 5.5 -32.7772 -3.0356
v 11 -33.0394 -3.0356
v 5.5342 -32.0602 -2.8433
v 11.0342 -32.3224 -2.8433
v 5.5592 -31.5353 -2.3178
v 11.0592 -31.7976 -2.3178
v 5.5684 -31.3432 -1.6
v 11.0684 -31.6054 -1.6
v 5.5592 -31.5353 -0.8822
v 11.0592 -31.7976 -0.8822
v 5.5342 -32.0602 -0.3567
v 11.0342 -32.3224 -0.3567
f 8305 8307 8308 8306
f 8307 8309 8310 8308
f 8309 8311 8312 8310
f 8311 8313 8314 8312
f 8313 8315 8316 8314
f 8315 8317 8318 8316
f 8317 8319 8320 8318
f 8319 8321 8322 8320
f 8321 8323 8324 8322
f 8323 8325 8326 8324
f 8325 8327 8328 8326
f 8327 8305 8306 8328
f 8327 8325 8323 8321 8319 8317 8315 8313 8311 8309 8307 8305
f 8306 8308 8310 8312 8314 8316 8318 8320 8322 8324 8326 8328
o Edge_24
v 11 -33.0394 -0.1644
v 16.1333 -33.3075 -0.1644
v 10.9626 -33.7562 -0.3567
v 16.0959 -34.0243 -0.3567
v 10.9352 -34.281 -0.8822
v 16.0685 -34.549 -0.8822
v 10.9251 -34.4731 -1.6
v 16.0585 -34.7411 -1.6
v 10.9352 -34.281 -2.3178
v 16.0685 -34.549 -2.3178
v 10.9626 -33.7562 -2.8433
v 16.0959 -34.0243 -2.8433
v 11 -33.0394 -3.0356
v 16.1333 -33.3075 -3.0356
v 11.0374 -32.3226 -2.8433
v 16.1708 -32.5906 -2.8433
v 11.0648 -31.7978 -2.3178
v 16.1982 -32.0659 -2.3178
v 11.0749 -31.6058 -1.6
v 16.2082 -31.8738 -1.6
v 11.0648 -31.7978 -0.8822
v 16.1982 -32.0659 -0.8822
v 11.0374 -32.3226 -0.3567
v 16.1708 -32.5906 -0.3567
f 8329 8331 8332 8330
f 8331 8333 8334 8332
f 8333 8335 8336 8334
f 8335 8337 8338 8336
f 8337 8339 8340 8338
f 8339 8341 8342 8340
f 8341 8343 8344 8342
f 8343 8345 8346 8344
f 8345 8347 8348 8346
f 8347 8349 8350 8348
f 8349 8351 8352 8350
f 8351 8329 8330 8352
f 8351 8349 8347 8345 8343 8341 8339 8337 8335 8333 8331 8329
f 8330 8332 8334 8336 8338 8340 8342 8344 8346 8348 8350 8352
v 16.1333 -33.3075 -0.1644
v 21.2667 -33.6237 -0.1644
v 16.0892 -34.0239 -0.3567
v 21.2225 -34.3401 -0.3567
v 16.0569 -34.5484 -0.8822
v 21.1902 -34.8646 -0.8822
v 16.0451 -34.7404 -1.6
v 21.1784 -35.0566 -1.6
v 16.0569 -34.5484 -2.3178
v 21.1902 -34.8646 -2.3178
v 16.0892 -34.0239 -2.8433
v 21.2225 -34.3401 -2.8433
v 16.1333 -33.3075 -3.0356
v 21.2667 -33.6237 -3.0356
v 16.1775 -32.591 -2.8433
v 21.3108 -32.9072 -2.8433
v 16.2098 -32.0665 -2.3178
v 21.3431 -32.3828 -2.3178
v 16.2216 -31.8746 -1.6
v 21.3549 -32.1908 -1.6
v 16.2098 -32.0665 -0.8822
v 21.3431 -32.3828 -0.8822
v 16.1775 -32.591 -0.3567
v 21.3108 -32.9072 -0.3567
f 8353 8355 8356 8354
f 8355 8357 8358 8356
f 8357 8359 8360 8358
f 8359 8361 8362 8360
f 8361 8363 8364 8362
f 8363 8365 8366 8364
f 8365 8367 8368 8366
f 8367 8369 8370 8368
f 8369 8371 8372 8370
f 8371 8373 8374 8372
f 8373 8375 8376 8374
f 8375 8353 8354 8376
f 8375 8373 8371 8369 8367 8365 8363 8361 8359 8357 8355 8353
f 8354 8356 8358 8360 8362 8364 8366 8368 8370 8372 8374 8376
v 21.2667 -33.6237 -0.1644
v 26.4 -33.9612 -0.1644
v 21.2196 -34.3399 -0.3567
v 26.3529 -34.6774 -0.3567
v 21.1851 -34.8643 -0.8822
v 26.3184 -35.2018 -0.8822
v 21.1725 -35.0562 -1.6
v 26.3058 -35.3937 -1.6
v 21.1851 -34.8643 -2.3178
v 26.3184 -35.2018 -2.3178
v 21.2196 -34.3399 -2.8433
v 26.3529 -34.6774 -2.8433
v 21.2667 -33.6237 -3.0356
v 26.4 -33.9612 -3.0356
v 21.3138 -32.9074 -2.8433
v 26.4471 -33.2449 -2.8433
v 21.3482 -32.3831 -2.3178
v 26.4816 -32.7206 -2.3178
v 21.3608 -32.1912 -1.6
v 26.4942 -32.5287 -1.6
v 21.3482 -32.3831 -0.8822
v 26.4816 -32.7206 -0.8822
v 21.3138 -32.9074 -0.3567
v 26.4471 -33.2449 -0.3567
f 8377 8379 8380 8378
f 8379 8381 8382 8380
f 8381 8383 8384 8382
f 8383 8385 8386 8384
f 8385 8387 8388 8386
f 8387 8389 8390 8388
f 8389 8391 8392 8390
f 8391 8393 8394 8392
f 8393 8395 8396 8394
f 8395 8397 8398 8396
f 8397 8399 8400 8398
f 8399 8377 8378 8400
f 8399 8397 8395 8393 8391 8389 8387 8385 8383 8381 8379 8377
f 8378 8380 8382 8384 8386 8388 8390 8392 8394 8396 8398 8400
o Edge_25
v 26.4 -33.9612 -0.1644
v 31.7055 -34.335 -0.1644
v 26.3495 -34.6772 -0.3567
v 31.655 -35.051 -0.3567
v 26.3126 -35.2014 -0.8822
v 31.6181 -35.5752 -0.8822
v 26.2991 -35.3932 -1.6
v 31.6045 -35.7671 -1.6
v 26.3126 -35.2014 -2.3178
v 31.6181 -35.5752 -2.3178
v 26.3495 -34.6772 -2.8433
v 31.655 -35.051 -2.8433
v 26.4 -33.9612 -3.0356
v 31.7055 -34.335 -3.0356
v 26.4505 -33.2451 -2.8433
v 31.7559 -33.619 -2.8433
v 26.4874 -32.721 -2.3178
v 31.7928 -33.0948 -2.3178
v 26.5009 -32.5291 -1.6
v 31.8064 -32.903 -1.6
v 26.4874 -32.721 -0.8822
v 31.7928 -33.0948 -0.8822
v 26.4505 -33.2451 -0.3567
v 31.7559 -33.619 -0.3567
f 8401 8403 8404 8402
f 8403 8405 8406 8404
f 8405 8407 8408 8406
f 8407 8409 8410 8408
f 8409 8411 8412 8410
f 8411 8413 8414 8412
f 8413 8415 8416 8414
f 8415 8417 8418 8416
f 8417 8419 8420 8418
f 8419 8421 8422 8420
f 8421 8423 8424 8422
f 8423 8401 8402 8424
f 8423 8421 8419 8417 8415 8413 8411 8409 8407 8405 8403 8401
f 8402 8404 8406 8408 8410 8412 8414 8416 8418 8420 8422 8424
v 31.7055 -34.335 -0.1644
v 37.0109 -34.7439 -0.1644
v 31.6503 -35.0507 -0.3567
v 36.9558 -35.4596 -0.3567
v 31.6099 -35.5746 -0.8822
v 36.9154 -35.9835 -0.8822
v 31.5951 -35.7664 -1.6
v 36.9006 -36.1753 -1.6
v 31.6099 -35.5746 -2.3178
v 36.9154 -35.9835 -2.3178
v 31.6503 -35.0507 -2.8433
v 36.9558 -35.4596 -2.8433
v 31.7055 -34.335 -3.0356
v 37.0109 -34.7439 -3.0356
v 31.7606 -33.6193 -2.8433
v 37.0661 -34.0282 -2.8433
v 31.801 -33.0954 -2.3178
v 37.1064 -33.5043 -2.3178
v 31.8158 -32.9037 -1.6
v 37.1212 -33.3125 -1.6
v 31.801 -33.0954 -0.8822
v 37.1064 -33.5043 -0.8822
v 31.7606 -33.6193 -0.3567
v 37.0661 -34.0282 -0.3567
f 8425 8427 8428 8426
f 8427 8429 8430 8428
f 8429 8431 8432 8430
f 8431 8433 8434 8432
f 8433 8435 8436 8434
f 8435 8437 8438 8436
f 8437 8439 8440 8438
f 8439 8441 8442 8440
f 8441 8443 8444 8442
f 8443 8445 8446 8444
f 8445 8447 8448 8446
f 8447 8425 8426 8448
f 8447 8445 8443 8441 8439 8437 8435 8433 8431 8429 8427 8425
f 8426 8428 8430 8432 8434 8436 8438 8440 8442 8444 8446 8448
v 37.0109 -34.7439 -0.1644
v 42.3164 -35.1641 -0.1644
v 36.9542 -35.4595 -0.3567
v 42.2597 -35.8797 -0.3567
v 36.9127 -35.9833 -0.8822
v 42.2182 -36.4035 -0.8822
v 36.8976 -36.175 -1.6
v 42.203 -36.5952 -1.6
v 36.9127 -35.9833 -2.3178
v 42.2182 -36.4035 -2.3178
v 36.9542 -35.4595 -2.8433
v 42.2597 -35.8797 -2.8433
v 37.0109 -34.7439 -3.0356
v 42.3164 -35.1641 -3.0356
v 37.0676 -34.0283 -2.8433
v 42.373 -34.4485 -2.8433
v 37.1091 -33.5045 -2.3178
v 42.4145 -33.9247 -2.3178
v 37.1243 -33.3128 -1.6
v 42.4297 -33.733 -1.6
v 37.1091 -33.5045 -0.8822
v 42.4145 -33.9247 -0.8822
v 37.0676 -34.0283 -0.3567
v 42.373 -34.4485 -0.3567
f 8449 8451 8452 8450
f 8451 8453 8454 8452
f 8453 8455 8456 8454
f 8455 8457 8458 8456
f 8457 8459 8460 8458
f 8459 8461 8462 8460
f 8461 8463 8464 8462
f 8463 8465 8466 8464
f 8465 8467 8468 8466
f 8467 8469 8470 8468
f 8469 8471 8472 8470
f 8471 8449 8450 8472
f 8471 8469 8467 8465 8463 8461 8459 8457 8455 8453 8451 8449
f 8450 8452 8454 8456 8458 8460 8462 8464 8466 8468 8470 8472
v 42.3164 -35.1641 -0.1644
v 47.6218 -35.5962 -0.1644
v 42.2581 -35.8795 -0.3567
v 47.5635 -36.3117 -0.3567
v 42.2154 -36.4033 -0.8822
v 47.5209 -36.8354 -0.8822
v 42.1998 -36.595 -1.6
v 47.5053 -37.0271 -1.6
v 42.2154 -36.4033 -2.3178
v 47.5209 -36.8354 -2.3178
v 42.2581 -35.8795 -2.8433
v 47.5635 -36.3117 -2.8433
v 42.3164 -35.1641 -3.0356
v 47.6218 -35.5962 -3.0356
v 42.3746 -34.4487 -2.8433
v 47.6801 -34.8808 -2.8433
v 42.4173 -33.9249 -2.3178
v 47.7227 -34.3571 -2.3178
v 42.4329 -33.7332 -1.6
v 47.7384 -34.1654 -1.6
v 42.4173 -33.9249 -0.8822
v 47.7227 -34.3571 -0.8822
v 42.3746 -34.4487 -0.3567
v 47.6801 -34.8808 -0.3567
f 8473 8475 8476 8474
f 8475 8477 8478 8476
f 8477 8479 8480 8478
f 8479 8481 8482 8480
f 8481 8483 8484 8482
f 8483 8485 8486 8484
f 8485 8487 8488 8486
f 8487 8489 8490 8488
f 8489 8491 8492 8490
f 8491 8493 8494 8492
f 8493 8495 8496 8494
f 8495 8473 8474 8496
f 8495 8493 8491 8489 8487 8485 8483 8481 8479 8477 8475 8473
f 8474 8476 8478 8480 8482 8484 8486 8488 8490 8492 8494 8496
v 47.6218 -35.5962 -0.1644
v 52.9273 -36.0291 -0.1644
v 47.5634 -36.3116 -0.3567
v 52.8689 -36.7445 -0.3567
v 47.5207 -36.8354 -0.8822
v 52.8262 -37.2683 -0.8822
v 47.5051 -37.0271 -1.6
v 52.8105 -37.46 -1.6
v 47.5207 -36.8354 -2.3178
v 52.8262 -37.2683 -2.3178
v 47.5634 -36.3116 -2.8433
v 52.8689 -36.7445 -2.8433
v 47.6218 -35.5962 -3.0356
v 52.9273 -36.0291 -3.0356
v 47.6802 -34.8808 -2.8433
v 52.9856 -35.3137 -2.8433
v 47.7229 -34.3571 -2.3178
v 53.0284 -34.79 -2.3178
v 47.7386 -34.1654 -1.6
v 53.044 -34.5983 -1.6
v 47.7229 -34.3571 -0.8822
v 53.0284 -34.79 -0.8822
v 47.6802 -34.8808 -0.3567
v 52.9856 -35.3137 -0.3567
f 8497 8499 8500 8498
f 8499 8501 8502 8500
f 8501 8503 8504 8502
f 8503 8505 8506 8504
f 8505 8507 8508 8506
f 8507 8509 8510 8508
f 8509 8511 8512 8510
f 8511 8513 8514 8512
f 8513 8515 8516 8514
f 8515 8517 8518 8516
f 8517 8519 8520 8518
f 8519 8497 8498 8520
f 8519 8517 8515 8513 8511 8509 8507 8505 8503 8501 8499 8497
f 8498 8500 8502 8504 8506 8508 8510 8512 8514 8516 8518 8520
v 52.9273 -36.0291 -0.1644
v 58.2327 -36.4532 -0.1644
v 52.8701 -36.7446 -0.3567
v 58.1755 -37.1687 -0.3567
v 52.8282 -37.2684 -0.8822
v 58.1337 -37.6925 -0.8822
v 52.8129 -37.4602 -1.6
v 58.1183 -37.8842 -1.6
v 52.8282 -37.2684 -2.3178
v 58.1337 -37.6925 -2.3178
v 52.8701 -36.7446 -2.8433
v 58.1755 -37.1687 -2.8433
v 52.9273 -36.0291 -3.0356
v 58.2327 -36.4532 -3.0356
v 52.9845 -35.3136 -2.8433
v 58.2899 -35.7377 -2.8433
v 53.0263 -34.7898 -2.3178
v 58.3318 -35.2139 -2.3178
v 53.0417 -34.5981 -1.6
v 58.3471 -35.0222 -1.6
v 53.0263 -34.7898 -0.8822
v 58.3318 -35.2139 -0.8822
v 52.9845 -35.3136 -0.3567
v 58.2899 -35.7377 -0.3567
f 8521 8523 8524 8522
f 8523 8525 8526 8524
f 8525 8527 8528 8526
f 8527 8529 8530 8528
f 8529 8531 8532 8530
f 8531 8533 8534 8532
f 8533 8535 8536 8534
f 8535 8537 8538 8536
f 8537 8539 8540 8538
f 8539 8541 8542 8540
f 8541 8543 8544 8542
f 8543 8521 8522 8544
f 8543 8541 8539 8537 8535 8533 8531 8529 8527 8525 8523 8521
f 8522 8524 8526 8528 8530 8532 8534 8536 8538 8540 8542 8544
v 58.2327 -36.4532 -0.1644
v 63.5382 -36.8651 -0.1644
v 58.1772 -37.1688 -0.3567
v 63.4826 -37.5807 -0.3567
v 58.1365 -37.6927 -0.8822
v 63.442 -38.1046 -0.8822
v 58.1216 -37.8845 -1.6
v 63.4271 -38.2964 -1.6
v 58.1365 -37.6927 -2.3178
v 63.442 -38.1046 -2.3178
v 58.1772 -37.1688 -2.8433
v 63.4826 -37.5807 -2.8433
v 58.2327 -36.4532 -3.0356
v 63.5382 -36.8651 -3.0356
v 58.2883 -35.7376 -2.8433
v 63.5937 -36.1494 -2.8433
v 58.329 -35.2137 -2.3178
v 63.6344 -35.6255 -2.3178
v 58.3438 -35.0219 -1.6
v 63.6493 -35.4338 -1.6
v 58.329 -35.2137 -0.8822
v 63.6344 -35.6255 -0.8822
v 58.2883 -35.7376 -0.3567
v 63.5937 -36.1494 -0.3567
f 8545 8547 8548 8546
f 8547 8549 8550 8548
f 8549 8551 8552 8550
f 8551 8553 8554 8552
f 8553 8555 8556 8554
f 8555 8557 8558 8556
f 8557 8559 8560 8558
f 8559 8561 8562 8560
f 8561 8563 8564 8562
f 8563 8565 8566 8564
f 8565 8567 8568 8566
f 8567 8545 8546 8568
f 8567 8565 8563 8561 8559 8557 8555 8553 8551 8549 8547 8545
f 8546 8548 8550 8552 8554 8556 8558 8560 8562 8564 8566 8568
v 63.5382 -36.8651 -0.1644
v 68.8436 -37.2393 -0.1644
v 63.4877 -37.5811 -0.3567
v 68.7931 -37.9554 -0.3567
v 63.4507 -38.1053 -0.8822
v 68.7561 -38.4795 -0.8822
v 63.4372 -38.2971 -1.6
v 68.7426 -38.6714 -1.6
v 63.4507 -38.1053 -2.3178
v 68.7561 -38.4795 -2.3178
v 63.4877 -37.5811 -2.8433
v 68.7931 -37.9554 -2.8433
v 63.5382 -36.8651 -3.0356
v 68.8436 -37.2393 -3.0356
v 63.5887 -36.149 -2.8433
v 68.8941 -36.5233 -2.8433
v 63.6257 -35.6249 -2.3178
v 68.9311 -35.9991 -2.3178
v 63.6392 -35.433 -1.6
v 68.9447 -35.8073 -1.6
v 63.6257 -35.6249 -0.8822
v 68.9311 -35.9991 -0.8822
v 63.5887 -36.149 -0.3567
v 68.8941 -36.5233 -0.3567
f 8569 8571 8572 8570
f 8571 8573 8574 8572
f 8573 8575 8576 8574
f 8575 8577 8578 8576
f 8577 8579 8580 8578
f 8579 8581 8582 8580
f 8581 8583 8584 8582
f 8583 8585 8586 8584
f 8585 8587 8588 8586
f 8587 8589 8590 8588
f 8589 8591 8592 8590
f 8591 8569 8570 8592
f 8591 8589 8587 8585 8583 8581 8579 8577 8575 8573 8571 8569
f 8570 8572 8574 8576 8578 8580 8582 8584 8586 8588 8590 8592
v 68.8436 -37.2393 -0.1644
v 74.1491 -37.5872 -0.1644
v 68.7967 -37.9556 -0.3567
v 74.1021 -38.3034 -0.3567
v 68.7623 -38.4799 -0.8822
v 74.0678 -38.8278 -0.8822
v 68.7497 -38.6719 -1.6
v 74.0552 -39.0197 -1.6
v 68.7623 -38.4799 -2.3178
v 74.0678 -38.8278 -2.3178
v 68.7967 -37.9556 -2.8433
v 74.1021 -38.3034 -2.8433
v 68.8436 -37.2393 -3.0356
v 74.1491 -37.5872 -3.0356
v 68.8906 -36.5231 -2.8433
v 74.1961 -36.8709 -2.8433
v 68.925 -35.9987 -2.3178
v 74.2304 -36.3466 -2.3178
v 68.9376 -35.8068 -1.6
v 74.243 -36.1547 -1.6
v 68.925 -35.9987 -0.8822
v 74.2304 -36.3466 -0.8822
v 68.8906 -36.5231 -0.3567
v 74.1961 -36.8709 -0.3567
f 8593 8595 8596 8594
f 8595 8597 8598 8596
f 8597 8599 8600 8598
f 8599 8601 8602 8600
f 8601 8603 8604 8602
f 8603 8605 8606 8604
f 8605 8607 8608 8606
f 8607 8609 8610 8608
f 8609 8611 8612 8610
f 8611 8613 8614 8612
f 8613 8615 8616 8614
f 8615 8593 8594 8616
f 8615 8613 8611 8609 8607 8605 8603 8601 8599 8597 8595 8593
f 8594 8596 8598 8600 8602 8604 8606 8608 8610 8612 8614 8616
v 74.1491 -37.5872 -0.1644
v 79.4545 -37.9015 -0.1644
v 74.1066 -38.3037 -0.3567
v 79.4121 -38.618 -0.3567
v 74.0756 -38.8283 -0.8822
v 79.381 -39.1426 -0.8822
v 74.0642 -39.0203 -1.6
v 79.3696 -39.3346 -1.6
v 74.0756 -38.8283 -2.3178
v 79.381 -39.1426 -2.3178
v 74.1066 -38.3037 -2.8433
v 79.4121 -38.618 -2.8433
v 74.1491 -37.5872 -3.0356
v 79.4545 -37.9015 -3.0356
v 74.1915 -36.8706 -2.8433
v 79.497 -37.1849 -2.8433
v 74.2226 -36.3461 -2.3178
v 79.5281 -36.6604 -2.3178
v 74.234 -36.1541 -1.6
v 79.5394 -36.4684 -1.6
v 74.2226 -36.3461 -0.8822
v 79.5281 -36.6604 -0.8822
v 74.1915 -36.8706 -0.3567
v 79.497 -37.1849 -0.3567
f 8617 8619 8620 8618
f 8619 8621 8622 8620
f 8621 8623 8624 8622
f 8623 8625 8626 8624
f 8625 8627 8628 8626
f 8627 8629 8630 8628
f 8629 8631 8632 8630
f 8631 8633 8634 8632
f 8633 8635 8636 8634
f 8635 8637 8638 8636
f 8637 8639 8640 8638
f 8639 8617 8618 8640
f 8639 8637 8635 8633 8631 8629 8627 8625 8623 8621 8619 8617
f 8618 8620 8622 8624 8626 8628 8630 8632 8634 8636 8638 8640
v 79.4545 -37.9015 -0.1644
v 84.76 -38.1577 -0.1644
v 79.4199 -38.6185 -0.3567
v 84.7254 -38.8747 -0.3567
v 79.3946 -39.1433 -0.8822
v 84.7 -39.3995 -0.8822
v 79.3853 -39.3354 -1.6
v 84.6908 -39.5916 -1.6
v 79.3946 -39.1433 -2.3178
v 84.7 -39.3995 -2.3178
v 79.4199 -38.6185 -2.8433
v 84.7254 -38.8747 -2.8433
v 79.4545 -37.9015 -3.0356
v 84.76 -38.1577 -3.0356
v 79.4892 -37.1845 -2.8433
v 84.7946 -37.4407 -2.8433
v 79.5145 -36.6597 -2.3178
v 84.82 -36.9159 -2.3178
v 79.5238 -36.4676 -1.6
v 84.8292 -36.7238 -1.6
v 79.5145 -36.6597 -0.8822
v 84.82 -36.9159 -0.8822
v 79.4892 -37.1845 -0.3567
v 84.7946 -37.4407 -0.3567
f 8641 8643 8644 8642
f 8643 8645 8646 8644
f 8645 8647 8648 8646
f 8647 8649 8650 8648
f 8649 8651 8652 8650
f 8651 8653 8654 8652
f 8653 8655 8656 8654
f 8655 8657 8658 8656
f 8657 8659 8660 8658
f 8659 8661 8662 8660
f 8661 8663 8664 8662
f 8663 8641 8642 8664
f 8663 8661 8659 8657 8655 8653 8651 8649 8647 8645 8643 8641
f 8642 8644 8646 8648 8650 8652 8654 8656 8658 8660 8662 8664
o Edge_26
v 84.76 -38.1577 -0.1644
v 90.3633 -38.3917 -0.1644
v 84.73 -38.8749 -0.3567
v 90.3334 -39.1089 -0.3567
v 84.7081 -39.3999 -0.8822
v 90.3114 -39.6339 -0.8822
v 84.7001 -39.592 -1.6
v 90.3034 -39.8261 -1.6
v 84.7081 -39.3999 -2.3178
v 90.3114 -39.6339 -2.3178
v 84.73 -38.8749 -2.8433
v 90.3334 -39.1089 -2.8433
v 84.76 -38.1577 -3.0356
v 90.3633 -38.3917 -3.0356
v 84.79 -37.4405 -2.8433
v 90.3933 -37.6746 -2.8433
v 84.8119 -36.9155 -2.3178
v 90.4152 -37.1496 -2.3178
v 84.8199 -36.7233 -1.6
v 90.4232 -36.9574 -1.6
v 84.8119 -36.9155 -0.8822
v 90.4152 -37.1496 -0.8822
v 84.79 -37.4405 -0.3567
v 90.3933 -37.6746 -0.3567
f 8665 8667 8668 8666
f 8667 8669 8670 8668
f 8669 8671 8672 8670
f 8671 8673 8674 8672
f 8673 8675 8676 8674
f 8675 8677 8678 8676
f 8677 8679 8680 8678
f 8679 8681 8682 8680
f 8681 8683 8684 8682
f 8683 8685 8686 8684
f 8685 8687 8688 8686
f 8687 8665 8666 8688
f 8687 8685 8683 8681 8679 8677 8675 8673 8671 8669 8667 8665
f 8666 8668 8670 8672 8674 8676 8678 8680 8682 8684 8686 8688
v 90.3633 -38.3917 -0.1644
v 95.9667 -38.5854 -0.1644
v 90.3385 -39.1091 -0.3567
v 95.9419 -39.3028 -0.3567
v 90.3204 -39.6343 -0.8822
v 95.9237 -39.8279 -0.8822
v 90.3138 -39.8265 -1.6
v 95.9171 -40.0201 -1.6
v 90.3204 -39.6343 -2.3178
v 95.9237 -39.8279 -2.3178
v 90.3385 -39.1091 -2.8433
v 95.9419 -39.3028 -2.8433
v 90.3633 -38.3917 -3.0356
v 95.9667 -38.5854 -3.0356
v 90.3881 -37.6744 -2.8433
v 95.9915 -37.868 -2.8433
v 90.4063 -37.1492 -2.3178
v 96.0096 -37.3429 -2.3178
v 90.4129 -36.957 -1.6
v 96.0162 -37.1506 -1.6
v 90.4063 -37.1492 -0.8822
v 96.0096 -37.3429 -0.8822
v 90.3881 -37.6744 -0.3567
v 95.9915 -37.868 -0.3567
f 8689 8691 8692 8690
f 8691 8693 8694 8692
f 8693 8695 8696 8694
f 8695 8697 8698 8696
f 8697 8699 8700 8698
f 8699 8701 8702 8700
f 8701 8703 8704 8702
f 8703 8705 8706 8704
f 8705 8707 8708 8706
f 8707 8709 8710 8708
f 8709 8711 8712 8710
f 8711 8689 8690 8712
f 8711 8709 8707 8705 8703 8701 8699 8697 8695 8693 8691 8689
f 8690 8692 8694 8696 8698 8700 8702 8704 8706 8708 8710 8712
v 95.9667 -38.5854 -0.1644
v 101.57 -38.7139 -0.1644
v 95.9502 -39.303 -0.3567
v 101.5535 -39.4315 -0.3567
v 95.9382 -39.8283 -0.8822
v 101.5415 -39.9568 -0.8822
v 95.9338 -40.0206 -1.6
v 101.5371 -40.1491 -1.6
v 95.9382 -39.8283 -2.3178
v 101.5415 -39.9568 -2.3178
v 95.9502 -39.303 -2.8433
v 101.5535 -39.4315 -2.8433
v 95.9667 -38.5854 -3.0356
v 101.57 -38.7139 -3.0356
v 95.9831 -37.8678 -2.8433
v 101.5865 -37.9962 -2.8433
v 95.9952 -37.3424 -2.3178
v 101.5985 -37.4709 -2.3178
v 95.9996 -37.1502 -1.6
v 101.6029 -37.2786 -1.6
v 95.9952 -37.3424 -0.8822
v 101.5985 -37.4709 -0.8822
v 95.9831 -37.8678 -0.3567
v 101.5865 -37.9962 -0.3567
f 8713 8715 8716 8714
f 8715 8717 8718 8716
f 8717 8719 8720 8718
f 8719 8721 8722 8720
f 8721 8723 8724 8722
f 8723 8725 8726 8724
f 8725 8727 8728 8726
f 8727 8729 8730 8728
f 8729 8731 8732 8730
f 8731 8733 8734 8732
f 8733 8735 8736 8734
f 8735 8713 8714 8736
f 8735 8733 8731 8729 8727 8725 8723 8721 8719 8717 8715 8713
f 8714 8716 8718 8720 8722 8724 8726 8728 8730 8732 8734 8736
v 101.57 -38.7139 -0.1644
v 107.1733 -38.809 -0.1644
v 101.5578 -39.4316 -0.3567
v 107.1611 -39.5267 -0.3567
v 101.5489 -39.9569 -0.8822
v 107.1522 -40.0521 -0.8822
v 101.5456 -40.1493 -1.6
v 107.149 -40.2444 -1.6
v 101.5489 -39.9569 -2.3178
v 107.1522 -40.0521 -2.3178
v 101.5578 -39.4316 -2.8433
v 107.1611 -39.5267 -2.8433
v 101.57 -38.7139 -3.0356
v 107.1733 -38.809 -3.0356
v 101.5822 -37.9962 -2.8433
v 107.1855 -38.0913 -2.8433
v 101.5911 -37.4708 -2.3178
v 107.1944 -37.5659 -2.3178
v 101.5944 -37.2785 -1.6
v 107.1977 -37.3736 -1.6
v 101.5911 -37.4708 -0.8822
v 107.1944 -37.5659 -0.8822
v 101.5822 -37.9962 -0.3567
v 107.1855 -38.0913 -0.3567
f 8737 8739 8740 8738
f 8739 8741 8742 8740
f 8741 8743 8744 8742
f 8743 8745 8746 8744
f 8745 8747 8748 8746
f 8747 8749 8750 8748
f 8749 8751 8752 8750
f 8751 8753 8754 8752
f 8753 8755 8756 8754
f 8755 8757 8758 8756
f 8757 8759 8760 8758
f 8759 8737 8738 8760
f 8759 8757 8755 8753 8751 8749 8747 8745 8743 8741 8739 8737
f 8738 8740 8742 8744 8746 8748 8750 8752 8754 8756 8758 8760
v 107.1733 -38.809 -0.1644
v 112.7767 -38.8719 -0.1644
v 107.1653 -39.5268 -0.3567
v 112.7686 -39.5897 -0.3567
v 107.1594 -40.0522 -0.8822
v 112.7627 -40.1151 -0.8822
v 107.1572 -40.2445 -1.6
v 112.7605 -40.3075 -1.6
v 107.1594 -40.0522 -2.3178
v 112.7627 -40.1151 -2.3178
v 107.1653 -39.5268 -2.8433
v 112.7686 -39.5897 -2.8433
v 107.1733 -38.809 -3.0356
v 112.7767 -38.8719 -3.0356
v 107.1814 -38.0913 -2.8433
v 112.7847 -38.1542 -2.8433
v 107.1873 -37.5658 -2.3178
v 112.7906 -37.6288 -2.3178
v 107.1895 -37.3735 -1.6
v 112.7928 -37.4364 -1.6
v 107.1873 -37.5658 -0.8822
v 112.7906 -37.6288 -0.8822
v 107.1814 -38.0913 -0.3567
v 112.7847 -38.1542 -0.3567
f 8761 8763 8764 8762
f 8763 8765 8766 8764
f 8765 8767 8768 8766
f 8767 8769 8770 8768
f 8769 8771 8772 8770
f 8771 8773 8774 8772
f 8773 8775 8776 8774
f 8775 8777 8778 8776
f 8777 8779 8780 8778
f 8779 8781 8782 8780
f 8781 8783 8784 8782
f 8783 8761 8762 8784
f 8783 8781 8779 8777 8775 8773 8771 8769 8767 8765 8763 8761
f 8762 8764 8766 8768 8770 8772 8774 8776 8778 8780 8782 8784
v 112.7767 -38.8719 -0.1644
v 118.38 -38.8912 -0.1644
v 112.7742 -39.5897 -0.3567
v 118.3775 -39.609 -0.3567
v 112.7724 -40.1152 -0.8822
v 118.3757 -40.1345 -0.8822
v 112.7717 -40.3075 -1.6
v 118.3751 -40.3268 -1.6
v 112.7724 -40.1152 -2.3178
v 118.3757 -40.1345 -2.3178
v 112.7742 -39.5897 -2.8433
v 118.3775 -39.609 -2.8433
v 112.7767 -38.8719 -3.0356
v 118.38 -38.8912 -3.0356
v 112.7791 -38.1542 -2.8433
v 118.3825 -38.1734 -2.8433
v 112.7809 -37.6287 -2.3178
v 118.3843 -37.6479 -2.3178
v 112.7816 -37.4364 -1.6
v 118.3849 -37.4556 -1.6
v 112.7809 -37.6287 -0.8822
v 118.3843 -37.6479 -0.8822
v 112.7791 -38.1542 -0.3567
v 118.3825 -38.1734 -0.3567
f 8785 8787 8788 8786
f 8787 8789 8790 8788
f 8789 8791 8792 8790
f 8791 8793 8794 8792
f 8793 8795 8796 8794
f 8795 8797 8798 8796
f 8797 8799 8800 8798
f 8799 8801 8802 8800
f 8801 8803 8804 8802
f 8803 8805 8806 8804
f 8805 8807 8808 8806
f 8807 8785 8786 8808
f 8807 8805 8803 8801 8799 8797 8795 8793 8791 8789 8787 8785
f 8786 8788 8790 8792 8794 8796 8798 8800 8802 8804 8806 8808
v 118.38 -38.8912 -0.1644
v 123.9833 -38.8779 -0.1644
v 118.3817 -39.609 -0.3567
v 123.985 -39.5957 -0.3567
v 118.383 -40.1345 -0.8822
v 123.9863 -40.1211 -0.8822
v 118.3834 -40.3268 -1.6
v 123.9867 -40.3135 -1.6
v 118.383 -40.1345 -2.3178
v 123.9863 -40.1211 -2.3178
v 118.3817 -39.609 -2.8433
v 123.985 -39.5957 -2.8433
v 118.38 -38.8912 -3.0356
v 123.9833 -38.8779 -3.0356
v 118.3783 -38.1734 -2.8433
v 123.9816 -38.1601 -2.8433
v 118.377 -37.6479 -2.3178
v 123.9804 -37.6346 -2.3178
v 118.3766 -37.4556 -1.6
v 123.9799 -37.4423 -1.6
v 118.377 -37.6479 -0.8822
v 123.9804 -37.6346 -0.8822
v 118.3783 -38.1734 -0.3567
v 123.9816 -38.1601 -0.3567
f 8809 8811 8812 8810
f 8811 8813 8814 8812
f 8813 8815 8816 8814
f 8815 8817 8818 8816
f 8817 8819 8820 8818
f 8819 8821 8822 8820
f 8821 8823 8824 8822
f 8823 8825 8826 8824
f 8825 8827 8828 8826
f 8827 8829 8830 8828
f 8829 8831 8832 8830
f 8831 8809 8810 8832
f 8831 8829 8827 8825 8823 8821 8819 8817 8815 8813 8811 8809
f 8810 8812 8814 8816 8818 8820 8822 8824 8826 8828 8830 8832
v 123.9833 -38.8779 -0.1644
v 129.5867 -38.8387 -0.1644
v 123.9884 -39.5957 -0.3567
v 129.5917 -39.5565 -0.3567
v 123.992 -40.1211 -0.8822
v 129.5954 -40.0819 -0.8822
v 123.9934 -40.3134 -1.6
v 129.5967 -40.2742 -1.6
v 123.992 -40.1211 -2.3178
v 129.5954 -40.0819 -2.3178
v 123.9884 -39.5957 -2.8433
v 129.5917 -39.5565 -2.8433
v 123.9833 -38.8779 -3.0356
v 129.5867 -38.8387 -3.0356
v 123.9783 -38.1601 -2.8433
v 129.5816 -38.1209 -2.8433
v 123.9746 -37.6346 -2.3178
v 129.578 -37.5954 -2.3178
v 123.9733 -37.4423 -1.6
v 129.5766 -37.4031 -1.6
v 123.9746 -37.6346 -0.8822
v 129.578 -37.5954 -0.8822
v 123.9783 -38.1601 -0.3567
v 129.5816 -38.1209 -0.3567
f 8833 8835 8836 8834
f 8835 8837 8838 8836
f 8837 8839 8840 8838
f 8839 8841 8842 8840
f 8841 8843 8844 8842
f 8843 8845 8846 8844
f 8845 8847 8848 8846
f 8847 8849 8850 8848
f 8849 8851 8852 8850
f 8851 8853 8854 8852
f 8853 8855 8856 8854
f 8855 8833 8834 8856
f 8855 8853 8851 8849 8847 8845 8843 8841 8839 8837 8835 8833
f 8834 8836 8838 8840 8842 8844 8846 8848 8850 8852 8854 8856
v 129.5867 -38.8387 -0.1644
v 135.19 -38.7675 -0.1644
v 129.5958 -39.5564 -0.3567
v 135.1991 -39.4853 -0.3567
v 129.6025 -40.0818 -0.8822
v 135.2058 -40.0107 -0.8822
v 129.6049 -40.2742 -1.6
v 135.2082 -40.203 -1.6
v 129.6025 -40.0818 -2.3178
v 135.2058 -40.0107 -2.3178
v 129.5958 -39.5564 -2.8433
v 135.1991 -39.4853 -2.8433
v 129.5867 -38.8387 -3.0356
v 135.19 -38.7675 -3.0356
v 129.5776 -38.1209 -2.8433
v 135.1809 -38.0498 -2.8433
v 129.5709 -37.5955 -2.3178
v 135.1742 -37.5244 -2.3178
v 129.5684 -37.4032 -1.6
v 135.1718 -37.332 -1.6
v 129.5709 -37.5955 -0.8822
v 135.1742 -37.5244 -0.8822
v 129.5776 -38.1209 -0.3567
v 135.1809 -38.0498 -0.3567
f 8857 8859 8860 8858
f 8859 8861 8862 8860
f 8861 8863 8864 8862
f 8863 8865 8866 8864
f 8865 8867 8868 8866
f 8867 8869 8870 8868
f 8869 8871 8872 8870
f 8871 8873 8874 8872
f 8873 8875 8876 8874
f 8875 8877 8878 8876
f 8877 8879 8880 8878
f 8879 8857 8858 8880
f 8879 8877 8875 8873 8871 8869 8867 8865 8863 8861 8859 8857
f 8858 8860 8862 8864 8866 8868 8870 8872 8874 8876 8878 8880
v 135.19 -38.7675 -0.1644
v 140.7933 -38.6566 -0.1644
v 135.2042 -39.4852 -0.3567
v 140.8075 -39.3742 -0.3567
v 135.2146 -40.0106 -0.8822
v 140.8179 -39.8996 -0.8822
v 135.2184 -40.2028 -1.6
v 140.8218 -40.0919 -1.6
v 135.2146 -40.0106 -2.3178
v 140.8179 -39.8996 -2.3178
v 135.2042 -39.4852 -2.8433
v 140.8075 -39.3742 -2.8433
v 135.19 -38.7675 -3.0356
v 140.7933 -38.6566 -3.0356
v 135.1758 -38.0499 -2.8433
v 140.7791 -37.9389 -2.8433
v 135.1654 -37.5245 -2.3178
v 140.7687 -37.4136 -2.3178
v 135.1616 -37.3322 -1.6
v 140.7649 -37.2213 -1.6
v 135.1654 -37.5245 -0.8822
v 140.7687 -37.4136 -0.8822
v 135.1758 -38.0499 -0.3567
v 140.7791 -37.9389 -0.3567
f 8881 8883 8884 8882
f 8883 8885 8886 8884
f 8885 8887 8888 8886
f 8887 8889 8890 8888
f 8889 8891 8892 8890
f 8891 8893 8894 8892
f 8893 8895 8896 8894
f 8895 8897 8898 8896
f 8897 8899 8900 8898
f 8899 8901 8902 8900
f 8901 8903 8904 8902
f 8903 8881 8882 8904
f 8903 8901 8899 8897 8895 8893 8891 8889 8887 8885 8883 8881
f 8882 8884 8886 8888 8890 8892 8894 8896 8898 8900 8902 8904
v 140.7933 -38.6566 -0.1644
v 146.3967 -38.5176 -0.1644
v 140.8111 -39.3742 -0.3567
v 146.4145 -39.2352 -0.3567
v 140.8242 -39.8995 -0.8822
v 146.4275 -39.7605 -0.8822
v 140.8289 -40.0917 -1.6
v 146.4323 -39.9528 -1.6
v 140.8242 -39.8995 -2.3178
v 146.4275 -39.7605 -2.3178
v 140.8111 -39.3742 -2.8433
v 146.4145 -39.2352 -2.8433
v 140.7933 -38.6566 -3.0356
v 146.3967 -38.5176 -3.0356
v 140.7755 -37.939 -2.8433
v 146.3789 -37.8001 -2.8433
v 140.7625 -37.4137 -2.3178
v 146.3658 -37.2748 -2.3178
v 140.7577 -37.2214 -1.6
v 146.3611 -37.0825 -1.6
v 140.7625 -37.4137 -0.8822
v 146.3658 -37.2748 -0.8822
v 140.7755 -37.939 -0.3567
v 146.3789 -37.8001 -0.3567
f 8905 8907 8908 8906
f 8907 8909 8910 8908
f 8909 8911 8912 8910
f 8911 8913 8914 8912
f 8913 8915 8916 8914
f 8915 8917 8918 8916
f 8917 8919 8920 8918
f 8919 8921 8922 8920
f 8921 8923 8924 8922
f 8923 8925 8926 8924
f 8925 8927 8928 8926
f 8927 8905 8906 8928
f 8927 8925 8923 8921 8919 8917 8915 8913 8911 8909 8907 8905
f 8906 8908 8910 8912 8914 8916 8918 8920 8922 8924 8926 8928
v 146.3967 -38.5176 -0.1644
v 152 -38.3502 -0.1644
v 146.4181 -39.2351 -0.3567
v 152.0214 -39.0677 -0.3567
v 146.4338 -39.7604 -0.8822
v 152.0371 -39.5929 -0.8822
v 146.4395 -39.9526 -1.6
v 152.0429 -39.7852 -1.6
v 146.4338 -39.7604 -2.3178
v 152.0371 -39.5929 -2.3178
v 146.4181 -39.2351 -2.8433
v 152.0214 -39.0677 -2.8433
v 146.3967 -38.5176 -3.0356
v 152 -38.3502 -3.0356
v 146.3752 -37.8002 -2.8433
v 151.9786 -37.6327 -2.8433
v 146.3595 -37.2749 -2.3178
v 151.9629 -37.1075 -2.3178
v 146.3538 -37.0827 -1.6
v 151.9571 -36.9153 -1.6
v 146.3595 -37.2749 -0.8822
v 151.9629 -37.1075 -0.8822
v 146.3752 -37.8002 -0.3567
v 151.9786 -37.6327 -0.3567
f 8929 8931 8932 8930
f 8931 8933 8934 8932
f 8933 8935 8936 8934
f 8935 8937 8938 8936
f 8937 8939 8940 8938
f 8939 8941 8942 8940
f 8941 8943 8944 8942
f 8943 8945 8946 8944
f 8945 8947 8948 8946
f 8947 8949 8950 8948
f 8949 8951 8952 8950
f 8951 8929 8930 8952
f 8951 8949 8947 8945 8943 8941 8939 8937 8935 8933 8931 8929
f 8930 8932 8934 8936 8938 8940 8942 8944 8946 8948 8950 8952
o Edge_27
v -153.4356 -38.4534 -1.6
v -153.4356 -37.306 3.9724
v -153.2433 -39.1565 -1.4552
v -153.2433 -38.0091 4.1172
v -152.7178 -39.6711 -1.3493
v -152.7178 -38.5238 4.2231
v -152 -39.8595 -1.3105
v -152 -38.7121 4.2619
v -151.2822 -39.6711 -1.3493
v -151.2822 -38.5238 4.2231
v -150.7567 -39.1565 -1.4552
v -150.7567 -38.0091 4.1172
v -150.5644 -38.4534 -1.6
v -150.5644 -37.306 3.9724
v -150.7567 -37.7504 -1.7448
v -150.7567 -36.603 3.8277
v -151.2822 -37.2357 -1.8507
v -151.2822 -36.0883 3.7217
v -152 -37.0473 -1.8895
v -152 -35.8999 3.6829
v -152.7178 -37.2357 -1.8507
v -152.7178 -36.0883 3.7217
v -153.2433 -37.7504 -1.7448
v -153.2433 -36.603 3.8277
f 8953 8955 8956 8954
f 8955 8957 8958 8956
f 8957 8959 8960 8958
f 8959 8961 8962 8960
f 8961 8963 8964 8962
f 8963 8965 8966 8964
f 8965 8967 8968 8966
f 8967 8969 8970 8968
f 8969 8971 8972 8970
f 8971 8973 8974 8972
f 8973 8975 8976 8974
f 8975 8953 8954 8976
f 8975 8973 8971 8969 8967 8965 8963 8961 8959 8957 8955 8953
f 8954 8956 8958 8960 8962 8964 8966 8968 8970 8972 8974 8976
v -153.4356 -37.306 3.9724
v -153.4356 -36.1154 9.5448
v -153.2433 -38.008 4.1224
v -153.2433 -36.8173 9.6948
v -152.7178 -38.5219 4.2322
v -152.7178 -37.3312 9.8046
v -152 -38.7099 4.2724
v -152 -37.5193 9.8448
v -151.2822 -38.5219 4.2322
v -151.2822 -37.3312 9.8046
v -150.7567 -38.008 4.1224
v -150.7567 -36.8173 9.6948
v -150.5644 -37.306 3.9724
v -150.5644 -36.1154 9.5448
v -150.7567 -36.6041 3.8224
v -150.7567 -35.4134 9.3948
v -151.2822 -36.0902 3.7126
v -151.2822 -34.8996 9.285
v -152 -35.9021 3.6724
v -152 -34.7115 9.2449
v -152.7178 -36.0902 3.7126
v -152.7178 -34.8996 9.285
v -153.2433 -36.6041 3.8224
v -153.2433 -35.4134 9.3948
f 8977 8979 8980 8978
f 8979 8981 8982 8980
f 8981 8983 8984 8982
f 8983 8985 8986 8984
f 8985 8987 8988 8986
f 8987 8989 8990 8988
f 8989 8991 8992 8990
f 8991 8993 8994 8992
f 8993 8995 8996 8994
f 8995 8997 8998 8996
f 8997 8999 9000 8998
f 8999 8977 8978 9000
f 8999 8997 8995 8993 8991 8989 8987 8985 8983 8981 8979 8977
f 8978 8980 8982 8984 8986 8988 8990 8992 8994 8996 8998 9000
v -153.4356 -36.1154 9.5448
v -153.4356 -34.8636 15.1172
v -153.2433 -36.8157 9.7021
v -153.2433 -35.564 15.2746
v -152.7178 -37.3284 9.8173
v -152.7178 -36.0767 15.3897
v -152 -37.5161 9.8595
v -152 -36.2643 15.4319
v -151.2822 -37.3284 9.8173
v -151.2822 -36.0767 15.3897
v -150.7567 -36.8157 9.7021
v -150.7567 -35.564 15.2746
v -150.5644 -36.1154 9.5448
v -150.5644 -34.8636 15.1172
v -150.7567 -35.415 9.3875
v -150.7567 -34.1633 14.9599
v -151.2822 -34.9023 9.2723
v -151.2822 -33.6506 14.8448
v -152 -34.7147 9.2302
v -152 -33.4629 14.8026
v -152.7178 -34.9023 9.2723
v -152.7178 -33.6506 14.8448
v -153.2433 -35.415 9.3875
v -153.2433 -34.1633 14.9599
f 9001 9003 9004 9002
f 9003 9005 9006 9004
f 9005 9007 9008 9006
f 9007 9009 9010 9008
f 9009 9011 9012 9010
f 9011 9013 9014 9012
f 9013 9015 9016 9014
f 9015 9017 9018 9016
f 9017 9019 9020 9018
f 9019 9021 9022 9020
f 9021 9023 9024 9022
f 9023 9001 9002 9024
f 9023 9021 9019 9017 9015 9013 9011 9009 9007 9005 9003 9001
f 9002 9004 9006 9008 9010 9012 9014 9016 9018 9020 9022 9024
v -153.4356 -34.8636 15.1172
v -153.4356 -33.565 20.6897
v -153.2433 -35.5627 15.2802
v -153.2433 -34.2641 20.8526
v -152.7178 -36.0744 15.3994
v -152.7178 -34.7758 20.9718
v -152 -36.2618 15.4431
v -152 -34.9632 21.0155
v -151.2822 -36.0744 15.3994
v -151.2822 -34.7758 20.9718
v -150.7567 -35.5627 15.2802
v -150.7567 -34.2641 20.8526
v -150.5644 -34.8636 15.1172
v -150.5644 -33.565 20.6897
v -150.7567 -34.1646 14.9543
v -150.7567 -32.866 20.5267
v -151.2822 -33.6528 14.8351
v -151.2822 -32.3542 20.4075
v -152 -33.4655 14.7914
v -152 -32.1669 20.3638
v -152.7178 -33.6528 14.8351
v -152.7178 -32.3542 20.4075
v -153.2433 -34.1646 14.9543
v -153.2433 -32.866 20.5267
f 9025 9027 9028 9026
f 9027 9029 9030 9028
f 9029 9031 9032 9030
f 9031 9033 9034 9032
f 9033 9035 9036 9034
f 9035 9037 9038 9036
f 9037 9039 9040 9038
f 9039 9041 9042 9040
f 9041 9043 9044 9042
f 9043 9045 9046 9044
f 9045 9047 9048 9046
f 9047 9025 9026 9048
f 9047 9045 9043 9041 9039 9037 9035 9033 9031 9029 9027 9025
f 9026 9028 9030 9032 9034 9036 9038 9040 9042 9044 9046 9048
v -153.4356 -33.565 20.6897
v -153.4356 -32.2351 26.2621
v -153.2433 -34.2632 20.8563
v -153.2433 -32.9333 26.4287
v -152.7178 -34.7743 20.9783
v -152.7178 -33.4444 26.5507
v -152 -34.9614 21.0229
v -152 -33.6315 26.5953
v -151.2822 -34.7743 20.9783
v -151.2822 -33.4444 26.5507
v -150.7567 -34.2632 20.8563
v -150.7567 -32.9333 26.4287
v -150.5644 -33.565 20.6897
v -150.5644 -32.2351 26.2621
v -150.7567 -32.8668 20.523
v -150.7567 -31.5369 26.0954
v -151.2822 -32.3557 20.401
v -151.2822 -31.0258 25.9734
v -152 -32.1686 20.3564
v -152 -30.8387 25.9288
v -152.7178 -32.3557 20.401
v -152.7178 -31.0258 25.9734
v -153.2433 -32.8668 20.523
v -153.2433 -31.5369 26.0954
f 9049 9051 9052 9050
f 9051 9053 9054 9052
f 9053 9055 9056 9054
f 9055 9057 9058 9056
f 9057 9059 9060 9058
f 9059 9061 9062 9060
f 9061 9063 9064 9062
f 9063 9065 9066 9064
f 9065 9067 9068 9066
f 9067 9069 9070 9068
f 9069 9071 9072 9070
f 9071 9049 9050 9072
f 9071 9069 9067 9065 9063 9061 9059 9057 9055 9053 9051 9049
f 9050 9052 9054 9056 9058 9060 9062 9064 9066 9068 9070 9072
v -153.4356 -32.2351 26.2621
v -153.4356 -30.8719 31.8345
v -153.2433 -32.9323 26.4326
v -153.2433 -31.5691 32.005
v -152.7178 -33.4427 26.5575
v -152.7178 -32.0796 32.1299
v -152 -33.6296 26.6032
v -152 -32.2664 32.1756
v -151.2822 -33.4427 26.5575
v -151.2822 -32.0796 32.1299
v -150.7567 -32.9323 26.4326
v -150.7567 -31.5691 32.005
v -150.5644 -32.2351 26.2621
v -150.5644 -30.8719 31.8345
v -150.7567 -31.5378 26.0915
v -150.7567 -30.1747 31.6639
v -151.2822 -31.0274 25.9666
v -151.2822 -29.6642 31.5391
v -152 -30.8406 25.9209
v -152 -29.4774 31.4933
v -152.7178 -31.0274 25.9666
v -152.7178 -29.6642 31.5391
v -153.2433 -31.5378 26.0915
v -153.2433 -30.1747 31.6639
f 9073 9075 9076 9074
f 9075 9077 9078 9076
f 9077 9079 9080 9078
f 9079 9081 9082 9080
f 9081 9083 9084 9082
f 9083 9085 9086 9084
f 9085 9087 9088 9086
f 9087 9089 9090 9088
f 9089 9091 9092 9090
f 9091 9093 9094 9092
f 9093 9095 9096 9094
f 9095 9073 9074 9096
f 9095 9093 9091 9089 9087 9085 9083 9081 9079 9077 9075 9073
f 9074 9076 9078 9080 9082 9084 9086 9088 9090 9092 9094 9096
v -153.4356 -30.8719 31.8345
v -153.4356 -29.4979 37.4069
v -153.2433 -31.5688 32.0063
v -153.2433 -30.1948 37.5787
v -152.7178 -32.079 32.1321
v -152.7178 -30.705 37.7045
v -152 -32.2657 32.1782
v -152 -30.8917 37.7506
v -151.2822 -32.079 32.1321
v -151.2822 -30.705 37.7045
v -150.7567 -31.5688 32.0063
v -150.7567 -30.1948 37.5787
v -150.5644 -30.8719 31.8345
v -150.5644 -29.4979 37.4069
v -150.7567 -30.175 31.6626
v -150.7567 -28.8009 37.235
v -151.2822 -29.6648 31.5368
v -151.2822 -28.2907 37.1092
v -152 -29.478 31.4908
v -152 -28.104 37.0632
v -152.7178 -29.6648 31.5368
v -152.7178 -28.2907 37.1092
v -153.2433 -30.175 31.6626
v -153.2433 -28.8009 37.235
f 9097 9099 9100 9098
f 9099 9101 9102 9100
f 9101 9103 9104 9102
f 9103 9105 9106 9104
f 9105 9107 9108 9106
f 9107 9109 9110 9108
f 9109 9111 9112 9110
f 9111 9113 9114 9112
f 9113 9115 9116 9114
f 9115 9117 9118 9116
f 9117 9119 9120 9118
f 9119 9097 9098 9120
f 9119 9117 9115 9113 9111 9109 9107 9105 9103 9101 9099 9097
f 9098 9100 9102 9104 9106 9108 9110 9112 9114 9116 9118 9120
v -153.4356 -29.4979 37.4069
v -153.4356 -28.1374 42.9793
v -153.2433 -30.1952 37.5771
v -153.2433 -28.8347 43.1496
v -152.7178 -30.7056 37.7018
v -152.7178 -29.3452 43.2742
v -152 -30.8925 37.7474
v -152 -29.532 43.3198
v -151.2822 -30.7056 37.7018
v -151.2822 -29.3452 43.2742
v -150.7567 -30.1952 37.5771
v -150.7567 -28.8347 43.1496
v -150.5644 -29.4979 37.4069
v -150.5644 -28.1374 42.9793
v -150.7567 -28.8005 37.2366
v -150.7567 -27.4401 42.8091
v -151.2822 -28.2901 37.112
v -151.2822 -26.9296 42.6844
v -152 -28.1032 37.0664
v -152 -26.7427 42.6388
v -152.7178 -28.2901 37.112
v -152.7178 -26.9296 42.6844
v -153.2433 -28.8005 37.2366
v -153.2433 -27.4401 42.8091
f 9121 9123 9124 9122
f 9123 9125 9126 9124
f 9125 9127 9128 9126
f 9127 9129 9130 9128
f 9129 9131 9132 9130
f 9131 9133 9134 9132
f 9133 9135 9136 9134
f 9135 9137 9138 9136
f 9137 9139 9140 9138
f 9139 9141 9142 9140
f 9141 9143 9144 9142
f 9143 9121 9122 9144
f 9143 9141 9139 9137 9135 9133 9131 9129 9127 9125 9123 9121
f 9122 9124 9126 9128 9130 9132 9134 9136 9138 9140 9142 9144
v -153.4356 -28.1374 42.9793
v -153.4356 -26.7985 48.5517
v -153.2433 -28.8353 43.147
v -153.2433 -27.4965 48.7194
v -152.7178 -29.3462 43.2698
v -152.7178 -28.0074 48.8422
v -152 -29.5332 43.3147
v -152 -28.1944 48.8871
v -151.2822 -29.3462 43.2698
v -151.2822 -28.0074 48.8422
v -150.7567 -28.8353 43.147
v -150.7567 -27.4965 48.7194
v -150.5644 -28.1374 42.9793
v -150.5644 -26.7985 48.5517
v -150.7567 -27.4394 42.8116
v -150.7567 -26.1006 48.384
v -151.2822 -26.9285 42.6889
v -151.2822 -25.5897 48.2613
v -152 -26.7415 42.6439
v -152 -25.4027 48.2163
v -152.7178 -26.9285 42.6889
v -152.7178 -25.5897 48.2613
v -153.2433 -27.4394 42.8116
v -153.2433 -26.1006 48.384
f 9145 9147 9148 9146
f 9147 9149 9150 9148
f 9149 9151 9152 9150
f 9151 9153 9154 9152
f 9153 9155 9156 9154
f 9155 9157 9158 9156
f 9157 9159 9160 9158
f 9159 9161 9162 9160
f 9161 9163 9164 9162
f 9163 9165 9166 9164
f 9165 9167 9168 9166
f 9167 9145 9146 9168
f 9167 9165 9163 9161 9159 9157 9155 9153 9151 9149 9147 9145
f 9146 9148 9150 9152 9154 9156 9158 9160 9162 9164 9166 9168
v -153.4356 -26.7985 48.5517
v -153.4356 -25.5544 54.1241
v -153.2433 -27.4991 48.7081
v -153.2433 -26.255 54.2805
v -152.7178 -28.0119 48.8226
v -152.7178 -26.7678 54.395
v -152 -28.1996 48.8645
v -152 -26.9555 54.4369
v -151.2822 -28.0119 48.8226
v -151.2822 -26.7678 54.395
v -150.7567 -27.4991 48.7081
v -150.7567 -26.255 54.2805
v -150.5644 -26.7985 48.5517
v -150.5644 -25.5544 54.1241
v -150.7567 -26.098 48.3953
v -150.7567 -24.8539 53.9677
v -151.2822 -25.5851 48.2808
v -151.2822 -24.341 53.8532
v -152 -25.3974 48.2389
v -152 -24.1533 53.8113
v -152.7178 -25.5851 48.2808
v -152.7178 -24.341 53.8532
v -153.2433 -26.098 48.3953
v -153.2433 -24.8539 53.9677
f 9169 9171 9172 9170
f 9171 9173 9174 9172
f 9173 9175 9176 9174
f 9175 9177 9178 9176
f 9177 9179 9180 9178
f 9179 9181 9182 9180
f 9181 9183 9184 9182
f 9183 9185 9186 9184
f 9185 9187 9188 9186
f 9187 9189 9190 9188
f 9189 9191 9192 9190
f 9191 9169 9170 9192
f 9191 9189 9187 9185 9183 9181 9179 9177 9175 9173 9171 9169
f 9170 9172 9174 9176 9178 9180 9182 9184 9186 9188 9190 9192
v -153.4356 -25.5544 54.1241
v -153.4356 -24.4122 59.6966
v -153.2433 -26.2576 54.2683
v -153.2433 -25.1154 59.8407
v -152.7178 -26.7724 54.3738
v -152.7178 -25.6301 59.9462
v -152 -26.9608 54.4124
v -152 -25.8186 59.9848
v -151.2822 -26.7724 54.3738
v -151.2822 -25.6301 59.9462
v -150.7567 -26.2576 54.2683
v -150.7567 -25.1154 59.8407
v -150.5644 -25.5544 54.1241
v -150.5644 -24.4122 59.6966
v -150.7567 -24.8513 53.98
v -150.7567 -23.709 59.5524
v -151.2822 -24.3365 53.8745
v -151.2822 -23.1943 59.4469
v -152 -24.1481 53.8359
v -152 -23.0058 59.4083
v -152.7178 -24.3365 53.8745
v -152.7178 -23.1943 59.4469
v -153.2433 -24.8513 53.98
v -153.2433 -23.709 59.5524
f 9193 9195 9196 9194
f 9195 9197 9198 9196
f 9197 9199 9200 9198
f 9199 9201 9202 9200
f 9201 9203 9204 9202
f 9203 9205 9206 9204
f 9205 9207 9208 9206
f 9207 9209 9210 9208
f 9209 9211 9212 9210
f 9211 9213 9214 9212
f 9213 9215 9216 9214
f 9215 9193 9194 9216
f 9215 9213 9211 9209 9207 9205 9203 9201 9199 9197 9195 9193
f 9194 9196 9198 9200 9202 9204 9206 9208 9210 9212 9214 9216
v -153.4356 -24.4122 59.6966
v -153.4356 -23.3775 65.269
v -153.2433 -25.1179 59.8276
v -153.2433 -24.0832 65.4
v -152.7178 -25.6346 59.9235
v -152.7178 -24.5999 65.4959
v -152 -25.8237 59.9586
v -152 -24.789 65.5311
v -151.2822 -25.6346 59.9235
v -151.2822 -24.5999 65.4959
v -150.7567 -25.1179 59.8276
v -150.7567 -24.0832 65.4
v -150.5644 -24.4122 59.6966
v -150.5644 -23.3775 65.269
v -150.7567 -23.7065 59.5655
v -150.7567 -22.6718 65.1379
v -151.2822 -23.1898 59.4696
v -151.2822 -22.1551 65.042
v -152 -23.0007 59.4345
v -152 -21.966 65.0069
v -152.7178 -23.1898 59.4696
v -152.7178 -22.1551 65.042
v -153.2433 -23.7065 59.5655
v -153.2433 -22.6718 65.1379
f 9217 9219 9220 9218
f 9219 9221 9222 9220
f 9221 9223 9224 9222
f 9223 9225 9226 9224
f 9225 9227 9228 9226
f 9227 9229 9230 9228
f 9229 9231 9232 9230
f 9231 9233 9234 9232
f 9233 9235 9236 9234
f 9235 9237 9238 9236
f 9237 9239 9240 9238
f 9239 9217 9218 9240
f 9239 9237 9235 9233 9231 9229 9227 9225 9223 9221 9219 9217
f 9218 9220 9222 9224 9226 9228 9230 9232 9234 9236 9238 9240
v -153.4356 -23.3775 65.269
v -153.4356 -22.5386 70.8414
v -153.2433 -24.0873 65.3758
v -153.2433 -23.2484 70.9482
v -152.7178 -24.6069 65.454
v -152.7178 -23.7681 71.0265
v -152 -24.7971 65.4827
v -152 -23.9582 71.0551
v -151.2822 -24.6069 65.454
v -151.2822 -23.7681 71.0265
v -150.7567 -24.0873 65.3758
v -150.7567 -23.2484 70.9482
v -150.5644 -23.3775 65.269
v -150.5644 -22.5386 70.8414
v -150.7567 -22.6677 65.1621
v -150.7567 -21.8288 70.7345
v -151.2822 -22.1481 65.0839
v -151.2822 -21.3092 70.6563
v -152 -21.9579 65.0553
v -152 -21.119 70.6277
v -152.7178 -22.1481 65.0839
v -152.7178 -21.3092 70.6563
v -153.2433 -22.6677 65.1621
v -153.2433 -21.8288 70.7345
f 9241 9243 9244 9242
f 9243 9245 9246 9244
f 9245 9247 9248 9246
f 9247 9249 9250 9248
f 9249 9251 9252 9250
f 9251 9253 9254 9252
f 9253 9255 9256 9254
f 9255 9257 9258 9256
f 9257 9259 9260 9258
f 9259 9261 9262 9260
f 9261 9263 9264 9262
f 9263 9241 9242 9264
f 9263 9261 9259 9257 9255 9253 9251 9249 9247 9245 9243 9241
f 9242 9244 9246 9248 9250 9252 9254 9256 9258 9260 9262 9264
v -153.4356 -22.5386 70.8414
v -153.4356 -21.8319 76.4138
v -153.2433 -23.2507 70.9317
v -153.2433 -22.544 76.5041
v -152.7178 -23.772 70.9978
v -152.7178 -23.0653 76.5702
v -152 -23.9628 71.022
v -152 -23.2561 76.5944
v -151.2822 -23.772 70.9978
v -151.2822 -23.0653 76.5702
v -150.7567 -23.2507 70.9317
v -150.7567 -22.544 76.5041
v -150.5644 -22.5386 70.8414
v -150.5644 -21.8319 76.4138
v -150.7567 -21.8265 70.7511
v -150.7567 -21.1198 76.3235
v -151.2822 -21.3053 70.6849
v -151.2822 -20.5985 76.2574
v -152 -21.1144 70.6607
v -152 -20.4077 76.2332
v -152.7178 -21.3053 70.6849
v -152.7178 -20.5985 76.2574
v -153.2433 -21.8265 70.7511
v -153.2433 -21.1198 76.3235
f 9265 9267 9268 9266
f 9267 9269 9270 9268
f 9269 9271 9272 9270
f 9271 9273 9274 9272
f 9273 9275 9276 9274
f 9275 9277 9278 9276
f 9277 9279 9280 9278
f 9279 9281 9282 9280
f 9281 9283 9284 9282
f 9283 9285 9286 9284
f 9285 9287 9288 9286
f 9287 9265 9266 9288
f 9287 9285 9283 9281 9279 9277 9275 9273 9271 9269 9267 9265
f 9266 9268 9270 9272 9274 9276 9278 9280 9282 9284 9286 9288
v -153.4356 -21.8319 76.4138
v -153.4356 -21.2348 81.9862
v -153.2433 -22.5456 76.4903
v -153.2433 -21.9485 82.0627
v -152.7178 -23.0681 76.5463
v -152.7178 -22.471 82.1187
v -152 -23.2593 76.5667
v -152 -22.6622 82.1392
v -151.2822 -23.0681 76.5463
v -151.2822 -22.471 82.1187
v -150.7567 -22.5456 76.4903
v -150.7567 -21.9485 82.0627
v -150.5644 -21.8319 76.4138
v -150.5644 -21.2348 81.9862
v -150.7567 -21.1182 76.3373
v -150.7567 -20.5211 81.9097
v -151.2822 -20.5957 76.2813
v -151.2822 -19.9986 81.8537
v -152 -20.4044 76.2608
v -152 -19.8074 81.8333
v -152.7178 -20.5957 76.2813
v -152.7178 -19.9986 81.8537
v -153.2433 -21.1182 76.3373
v -153.2433 -20.5211 81.9097
f 9289 9291 9292 9290
f 9291 9293 9294 9292
f 9293 9295 9296 9294
f 9295 9297 9298 9296
f 9297 9299 9300 9298
f 9299 9301 9302 9300
f 9301 9303 9304 9302
f 9303 9305 9306 9304
f 9305 9307 9308 9306
f 9307 9309 9310 9308
f 9309 9311 9312 9310
f 9311 9289 9290 9312
f 9311 9309 9307 9305 9303 9301 9299 9297 9295 9293 9291 9289
f 9290 9292 9294 9296 9298 9300 9302 9304 9306 9308 9310 9312
v -153.4356 -21.2348 81.9862
v -153.4356 -20.784 87.5586
v -153.2433 -21.9503 82.0441
v -153.2433 -21.4995 87.6165
v -152.7178 -22.474 82.0865
v -152.7178 -22.0232 87.6589
v -152 -22.6657 82.102
v -152 -22.2149 87.6744
v -151.2822 -22.474 82.0865
v -151.2822 -22.0232 87.6589
v -150.7567 -21.9503 82.0441
v -150.7567 -21.4995 87.6165
v -150.5644 -21.2348 81.9862
v -150.5644 -20.784 87.5586
v -150.7567 -20.5193 81.9283
v -150.7567 -20.0685 87.5007
v -151.2822 -19.9956 81.886
v -151.2822 -19.5448 87.4584
v -152 -19.8039 81.8704
v -152 -19.3531 87.4429
v -152.7178 -19.9956 81.886
v -152.7178 -19.5448 87.4584
v -153.2433 -20.5193 81.9283
v -153.2433 -20.0685 87.5007
f 9313 9315 9316 9314
f 9315 9317 9318 9316
f 9317 9319 9320 9318
f 9319 9321 9322 9320
f 9321 9323 9324 9322
f 9323 9325 9326 9324
f 9325 9327 9328 9326
f 9327 9329 9330 9328
f 9329 9331 9332 9330
f 9331 9333 9334 9332
f 9333 9335 9336 9334
f 9335 9313 9314 9336
f 9335 9333 9331 9329 9327 9325 9323 9321 9319 9317 9315 9313
f 9314 9316 9318 9320 9322 9324 9326 9328 9330 9332 9334 9336
v -153.4356 -20.784 87.5586
v -153.4356 -20.4707 93.131
v -153.2433 -21.5007 87.5989
v -153.2433 -21.1873 93.1713
v -152.7178 -22.0253 87.6284
v -152.7178 -21.712 93.2008
v -152 -22.2173 87.6392
v -152 -21.904 93.2116
v -151.2822 -22.0253 87.6284
v -151.2822 -21.712 93.2008
v -150.7567 -21.5007 87.5989
v -150.7567 -21.1873 93.1713
v -150.5644 -20.784 87.5586
v -150.5644 -20.4707 93.131
v -150.7567 -20.0673 87.5183
v -150.7567 -19.754 93.0907
v -151.2822 -19.5427 87.4888
v -151.2822 -19.2294 93.0612
v -152 -19.3507 87.478
v -152 -19.0373 93.0504
v -152.7178 -19.5427 87.4888
v -152.7178 -19.2294 93.0612
v -153.2433 -20.0673 87.5183
v -153.2433 -19.754 93.0907
f 9337 9339 9340 9338
f 9339 9341 9342 9340
f 9341 9343 9344 9342
f 9343 9345 9346 9344
f 9345 9347 9348 9346
f 9347 9349 9350 9348
f 9349 9351 9352 9350
f 9351 9353 9354 9352
f 9353 9355 9356 9354
f 9355 9357 9358 9356
f 9357 9359 9360 9358
f 9359 9337 9338 9360
f 9359 9357 9355 9353 9351 9349 9347 9345 9343 9341 9339 9337
f 9338 9340 9342 9344 9346 9348 9350 9352 9354 9356 9358 9360
v -153.4356 -20.4707 93.131
v -153.4356 -20.2532 98.7034
v -153.2433 -21.1879 93.159
v -153.2433 -20.9704 98.7314
v -152.7178 -21.713 93.1795
v -152.7178 -21.4955 98.7519
v -152 -21.9052 93.187
v -152 -21.6877 98.7594
v -151.2822 -21.713 93.1795
v -151.2822 -21.4955 98.7519
v -150.7567 -21.1879 93.159
v -150.7567 -20.9704 98.7314
v -150.5644 -20.4707 93.131
v -150.5644 -20.2532 98.7034
v -150.7567 -19.7534 93.103
v -150.7567 -19.5359 98.6754
v -151.2822 -19.2284 93.0825
v -151.2822 -19.0108 98.655
v -152 -19.0362 93.075
v -152 -18.8186 98.6474
v -152.7178 -19.2284 93.0825
v -152.7178 -19.0108 98.655
v -153.2433 -19.7534 93.103
v -153.2433 -19.5359 98.6754
f 9361 9363 9364 9362
f 9363 9365 9366 9364
f 9365 9367 9368 9366
f 9367 9369 9370 9368
f 9369 9371 9372 9370
f 9371 9373 9374 9372
f 9373 9375 9376 9374
f 9375 9377 9378 9376
f 9377 9379 9380 9378
f 9379 9381 9382 9380
f 9381 9383 9384 9382
f 9383 9361 9362 9384
f 9383 9381 9379 9377 9375 9373 9371 9369 9367 9365 9363 9361
f 9362 9364 9366 9368 9370 9372 9374 9376 9378 9380 9382 9384
v -153.4356 -20.2532 98.7034
v -153.4356 -20.1426 104.2759
v -153.2433 -20.9708 98.7177
v -153.2433 -20.8602 104.2901
v -152.7178 -21.4962 98.7281
v -152.7178 -21.3856 104.3005
v -152 -21.6885 98.7319
v -152 -21.5779 104.3043
v -151.2822 -21.4962 98.7281
v -151.2822 -21.3856 104.3005
v -150.7567 -20.9708 98.7177
v -150.7567 -20.8602 104.2901
v -150.5644 -20.2532 98.7034
v -150.5644 -20.1426 104.2759
v -150.7567 -19.5355 98.6892
v -150.7567 -19.4249 104.2616
v -151.2822 -19.0101 98.6788
v -151.2822 -18.8996 104.2512
v -152 -18.8178 98.675
v -152 -18.7073 104.2474
v -152.7178 -19.0101 98.6788
v -152.7178 -18.8996 104.2512
v -153.2433 -19.5355 98.6892
v -153.2433 -19.4249 104.2616
f 9385 9387 9388 9386
f 9387 9389 9390 9388
f 9389 9391 9392 9390
f 9391 9393 9394 9392
f 9393 9395 9396 9394
f 9395 9397 9398 9396
f 9397 9399 9400 9398
f 9399 9401 9402 9400
f 9401 9403 9404 9402
f 9403 9405 9406 9404
f 9405 9407 9408 9406
f 9407 9385 9386 9408
f 9407 9405 9403 9401 9399 9397 9395 9393 9391 9389 9387 9385
f 9386 9388 9390 9392 9394 9396 9398 9400 9402 9404 9406 9408
v -153.4356 -20.1426 104.2759
v -153.4356 -20.1979 109.8483
v -153.2433 -20.8603 104.2687
v -153.2433 -20.9157 109.8411
v -152.7178 -21.3858 104.2635
v -152.7178 -21.4411 109.8359
v -152 -21.5781 104.2616
v -152 -21.6334 109.834
v -151.2822 -21.3858 104.2635
v -151.2822 -21.4411 109.8359
v -150.7567 -20.8603 104.2687
v -150.7567 -20.9157 109.8411
v -150.5644 -20.1426 104.2759
v -150.5644 -20.1979 109.8483
v -150.7567 -19.4248 104.283
v -150.7567 -19.4801 109.8554
v -151.2822 -18.8994 104.2882
v -151.2822 -18.9547 109.8606
v -152 -18.707 104.2901
v -152 -18.7624 109.8625
v -152.7178 -18.8994 104.2882
v -152.7178 -18.9547 109.8606
v -153.2433 -19.4248 104.283
v -153.2433 -19.4801 109.8554
f 9409 9411 9412 9410
f 9411 9413 9414 9412
f 9413 9415 9416 9414
f 9415 9417 9418 9416
f 9417 9419 9420 9418
f 9419 9421 9422 9420
f 9421 9423 9424 9422
f 9423 9425 9426 9424
f 9425 9427 9428 9426
f 9427 9429 9430 9428
f 9429 9431 9432 9430
f 9431 9409 9410 9432
f 9431 9429 9427 9425 9423 9421 9419 9417 9415 9413 9411 9409
f 9410 9412 9414 9416 9418 9420 9422 9424 9426 9428 9430 9432
v -153.4356 -20.1979 109.8483
v -153.4356 -20.3155 115.4207
v -153.2433 -20.9155 109.8331
v -153.2433 -21.0331 115.4055
v -152.7178 -21.4409 109.822
v -152.7178 -21.5585 115.3945
v -152 -21.6332 109.818
v -152 -21.7508 115.3904
v -151.2822 -21.4409 109.822
v -151.2822 -21.5585 115.3945
v -150.7567 -20.9155 109.8331
v -150.7567 -21.0331 115.4055
v -150.5644 -20.1979 109.8483
v -150.5644 -20.3155 115.4207
v -150.7567 -19.4803 109.8634
v -150.7567 -19.5978 115.4358
v -151.2822 -18.9549 109.8745
v -151.2822 -19.0725 115.4469
v -152 -18.7626 109.8786
v -152 -18.8802 115.451
v -152.7178 -18.9549 109.8745
v -152.7178 -19.0725 115.4469
v -153.2433 -19.4803 109.8634
v -153.2433 -19.5978 115.4358
f 9433 9435 9436 9434
f 9435 9437 9438 9436
f 9437 9439 9440 9438
f 9439 9441 9442 9440
f 9441 9443 9444 9442
f 9443 9445 9446 9444
f 9445 9447 9448 9446
f 9447 9449 9450 9448
f 9449 9451 9452 9450
f 9451 9453 9454 9452
f 9453 9455 9456 9454
f 9455 9433 9434 9456
f 9455 9453 9451 9449 9447 9445 9443 9441 9439 9437 9435 9433
f 9434 9436 9438 9440 9442 9444 9446 9448 9450 9452 9454 9456
v -153.4356 -20.3155 115.4207
v -153.4356 -20.4866 120.9931
v -153.2433 -21.0329 115.3987
v -153.2433 -21.2041 120.9711
v -152.7178 -21.5582 115.3825
v -152.7178 -21.7293 120.9549
v -152 -21.7504 115.3766
v -152 -21.9216 120.949
v -151.2822 -21.5582 115.3825
v -151.2822 -21.7293 120.9549
v -150.7567 -21.0329 115.3987
v -150.7567 -21.2041 120.9711
v -150.5644 -20.3155 115.4207
v -150.5644 -20.4866 120.9931
v -150.7567 -19.598 115.4427
v -150.7567 -19.7692 121.0151
v -151.2822 -19.0728 115.4589
v -151.2822 -19.244 121.0313
v -152 -18.8806 115.4648
v -152 -19.0517 121.0372
v -152.7178 -19.0728 115.4589
v -152.7178 -19.244 121.0313
v -153.2433 -19.598 115.4427
v -153.2433 -19.7692 121.0151
f 9457 9459 9460 9458
f 9459 9461 9462 9460
f 9461 9463 9464 9462
f 9463 9465 9466 9464
f 9465 9467 9468 9466
f 9467 9469 9470 9468
f 9469 9471 9472 9470
f 9471 9473 9474 9472
f 9473 9475 9476 9474
f 9475 9477 9478 9476
f 9477 9479 9480 9478
f 9479 9457 9458 9480
f 9479 9477 9475 9473 9471 9469 9467 9465 9463 9461 9459 9457
f 9458 9460 9462 9464 9466 9468 9470 9472 9474 9476 9478 9480
v -153.4356 -20.4866 120.9931
v -153.4356 -20.7001 126.5655
v -153.2433 -21.2039 120.9656
v -153.2433 -21.4174 126.538
v -152.7178 -21.729 120.9455
v -152.7178 -21.9425 126.5179
v -152 -21.9212 120.9382
v -152 -22.1346 126.5106
v -151.2822 -21.729 120.9455
v -151.2822 -21.9425 126.5179
v -150.7567 -21.2039 120.9656
v -150.7567 -21.4174 126.538
v -150.5644 -20.4866 120.9931
v -150.5644 -20.7001 126.5655
v -150.7567 -19.7694 121.0206
v -150.7567 -19.9828 126.593
v -151.2822 -19.2443 121.0407
v -151.2822 -19.4577 126.6131
v -152 -19.0521 121.0481
v -152 -19.2655 126.6205
v -152.7178 -19.2443 121.0407
v -152.7178 -19.4577 126.6131
v -153.2433 -19.7694 121.0206
v -153.2433 -19.9828 126.593
f 9481 9483 9484 9482
f 9483 9485 9486 9484
f 9485 9487 9488 9486
f 9487 9489 9490 9488
f 9489 9491 9492 9490
f 9491 9493 9494 9492
f 9493 9495 9496 9494
f 9495 9497 9498 9496
f 9497 9499 9500 9498
f 9499 9501 9502 9500
f 9501 9503 9504 9502
f 9503 9481 9482 9504
f 9503 9501 9499 9497 9495 9493 9491 9489 9487 9485 9483 9481
f 9482 9484 9486 9488 9490 9492 9494 9496 9498 9500 9502 9504
v -153.4356 -20.7001 126.5655
v -153.4356 -20.9229 132.1379
v -153.2433 -21.4173 126.5368
v -153.2433 -21.6401 132.1093
v -152.7178 -21.9424 126.5159
v -152.7178 -22.1652 132.0883
v -152 -22.1346 126.5082
v -152 -22.3573 132.0806
v -151.2822 -21.9424 126.5159
v -151.2822 -22.1652 132.0883
v -150.7567 -21.4173 126.5368
v -150.7567 -21.6401 132.1093
v -150.5644 -20.7001 126.5655
v -150.5644 -20.9229 132.1379
v -150.7567 -19.9829 126.5942
v -150.7567 -20.2057 132.1666
v -151.2822 -19.4578 126.6152
v -151.2822 -19.6806 132.1876
v -152 -19.2656 126.6229
v -152 -19.4884 132.1953
v -152.7178 -19.4578 126.6152
v -152.7178 -19.6806 132.1876
v -153.2433 -19.9829 126.5942
v -153.2433 -20.2057 132.1666
f 9505 9507 9508 9506
f 9507 9509 9510 9508
f 9509 9511 9512 9510
f 9511 9513 9514 9512
f 9513 9515 9516 9514
f 9515 9517 9518 9516
f 9517 9519 9520 9518
f 9519 9521 9522 9520
f 9521 9523 9524 9522
f 9523 9525 9526 9524
f 9525 9527 9528 9526
f 9527 9505 9506 9528
f 9527 9525 9523 9521 9519 9517 9515 9513 9511 9509 9507 9505
f 9506 9508 9510 9512 9514 9516 9518 9520 9522 9524 9526 9528
v -153.4356 -20.9229 132.1379
v -153.4356 -21.1483 137.7103
v -153.2433 -21.6401 132.1089
v -153.2433 -21.8655 137.6813
v -152.7178 -22.1651 132.0877
v -152.7178 -22.3905 137.6601
v -152 -22.3573 132.0799
v -152 -22.5827 137.6523
v -151.2822 -22.1651 132.0877
v -151.2822 -22.3905 137.6601
v -150.7567 -21.6401 132.1089
v -150.7567 -21.8655 137.6813
v -150.5644 -20.9229 132.1379
v -150.5644 -21.1483 137.7103
v -150.7567 -20.2057 132.1669
v -150.7567 -20.4311 137.7394
v -151.2822 -19.6806 132.1882
v -151.2822 -19.906 137.7606
v -152 -19.4885 132.196
v -152 -19.7139 137.7684
v -152.7178 -19.6806 132.1882
v -152.7178 -19.906 137.7606
v -153.2433 -20.2057 132.1669
v -153.2433 -20.4311 137.7394
f 9529 9531 9532 9530
f 9531 9533 9534 9532
f 9533 9535 9536 9534
f 9535 9537 9538 9536
f 9537 9539 9540 9538
f 9539 9541 9542 9540
f 9541 9543 9544 9542
f 9543 9545 9546 9544
f 9545 9547 9548 9546
f 9547 9549 9550 9548
f 9549 9551 9552 9550
f 9551 9529 9530 9552
f 9551 9549 9547 9545 9543 9541 9539 9537 9535 9533 9531 9529
f 9530 9532 9534 9536 9538 9540 9542 9544 9546 9548 9550 9552
v -153.4356 -21.1483 137.7103
v -153.4356 -21.3609 143.2828
v -153.2433 -21.8656 137.683
v -153.2433 -22.0781 143.2554
v -152.7178 -22.3907 137.663
v -152.7178 -22.6032 143.2354
v -152 -22.5829 137.6556
v -152 -22.7954 143.228
v -151.2822 -22.3907 137.663
v -151.2822 -22.6032 143.2354
v -150.7567 -21.8656 137.683
v -150.7567 -22.0781 143.2554
v -150.5644 -21.1483 137.7103
v -150.5644 -21.3609 143.2828
v -150.7567 -20.431 137.7377
v -150.7567 -20.6436 143.3101
v -151.2822 -19.9059 137.7577
v -151.2822 -20.1185 143.3301
v -152 -19.7137 137.7651
v -152 -19.9263 143.3375
v -152.7178 -19.9059 137.7577
v -152.7178 -20.1185 143.3301
v -153.2433 -20.431 137.7377
v -153.2433 -20.6436 143.3101
f 9553 9555 9556 9554
f 9555 9557 9558 9556
f 9557 9559 9560 9558
f 9559 9561 9562 9560
f 9561 9563 9564 9562
f 9563 9565 9566 9564
f 9565 9567 9568 9566
f 9567 9569 9570 9568
f 9569 9571 9572 9570
f 9571 9573 9574 9572
f 9573 9575 9576 9574
f 9575 9553 9554 9576
f 9575 9573 9571 9569 9567 9565 9563 9561 9559 9557 9555 9553
f 9554 9556 9558 9560 9562 9564 9566 9568 9570 9572 9574 9576
v -153.4356 -21.3609 143.2828
v -153.4356 -21.5339 148.8552
v -153.2433 -22.0783 143.2605
v -153.2433 -22.2514 148.8329
v -152.7178 -22.6035 143.2442
v -152.7178 -22.7766 148.8166
v -152 -22.7958 143.2382
v -152 -22.9689 148.8106
v -151.2822 -22.6035 143.2442
v -151.2822 -22.7766 148.8166
v -150.7567 -22.0783 143.2605
v -150.7567 -22.2514 148.8329
v -150.5644 -21.3609 143.2828
v -150.5644 -21.5339 148.8552
v -150.7567 -20.6434 143.305
v -150.7567 -20.8165 148.8775
v -151.2822 -20.1182 143.3214
v -151.2822 -20.2913 148.8938
v -152 -19.9259 143.3273
v -152 -20.099 148.8997
v -152.7178 -20.1182 143.3214
v -152.7178 -20.2913 148.8938
v -153.2433 -20.6434 143.305
v -153.2433 -20.8165 148.8775
f 9577 9579 9580 9578
f 9579 9581 9582 9580
f 9581 9583 9584 9582
f 9583 9585 9586 9584
f 9585 9587 9588 9586
f 9587 9589 9590 9588
f 9589 9591 9592 9590
f 9591 9593 9594 9592
f 9593 9595 9596 9594
f 9595 9597 9598 9596
f 9597 9599 9600 9598
f 9599 9577 9578 9600
f 9599 9597 9595 9593 9591 9589 9587 9585 9583 9581 9579 9577
f 9578 9580 9582 9584 9586 9588 9590 9592 9594 9596 9598 9600
v -153.4356 -21.5339 148.8552
v -153.4356 -21.6654 154.4276
v -153.2433 -22.2515 148.8382
v -153.2433 -22.383 154.4107
v -152.7178 -22.7769 148.8259
v -152.7178 -22.9083 154.3983
v -152 -22.9691 148.8213
v -152 -23.1006 154.3937
v -151.2822 -22.7769 148.8259
v -151.2822 -22.9083 154.3983
v -150.7567 -22.2515 148.8382
v -150.7567 -22.383 154.4107
v -150.5644 -21.5339 148.8552
v -150.5644 -21.6654 154.4276
v -150.7567 -20.8163 148.8721
v -150.7567 -20.9478 154.4445
v -151.2822 -20.291 148.8845
v -151.2822 -20.4225 154.4569
v -152 -20.0987 148.889
v -152 -20.2302 154.4614
v -152.7178 -20.291 148.8845
v -152.7178 -20.4225 154.4569
v -153.2433 -20.8163 148.8721
v -153.2433 -20.9478 154.4445
f 9601 9603 9604 9602
f 9603 9605 9606 9604
f 9605 9607 9608 9606
f 9607 9609 9610 9608
f 9609 9611 9612 9610
f 9611 9613 9614 9612
f 9613 9615 9616 9614
f 9615 9617 9618 9616
f 9617 9619 9620 9618
f 9619 9621 9622 9620
f 9621 9623 9624 9622
f 9623 9601 9602 9624
f 9623 9621 9619 9617 9615 9613 9611 9609 9607 9605 9603 9601
f 9602 9604 9606 9608 9610 9612 9614 9616 9618 9620 9622 9624
v -153.4356 -21.6654 154.4276
v -153.4356 -21.7351 160
v -153.2433 -22.3831 154.4186
v -153.2433 -22.4529 159.991
v -152.7178 -22.9086 154.412
v -152.7178 -22.9783 159.9844
v -152 -23.1009 154.4096
v -152 -23.1706 159.982
v -151.2822 -22.9086 154.412
v -151.2822 -22.9783 159.9844
v -150.7567 -22.3831 154.4186
v -150.7567 -22.4529 159.991
v -150.5644 -21.6654 154.4276
v -150.5644 -21.7351 160
v -150.7567 -20.9476 154.4366
v -150.7567 -21.0174 160.009
v -151.2822 -20.4222 154.4431
v -151.2822 -20.492 160.0156
v -152 -20.2299 154.4456
v -152 -20.2997 160.018
v -152.7178 -20.4222 154.4431
v -152.7178 -20.492 160.0156
v -153.2433 -20.9476 154.4366
v -153.2433 -21.0174 160.009
f 9625 9627 9628 9626
f 9627 9629 9630 9628
f 9629 9631 9632 9630
f 9631 9633 9634 9632
f 9633 9635 9636 9634
f 9635 9637 9638 9636
f 9637 9639 9640 9638
f 9639 9641 9642 9640
f 9641 9643 9644 9642
f 9643 9645 9646 9644
f 9645 9647 9648 9646
f 9647 9625 9626 9648
f 9647 9645 9643 9641 9639 9637 9635 9633 9631 9629 9627 9625
f 9626 9628 9630 9632 9634 9636 9638 9640 9642 9644 9646 9648
o Edge_28
v 150.5644 -38.3502 -1.6
v 150.5644 -38.6785 3.9724
v 150.7567 -39.0668 -1.6422
v 150.7567 -39.395 3.9302
v 151.2822 -39.5913 -1.6731
v 151.2822 -39.9196 3.8993
v 152 -39.7833 -1.6844
v 152 -40.1116 3.888
v 152.7178 -39.5913 -1.6731
v 152.7178 -39.9196 3.8993
v 153.2433 -39.0668 -1.6422
v 153.2433 -39.395 3.9302
v 153.4356 -38.3502 -1.6
v 153.4356 -38.6785 3.9724
v 153.2433 -37.6337 -1.5578
v 153.2433 -37.9619 4.0146
v 152.7178 -37.1091 -1.5269
v 152.7178 -37.4374 4.0455
v 152 -36.9171 -1.5156
v 152 -37.2454 4.0568
v 151.2822 -37.1091 -1.5269
v 151.2822 -37.4374 4.0455
v 150.7567 -37.6337 -1.5578
v 150.7567 -37.9619 4.0146
f 9649 9651 9652 9650
f 9651 9653 9654 9652
f 9653 9655 9656 9654
f 9655 9657 9658 9656
f 9657 9659 9660 9658
f 9659 9661 9662 9660
f 9661 9663 9664 9662
f 9663 9665 9666 9664
f 9665 9667 9668 9666
f 9667 9669 9670 9668
f 9669 9671 9672 9670
f 9671 9649 9650 9672
f 9671 9669 9667 9665 9663 9661 9659 9657 9655 9653 9651 9649
f 9650 9652 9654 9656 9658 9660 9662 9664 9666 9668 9670 9672
v 150.5644 -38.6785 3.9724
v 150.5644 -38.9813 9.5448
v 150.7567 -39.3952 3.9335
v 150.7567 -39.698 9.5059
v 151.2822 -39.9199 3.905
v 151.2822 -40.2227 9.4774
v 152 -40.112 3.8945
v 152 -40.4148 9.4669
v 152.7178 -39.9199 3.905
v 152.7178 -40.2227 9.4774
v 153.2433 -39.3952 3.9335
v 153.2433 -39.698 9.5059
v 153.4356 -38.6785 3.9724
v 153.4356 -38.9813 9.5448
v 153.2433 -37.9617 4.0114
v 153.2433 -38.2645 9.5838
v 152.7178 -37.437 4.0399
v 152.7178 -37.7399 9.6123
v 152 -37.245 4.0503
v 152 -37.5478 9.6227
v 151.2822 -37.437 4.0399
v 151.2822 -37.7399 9.6123
v 150.7567 -37.9617 4.0114
v 150.7567 -38.2645 9.5838
f 9673 9675 9676 9674
f 9675 9677 9678 9676
f 9677 9679 9680 9678
f 9679 9681 9682 9680
f 9681 9683 9684 9682
f 9683 9685 9686 9684
f 9685 9687 9688 9686
f 9687 9689 9690 9688
f 9689 9691 9692 9690
f 9691 9693 9694 9692
f 9693 9695 9696 9694
f 9695 9673 9674 9696
f 9695 9693 9691 9689 9687 9685 9683 9681 9679 9677 9675 9673
f 9674 9676 9678 9680 9682 9684 9686 9688 9690 9692 9694 9696
v 150.5644 -38.9813 9.5448
v 150.5644 -39.253 15.1172
v 150.7567 -39.6982 9.5099
v 150.7567 -39.9699 15.0823
v 151.2822 -40.2231 9.4843
v 151.2822 -40.4948 15.0567
v 152 -40.4152 9.4749
v 152 -40.6869 15.0473
v 152.7178 -40.2231 9.4843
v 152.7178 -40.4948 15.0567
v 153.2433 -39.6982 9.5099
v 153.2433 -39.9699 15.0823
v 153.4356 -38.9813 9.5448
v 153.4356 -39.253 15.1172
v 153.2433 -38.2643 9.5798
v 153.2433 -38.536 15.1522
v 152.7178 -37.7395 9.6054
v 152.7178 -38.0112 15.1778
v 152 -37.5474 9.6147
v 152 -37.8191 15.1872
v 151.2822 -37.7395 9.6054
v 151.2822 -38.0112 15.1778
v 150.7567 -38.2643 9.5798
v 150.7567 -38.536 15.1522
f 9697 9699 9700 9698
f 9699 9701 9702 9700
f 9701 9703 9704 9702
f 9703 9705 9706 9704
f 9705 9707 9708 9706
f 9707 9709 9710 9708
f 9709 9711 9712 9710
f 9711 9713 9714 9712
f 9713 9715 9716 9714
f 9715 9717 9718 9716
f 9717 9719 9720 9718
f 9719 9697 9698 9720
f 9719 9717 9715 9713 9711 9709 9707 9705 9703 9701 9699 9697
f 9698 9700 9702 9704 9706 9708 9710 9712 9714 9716 9718 9720
v 150.5644 -39.253 15.1172
v 150.5644 -39.4853 20.6897
v 150.7567 -39.9702 15.0873
v 150.7567 -40.2025 20.6598
v 151.2822 -40.4952 15.0654
v 151.2822 -40.7275 20.6379
v 152 -40.6873 15.0574
v 152 -40.9197 20.6298
v 152.7178 -40.4952 15.0654
v 152.7178 -40.7275 20.6379
v 153.2433 -39.9702 15.0873
v 153.2433 -40.2025 20.6598
v 153.4356 -39.253 15.1172
v 153.4356 -39.4853 20.6897
v 153.2433 -38.5358 15.1471
v 153.2433 -38.7682 20.7196
v 152.7178 -38.0108 15.169
v 152.7178 -38.2431 20.7415
v 152 -37.8186 15.1771
v 152 -38.051 20.7495
v 151.2822 -38.0108 15.169
v 151.2822 -38.2431 20.7415
v 150.7567 -38.5358 15.1471
v 150.7567 -38.7682 20.7196
f 9721 9723 9724 9722
f 9723 9725 9726 9724
f 9725 9727 9728 9726
f 9727 9729 9730 9728
f 9729 9731 9732 9730
f 9731 9733 9734 9732
f 9733 9735 9736 9734
f 9735 9737 9738 9736
f 9737 9739 9740 9738
f 9739 9741 9742 9740
f 9741 9743 9744 9742
f 9743 9721 9722 9744
f 9743 9741 9739 9737 9735 9733 9731 9729 9727 9725 9723 9721
f 9722 9724 9726 9728 9730 9732 9734 9736 9738 9740 9742 9744
v 150.5644 -39.4853 20.6897
v 150.5644 -39.6882 26.2621
v 150.7567 -40.2027 20.6635
v 150.7567 -40.4056 26.236
v 151.2822 -40.7278 20.6444
v 151.2822 -40.9307 26.2168
v 152 -40.92 20.6374
v 152 -41.1229 26.2098
v 152.7178 -40.7278 20.6444
v 152.7178 -40.9307 26.2168
v 153.2433 -40.2027 20.6635
v 153.2433 -40.4056 26.236
v 153.4356 -39.4853 20.6897
v 153.4356 -39.6882 26.2621
v 153.2433 -38.768 20.7158
v 153.2433 -38.9709 26.2882
v 152.7178 -38.2429 20.7349
v 152.7178 -38.4458 26.3073
v 152 -38.0507 20.7419
v 152 -38.2536 26.3143
v 151.2822 -38.2429 20.7349
v 151.2822 -38.4458 26.3073
v 150.7567 -38.768 20.7158
v 150.7567 -38.9709 26.2882
f 9745 9747 9748 9746
f 9747 9749 9750 9748
f 9749 9751 9752 9750
f 9751 9753 9754 9752
f 9753 9755 9756 9754
f 9755 9757 9758 9756
f 9757 9759 9760 9758
f 9759 9761 9762 9760
f 9761 9763 9764 9762
f 9763 9765 9766 9764
f 9765 9767 9768 9766
f 9767 9745 9746 9768
f 9767 9765 9763 9761 9759 9757 9755 9753 9751 9749 9747 9745
f 9746 9748 9750 9752 9754 9756 9758 9760 9762 9764 9766 9768
v 150.5644 -39.6882 26.2621
v 150.5644 -39.8588 31.8345
v 150.7567 -40.4057 26.2401
v 150.7567 -40.5763 31.8125
v 151.2822 -40.9309 26.224
v 151.2822 -41.1015 31.7964
v 152 -41.1232 26.2181
v 152 -41.2938 31.7905
v 152.7178 -40.9309 26.224
v 152.7178 -41.1015 31.7964
v 153.2433 -40.4057 26.2401
v 153.2433 -40.5763 31.8125
v 153.4356 -39.6882 26.2621
v 153.4356 -39.8588 31.8345
v 153.2433 -38.9708 26.284
v 153.2433 -39.1414 31.8565
v 152.7178 -38.4455 26.3001
v 152.7178 -38.6162 31.8725
v 152 -38.2533 26.306
v 152 -38.4239 31.8784
v 151.2822 -38.4455 26.3001
v 151.2822 -38.6162 31.8725
v 150.7567 -38.9708 26.284
v 150.7567 -39.1414 31.8565
f 9769 9771 9772 9770
f 9771 9773 9774 9772
f 9773 9775 9776 9774
f 9775 9777 9778 9776
f 9777 9779 9780 9778
f 9779 9781 9782 9780
f 9781 9783 9784 9782
f 9783 9785 9786 9784
f 9785 9787 9788 9786
f 9787 9789 9790 9788
f 9789 9791 9792 9790
f 9791 9769 9770 9792
f 9791 9789 9787 9785 9783 9781 9779 9777 9775 9773 9771 9769
f 9770 9772 9774 9776 9778 9780 9782 9784 9786 9788 9790 9792
v 150.5644 -39.8588 31.8345
v 150.5644 -39.9713 37.4069
v 150.7567 -40.5765 31.82
v 150.7567 -40.689 37.3924
v 151.2822 -41.1019 31.8094
v 151.2822 -41.2143 37.3818
v 152 -41.2942 31.8055
v 152 -41.4066 37.3779
v 152.7178 -41.1019 31.8094
v 152.7178 -41.2143 37.3818
v 153.2433 -40.5765 31.82
v 153.2433 -40.689 37.3924
v 153.4356 -39.8588 31.8345
v 153.4356 -39.9713 37.4069
v 153.2433 -39.1412 31.849
v 153.2433 -39.2536 37.4214
v 152.7178 -38.6158 31.8596
v 152.7178 -38.7283 37.432
v 152 -38.4235 31.8634
v 152 -38.536 37.4359
v 151.2822 -38.6158 31.8596
v 151.2822 -38.7283 37.432
v 150.7567 -39.1412 31.849
v 150.7567 -39.2536 37.4214
f 9793 9795 9796 9794
f 9795 9797 9798 9796
f 9797 9799 9800 9798
f 9799 9801 9802 9800
f 9801 9803 9804 9802
f 9803 9805 9806 9804
f 9805 9807 9808 9806
f 9807 9809 9810 9808
f 9809 9811 9812 9810
f 9811 9813 9814 9812
f 9813 9815 9816 9814
f 9815 9793 9794 9816
f 9815 9813 9811 9809 9807 9805 9803 9801 9799 9797 9795 9793
f 9794 9796 9798 9800 9802 9804 9806 9808 9810 9812 9814 9816
v 150.5644 -39.9713 37.4069
v 150.5644 -40.0508 42.9793
v 150.7567 -40.689 37.3967
v 150.7567 -40.7685 42.9691
v 151.2822 -41.2144 37.3892
v 151.2822 -41.2939 42.9616
v 152 -41.4068 37.3864
v 152 -41.4862 42.9588
v 152.7178 -41.2144 37.3892
v 152.7178 -41.2939 42.9616
v 153.2433 -40.689 37.3967
v 153.2433 -40.7685 42.9691
v 153.4356 -39.9713 37.4069
v 153.4356 -40.0508 42.9793
v 153.2433 -39.2536 37.4171
v 153.2433 -39.3331 42.9895
v 152.7178 -38.7282 37.4246
v 152.7178 -38.8076 42.997
v 152 -38.5358 37.4274
v 152 -38.6153 42.9998
v 151.2822 -38.7282 37.4246
v 151.2822 -38.8076 42.997
v 150.7567 -39.2536 37.4171
v 150.7567 -39.3331 42.9895
f 9817 9819 9820 9818
f 9819 9821 9822 9820
f 9821 9823 9824 9822
f 9823 9825 9826 9824
f 9825 9827 9828 9826
f 9827 9829 9830 9828
f 9829 9831 9832 9830
f 9831 9833 9834 9832
f 9833 9835 9836 9834
f 9835 9837 9838 9836
f 9837 9839 9840 9838
f 9839 9817 9818 9840
f 9839 9837 9835 9833 9831 9829 9827 9825 9823 9821 9819 9817
f 9818 9820 9822 9824 9826 9828 9830 9832 9834 9836 9838 9840
v 150.5644 -40.0508 42.9793
v 150.5644 -40.0984 48.5517
v 150.7567 -40.7686 42.9732
v 150.7567 -40.8162 48.5456
v 151.2822 -41.294 42.9687
v 151.2822 -41.3416 48.5411
v 152 -41.4863 42.967
v 152 -41.534 48.5395
v 152.7178 -41.294 42.9687
v 152.7178 -41.3416 48.5411
v 153.2433 -40.7686 42.9732
v 153.2433 -40.8162 48.5456
v 153.4356 -40.0508 42.9793
v 153.4356 -40.0984 48.5517
v 153.2433 -39.333 42.9854
v 153.2433 -39.3806 48.5579
v 152.7178 -38.8076 42.9899
v 152.7178 -38.8552 48.5624
v 152 -38.6152 42.9916
v 152 -38.6629 48.564
v 151.2822 -38.8076 42.9899
v 151.2822 -38.8552 48.5624
v 150.7567 -39.333 42.9854
v 150.7567 -39.3806 48.5579
f 9841 9843 9844 9842
f 9843 9845 9846 9844
f 9845 9847 9848 9846
f 9847 9849 9850 9848
f 9849 9851 9852 9850
f 9851 9853 9854 9852
f 9853 9855 9856 9854
f 9855 9857 9858 9856
f 9857 9859 9860 9858
f 9859 9861 9862 9860
f 9861 9863 9864 9862
f 9863 9841 9842 9864
f 9863 9861 9859 9857 9855 9853 9851 9849 9847 9845 9843 9841
f 9842 9844 9846 9848 9850 9852 9854 9856 9858 9860 9862 9864
v 150.5644 -40.0984 48.5517
v 150.5644 -40.1032 54.1241
v 150.7567 -40.8162 48.5511
v 150.7567 -40.821 54.1235
v 151.2822 -41.3417 48.5507
v 151.2822 -41.3464 54.1231
v 152 -41.534 48.5505
v 152 -41.5388 54.1229
v 152.7178 -41.3417 48.5507
v 152.7178 -41.3464 54.1231
v 153.2433 -40.8162 48.5511
v 153.2433 -40.821 54.1235
v 153.4356 -40.0984 48.5517
v 153.4356 -40.1032 54.1241
v 153.2433 -39.3806 48.5523
v 153.2433 -39.3854 54.1247
v 152.7178 -38.8551 48.5528
v 152.7178 -38.8599 54.1252
v 152 -38.6628 48.5529
v 152 -38.6676 54.1254
v 151.2822 -38.8551 48.5528
v 151.2822 -38.8599 54.1252
v 150.7567 -39.3806 48.5523
v 150.7567 -39.3854 54.1247
f 9865 9867 9868 9866
f 9867 9869 9870 9868
f 9869 9871 9872 9870
f 9871 9873 9874 9872
f 9873 9875 9876 9874
f 9875 9877 9878 9876
f 9877 9879 9880 9878
f 9879 9881 9882 9880
f 9881 9883 9884 9882
f 9883 9885 9886 9884
f 9885 9887 9888 9886
f 9887 9865 9866 9888
f 9887 9885 9883 9881 9879 9877 9875 9873 9871 9869 9867 9865
f 9866 9868 9870 9872 9874 9876 9878 9880 9882 9884 9886 9888
v 150.5644 -40.1032 54.1241
v 150.5644 -40.0879 59.6966
v 150.7567 -40.821 54.1261
v 150.7567 -40.8057 59.6985
v 151.2822 -41.3464 54.1276
v 151.2822 -41.3311 59.7
v 152 -41.5388 54.1281
v 152 -41.5235 59.7005
v 152.7178 -41.3464 54.1276
v 152.7178 -41.3311 59.7
v 153.2433 -40.821 54.1261
v 153.2433 -40.8057 59.6985
v 153.4356 -40.1032 54.1241
v 153.4356 -40.0879 59.6966
v 153.2433 -39.3854 54.1222
v 153.2433 -39.3701 59.6946
v 152.7178 -38.8599 54.1207
v 152.7178 -38.8446 59.6931
v 152 -38.6676 54.1202
v 152 -38.6523 59.6926
v 151.2822 -38.8599 54.1207
v 151.2822 -38.8446 59.6931
v 150.7567 -39.3854 54.1222
v 150.7567 -39.3701 59.6946
f 9889 9891 9892 9890
f 9891 9893 9894 9892
f 9893 9895 9896 9894
f 9895 9897 9898 9896
f 9897 9899 9900 9898
f 9899 9901 9902 9900
f 9901 9903 9904 9902
f 9903 9905 9906 9904
f 9905 9907 9908 9906
f 9907 9909 9910 9908
f 9909 9911 9912 9910
f 9911 9889 9890 9912
f 9911 9909 9907 9905 9903 9901 9899 9897 9895 9893 9891 9889
f 9890 9892 9894 9896 9898 9900 9902 9904 9906 9908 9910 9912
v 150.5644 -40.0879 59.6966
v 150.5644 -40.0597 65.269
v 150.7567 -40.8057 59.7002
v 150.7567 -40.7775 65.2726
v 151.2822 -41.3311 59.7028
v 151.2822 -41.303 65.2752
v 152 -41.5234 59.7038
v 152 -41.4953 65.2762
v 152.7178 -41.3311 59.7028
v 152.7178 -41.303 65.2752
v 153.2433 -40.8057 59.7002
v 153.2433 -40.7775 65.2726
v 153.4356 -40.0879 59.6966
v 153.4356 -40.0597 65.269
v 153.2433 -39.3701 59.6929
v 153.2433 -39.3419 65.2653
v 152.7178 -38.8446 59.6903
v 152.7178 -38.8165 65.2627
v 152 -38.6523 59.6893
v 152 -38.6241 65.2617
v 151.2822 -38.8446 59.6903
v 151.2822 -38.8165 65.2627
v 150.7567 -39.3701 59.6929
v 150.7567 -39.3419 65.2653
f 9913 9915 9916 9914
f 9915 9917 9918 9916
f 9917 9919 9920 9918
f 9919 9921 9922 9920
f 9921 9923 9924 9922
f 9923 9925 9926 9924
f 9925 9927 9928 9926
f 9927 9929 9930 9928
f 9929 9931 9932 9930
f 9931 9933 9934 9932
f 9933 9935 9936 9934
f 9935 9913 9914 9936
f 9935 9933 9931 9929 9927 9925 9923 9921 9919 9917 9915 9913
f 9914 9916 9918 9920 9922 9924 9926 9928 9930 9932 9934 9936
v 150.5644 -40.0597 65.269
v 150.5644 -40.0224 70.8414
v 150.7567 -40.7775 65.2738
v 150.7567 -40.7402 70.8462
v 151.2822 -41.3029 65.2773
v 151.2822 -41.2657 70.8497
v 152 -41.4953 65.2786
v 152 -41.458 70.851
v 152.7178 -41.3029 65.2773
v 152.7178 -41.2657 70.8497
v 153.2433 -40.7775 65.2738
v 153.2433 -40.7402 70.8462
v 153.4356 -40.0597 65.269
v 153.4356 -40.0224 70.8414
v 153.2433 -39.3419 65.2642
v 153.2433 -39.3047 70.8366
v 152.7178 -38.8165 65.2607
v 152.7178 -38.7792 70.8331
v 152 -38.6241 65.2594
v 152 -38.5869 70.8318
v 151.2822 -38.8165 65.2607
v 151.2822 -38.7792 70.8331
v 150.7567 -39.3419 65.2642
v 150.7567 -39.3047 70.8366
f 9937 9939 9940 9938
f 9939 9941 9942 9940
f 9941 9943 9944 9942
f 9943 9945 9946 9944
f 9945 9947 9948 9946
f 9947 9949 9950 9948
f 9949 9951 9952 9950
f 9951 9953 9954 9952
f 9953 9955 9956 9954
f 9955 9957 9958 9956
f 9957 9959 9960 9958
f 9959 9937 9938 9960
f 9959 9957 9955 9953 9951 9949 9947 9945 9943 9941 9939 9937
f 9938 9940 9942 9944 9946 9948 9950 9952 9954 9956 9958 9960
v 150.5644 -40.0224 70.8414
v 150.5644 -39.9864 76.4138
v 150.7567 -40.7402 70.846
v 150.7567 -40.7042 76.4184
v 151.2822 -41.2657 70.8494
v 151.2822 -41.2296 76.4218
v 152 -41.458 70.8507
v 152 -41.422 76.4231
v 152.7178 -41.2657 70.8494
v 152.7178 -41.2296 76.4218
v 153.2433 -40.7402 70.846
v 153.2433 -40.7042 76.4184
v 153.4356 -40.0224 70.8414
v 153.4356 -39.9864 76.4138
v 153.2433 -39.3047 70.8367
v 153.2433 -39.2686 76.4091
v 152.7178 -38.7792 70.8333
v 152.7178 -38.7431 76.4057
v 152 -38.5869 70.8321
v 152 -38.5508 76.4045
v 151.2822 -38.7792 70.8333
v 151.2822 -38.7431 76.4057
v 150.7567 -39.3047 70.8367
v 150.7567 -39.2686 76.4091
f 9961 9963 9964 9962
f 9963 9965 9966 9964
f 9965 9967 9968 9966
f 9967 9969 9970 9968
f 9969 9971 9972 9970
f 9971 9973 9974 9972
f 9973 9975 9976 9974
f 9975 9977 9978 9976
f 9977 9979 9980 9978
f 9979 9981 9982 9980
f 9981 9983 9984 9982
f 9983 9961 9962 9984
f 9983 9981 9979 9977 9975 9973 9971 9969 9967 9965 9963 9961
f 9962 9964 9966 9968 9970 9972 9974 9976 9978 9980 9982 9984
v 150.5644 -39.9864 76.4138
v 150.5644 -39.9528 81.9862
v 150.7567 -40.7042 76.4181
v 150.7567 -40.6705 81.9905
v 151.2822 -41.2296 76.4213
v 151.2822 -41.196 81.9937
v 152 -41.422 76.4225
v 152 -41.3883 81.9949
v 152.7178 -41.2296 76.4213
v 152.7178 -41.196 81.9937
v 153.2433 -40.7042 76.4181
v 153.2433 -40.6705 81.9905
v 153.4356 -39.9864 76.4138
v 153.4356 -39.9528 81.9862
v 153.2433 -39.2686 76.4095
v 153.2433 -39.235 81.9819
v 152.7178 -38.7431 76.4063
v 152.7178 -38.7095 81.9787
v 152 -38.5508 76.4051
v 152 -38.5172 81.9775
v 151.2822 -38.7431 76.4063
v 151.2822 -38.7095 81.9787
v 150.7567 -39.2686 76.4095
v 150.7567 -39.235 81.9819
f 9985 9987 9988 9986
f 9987 9989 9990 9988
f 9989 9991 9992 9990
f 9991 9993 9994 9992
f 9993 9995 9996 9994
f 9995 9997 9998 9996
f 9997 9999 10000 9998
f 9999 10001 10002 10000
f 10001 10003 10004 10002
f 10003 10005 10006 10004
f 10005 10007 10008 10006
f 10007 9985 9986 10008
f 10007 10005 10003 10001 9999 9997 9995 9993 9991 9989 9987 9985
f 9986 9988 9990 9992 9994 9996 9998 10000 10002 10004 10006 10008
v 150.5644 -39.9528 81.9862
v 150.5644 -39.923 87.5586
v 150.7567 -40.6706 81.99
v 150.7567 -40.6407 87.5625
v 151.2822 -41.196 81.9929
v 151.2822 -41.1662 87.5653
v 152 -41.3883 81.9939
v 152 -41.3585 87.5663
v 152.7178 -41.196 81.9929
v 152.7178 -41.1662 87.5653
v 153.2433 -40.6706 81.99
v 153.2433 -40.6407 87.5625
v 153.4356 -39.9528 81.9862
v 153.4356 -39.923 87.5586
v 153.2433 -39.235 81.9824
v 153.2433 -39.2052 87.5548
v 152.7178 -38.7095 81.9796
v 152.7178 -38.6797 87.552
v 152 -38.5172 81.9785
v 152 -38.4874 87.5509
v 151.2822 -38.7095 81.9796
v 151.2822 -38.6797 87.552
v 150.7567 -39.235 81.9824
v 150.7567 -39.2052 87.5548
f 10009 10011 10012 10010
f 10011 10013 10014 10012
f 10013 10015 10016 10014
f 10015 10017 10018 10016
f 10017 10019 10020 10018
f 10019 10021 10022 10020
f 10021 10023 10024 10022
f 10023 10025 10026 10024
f 10025 10027 10028 10026
f 10027 10029 10030 10028
f 10029 10031 10032 10030
f 10031 10009 10010 10032
f 10031 10029 10027 10025 10023 10021 10019 10017 10015 10013 10011 10009
f 10010 10012 10014 10016 10018 10020 10022 10024 10026 10028 10030 10032
v 150.5644 -39.923 87.5586
v 150.5644 -39.8946 93.131
v 150.7567 -40.6407 87.5623
v 150.7567 -40.6123 93.1347
v 151.2822 -41.1662 87.565
v 151.2822 -41.1378 93.1374
v 152 -41.3585 87.5659
v 152 -41.3301 93.1384
v 152.7178 -41.1662 87.565
v 152.7178 -41.1378 93.1374
v 153.2433 -40.6407 87.5623
v 153.2433 -40.6123 93.1347
v 153.4356 -39.923 87.5586
v 153.4356 -39.8946 93.131
v 153.2433 -39.2052 87.555
v 153.2433 -39.1768 93.1274
v 152.7178 -38.6797 87.5523
v 152.7178 -38.6513 93.1247
v 152 -38.4874 87.5513
v 152 -38.459 93.1237
v 151.2822 -38.6797 87.5523
v 151.2822 -38.6513 93.1247
v 150.7567 -39.2052 87.555
v 150.7567 -39.1768 93.1274
f 10033 10035 10036 10034
f 10035 10037 10038 10036
f 10037 10039 10040 10038
f 10039 10041 10042 10040
f 10041 10043 10044 10042
f 10043 10045 10046 10044
f 10045 10047 10048 10046
f 10047 10049 10050 10048
f 10049 10051 10052 10050
f 10051 10053 10054 10052
f 10053 10055 10056 10054
f 10055 10033 10034 10056
f 10055 10053 10051 10049 10047 10045 10043 10041 10039 10037 10035 10033
f 10034 10036 10038 10040 10042 10044 10046 10048 10050 10052 10054 10056
v 150.5644 -39.8946 93.131
v 150.5644 -39.8625 98.7034
v 150.7567 -40.6123 93.1352
v 150.7567 -40.5802 98.7076
v 151.2822 -41.1378 93.1382
v 151.2822 -41.1057 98.7106
v 152 -41.3301 93.1393
v 152 -41.298 98.7117
v 152.7178 -41.1378 93.1382
v 152.7178 -41.1057 98.7106
v 153.2433 -40.6123 93.1352
v 153.2433 -40.5802 98.7076
v 153.4356 -39.8946 93.131
v 153.4356 -39.8625 98.7034
v 153.2433 -39.1768 93.1269
v 153.2433 -39.1447 98.6993
v 152.7178 -38.6513 93.1239
v 152.7178 -38.6192 98.6963
v 152 -38.459 93.1228
v 152 -38.4269 98.6952
v 151.2822 -38.6513 93.1239
v 151.2822 -38.6192 98.6963
v 150.7567 -39.1768 93.1269
v 150.7567 -39.1447 98.6993
f 10057 10059 10060 10058
f 10059 10061 10062 10060
f 10061 10063 10064 10062
f 10063 10065 10066 10064
f 10065 10067 10068 10066
f 10067 10069 10070 10068
f 10069 10071 10072 10070
f 10071 10073 10074 10072
f 10073 10075 10076 10074
f 10075 10077 10078 10076
f 10077 10079 10080 10078
f 10079 10057 10058 10080
f 10079 10077 10075 10073 10071 10069 10067 10065 10063 10061 10059 10057
f 10058 10060 10062 10064 10066 10068 10070 10072 10074 10076 10078 10080
v 150.5644 -39.8625 98.7034
v 150.5644 -39.8254 104.2759
v 150.7567 -40.5802 98.7082
v 150.7567 -40.5432 104.2806
v 151.2822 -41.1057 98.7117
v 151.2822 -41.0687 104.2841
v 152 -41.298 98.713
v 152 -41.261 104.2854
v 152.7178 -41.1057 98.7117
v 152.7178 -41.0687 104.2841
v 153.2433 -40.5802 98.7082
v 153.2433 -40.5432 104.2806
v 153.4356 -39.8625 98.7034
v 153.4356 -39.8254 104.2759
v 153.2433 -39.1447 98.6987
v 153.2433 -39.1077 104.2711
v 152.7178 -38.6192 98.6952
v 152.7178 -38.5822 104.2676
v 152 -38.4269 98.6939
v 152 -38.3899 104.2663
v 151.2822 -38.6192 98.6952
v 151.2822 -38.5822 104.2676
v 150.7567 -39.1447 98.6987
v 150.7567 -39.1077 104.2711
f 10081 10083 10084 10082
f 10083 10085 10086 10084
f 10085 10087 10088 10086
f 10087 10089 10090 10088
f 10089 10091 10092 10090
f 10091 10093 10094 10092
f 10093 10095 10096 10094
f 10095 10097 10098 10096
f 10097 10099 10100 10098
f 10099 10101 10102 10100
f 10101 10103 10104 10102
f 10103 10081 10082 10104
f 10103 10101 10099 10097 10095 10093 10091 10089 10087 10085 10083 10081
f 10082 10084 10086 10088 10090 10092 10094 10096 10098 10100 10102 10104
v 150.5644 -39.8254 104.2759
v 150.5644 -39.7723 109.8483
v 150.7567 -40.5432 104.2827
v 150.7567 -40.4901 109.8551
v 151.2822 -41.0687 104.2877
v 151.2822 -41.0155 109.8601
v 152 -41.261 104.2895
v 152 -41.2079 109.862
v 152.7178 -41.0687 104.2877
v 152.7178 -41.0155 109.8601
v 153.2433 -40.5432 104.2827
v 153.2433 -40.4901 109.8551
v 153.4356 -39.8254 104.2759
v 153.4356 -39.7723 109.8483
v 153.2433 -39.1077 104.269
v 153.2433 -39.0546 109.8414
v 152.7178 -38.5822 104.264
v 152.7178 -38.5291 109.8364
v 152 -38.3899 104.2622
v 152 -38.3368 109.8346
v 151.2822 -38.5822 104.264
v 151.2822 -38.5291 109.8364
v 150.7567 -39.1077 104.269
v 150.7567 -39.0546 109.8414
f 10105 10107 10108 10106
f 10107 10109 10110 10108
f 10109 10111 10112 10110
f 10111 10113 10114 10112
f 10113 10115 10116 10114
f 10115 10117 10118 10116
f 10117 10119 10120 10118
f 10119 10121 10122 10120
f 10121 10123 10124 10122
f 10123 10125 10126 10124
f 10125 10127 10128 10126
f 10127 10105 10106 10128
f 10127 10125 10123 10121 10119 10117 10115 10113 10111 10109 10107 10105
f 10106 10108 10110 10112 10114 10116 10118 10120 10122 10124 10126 10128
v 150.5644 -39.7723 109.8483
v 150.5644 -39.7059 115.4207
v 150.7567 -40.4901 109.8568
v 150.7567 -40.4236 115.4292
v 151.2822 -41.0155 109.8631
v 151.2822 -40.9491 115.4355
v 152 -41.2078 109.8654
v 152 -41.1414 115.4378
v 152.7178 -41.0155 109.8631
v 152.7178 -40.9491 115.4355
v 153.2433 -40.4901 109.8568
v 153.2433 -40.4236 115.4292
v 153.4356 -39.7723 109.8483
v 153.4356 -39.7059 115.4207
v 153.2433 -39.0546 109.8397
v 153.2433 -38.9881 115.4121
v 152.7178 -38.5292 109.8335
v 152.7178 -38.4627 115.4059
v 152 -38.3368 109.8312
v 152 -38.2704 115.4036
v 151.2822 -38.5292 109.8335
v 151.2822 -38.4627 115.4059
v 150.7567 -39.0546 109.8397
v 150.7567 -38.9881 115.4121
f 10129 10131 10132 10130
f 10131 10133 10134 10132
f 10133 10135 10136 10134
f 10135 10137 10138 10136
f 10137 10139 10140 10138
f 10139 10141 10142 10140
f 10141 10143 10144 10142
f 10143 10145 10146 10144
f 10145 10147 10148 10146
f 10147 10149 10150 10148
f 10149 10151 10152 10150
f 10151 10129 10130 10152
f 10151 10149 10147 10145 10143 10141 10139 10137 10135 10133 10131 10129
f 10130 10132 10134 10136 10138 10140 10142 10144 10146 10148 10150 10152
v 150.5644 -39.7059 115.4207
v 150.5644 -39.6272 120.9931
v 150.7567 -40.4236 115.4308
v 150.7567 -40.3449 121.0032
v 151.2822 -40.949 115.4382
v 151.2822 -40.8703 121.0107
v 152 -41.1413 115.441
v 152 -41.0626 121.0134
v 152.7178 -40.949 115.4382
v 152.7178 -40.8703 121.0107
v 153.2433 -40.4236 115.4308
v 153.2433 -40.3449 121.0032
v 153.4356 -39.7059 115.4207
v 153.4356 -39.6272 120.9931
v 153.2433 -38.9882 115.4106
v 153.2433 -38.9095 120.983
v 152.7178 -38.4627 115.4031
v 152.7178 -38.384 120.9755
v 152 -38.2704 115.4004
v 152 -38.1917 120.9728
v 151.2822 -38.4627 115.4031
v 151.2822 -38.384 120.9755
v 150.7567 -38.9882 115.4106
v 150.7567 -38.9095 120.983
f 10153 10155 10156 10154
f 10155 10157 10158 10156
f 10157 10159 10160 10158
f 10159 10161 10162 10160
f 10161 10163 10164 10162
f 10163 10165 10166 10164
f 10165 10167 10168 10166
f 10167 10169 10170 10168
f 10169 10171 10172 10170
f 10171 10173 10174 10172
f 10173 10175 10176 10174
f 10175 10153 10154 10176
f 10175 10173 10171 10169 10167 10165 10163 10161 10159 10157 10155 10153
f 10154 10156 10158 10160 10162 10164 10166 10168 10170 10172 10174 10176
v 150.5644 -39.6272 120.9931
v 150.5644 -39.5306 126.5655
v 150.7567 -40.3449 121.0055
v 150.7567 -40.2483 126.578
v 151.2822 -40.8703 121.0147
v 151.2822 -40.7737 126.5871
v 152 -41.0626 121.018
v 152 -40.966 126.5904
v 152.7178 -40.8703 121.0147
v 152.7178 -40.7737 126.5871
v 153.2433 -40.3449 121.0055
v 153.2433 -40.2483 126.578
v 153.4356 -39.6272 120.9931
v 153.4356 -39.5306 126.5655
v 153.2433 -38.9095 120.9807
v 153.2433 -38.8129 126.5531
v 152.7178 -38.3841 120.9716
v 152.7178 -38.2875 126.544
v 152 -38.1918 120.9682
v 152 -38.0952 126.5406
v 151.2822 -38.3841 120.9716
v 151.2822 -38.2875 126.544
v 150.7567 -38.9095 120.9807
v 150.7567 -38.8129 126.5531
f 10177 10179 10180 10178
f 10179 10181 10182 10180
f 10181 10183 10184 10182
f 10183 10185 10186 10184
f 10185 10187 10188 10186
f 10187 10189 10190 10188
f 10189 10191 10192 10190
f 10191 10193 10194 10192
f 10193 10195 10196 10194
f 10195 10197 10198 10196
f 10197 10199 10200 10198
f 10199 10177 10178 10200
f 10199 10197 10195 10193 10191 10189 10187 10185 10183 10181 10179 10177
f 10178 10180 10182 10184 10186 10188 10190 10192 10194 10196 10198 10200
v 150.5644 -39.5306 126.5655
v 150.5644 -39.4185 132.1379
v 150.7567 -40.2483 126.58
v 150.7567 -40.1361 132.1524
v 151.2822 -40.7736 126.5905
v 151.2822 -40.6615 132.1629
v 152 -40.9659 126.5944
v 152 -40.8538 132.1668
v 152.7178 -40.7736 126.5905
v 152.7178 -40.6615 132.1629
v 153.2433 -40.2483 126.58
v 153.2433 -40.1361 132.1524
v 153.4356 -39.5306 126.5655
v 153.4356 -39.4185 132.1379
v 153.2433 -38.8129 126.5511
v 153.2433 -38.7008 132.1235
v 152.7178 -38.2876 126.5405
v 152.7178 -38.1755 132.1129
v 152 -38.0953 126.5366
v 152 -37.9832 132.1091
v 151.2822 -38.2876 126.5405
v 151.2822 -38.1755 132.1129
v 150.7567 -38.8129 126.5511
v 150.7567 -38.7008 132.1235
f 10201 10203 10204 10202
f 10203 10205 10206 10204
f 10205 10207 10208 10206
f 10207 10209 10210 10208
f 10209 10211 10212 10210
f 10211 10213 10214 10212
f 10213 10215 10216 10214
f 10215 10217 10218 10216
f 10217 10219 10220 10218
f 10219 10221 10222 10220
f 10221 10223 10224 10222
f 10223 10201 10202 10224
f 10223 10221 10219 10217 10215 10213 10211 10209 10207 10205 10203 10201
f 10202 10204 10206 10208 10210 10212 10214 10216 10218 10220 10222 10224
v 150.5644 -39.4185 132.1379
v 150.5644 -39.2933 137.7103
v 150.7567 -40.1361 132.1541
v 150.7567 -40.0109 137.7265
v 151.2822 -40.6614 132.1659
v 151.2822 -40.5362 137.7383
v 152 -40.8537 132.1702
v 152 -40.7285 137.7426
v 152.7178 -40.6614 132.1659
v 152.7178 -40.5362 137.7383
v 153.2433 -40.1361 132.1541
v 153.2433 -40.0109 137.7265
v 153.4356 -39.4185 132.1379
v 153.4356 -39.2933 137.7103
v 153.2433 -38.7009 132.1218
v 153.2433 -38.5756 137.6942
v 152.7178 -38.1755 132.11
v 152.7178 -38.0503 137.6824
v 152 -37.9832 132.1057
v 152 -37.858 137.6781
v 151.2822 -38.1755 132.11
v 151.2822 -38.0503 137.6824
v 150.7567 -38.7009 132.1218
v 150.7567 -38.5756 137.6942
f 10225 10227 10228 10226
f 10227 10229 10230 10228
f 10229 10231 10232 10230
f 10231 10233 10234 10232
f 10233 10235 10236 10234
f 10235 10237 10238 10236
f 10237 10239 10240 10238
f 10239 10241 10242 10240
f 10241 10243 10244 10242
f 10243 10245 10246 10244
f 10245 10247 10248 10246
f 10247 10225 10226 10248
f 10247 10245 10243 10241 10239 10237 10235 10233 10231 10229 10227 10225
f 10226 10228 10230 10232 10234 10236 10238 10240 10242 10244 10246 10248
v 150.5644 -39.2933 137.7103
v 150.5644 -39.1506 143.2828
v 150.7567 -40.0108 137.7287
v 150.7567 -39.8681 143.3011
v 151.2822 -40.5361 137.7422
v 151.2822 -40.3934 143.3146
v 152 -40.7284 137.7471
v 152 -40.5857 143.3195
v 152.7178 -40.5361 137.7422
v 152.7178 -40.3934 143.3146
v 153.2433 -40.0108 137.7287
v 153.2433 -39.8681 143.3011
v 153.4356 -39.2933 137.7103
v 153.4356 -39.1506 143.2828
v 153.2433 -38.5757 137.692
v 153.2433 -38.433 143.2644
v 152.7178 -38.0504 137.6785
v 152.7178 -37.9077 143.2509
v 152 -37.8581 137.6736
v 152 -37.7154 143.246
v 151.2822 -38.0504 137.6785
v 151.2822 -37.9077 143.2509
v 150.7567 -38.5757 137.692
v 150.7567 -38.433 143.2644
f 10249 10251 10252 10250
f 10251 10253 10254 10252
f 10253 10255 10256 10254
f 10255 10257 10258 10256
f 10257 10259 10260 10258
f 10259 10261 10262 10260
f 10261 10263 10264 10262
f 10263 10265 10266 10264
f 10265 10267 10268 10266
f 10267 10269 10270 10268
f 10269 10271 10272 10270
f 10271 10249 10250 10272
f 10271 10269 10267 10265 10263 10261 10259 10257 10255 10253 10251 10249
f 10250 10252 10254 10256 10258 10260 10262 10264 10266 10268 10270 10272
v 150.5644 -39.1506 143.2828
v 150.5644 -38.9729 148.8552
v 150.7567 -39.868 143.3056
v 150.7567 -39.6904 148.878
v 151.2822 -40.3932 143.3224
v 151.2822 -40.2156 148.8948
v 152 -40.5854 143.3285
v 152 -40.4078 148.9009
v 152.7178 -40.3932 143.3224
v 152.7178 -40.2156 148.8948
v 153.2433 -39.868 143.3056
v 153.2433 -39.6904 148.878
v 153.4356 -39.1506 143.2828
v 153.4356 -38.9729 148.8552
v 153.2433 -38.4331 143.2599
v 153.2433 -38.2555 148.8323
v 152.7178 -37.9079 143.2432
v 152.7178 -37.7303 148.8156
v 152 -37.7157 143.237
v 152 -37.5381 148.8094
v 151.2822 -37.9079 143.2432
v 151.2822 -37.7303 148.8156
v 150.7567 -38.4331 143.2599
v 150.7567 -38.2555 148.8323
f 10273 10275 10276 10274
f 10275 10277 10278 10276
f 10277 10279 10280 10278
f 10279 10281 10282 10280
f 10281 10283 10284 10282
f 10283 10285 10286 10284
f 10285 10287 10288 10286
f 10287 10289 10290 10288
f 10289 10291 10292 10290
f 10291 10293 10294 10292
f 10293 10295 10296 10294
f 10295 10273 10274 10296
f 10295 10293 10291 10289 10287 10285 10283 10281 10279 10277 10275 10273
f 10274 10276 10278 10280 10282 10284 10286 10288 10290 10292 10294 10296
v 150.5644 -38.9729 148.8552
v 150.5644 -38.761 154.4276
v 150.7567 -39.6902 148.8825
v 150.7567 -39.4783 154.4549
v 151.2822 -40.2153 148.9024
v 151.2822 -40.0034 154.4748
v 152 -40.4075 148.9097
v 152 -40.1956 154.4821
v 152.7178 -40.2153 148.9024
v 152.7178 -40.0034 154.4748
v 153.2433 -39.6902 148.8825
v 153.2433 -39.4783 154.4549
v 153.4356 -38.9729 148.8552
v 153.4356 -38.761 154.4276
v 153.2433 -38.2557 148.8279
v 153.2433 -38.0437 154.4003
v 152.7178 -37.7306 148.8079
v 152.7178 -37.5186 154.3803
v 152 -37.5384 148.8006
v 152 -37.3264 154.373
v 151.2822 -37.7306 148.8079
v 151.2822 -37.5186 154.3803
v 150.7567 -38.2557 148.8279
v 150.7567 -38.0437 154.4003
f 10297 10299 10300 10298
f 10299 10301 10302 10300
f 10301 10303 10304 10302
f 10303 10305 10306 10304
f 10305 10307 10308 10306
f 10307 10309 10310 10308
f 10309 10311 10312 10310
f 10311 10313 10314 10312
f 10313 10315 10316 10314
f 10315 10317 10318 10316
f 10317 10319 10320 10318
f 10319 10297 10298 10320
f 10319 10317 10315 10313 10311 10309 10307 10305 10303 10301 10299 10297
f 10298 10300 10302 10304 10306 10308 10310 10312 10314 10316 10318 10320
v 150.5644 -38.761 154.4276
v 150.5644 -38.5113 160
v 150.7567 -39.4781 154.4597
v 150.7567 -39.2284 160.0321
v 151.2822 -40.003 154.4832
v 151.2822 -39.7533 160.0557
v 152 -40.1952 154.4919
v 152 -39.9455 160.0643
v 152.7178 -40.003 154.4832
v 152.7178 -39.7533 160.0557
v 153.2433 -39.4781 154.4597
v 153.2433 -39.2284 160.0321
v 153.4356 -38.761 154.4276
v 153.4356 -38.5113 160
v 153.2433 -38.0439 154.3955
v 153.2433 -37.7942 159.9679
v 152.7178 -37.519 154.3719
v 152.7178 -37.2693 159.9443
v 152 -37.3269 154.3633
v 152 -37.0771 159.9357
v 151.2822 -37.519 154.3719
v 151.2822 -37.2693 159.9443
v 150.7567 -38.0439 154.3955
v 150.7567 -37.7942 159.9679
f 10321 10323 10324 10322
f 10323 10325 10326 10324
f 10325 10327 10328 10326
f 10327 10329 10330 10328
f 10329 10331 10332 10330
f 10331 10333 10334 10332
f 10333 10335 10336 10334
f 10335 10337 10338 10336
f 10337 10339 10340 10338
f 10339 10341 10342 10340
f 10341 10343 10344 10342
f 10343 10321 10322 10344
f 10343 10341 10339 10337 10335 10333 10331 10329 10327 10325 10323 10321
f 10322 10324 10326 10328 10330 10332 10334 10336 10338 10340 10342 10344
o Edge_29
v -86.1956 -35.4642 -1.6
v -86.1956 -34.5589 3.9724
v -86.0033 -36.1727 -1.4849
v -86.0033 -35.2674 4.0875
v -85.4778 -36.6914 -1.4006
v -85.4778 -35.7861 4.1718
v -84.76 -36.8812 -1.3698
v -84.76 -35.9759 4.2026
v -84.0422 -36.6914 -1.4006
v -84.0422 -35.7861 4.1718
v -83.5167 -36.1727 -1.4849
v -83.5167 -35.2674 4.0875
v -83.3244 -35.4642 -1.6
v -83.3244 -34.5589 3.9724
v -83.5167 -34.7557 -1.7151
v -83.5167 -33.8504 3.8573
v -84.0422 -34.237 -1.7994
v -84.0422 -33.3317 3.773
v -84.76 -34.0472 -1.8302
v -84.76 -33.1419 3.7422
v -85.4778 -34.237 -1.7994
v -85.4778 -33.3317 3.773
v -86.0033 -34.7557 -1.7151
v -86.0033 -33.8504 3.8573
f 10345 10347 10348 10346
f 10347 10349 10350 10348
f 10349 10351 10352 10350
f 10351 10353 10354 10352
f 10353 10355 10356 10354
f 10355 10357 10358 10356
f 10357 10359 10360 10358
f 10359 10361 10362 10360
f 10361 10363 10364 10362
f 10363 10365 10366 10364
f 10365 10367 10368 10366
f 10367 10345 10346 10368
f 10367 10365 10363 10361 10359 10357 10355 10353 10351 10349 10347 10345
f 10346 10348 10350 10352 10354 10356 10358 10360 10362 10364 10366 10368
v -86.1956 -34.5589 3.9724
v -86.1956 -33.6643 9.5448
v -86.0033 -35.2676 4.0862
v -86.0033 -34.3731 9.6586
v -85.4778 -35.7865 4.1695
v -85.4778 -34.8919 9.7419
v -84.76 -35.9764 4.2
v -84.76 -35.0818 9.7724
v -84.0422 -35.7865 4.1695
v -84.0422 -34.8919 9.7419
v -83.5167 -35.2676 4.0862
v -83.5167 -34.3731 9.6586
v -83.3244 -34.5589 3.9724
v -83.3244 -33.6643 9.5448
v -83.5167 -33.8502 3.8586
v -83.5167 -32.9556 9.4311
v -84.0422 -33.3314 3.7753
v -84.0422 -32.4368 9.3478
v -84.76 -33.1414 3.7449
v -84.76 -32.2469 9.3173
v -85.4778 -33.3314 3.7753
v -85.4778 -32.4368 9.3478
v -86.0033 -33.8502 3.8586
v -86.0033 -32.9556 9.4311
f 10369 10371 10372 10370
f 10371 10373 10374 10372
f 10373 10375 10376 10374
f 10375 10377 10378 10376
f 10377 10379 10380 10378
f 10379 10381 10382 10380
f 10381 10383 10384 10382
f 10383 10385 10386 10384
f 10385 10387 10388 10386
f 10387 10389 10390 10388
f 10389 10391 10392 10390
f 10391 10369 10370 10392
f 10391 10389 10387 10385 10383 10381 10379 10377 10375 10373 10371 10369
f 10370 10372 10374 10376 10378 10380 10382 10384 10386 10388 10390 10392
v -86.1956 -33.6643 9.5448
v -86.1956 -32.7895 15.1172
v -86.0033 -34.3734 9.6562
v -86.0033 -33.4986 15.2286
v -85.4778 -34.8925 9.7376
v -85.4778 -34.0177 15.3101
v -84.76 -35.0826 9.7675
v -84.76 -34.2077 15.3399
v -84.0422 -34.8925 9.7376
v -84.0422 -34.0177 15.3101
v -83.5167 -34.3734 9.6562
v -83.5167 -33.4986 15.2286
v -83.3244 -33.6643 9.5448
v -83.3244 -32.7895 15.1172
v -83.5167 -32.9552 9.4335
v -83.5167 -32.0804 15.0059
v -84.0422 -32.4361 9.352
v -84.0422 -31.5613 14.9244
v -84.76 -32.2461 9.3222
v -84.76 -31.3713 14.8946
v -85.4778 -32.4361 9.352
v -85.4778 -31.5613 14.9244
v -86.0033 -32.9552 9.4335
v -86.0033 -32.0804 15.0059
f 10393 10395 10396 10394
f 10395 10397 10398 10396
f 10397 10399 10400 10398
f 10399 10401 10402 10400
f 10401 10403 10404 10402
f 10403 10405 10406 10404
f 10405 10407 10408 10406
f 10407 10409 10410 10408
f 10409 10411 10412 10410
f 10411 10413 10414 10412
f 10413 10415 10416 10414
f 10415 10393 10394 10416
f 10415 10413 10411 10409 10407 10405 10403 10401 10399 10397 10395 10393
f 10394 10396 10398 10400 10402 10404 10406 10408 10410 10412 10414 10416
v -86.1956 -32.7895 15.1172
v -86.1956 -31.95 20.6897
v -86.0033 -33.4993 15.2242
v -86.0033 -32.6598 20.7966
v -85.4778 -34.0189 15.3025
v -85.4778 -33.1794 20.8749
v -84.76 -34.2091 15.3311
v -84.76 -33.3696 20.9035
v -84.0422 -34.0189 15.3025
v -84.0422 -33.1794 20.8749
v -83.5167 -33.4993 15.2242
v -83.5167 -32.6598 20.7966
v -83.3244 -32.7895 15.1172
v -83.3244 -31.95 20.6897
v -83.5167 -32.0797 15.0103
v -83.5167 -31.2402 20.5827
v -84.0422 -31.5601 14.932
v -84.0422 -30.7206 20.5044
v -84.76 -31.3699 14.9034
v -84.76 -30.5304 20.4758
v -85.4778 -31.5601 14.932
v -85.4778 -30.7206 20.5044
v -86.0033 -32.0797 15.0103
v -86.0033 -31.2402 20.5827
f 10417 10419 10420 10418
f 10419 10421 10422 10420
f 10421 10423 10424 10422
f 10423 10425 10426 10424
f 10425 10427 10428 10426
f 10427 10429 10430 10428
f 10429 10431 10432 10430
f 10431 10433 10434 10432
f 10433 10435 10436 10434
f 10435 10437 10438 10436
f 10437 10439 10440 10438
f 10439 10417 10418 10440
f 10439 10437 10435 10433 10431 10429 10427 10425 10423 10421 10419 10417
f 10418 10420 10422 10424 10426 10428 10430 10432 10434 10436 10438 10440
v -86.1956 -31.95 20.6897
v -86.1956 -31.145 26.2621
v -86.0033 -32.6604 20.7923
v -86.0033 -31.8554 26.3647
v -85.4778 -33.1805 20.8674
v -85.4778 -32.3755 26.4398
v -84.76 -33.3708 20.8949
v -84.76 -32.5658 26.4673
v -84.0422 -33.1805 20.8674
v -84.0422 -32.3755 26.4398
v -83.5167 -32.6604 20.7923
v -83.5167 -31.8554 26.3647
v -83.3244 -31.95 20.6897
v -83.3244 -31.145 26.2621
v -83.5167 -31.2396 20.587
v -83.5167 -30.4345 26.1594
v -84.0422 -30.7195 20.5119
v -84.0422 -29.9145 26.0843
v -84.76 -30.5291 20.4844
v -84.76 -29.7241 26.0568
v -85.4778 -30.7195 20.5119
v -85.4778 -29.9145 26.0843
v -86.0033 -31.2396 20.587
v -86.0033 -30.4345 26.1594
f 10441 10443 10444 10442
f 10443 10445 10446 10444
f 10445 10447 10448 10446
f 10447 10449 10450 10448
f 10449 10451 10452 10450
f 10451 10453 10454 10452
f 10453 10455 10456 10454
f 10455 10457 10458 10456
f 10457 10459 10460 10458
f 10459 10461 10462 10460
f 10461 10463 10464 10462
f 10463 10441 10442 10464
f 10463 10461 10459 10457 10455 10453 10451 10449 10447 10445 10443 10441
f 10442 10444 10446 10448 10450 10452 10454 10456 10458 10460 10462 10464
v -86.1956 -31.145 26.2621
v -86.1956 -30.3919 31.8345
v -86.0033 -31.8563 26.3582
v -86.0033 -31.1032 31.9306
v -85.4778 -32.377 26.4286
v -85.4778 -31.6239 32.001
v -84.76 -32.5676 26.4543
v -84.76 -31.8145 32.0268
v -84.0422 -32.377 26.4286
v -84.0422 -31.6239 32.001
v -83.5167 -31.8563 26.3582
v -83.5167 -31.1032 31.9306
v -83.3244 -31.145 26.2621
v -83.3244 -30.3919 31.8345
v -83.5167 -30.4336 26.1659
v -83.5167 -29.6805 31.7383
v -84.0422 -29.9129 26.0956
v -84.0422 -29.1598 31.668
v -84.76 -29.7223 26.0698
v -84.76 -28.9692 31.6422
v -85.4778 -29.9129 26.0956
v -85.4778 -29.1598 31.668
v -86.0033 -30.4336 26.1659
v -86.0033 -29.6805 31.7383
f 10465 10467 10468 10466
f 10467 10469 10470 10468
f 10469 10471 10472 10470
f 10471 10473 10474 10472
f 10473 10475 10476 10474
f 10475 10477 10478 10476
f 10477 10479 10480 10478
f 10479 10481 10482 10480
f 10481 10483 10484 10482
f 10483 10485 10486 10484
f 10485 10487 10488 10486
f 10487 10465 10466 10488
f 10487 10485 10483 10481 10479 10477 10475 10473 10471 10469 10467 10465
f 10466 10468 10470 10472 10474 10476 10478 10480 10482 10484 10486 10488
v -86.1956 -30.3919 31.8345
v -86.1956 -29.7051 37.4069
v -86.0033 -31.1043 31.9223
v -86.0033 -30.4175 37.4947
v -85.4778 -31.6258 31.9866
v -85.4778 -30.939 37.559
v -84.76 -31.8167 32.0101
v -84.76 -31.1299 37.5825
v -84.0422 -31.6258 31.9866
v -84.0422 -30.939 37.559
v -83.5167 -31.1043 31.9223
v -83.5167 -30.4175 37.4947
v -83.3244 -30.3919 31.8345
v -83.3244 -29.7051 37.4069
v -83.5167 -29.6795 31.7467
v -83.5167 -28.9927 37.3191
v -84.0422 -29.1579 31.6824
v -84.0422 -28.4712 37.2548
v -84.76 -28.9671 31.6589
v -84.76 -28.2803 37.2313
v -85.4778 -29.1579 31.6824
v -85.4778 -28.4712 37.2548
v -86.0033 -29.6795 31.7467
v -86.0033 -28.9927 37.3191
f 10489 10491 10492 10490
f 10491 10493 10494 10492
f 10493 10495 10496 10494
f 10495 10497 10498 10496
f 10497 10499 10500 10498
f 10499 10501 10502 10500
f 10501 10503 10504 10502
f 10503 10505 10506 10504
f 10505 10507 10508 10506
f 10507 10509 10510 10508
f 10509 10511 10512 10510
f 10511 10489 10490 10512
f 10511 10509 10507 10505 10503 10501 10499 10497 10495 10493 10491 10489
f 10490 10492 10494 10496 10498 10500 10502 10504 10506 10508 10510 10512
v -86.1956 -29.7051 37.4069
v -86.1956 -29.0575 42.9793
v -86.0033 -30.4181 37.4898
v -86.0033 -29.7705 43.0622
v -85.4778 -30.94 37.5504
v -85.4778 -30.2925 43.1228
v -84.76 -31.1311 37.5726
v -84.76 -30.4835 43.145
v -84.0422 -30.94 37.5504
v -84.0422 -30.2925 43.1228
v -83.5167 -30.4181 37.4898
v -83.5167 -29.7705 43.0622
v -83.3244 -29.7051 37.4069
v -83.3244 -29.0575 42.9793
v -83.5167 -28.9921 37.324
v -83.5167 -28.3445 42.8965
v -84.0422 -28.4701 37.2634
v -84.0422 -27.8226 42.8358
v -84.76 -28.2791 37.2412
v -84.76 -27.6315 42.8136
v -85.4778 -28.4701 37.2634
v -85.4778 -27.8226 42.8358
v -86.0033 -28.9921 37.324
v -86.0033 -28.3445 42.8965
f 10513 10515 10516 10514
f 10515 10517 10518 10516
f 10517 10519 10520 10518
f 10519 10521 10522 10520
f 10521 10523 10524 10522
f 10523 10525 10526 10524
f 10525 10527 10528 10526
f 10527 10529 10530 10528
f 10529 10531 10532 10530
f 10531 10533 10534 10532
f 10533 10535 10536 10534
f 10535 10513 10514 10536
f 10535 10533 10531 10529 10527 10525 10523 10521 10519 10517 10515 10513
f 10514 10516 10518 10520 10522 10524 10526 10528 10530 10532 10534 10536
v -86.1956 -29.0575 42.9793
v -86.1956 -28.4488 48.5517
v -86.0033 -29.7711 43.0573
v -86.0033 -29.1624 48.6297
v -85.4778 -30.2935 43.1143
v -85.4778 -29.6848 48.6867
v -84.76 -30.4847 43.1352
v -84.76 -29.8759 48.7076
v -84.0422 -30.2935 43.1143
v -84.0422 -29.6848 48.6867
v -83.5167 -29.7711 43.0573
v -83.5167 -29.1624 48.6297
v -83.3244 -29.0575 42.9793
v -83.3244 -28.4488 48.5517
v -83.5167 -28.344 42.9014
v -83.5167 -27.7353 48.4738
v -84.0422 -27.8216 42.8443
v -84.0422 -27.2129 48.4167
v -84.76 -27.6304 42.8234
v -84.76 -27.0217 48.3958
v -85.4778 -27.8216 42.8443
v -85.4778 -27.2129 48.4167
v -86.0033 -28.344 42.9014
v -86.0033 -27.7353 48.4738
f 10537 10539 10540 10538
f 10539 10541 10542 10540
f 10541 10543 10544 10542
f 10543 10545 10546 10544
f 10545 10547 10548 10546
f 10547 10549 10550 10548
f 10549 10551 10552 10550
f 10551 10553 10554 10552
f 10553 10555 10556 10554
f 10555 10557 10558 10556
f 10557 10559 10560 10558
f 10559 10537 10538 10560
f 10559 10557 10555 10553 10551 10549 10547 10545 10543 10541 10539 10537
f 10538 10540 10542 10544 10546 10548 10550 10552 10554 10556 10558 10560
v -86.1956 -28.4488 48.5517
v -86.1956 -27.8944 54.1241
v -86.0033 -29.1631 48.6228
v -86.0033 -28.6087 54.1952
v -85.4778 -29.686 48.6748
v -85.4778 -29.1316 54.2472
v -84.76 -29.8774 48.6939
v -84.76 -29.323 54.2663
v -84.0422 -29.686 48.6748
v -84.0422 -29.1316 54.2472
v -83.5167 -29.1631 48.6228
v -83.5167 -28.6087 54.1952
v -83.3244 -28.4488 48.5517
v -83.3244 -27.8944 54.1241
v -83.5167 -27.7346 48.4807
v -83.5167 -27.1802 54.0531
v -84.0422 -27.2117 48.4286
v -84.0422 -26.6573 54.0011
v -84.76 -27.0203 48.4096
v -84.76 -26.4659 53.982
v -85.4778 -27.2117 48.4286
v -85.4778 -26.6573 54.0011
v -86.0033 -27.7346 48.4807
v -86.0033 -27.1802 54.0531
f 10561 10563 10564 10562
f 10563 10565 10566 10564
f 10565 10567 10568 10566
f 10567 10569 10570 10568
f 10569 10571 10572 10570
f 10571 10573 10574 10572
f 10573 10575 10576 10574
f 10575 10577 10578 10576
f 10577 10579 10580 10578
f 10579 10581 10582 10580
f 10581 10583 10584 10582
f 10583 10561 10562 10584
f 10583 10581 10579 10577 10575 10573 10571 10569 10567 10565 10563 10561
f 10562 10564 10566 10568 10570 10572 10574 10576 10578 10580 10582 10584
v -86.1956 -27.8944 54.1241
v -86.1956 -27.3703 59.6966
v -86.0033 -28.6091 54.1914
v -86.0033 -28.085 59.7638
v -85.4778 -29.1322 54.2406
v -85.4778 -28.6081 59.813
v -84.76 -29.3237 54.2586
v -84.76 -28.7996 59.831
v -84.0422 -29.1322 54.2406
v -84.0422 -28.6081 59.813
v -83.5167 -28.6091 54.1914
v -83.5167 -28.085 59.7638
v -83.3244 -27.8944 54.1241
v -83.3244 -27.3703 59.6966
v -83.5167 -27.1798 54.0569
v -83.5167 -26.6557 59.6293
v -84.0422 -26.6566 54.0077
v -84.0422 -26.1325 59.5801
v -84.76 -26.4651 53.9897
v -84.76 -25.941 59.5621
v -85.4778 -26.6566 54.0077
v -85.4778 -26.1325 59.5801
v -86.0033 -27.1798 54.0569
v -86.0033 -26.6557 59.6293
f 10585 10587 10588 10586
f 10587 10589 10590 10588
f 10589 10591 10592 10590
f 10591 10593 10594 10592
f 10593 10595 10596 10594
f 10595 10597 10598 10596
f 10597 10599 10600 10598
f 10599 10601 10602 10600
f 10601 10603 10604 10602
f 10603 10605 10606 10604
f 10605 10607 10608 10606
f 10607 10585 10586 10608
f 10607 10605 10603 10601 10599 10597 10595 10593 10591 10589 10587 10585
f 10586 10588 10590 10592 10594 10596 10598 10600 10602 10604 10606 10608
v -86.1956 -27.3703 59.6966
v -86.1956 -26.8767 65.269
v -86.0033 -28.0853 59.7599
v -86.0033 -27.5917 65.3323
v -85.4778 -28.6087 59.8062
v -85.4778 -28.1152 65.3787
v -84.76 -28.8003 59.8232
v -84.76 -28.3067 65.3956
v -84.0422 -28.6087 59.8062
v -84.0422 -28.1152 65.3787
v -83.5167 -28.0853 59.7599
v -83.5167 -27.5917 65.3323
v -83.3244 -27.3703 59.6966
v -83.3244 -26.8767 65.269
v -83.5167 -26.6553 59.6332
v -83.5167 -26.1617 65.2056
v -84.0422 -26.1319 59.5869
v -84.0422 -25.6383 65.1593
v -84.76 -25.9403 59.5699
v -84.76 -25.4467 65.1423
v -85.4778 -26.1319 59.5869
v -85.4778 -25.6383 65.1593
v -86.0033 -26.6553 59.6332
v -86.0033 -26.1617 65.2056
f 10609 10611 10612 10610
f 10611 10613 10614 10612
f 10613 10615 10616 10614
f 10615 10617 10618 10616
f 10617 10619 10620 10618
f 10619 10621 10622 10620
f 10621 10623 10624 10622
f 10623 10625 10626 10624
f 10625 10627 10628 10626
f 10627 10629 10630 10628
f 10629 10631 10632 10630
f 10631 10609 10610 10632
f 10631 10629 10627 10625 10623 10621 10619 10617 10615 10613 10611 10609
f 10610 10612 10614 10616 10618 10620 10622 10624 10626 10628 10630 10632
v -86.1956 -26.8767 65.269
v -86.1956 -26.433 70.8414
v -86.0033 -27.5923 65.3259
v -86.0033 -27.1485 70.8984
v -85.4778 -28.1161 65.3677
v -85.4778 -27.6723 70.9401
v -84.76 -28.3078 65.3829
v -84.76 -27.864 70.9553
v -84.0422 -28.1161 65.3677
v -84.0422 -27.6723 70.9401
v -83.5167 -27.5923 65.3259
v -83.5167 -27.1485 70.8984
v -83.3244 -26.8767 65.269
v -83.3244 -26.433 70.8414
v -83.5167 -26.1612 65.212
v -83.5167 -25.7174 70.7844
v -84.0422 -25.6374 65.1703
v -84.0422 -25.1936 70.7427
v -84.76 -25.4457 65.155
v -84.76 -25.0019 70.7274
v -85.4778 -25.6374 65.1703
v -85.4778 -25.1936 70.7427
v -86.0033 -26.1612 65.212
v -86.0033 -25.7174 70.7844
f 10633 10635 10636 10634
f 10635 10637 10638 10636
f 10637 10639 10640 10638
f 10639 10641 10642 10640
f 10641 10643 10644 10642
f 10643 10645 10646 10644
f 10645 10647 10648 10646
f 10647 10649 10650 10648
f 10649 10651 10652 10650
f 10651 10653 10654 10652
f 10653 10655 10656 10654
f 10655 10633 10634 10656
f 10655 10653 10651 10649 10647 10645 10643 10641 10639 10637 10635 10633
f 10634 10636 10638 10640 10642 10644 10646 10648 10650 10652 10654 10656
v -86.1956 -26.433 70.8414
v -86.1956 -26.0231 76.4138
v -86.0033 -27.1488 70.894
v -86.0033 -26.739 76.4664
v -85.4778 -27.6729 70.9326
v -85.4778 -27.263 76.505
v -84.76 -27.8647 70.9467
v -84.76 -27.4548 76.5191
v -84.0422 -27.6729 70.9326
v -84.0422 -27.263 76.505
v -83.5167 -27.1488 70.894
v -83.5167 -26.739 76.4664
v -83.3244 -26.433 70.8414
v -83.3244 -26.0231 76.4138
v -83.5167 -25.7171 70.7887
v -83.5167 -25.3072 76.3611
v -84.0422 -25.193 70.7502
v -84.0422 -24.7832 76.3226
v -84.76 -25.0012 70.7361
v -84.76 -24.5914 76.3085
v -85.4778 -25.193 70.7502
v -85.4778 -24.7832 76.3226
v -86.0033 -25.7171 70.7887
v -86.0033 -25.3072 76.3611
f 10657 10659 10660 10658
f 10659 10661 10662 10660
f 10661 10663 10664 10662
f 10663 10665 10666 10664
f 10665 10667 10668 10666
f 10667 10669 10670 10668
f 10669 10671 10672 10670
f 10671 10673 10674 10672
f 10673 10675 10676 10674
f 10675 10677 10678 10676
f 10677 10679 10680 10678
f 10679 10657 10658 10680
f 10679 10677 10675 10673 10671 10669 10667 10665 10663 10661 10659 10657
f 10658 10660 10662 10664 10666 10668 10670 10672 10674 10676 10678 10680
v -86.1956 -26.0231 76.4138
v -86.1956 -25.6366 81.9862
v -86.0033 -26.7392 76.4635
v -86.0033 -26.3526 82.0359
v -85.4778 -27.2634 76.4998
v -85.4778 -26.8768 82.0722
v -84.76 -27.4553 76.5131
v -84.76 -27.0687 82.0856
v -84.0422 -27.2634 76.4998
v -84.0422 -26.8768 82.0722
v -83.5167 -26.7392 76.4635
v -83.5167 -26.3526 82.0359
v -83.3244 -26.0231 76.4138
v -83.3244 -25.6366 81.9862
v -83.5167 -25.307 76.3641
v -83.5167 -24.9205 81.9365
v -84.0422 -24.7828 76.3278
v -84.0422 -24.3963 81.9002
v -84.76 -24.5909 76.3144
v -84.76 -24.2044 81.8869
v -85.4778 -24.7828 76.3278
v -85.4778 -24.3963 81.9002
v -86.0033 -25.307 76.3641
v -86.0033 -24.9205 81.9365
f 10681 10683 10684 10682
f 10683 10685 10686 10684
f 10685 10687 10688 10686
f 10687 10689 10690 10688
f 10689 10691 10692 10690
f 10691 10693 10694 10692
f 10693 10695 10696 10694
f 10695 10697 10698 10696
f 10697 10699 10700 10698
f 10699 10701 10702 10700
f 10701 10703 10704 10702
f 10703 10681 10682 10704
f 10703 10701 10699 10697 10695 10693 10691 10689 10687 10685 10683 10681
f 10682 10684 10686 10688 10690 10692 10694 10696 10698 10700 10702 10704
v -86.1956 -25.6366 81.9862
v -86.1956 -25.272 87.5586
v -86.0033 -26.3528 82.0331
v -86.0033 -25.9883 87.6055
v -85.4778 -26.8772 82.0674
v -85.4778 -26.5127 87.6398
v -84.76 -27.0691 82.0799
v -84.76 -26.7046 87.6523
v -84.0422 -26.8772 82.0674
v -84.0422 -26.5127 87.6398
v -83.5167 -26.3528 82.0331
v -83.5167 -25.9883 87.6055
v -83.3244 -25.6366 81.9862
v -83.3244 -25.272 87.5586
v -83.5167 -24.9203 81.9394
v -83.5167 -24.5558 87.5118
v -84.0422 -24.3959 81.9051
v -84.0422 -24.0314 87.4775
v -84.76 -24.204 81.8925
v -84.76 -23.8395 87.4649
v -85.4778 -24.3959 81.9051
v -85.4778 -24.0314 87.4775
v -86.0033 -24.9203 81.9394
v -86.0033 -24.5558 87.5118
f 10705 10707 10708 10706
f 10707 10709 10710 10708
f 10709 10711 10712 10710
f 10711 10713 10714 10712
f 10713 10715 10716 10714
f 10715 10717 10718 10716
f 10717 10719 10720 10718
f 10719 10721 10722 10720
f 10721 10723 10724 10722
f 10723 10725 10726 10724
f 10725 10727 10728 10726
f 10727 10705 10706 10728
f 10727 10725 10723 10721 10719 10717 10715 10713 10711 10709 10707 10705
f 10706 10708 10710 10712 10714 10716 10718 10720 10722 10724 10726 10728
v -86.1956 -25.272 87.5586
v -86.1956 -24.9121 93.131
v -86.0033 -25.9884 87.6049
v -86.0033 -25.6284 93.1773
v -85.4778 -26.5127 87.6388
v -85.4778 -26.1527 93.2112
v -84.76 -26.7047 87.6512
v -84.76 -26.3447 93.2236
v -84.0422 -26.5127 87.6388
v -84.0422 -26.1527 93.2112
v -83.5167 -25.9884 87.6049
v -83.5167 -25.6284 93.1773
v -83.3244 -25.272 87.5586
v -83.3244 -24.9121 93.131
v -83.5167 -24.5557 87.5123
v -83.5167 -24.1958 93.0848
v -84.0422 -24.0314 87.4785
v -84.0422 -23.6714 93.0509
v -84.76 -23.8394 87.4661
v -84.76 -23.4794 93.0385
v -85.4778 -24.0314 87.4785
v -85.4778 -23.6714 93.0509
v -86.0033 -24.5557 87.5123
v -86.0033 -24.1958 93.0848
f 10729 10731 10732 10730
f 10731 10733 10734 10732
f 10733 10735 10736 10734
f 10735 10737 10738 10736
f 10737 10739 10740 10738
f 10739 10741 10742 10740
f 10741 10743 10744 10742
f 10743 10745 10746 10744
f 10745 10747 10748 10746
f 10747 10749 10750 10748
f 10749 10751 10752 10750
f 10751 10729 10730 10752
f 10751 10749 10747 10745 10743 10741 10739 10737 10735 10733 10731 10729
f 10730 10732 10734 10736 10738 10740 10742 10744 10746 10748 10750 10752
v -86.1956 -24.9121 93.131
v -86.1956 -24.5607 98.7034
v -86.0033 -25.6284 93.1762
v -86.0033 -25.2771 98.7486
v -85.4778 -26.1529 93.2093
v -85.4778 -25.8015 98.7817
v -84.76 -26.3448 93.2214
v -84.76 -25.9934 98.7938
v -84.0422 -26.1529 93.2093
v -84.0422 -25.8015 98.7817
v -83.5167 -25.6284 93.1762
v -83.5167 -25.2771 98.7486
v -83.3244 -24.9121 93.131
v -83.3244 -24.5607 98.7034
v -83.5167 -24.1957 93.0859
v -83.5167 -23.8443 98.6583
v -84.0422 -23.6713 93.0528
v -84.0422 -23.3199 98.6252
v -84.76 -23.4793 93.0407
v -84.76 -23.1279 98.6131
v -85.4778 -23.6713 93.0528
v -85.4778 -23.3199 98.6252
v -86.0033 -24.1957 93.0859
v -86.0033 -23.8443 98.6583
f 10753 10755 10756 10754
f 10755 10757 10758 10756
f 10757 10759 10760 10758
f 10759 10761 10762 10760
f 10761 10763 10764 10762
f 10763 10765 10766 10764
f 10765 10767 10768 10766
f 10767 10769 10770 10768
f 10769 10771 10772 10770
f 10771 10773 10774 10772
f 10773 10775 10776 10774
f 10775 10753 10754 10776
f 10775 10773 10771 10769 10767 10765 10763 10761 10759 10757 10755 10753
f 10754 10756 10758 10760 10762 10764 10766 10768 10770 10772 10774 10776
v -86.1956 -24.5607 98.7034
v -86.1956 -24.2222 104.2759
v -86.0033 -25.2772 98.747
v -86.0033 -24.9387 104.3194
v -85.4778 -25.8017 98.7788
v -85.4778 -25.4632 104.3512
v -84.76 -25.9936 98.7905
v -84.76 -25.6552 104.3629
v -84.0422 -25.8017 98.7788
v -84.0422 -25.4632 104.3512
v -83.5167 -25.2772 98.747
v -83.5167 -24.9387 104.3194
v -83.3244 -24.5607 98.7034
v -83.3244 -24.2222 104.2759
v -83.5167 -23.8442 98.6599
v -83.5167 -23.5057 104.2323
v -84.0422 -23.3197 98.6281
v -84.0422 -22.9812 104.2005
v -84.76 -23.1277 98.6164
v -84.76 -22.7892 104.1888
v -85.4778 -23.3197 98.6281
v -85.4778 -22.9812 104.2005
v -86.0033 -23.8442 98.6599
v -86.0033 -23.5057 104.2323
f 10777 10779 10780 10778
f 10779 10781 10782 10780
f 10781 10783 10784 10782
f 10783 10785 10786 10784
f 10785 10787 10788 10786
f 10787 10789 10790 10788
f 10789 10791 10792 10790
f 10791 10793 10794 10792
f 10793 10795 10796 10794
f 10795 10797 10798 10796
f 10797 10799 10800 10798
f 10799 10777 10778 10800
f 10799 10797 10795 10793 10791 10789 10787 10785 10783 10781 10779 10777
f 10778 10780 10782 10784 10786 10788 10790 10792 10794 10796 10798 10800
v -86.1956 -24.2222 104.2759
v -86.1956 -23.923 109.8483
v -86.0033 -24.939 104.3143
v -86.0033 -24.6398 109.8868
v -85.4778 -25.4637 104.3425
v -85.4778 -25.1645 109.9149
v -84.76 -25.6557 104.3528
v -84.76 -25.3565 109.9252
v -84.0422 -25.4637 104.3425
v -84.0422 -25.1645 109.9149
v -83.5167 -24.939 104.3143
v -83.5167 -24.6398 109.8868
v -83.3244 -24.2222 104.2759
v -83.3244 -23.923 109.8483
v -83.5167 -23.5054 104.2374
v -83.5167 -23.2062 109.8098
v -84.0422 -22.9807 104.2092
v -84.0422 -22.6815 109.7816
v -84.76 -22.7887 104.1989
v -84.76 -22.4895 109.7713
v -85.4778 -22.9807 104.2092
v -85.4778 -22.6815 109.7816
v -86.0033 -23.5054 104.2374
v -86.0033 -23.2062 109.8098
f 10801 10803 10804 10802
f 10803 10805 10806 10804
f 10805 10807 10808 10806
f 10807 10809 10810 10808
f 10809 10811 10812 10810
f 10811 10813 10814 10812
f 10813 10815 10816 10814
f 10815 10817 10818 10816
f 10817 10819 10820 10818
f 10819 10821 10822 10820
f 10821 10823 10824 10822
f 10823 10801 10802 10824
f 10823 10821 10819 10817 10815 10813 10811 10809 10807 10805 10803 10801
f 10802 10804 10806 10808 10810 10812 10814 10816 10818 10820 10822 10824
v -86.1956 -23.923 109.8483
v -86.1956 -23.6469 115.4207
v -86.0033 -24.6399 109.8838
v -86.0033 -24.3639 115.4562
v -85.4778 -25.1648 109.9098
v -85.4778 -24.8887 115.4822
v -84.76 -25.3568 109.9193
v -84.76 -25.0808 115.4917
v -84.0422 -25.1648 109.9098
v -84.0422 -24.8887 115.4822
v -83.5167 -24.6399 109.8838
v -83.5167 -24.3639 115.4562
v -83.3244 -23.923 109.8483
v -83.3244 -23.6469 115.4207
v -83.5167 -23.2061 109.8128
v -83.5167 -22.93 115.3852
v -84.0422 -22.6813 109.7868
v -84.0422 -22.4052 115.3592
v -84.76 -22.4892 109.7772
v -84.76 -22.2131 115.3497
v -85.4778 -22.6813 109.7868
v -85.4778 -22.4052 115.3592
v -86.0033 -23.2061 109.8128
v -86.0033 -22.93 115.3852
f 10825 10827 10828 10826
f 10827 10829 10830 10828
f 10829 10831 10832 10830
f 10831 10833 10834 10832
f 10833 10835 10836 10834
f 10835 10837 10838 10836
f 10837 10839 10840 10838
f 10839 10841 10842 10840
f 10841 10843 10844 10842
f 10843 10845 10846 10844
f 10845 10847 10848 10846
f 10847 10825 10826 10848
f 10847 10845 10843 10841 10839 10837 10835 10833 10831 10829 10827 10825
f 10826 10828 10830 10832 10834 10836 10838 10840 10842 10844 10846 10848
v -86.1956 -23.6469 115.4207
v -86.1956 -23.3937 120.9931
v -86.0033 -24.364 115.4533
v -86.0033 -24.1108 121.0257
v -85.4778 -24.8889 115.4771
v -85.4778 -24.6357 121.0495
v -84.76 -25.0811 115.4859
v -84.76 -24.8279 121.0583
v -84.0422 -24.8889 115.4771
v -84.0422 -24.6357 121.0495
v -83.5167 -24.364 115.4533
v -83.5167 -24.1108 121.0257
v -83.3244 -23.6469 115.4207
v -83.3244 -23.3937 120.9931
v -83.5167 -22.9299 115.3881
v -83.5167 -22.6767 120.9605
v -84.0422 -22.405 115.3643
v -84.0422 -22.1518 120.9367
v -84.76 -22.2128 115.3555
v -84.76 -21.9596 120.9279
v -85.4778 -22.405 115.3643
v -85.4778 -22.1518 120.9367
v -86.0033 -22.9299 115.3881
v -86.0033 -22.6767 120.9605
f 10849 10851 10852 10850
f 10851 10853 10854 10852
f 10853 10855 10856 10854
f 10855 10857 10858 10856
f 10857 10859 10860 10858
f 10859 10861 10862 10860
f 10861 10863 10864 10862
f 10863 10865 10866 10864
f 10865 10867 10868 10866
f 10867 10869 10870 10868
f 10869 10871 10872 10870
f 10871 10849 10850 10872
f 10871 10869 10867 10865 10863 10861 10859 10857 10855 10853 10851 10849
f 10850 10852 10854 10856 10858 10860 10862 10864 10866 10868 10870 10872
v -86.1956 -23.3937 120.9931
v -86.1956 -23.1758 126.5655
v -86.0033 -24.111 121.0212
v -86.0033 -23.893 126.5936
v -85.4778 -24.6361 121.0417
v -85.4778 -24.4181 126.6141
v -84.76 -24.8282 121.0492
v -84.76 -24.6103 126.6216
v -84.0422 -24.6361 121.0417
v -84.0422 -24.4181 126.6141
v -83.5167 -24.111 121.0212
v -83.5167 -23.893 126.5936
v -83.3244 -23.3937 120.9931
v -83.3244 -23.1758 126.5655
v -83.5167 -22.6765 120.9651
v -83.5167 -22.4585 126.5375
v -84.0422 -22.1514 120.9445
v -84.0422 -21.9335 126.5169
v -84.76 -21.9592 120.937
v -84.76 -21.7413 126.5094
v -85.4778 -22.1514 120.9445
v -85.4778 -21.9335 126.5169
v -86.0033 -22.6765 120.9651
v -86.0033 -22.4585 126.5375
f 10873 10875 10876 10874
f 10875 10877 10878 10876
f 10877 10879 10880 10878
f 10879 10881 10882 10880
f 10881 10883 10884 10882
f 10883 10885 10886 10884
f 10885 10887 10888 10886
f 10887 10889 10890 10888
f 10889 10891 10892 10890
f 10891 10893 10894 10892
f 10893 10895 10896 10894
f 10895 10873 10874 10896
f 10895 10893 10891 10889 10887 10885 10883 10881 10879 10877 10875 10873
f 10874 10876 10878 10880 10882 10884 10886 10888 10890 10892 10894 10896
v -86.1956 -23.1758 126.5655
v -86.1956 -22.9814 132.1379
v -86.0033 -23.8932 126.5905
v -86.0033 -23.6988 132.163
v -85.4778 -24.4183 126.6089
v -85.4778 -24.2239 132.1813
v -84.76 -24.6105 126.6156
v -84.76 -24.4162 132.188
v -84.0422 -24.4183 126.6089
v -84.0422 -24.2239 132.1813
v -83.5167 -23.8932 126.5905
v -83.5167 -23.6988 132.163
v -83.3244 -23.1758 126.5655
v -83.3244 -22.9814 132.1379
v -83.5167 -22.4584 126.5405
v -83.5167 -22.2641 132.1129
v -84.0422 -21.9333 126.5222
v -84.0422 -21.7389 132.0946
v -84.76 -21.7411 126.5155
v -84.76 -21.5467 132.0879
v -85.4778 -21.9333 126.5222
v -85.4778 -21.7389 132.0946
v -86.0033 -22.4584 126.5405
v -86.0033 -22.2641 132.1129
f 10897 10899 10900 10898
f 10899 10901 10902 10900
f 10901 10903 10904 10902
f 10903 10905 10906 10904
f 10905 10907 10908 10906
f 10907 10909 10910 10908
f 10909 10911 10912 10910
f 10911 10913 10914 10912
f 10913 10915 10916 10914
f 10915 10917 10918 10916
f 10917 10919 10920 10918
f 10919 10897 10898 10920
f 10919 10917 10915 10913 10911 10909 10907 10905 10903 10901 10899 10897
f 10898 10900 10902 10904 10906 10908 10910 10912 10914 10916 10918 10920
v -86.1956 -22.9814 132.1379
v -86.1956 -22.8099 137.7103
v -86.0033 -23.6989 132.16
v -86.0033 -23.5273 137.7324
v -85.4778 -24.2241 132.1762
v -85.4778 -24.0526 137.7486
v -84.76 -24.4164 132.1821
v -84.76 -24.2448 137.7545
v -84.0422 -24.2241 132.1762
v -84.0422 -24.0526 137.7486
v -83.5167 -23.6989 132.16
v -83.5167 -23.5273 137.7324
v -83.3244 -22.9814 132.1379
v -83.3244 -22.8099 137.7103
v -83.5167 -22.264 132.1158
v -83.5167 -22.0924 137.6883
v -84.0422 -21.7388 132.0997
v -84.0422 -21.5672 137.6721
v -84.76 -21.5465 132.0938
v -84.76 -21.375 137.6662
v -85.4778 -21.7388 132.0997
v -85.4778 -21.5672 137.6721
v -86.0033 -22.264 132.1158
v -86.0033 -22.0924 137.6883
f 10921 10923 10924 10922
f 10923 10925 10926 10924
f 10925 10927 10928 10926
f 10927 10929 10930 10928
f 10929 10931 10932 10930
f 10931 10933 10934 10932
f 10933 10935 10936 10934
f 10935 10937 10938 10936
f 10937 10939 10940 10938
f 10939 10941 10942 10940
f 10941 10943 10944 10942
f 10943 10921 10922 10944
f 10943 10941 10939 10937 10935 10933 10931 10929 10927 10925 10923 10921
f 10922 10924 10926 10928 10930 10932 10934 10936 10938 10940 10942 10944
v -86.1956 -22.8099 137.7103
v -86.1956 -22.6754 143.2828
v -86.0033 -23.5275 137.7277
v -86.0033 -23.393 143.3001
v -85.4778 -24.0528 137.7403
v -85.4778 -23.9183 143.3128
v -84.76 -24.2451 137.745
v -84.76 -24.1106 143.3174
v -84.0422 -24.0528 137.7403
v -84.0422 -23.9183 143.3128
v -83.5167 -23.5275 137.7277
v -83.5167 -23.393 143.3001
v -83.3244 -22.8099 137.7103
v -83.3244 -22.6754 143.2828
v -83.5167 -22.0923 137.693
v -83.5167 -21.9578 143.2654
v -84.0422 -21.567 137.6803
v -84.0422 -21.4325 143.2528
v -84.76 -21.3747 137.6757
v -84.76 -21.2402 143.2481
v -85.4778 -21.567 137.6803
v -85.4778 -21.4325 143.2528
v -86.0033 -22.0923 137.693
v -86.0033 -21.9578 143.2654
f 10945 10947 10948 10946
f 10947 10949 10950 10948
f 10949 10951 10952 10950
f 10951 10953 10954 10952
f 10953 10955 10956 10954
f 10955 10957 10958 10956
f 10957 10959 10960 10958
f 10959 10961 10962 10960
f 10961 10963 10964 10962
f 10963 10965 10966 10964
f 10965 10967 10968 10966
f 10967 10945 10946 10968
f 10967 10965 10963 10961 10959 10957 10955 10953 10951 10949 10947 10945
f 10946 10948 10950 10952 10954 10956 10958 10960 10962 10964 10966 10968
v -86.1956 -22.6754 143.2828
v -86.1956 -22.5869 148.8552
v -86.0033 -23.3931 143.2941
v -86.0033 -23.3047 148.8666
v -85.4778 -23.9185 143.3025
v -85.4778 -23.8301 148.8749
v -84.76 -24.1108 143.3055
v -84.76 -24.0224 148.878
v -84.0422 -23.9185 143.3025
v -84.0422 -23.8301 148.8749
v -83.5167 -23.3931 143.2941
v -83.5167 -23.3047 148.8666
v -83.3244 -22.6754 143.2828
v -83.3244 -22.5869 148.8552
v -83.5167 -21.9577 143.2714
v -83.5167 -21.8692 148.8438
v -84.0422 -21.4323 143.263
v -84.0422 -21.3438 148.8354
v -84.76 -21.2399 143.26
v -84.76 -21.1515 148.8324
v -85.4778 -21.4323 143.263
v -85.4778 -21.3438 148.8354
v -86.0033 -21.9577 143.2714
v -86.0033 -21.8692 148.8438
f 10969 10971 10972 10970
f 10971 10973 10974 10972
f 10973 10975 10976 10974
f 10975 10977 10978 10976
f 10977 10979 10980 10978
f 10979 10981 10982 10980
f 10981 10983 10984 10982
f 10983 10985 10986 10984
f 10985 10987 10988 10986
f 10987 10989 10990 10988
f 10989 10991 10992 10990
f 10991 10969 10970 10992
f 10991 10989 10987 10985 10983 10981 10979 10977 10975 10973 10971 10969
f 10970 10972 10974 10976 10978 10980 10982 10984 10986 10988 10990 10992
v -86.1956 -22.5869 148.8552
v -86.1956 -22.539 154.4276
v -86.0033 -23.3047 148.8613
v -86.0033 -23.2568 154.4338
v -85.4778 -23.8302 148.8659
v -85.4778 -23.7822 154.4383
v -84.76 -24.0225 148.8675
v -84.76 -23.9746 154.4399
v -84.0422 -23.8302 148.8659
v -84.0422 -23.7822 154.4383
v -83.5167 -23.3047 148.8613
v -83.5167 -23.2568 154.4338
v -83.3244 -22.5869 148.8552
v -83.3244 -22.539 154.4276
v -83.5167 -21.8692 148.849
v -83.5167 -21.8212 154.4214
v -84.0422 -21.3437 148.8445
v -84.0422 -21.2958 154.4169
v -84.76 -21.1514 148.8428
v -84.76 -21.1035 154.4152
v -85.4778 -21.3437 148.8445
v -85.4778 -21.2958 154.4169
v -86.0033 -21.8692 148.849
v -86.0033 -21.8212 154.4214
f 10993 10995 10996 10994
f 10995 10997 10998 10996
f 10997 10999 11000 10998
f 10999 11001 11002 11000
f 11001 11003 11004 11002
f 11003 11005 11006 11004
f 11005 11007 11008 11006
f 11007 11009 11010 11008
f 11009 11011 11012 11010
f 11011 11013 11014 11012
f 11013 11015 11016 11014
f 11015 10993 10994 11016
f 11015 11013 11011 11009 11007 11005 11003 11001 10999 10997 10995 10993
f 10994 10996 10998 11000 11002 11004 11006 11008 11010 11012 11014 11016
v -86.1956 -22.539 154.4276
v -86.1956 -22.5457 160
v -86.0033 -23.2568 154.4267
v -86.0033 -23.2635 159.9991
v -85.4778 -23.7823 154.4261
v -85.4778 -23.7889 159.9985
v -84.76 -23.9746 154.4259
v -84.76 -23.9813 159.9983
v -84.0422 -23.7823 154.4261
v -84.0422 -23.7889 159.9985
v -83.5167 -23.2568 154.4267
v -83.5167 -23.2635 159.9991
v -83.3244 -22.539 154.4276
v -83.3244 -22.5457 160
v -83.5167 -21.8212 154.4284
v -83.5167 -21.8279 160.0009
v -84.0422 -21.2957 154.4291
v -84.0422 -21.3024 160.0015
v -84.76 -21.1034 154.4293
v -84.76 -21.1101 160.0017
v -85.4778 -21.2957 154.4291
v -85.4778 -21.3024 160.0015
v -86.0033 -21.8212 154.4284
v -86.0033 -21.8279 160.0009
f 11017 11019 11020 11018
f 11019 11021 11022 11020
f 11021 11023 11024 11022
f 11023 11025 11026 11024
f 11025 11027 11028 11026
f 11027 11029 11030 11028
f 11029 11031 11032 11030
f 11031 11033 11034 11032
f 11033 11035 11036 11034
f 11035 11037 11038 11036
f 11037 11039 11040 11038
f 11039 11017 11018 11040
f 11039 11037 11035 11033 11031 11029 11027 11025 11023 11021 11019 11017
f 11018 11020 11022 11024 11026 11028 11030 11032 11034 11036 11038 11040
o Edge_30
v 83.3244 -38.1577 -1.6
v 83.3244 -38.1806 3.9724
v 83.5167 -38.8755 -1.603
v 83.5167 -38.8984 3.9695
v 84.0422 -39.4009 -1.6051
v 84.0422 -39.4239 3.9673
v 84.76 -39.5933 -1.6059
v 84.76 -39.6162 3.9665
v 85.4778 -39.4009 -1.6051
v 85.4778 -39.4239 3.9673
v 86.0033 -38.8755 -1.603
v 86.0033 -38.8984 3.9695
v 86.1956 -38.1577 -1.6
v 86.1956 -38.1806 3.9724
v 86.0033 -37.4399 -1.597
v 86.0033 -37.4628 3.9754
v 85.4778 -36.9144 -1.5949
v 85.4778 -36.9374 3.9775
v 84.76 -36.7221 -1.5941
v 84.76 -36.745 3.9783
v 84.0422 -36.9144 -1.5949
v 84.0422 -36.9374 3.9775
v 83.5167 -37.4399 -1.597
v 83.5167 -37.4628 3.9754
f 11041 11043 11044 11042
f 11043 11045 11046 11044
f 11045 11047 11048 11046
f 11047 11049 11050 11048
f 11049 11051 11052 11050
f 11051 11053 11054 11052
f 11053 11055 11056 11054
f 11055 11057 11058 11056
f 11057 11059 11060 11058
f 11059 11061 11062 11060
f 11061 11063 11064 11062
f 11063 11041 11042 11064
f 11063 11061 11059 11057 11055 11053 11051 11049 11047 11045 11043 11041
f 11042 11044 11046 11048 11050 11052 11054 11056 11058 11060 11062 11064
v 83.3244 -38.1806 3.9724
v 83.3244 -38.1104 9.5448
v 83.5167 -38.8984 3.9815
v 83.5167 -38.8281 9.5539
v 84.0422 -39.4238 3.9881
v 84.0422 -39.3536 9.5605
v 84.76 -39.6161 3.9905
v 84.76 -39.5459 9.5629
v 85.4778 -39.4238 3.9881
v 85.4778 -39.3536 9.5605
v 86.0033 -38.8984 3.9815
v 86.0033 -38.8281 9.5539
v 86.1956 -38.1806 3.9724
v 86.1956 -38.1104 9.5448
v 86.0033 -37.4629 3.9634
v 86.0033 -37.3926 9.5358
v 85.4778 -36.9375 3.9567
v 85.4778 -36.8672 9.5292
v 84.76 -36.7451 3.9543
v 84.76 -36.6749 9.5267
v 84.0422 -36.9375 3.9567
v 84.0422 -36.8672 9.5292
v 83.5167 -37.4629 3.9634
v 83.5167 -37.3926 9.5358
f 11065 11067 11068 11066
f 11067 11069 11070 11068
f 11069 11071 11072 11070
f 11071 11073 11074 11072
f 11073 11075 11076 11074
f 11075 11077 11078 11076
f 11077 11079 11080 11078
f 11079 11081 11082 11080
f 11081 11083 11084 11082
f 11083 11085 11086 11084
f 11085 11087 11088 11086
f 11087 11065 11066 11088
f 11087 11085 11083 11081 11079 11077 11075 11073 11071 11069 11067 11065
f 11066 11068 11070 11072 11074 11076 11078 11080 11082 11084 11086 11088
v 83.3244 -38.1104 9.5448
v 83.3244 -37.9251 15.1172
v 83.5167 -38.8278 9.5687
v 83.5167 -38.6425 15.1411
v 84.0422 -39.353 9.5861
v 84.0422 -39.1677 15.1586
v 84.76 -39.5452 9.5925
v 84.76 -39.3599 15.165
v 85.4778 -39.353 9.5861
v 85.4778 -39.1677 15.1586
v 86.0033 -38.8278 9.5687
v 86.0033 -38.6425 15.1411
v 86.1956 -38.1104 9.5448
v 86.1956 -37.9251 15.1172
v 86.0033 -37.393 9.521
v 86.0033 -37.2077 15.0934
v 85.4778 -36.8678 9.5035
v 85.4778 -36.6825 15.0759
v 84.76 -36.6756 9.4971
v 84.76 -36.4903 15.0695
v 84.0422 -36.8678 9.5035
v 84.0422 -36.6825 15.0759
v 83.5167 -37.393 9.521
v 83.5167 -37.2077 15.0934
f 11089 11091 11092 11090
f 11091 11093 11094 11092
f 11093 11095 11096 11094
f 11095 11097 11098 11096
f 11097 11099 11100 11098
f 11099 11101 11102 11100
f 11101 11103 11104 11102
f 11103 11105 11106 11104
f 11105 11107 11108 11106
f 11107 11109 11110 11108
f 11109 11111 11112 11110
f 11111 11089 11090 11112
f 11111 11109 11107 11105 11103 11101 11099 11097 11095 11093 11091 11089
f 11090 11092 11094 11096 11098 11100 11102 11104 11106 11108 11110 11112
v 83.3244 -37.9251 15.1172
v 83.3244 -37.6371 20.6897
v 83.5167 -38.6419 15.1543
v 83.5167 -38.3539 20.7267
v 84.0422 -39.1667 15.1814
v 84.0422 -38.8787 20.7538
v 84.76 -39.3588 15.1913
v 84.76 -39.0708 20.7638
v 85.4778 -39.1667 15.1814
v 85.4778 -38.8787 20.7538
v 86.0033 -38.6419 15.1543
v 86.0033 -38.3539 20.7267
v 86.1956 -37.9251 15.1172
v 86.1956 -37.6371 20.6897
v 86.0033 -37.2082 15.0802
v 86.0033 -36.9202 20.6526
v 85.4778 -36.6835 15.0531
v 85.4778 -36.3955 20.6255
v 84.76 -36.4914 15.0431
v 84.76 -36.2034 20.6156
v 84.0422 -36.6835 15.0531
v 84.0422 -36.3955 20.6255
v 83.5167 -37.2082 15.0802
v 83.5167 -36.9202 20.6526
f 11113 11115 11116 11114
f 11115 11117 11118 11116
f 11117 11119 11120 11118
f 11119 11121 11122 11120
f 11121 11123 11124 11122
f 11123 11125 11126 11124
f 11125 11127 11128 11126
f 11127 11129 11130 11128
f 11129 11131 11132 11130
f 11131 11133 11134 11132
f 11133 11135 11136 11134
f 11135 11113 11114 11136
f 11135 11133 11131 11129 11127 11125 11123 11121 11119 11117 11115 11113
f 11114 11116 11118 11120 11122 11124 11126 11128 11130 11132 11134 11136
v 83.3244 -37.6371 20.6897
v 83.3244 -37.3026 26.2621
v 83.5167 -38.3536 20.7327
v 83.5167 -38.0191 26.3051
v 84.0422 -38.8781 20.7641
v 84.0422 -38.5436 26.3366
v 84.76 -39.0701 20.7757
v 84.76 -38.7356 26.3481
v 85.4778 -38.8781 20.7641
v 85.4778 -38.5436 26.3366
v 86.0033 -38.3536 20.7327
v 86.0033 -38.0191 26.3051
v 86.1956 -37.6371 20.6897
v 86.1956 -37.3026 26.2621
v 86.0033 -36.9206 20.6466
v 86.0033 -36.5861 26.2191
v 85.4778 -36.396 20.6152
v 85.4778 -36.0616 26.1876
v 84.76 -36.2041 20.6036
v 84.76 -35.8696 26.1761
v 84.0422 -36.396 20.6152
v 84.0422 -36.0616 26.1876
v 83.5167 -36.9206 20.6466
v 83.5167 -36.5861 26.2191
f 11137 11139 11140 11138
f 11139 11141 11142 11140
f 11141 11143 11144 11142
f 11143 11145 11146 11144
f 11145 11147 11148 11146
f 11147 11149 11150 11148
f 11149 11151 11152 11150
f 11151 11153 11154 11152
f 11153 11155 11156 11154
f 11155 11157 11158 11156
f 11157 11159 11160 11158
f 11159 11137 11138 11160
f 11159 11157 11155 11153 11151 11149 11147 11145 11143 11141 11139 11137
f 11138 11140 11142 11144 11146 11148 11150 11152 11154 11156 11158 11160
v 83.3244 -37.3026 26.2621
v 83.3244 -36.9284 31.8345
v 83.5167 -38.0188 26.3102
v 83.5167 -37.6446 31.8826
v 84.0422 -38.5431 26.3454
v 84.0422 -38.1689 31.9178
v 84.76 -38.735 26.3583
v 84.76 -38.3608 31.9307
v 85.4778 -38.5431 26.3454
v 85.4778 -38.1689 31.9178
v 86.0033 -38.0188 26.3102
v 86.0033 -37.6446 31.8826
v 86.1956 -37.3026 26.2621
v 86.1956 -36.9284 31.8345
v 86.0033 -36.5864 26.214
v 86.0033 -36.2122 31.7864
v 85.4778 -36.0621 26.1788
v 85.4778 -35.6879 31.7512
v 84.76 -35.8702 26.1659
v 84.76 -35.496 31.7383
v 84.0422 -36.0621 26.1788
v 84.0422 -35.6879 31.7512
v 83.5167 -36.5864 26.214
v 83.5167 -36.2122 31.7864
f 11161 11163 11164 11162
f 11163 11165 11166 11164
f 11165 11167 11168 11166
f 11167 11169 11170 11168
f 11169 11171 11172 11170
f 11171 11173 11174 11172
f 11173 11175 11176 11174
f 11175 11177 11178 11176
f 11177 11179 11180 11178
f 11179 11181 11182 11180
f 11181 11183 11184 11182
f 11183 11161 11162 11184
f 11183 11181 11179 11177 11175 11173 11171 11169 11167 11165 11163 11161
f 11162 11164 11166 11168 11170 11172 11174 11176 11178 11180 11182 11184
v 83.3244 -36.9284 31.8345
v 83.3244 -36.5486 37.4069
v 83.5167 -37.6446 31.8833
v 83.5167 -37.2647 37.4557
v 84.0422 -38.1688 31.919
v 84.0422 -37.789 37.4914
v 84.76 -38.3607 31.9321
v 84.76 -37.9808 37.5045
v 85.4778 -38.1688 31.919
v 85.4778 -37.789 37.4914
v 86.0033 -37.6446 31.8833
v 86.0033 -37.2647 37.4557
v 86.1956 -36.9284 31.8345
v 86.1956 -36.5486 37.4069
v 86.0033 -36.2123 31.7857
v 86.0033 -35.8324 37.3581
v 85.4778 -35.688 31.7499
v 85.4778 -35.3082 37.3223
v 84.76 -35.4961 31.7369
v 84.76 -35.1163 37.3093
v 84.0422 -35.688 31.7499
v 84.0422 -35.3082 37.3223
v 83.5167 -36.2123 31.7857
v 83.5167 -35.8324 37.3581
f 11185 11187 11188 11186
f 11187 11189 11190 11188
f 11189 11191 11192 11190
f 11191 11193 11194 11192
f 11193 11195 11196 11194
f 11195 11197 11198 11196
f 11197 11199 11200 11198
f 11199 11201 11202 11200
f 11201 11203 11204 11202
f 11203 11205 11206 11204
f 11205 11207 11208 11206
f 11207 11185 11186 11208
f 11207 11205 11203 11201 11199 11197 11195 11193 11191 11189 11187 11185
f 11186 11188 11190 11192 11194 11196 11198 11200 11202 11204 11206 11208
v 83.3244 -36.5486 37.4069
v 83.3244 -36.1945 42.9793
v 83.5167 -37.2649 37.4524
v 83.5167 -36.9109 43.0248
v 84.0422 -37.7893 37.4857
v 84.0422 -37.4353 43.0581
v 84.76 -37.9813 37.4979
v 84.76 -37.6273 43.0703
v 85.4778 -37.7893 37.4857
v 85.4778 -37.4353 43.0581
v 86.0033 -37.2649 37.4524
v 86.0033 -36.9109 43.0248
v 86.1956 -36.5486 37.4069
v 86.1956 -36.1945 42.9793
v 86.0033 -35.8322 37.3614
v 86.0033 -35.4782 42.9338
v 85.4778 -35.3078 37.3281
v 85.4778 -34.9538 42.9005
v 84.76 -35.1159 37.3159
v 84.76 -34.7618 42.8883
v 84.0422 -35.3078 37.3281
v 84.0422 -34.9538 42.9005
v 83.5167 -35.8322 37.3614
v 83.5167 -35.4782 42.9338
f 11209 11211 11212 11210
f 11211 11213 11214 11212
f 11213 11215 11216 11214
f 11215 11217 11218 11216
f 11217 11219 11220 11218
f 11219 11221 11222 11220
f 11221 11223 11224 11222
f 11223 11225 11226 11224
f 11225 11227 11228 11226
f 11227 11229 11230 11228
f 11229 11231 11232 11230
f 11231 11209 11210 11232
f 11231 11229 11227 11225 11223 11221 11219 11217 11215 11213 11211 11209
f 11210 11212 11214 11216 11218 11220 11222 11224 11226 11228 11230 11232
v 83.3244 -36.1945 42.9793
v 83.3244 -35.8718 48.5517
v 83.5167 -36.9111 43.0208
v 83.5167 -36.5884 48.5932
v 84.0422 -37.4357 43.0512
v 84.0422 -37.113 48.6236
v 84.76 -37.6277 43.0623
v 84.76 -37.305 48.6347
v 85.4778 -37.4357 43.0512
v 85.4778 -37.113 48.6236
v 86.0033 -36.9111 43.0208
v 86.0033 -36.5884 48.5932
v 86.1956 -36.1945 42.9793
v 86.1956 -35.8718 48.5517
v 86.0033 -35.4779 42.9378
v 86.0033 -35.1552 48.5102
v 85.4778 -34.9534 42.9074
v 85.4778 -34.6306 48.4798
v 84.76 -34.7613 42.8963
v 84.76 -34.4386 48.4687
v 84.0422 -34.9534 42.9074
v 84.0422 -34.6306 48.4798
v 83.5167 -35.4779 42.9378
v 83.5167 -35.1552 48.5102
f 11233 11235 11236 11234
f 11235 11237 11238 11236
f 11237 11239 11240 11238
f 11239 11241 11242 11240
f 11241 11243 11244 11242
f 11243 11245 11246 11244
f 11245 11247 11248 11246
f 11247 11249 11250 11248
f 11249 11251 11252 11250
f 11251 11253 11254 11252
f 11253 11255 11256 11254
f 11255 11233 11234 11256
f 11255 11253 11251 11249 11247 11245 11243 11241 11239 11237 11235 11233
f 11234 11236 11238 11240 11242 11244 11246 11248 11250 11252 11254 11256
v 83.3244 -35.8718 48.5517
v 83.3244 -35.6277 54.1241
v 83.5167 -36.5889 48.5831
v 83.5167 -36.3448 54.1556
v 84.0422 -37.1139 48.6061
v 84.0422 -36.8698 54.1785
v 84.76 -37.306 48.6145
v 84.76 -37.0619 54.187
v 85.4778 -37.1139 48.6061
v 85.4778 -36.8698 54.1785
v 86.0033 -36.5889 48.5831
v 86.0033 -36.3448 54.1556
v 86.1956 -35.8718 48.5517
v 86.1956 -35.6277 54.1241
v 86.0033 -35.1547 48.5203
v 86.0033 -34.9106 54.0927
v 85.4778 -34.6297 48.4973
v 85.4778 -34.3856 54.0697
v 84.76 -34.4376 48.4889
v 84.76 -34.1935 54.0613
v 84.0422 -34.6297 48.4973
v 84.0422 -34.3856 54.0697
v 83.5167 -35.1547 48.5203
v 83.5167 -34.9106 54.0927
f 11257 11259 11260 11258
f 11259 11261 11262 11260
f 11261 11263 11264 11262
f 11263 11265 11266 11264
f 11265 11267 11268 11266
f 11267 11269 11270 11268
f 11269 11271 11272 11270
f 11271 11273 11274 11272
f 11273 11275 11276 11274
f 11275 11277 11278 11276
f 11277 11279 11280 11278
f 11279 11257 11258 11280
f 11279 11277 11275 11273 11271 11269 11267 11265 11263 11261 11259 11257
f 11258 11260 11262 11264 11266 11268 11270 11272 11274 11276 11278 11280
v 83.3244 -35.6277 54.1241
v 83.3244 -35.4545 59.6966
v 83.5167 -36.3452 54.1464
v 83.5167 -36.1719 59.7189
v 84.0422 -36.8704 54.1628
v 84.0422 -36.6972 59.7352
v 84.76 -37.0626 54.1687
v 84.76 -36.8894 59.7412
v 85.4778 -36.8704 54.1628
v 85.4778 -36.6972 59.7352
v 86.0033 -36.3452 54.1464
v 86.0033 -36.1719 59.7189
v 86.1956 -35.6277 54.1241
v 86.1956 -35.4545 59.6966
v 86.0033 -34.9102 54.1018
v 86.0033 -34.737 59.6743
v 85.4778 -34.385 54.0855
v 85.4778 -34.2118 59.6579
v 84.76 -34.1928 54.0795
v 84.76 -34.0196 59.652
v 84.0422 -34.385 54.0855
v 84.0422 -34.2118 59.6579
v 83.5167 -34.9102 54.1018
v 83.5167 -34.737 59.6743
f 11281 11283 11284 11282
f 11283 11285 11286 11284
f 11285 11287 11288 11286
f 11287 11289 11290 11288
f 11289 11291 11292 11290
f 11291 11293 11294 11292
f 11293 11295 11296 11294
f 11295 11297 11298 11296
f 11297 11299 11300 11298
f 11299 11301 11302 11300
f 11301 11303 11304 11302
f 11303 11281 11282 11304
f 11303 11301 11299 11297 11295 11293 11291 11289 11287 11285 11283 11281
f 11282 11284 11286 11288 11290 11292 11294 11296 11298 11300 11302 11304
v 83.3244 -35.4545 59.6966
v 83.3244 -35.3422 65.269
v 83.5167 -36.1721 59.711
v 83.5167 -36.0599 65.2834
v 84.0422 -36.6975 59.7216
v 84.0422 -36.5852 65.294
v 84.76 -36.8898 59.7255
v 84.76 -36.7775 65.2979
v 85.4778 -36.6975 59.7216
v 85.4778 -36.5852 65.294
v 86.0033 -36.1721 59.711
v 86.0033 -36.0599 65.2834
v 86.1956 -35.4545 59.6966
v 86.1956 -35.3422 65.269
v 86.0033 -34.7368 59.6821
v 86.0033 -34.6246 65.2545
v 85.4778 -34.2115 59.6715
v 85.4778 -34.0992 65.2439
v 84.76 -34.0192 59.6676
v 84.76 -33.9069 65.24
v 84.0422 -34.2115 59.6715
v 84.0422 -34.0992 65.2439
v 83.5167 -34.7368 59.6821
v 83.5167 -34.6246 65.2545
f 11305 11307 11308 11306
f 11307 11309 11310 11308
f 11309 11311 11312 11310
f 11311 11313 11314 11312
f 11313 11315 11316 11314
f 11315 11317 11318 11316
f 11317 11319 11320 11318
f 11319 11321 11322 11320
f 11321 11323 11324 11322
f 11323 11325 11326 11324
f 11325 11327 11328 11326
f 11327 11305 11306 11328
f 11327 11325 11323 11321 11319 11317 11315 11313 11311 11309 11307 11305
f 11306 11308 11310 11312 11314 11316 11318 11320 11322 11324 11326 11328
v 83.3244 -35.3422 65.269
v 83.3244 -35.3146 70.8414
v 83.5167 -36.06 65.2725
v 83.5167 -36.0323 70.8449
v 84.0422 -36.5855 65.2751
v 84.0422 -36.5578 70.8476
v 84.76 -36.7778 65.2761
v 84.76 -36.7501 70.8485
v 85.4778 -36.5855 65.2751
v 85.4778 -36.5578 70.8476
v 86.0033 -36.06 65.2725
v 86.0033 -36.0323 70.8449
v 86.1956 -35.3422 65.269
v 86.1956 -35.3146 70.8414
v 86.0033 -34.6244 65.2654
v 86.0033 -34.5968 70.8378
v 85.4778 -34.099 65.2628
v 85.4778 -34.0713 70.8352
v 84.76 -33.9066 65.2618
v 84.76 -33.879 70.8343
v 84.0422 -34.099 65.2628
v 84.0422 -34.0713 70.8352
v 83.5167 -34.6244 65.2654
v 83.5167 -34.5968 70.8378
f 11329 11331 11332 11330
f 11331 11333 11334 11332
f 11333 11335 11336 11334
f 11335 11337 11338 11336
f 11337 11339 11340 11338
f 11339 11341 11342 11340
f 11341 11343 11344 11342
f 11343 11345 11346 11344
f 11345 11347 11348 11346
f 11347 11349 11350 11348
f 11349 11351 11352 11350
f 11351 11329 11330 11352
f 11351 11349 11347 11345 11343 11341 11339 11337 11335 11333 11331 11329
f 11330 11332 11334 11336 11338 11340 11342 11344 11346 11348 11350 11352
v 83.3244 -35.3146 70.8414
v 83.3244 -35.3669 76.4138
v 83.5167 -36.0323 70.8346
v 83.5167 -36.0847 76.4071
v 84.0422 -36.5578 70.8297
v 84.0422 -36.6101 76.4021
v 84.76 -36.7501 70.8279
v 84.76 -36.8024 76.4003
v 85.4778 -36.5578 70.8297
v 85.4778 -36.6101 76.4021
v 86.0033 -36.0323 70.8346
v 86.0033 -36.0847 76.4071
v 86.1956 -35.3146 70.8414
v 86.1956 -35.3669 76.4138
v 86.0033 -34.5968 70.8481
v 86.0033 -34.6491 76.4205
v 85.4778 -34.0713 70.8531
v 85.4778 -34.1237 76.4255
v 84.76 -33.879 70.8549
v 84.76 -33.9314 76.4273
v 84.0422 -34.0713 70.8531
v 84.0422 -34.1237 76.4255
v 83.5167 -34.5968 70.8481
v 83.5167 -34.6491 76.4205
f 11353 11355 11356 11354
f 11355 11357 11358 11356
f 11357 11359 11360 11358
f 11359 11361 11362 11360
f 11361 11363 11364 11362
f 11363 11365 11366 11364
f 11365 11367 11368 11366
f 11367 11369 11370 11368
f 11369 11371 11372 11370
f 11371 11373 11374 11372
f 11373 11375 11376 11374
f 11375 11353 11354 11376
f 11375 11373 11371 11369 11367 11365 11363 11361 11359 11357 11355 11353
f 11354 11356 11358 11360 11362 11364 11366 11368 11370 11372 11374 11376
v 83.3244 -35.3669 76.4138
v 83.3244 -35.4712 81.9862
v 83.5167 -36.0846 76.4004
v 83.5167 -36.1889 81.9728
v 84.0422 -36.6099 76.3905
v 84.0422 -36.7143 81.9629
v 84.76 -36.8022 76.3869
v 84.76 -36.9066 81.9593
v 85.4778 -36.6099 76.3905
v 85.4778 -36.7143 81.9629
v 86.0033 -36.0846 76.4004
v 86.0033 -36.1889 81.9728
v 86.1956 -35.3669 76.4138
v 86.1956 -35.4712 81.9862
v 86.0033 -34.6492 76.4272
v 86.0033 -34.7535 81.9996
v 85.4778 -34.1238 76.4371
v 85.4778 -34.2282 82.0095
v 84.76 -33.9315 76.4407
v 84.76 -34.0359 82.0131
v 84.0422 -34.1238 76.4371
v 84.0422 -34.2282 82.0095
v 83.5167 -34.6492 76.4272
v 83.5167 -34.7535 81.9996
f 11377 11379 11380 11378
f 11379 11381 11382 11380
f 11381 11383 11384 11382
f 11383 11385 11386 11384
f 11385 11387 11388 11386
f 11387 11389 11390 11388
f 11389 11391 11392 11390
f 11391 11393 11394 11392
f 11393 11395 11396 11394
f 11395 11397 11398 11396
f 11397 11399 11400 11398
f 11399 11377 11378 11400
f 11399 11397 11395 11393 11391 11389 11387 11385 11383 11381 11379 11377
f 11378 11380 11382 11384 11386 11388 11390 11392 11394 11396 11398 11400
v 83.3244 -35.4712 81.9862
v 83.3244 -35.6314 87.5586
v 83.5167 -36.1887 81.9656
v 83.5167 -36.3489 87.538
v 84.0422 -36.714 81.9505
v 84.0422 -36.8742 87.5229
v 84.76 -36.9062 81.9449
v 84.76 -37.0664 87.5174
v 85.4778 -36.714 81.9505
v 85.4778 -36.8742 87.5229
v 86.0033 -36.1887 81.9656
v 86.0033 -36.3489 87.538
v 86.1956 -35.4712 81.9862
v 86.1956 -35.6314 87.5586
v 86.0033 -34.7537 82.0068
v 86.0033 -34.9139 87.5793
v 85.4778 -34.2284 82.0219
v 85.4778 -34.3887 87.5944
v 84.76 -34.0362 82.0275
v 84.76 -34.1964 87.5999
v 84.0422 -34.2284 82.0219
v 84.0422 -34.3887 87.5944
v 83.5167 -34.7537 82.0068
v 83.5167 -34.9139 87.5793
f 11401 11403 11404 11402
f 11403 11405 11406 11404
f 11405 11407 11408 11406
f 11407 11409 11410 11408
f 11409 11411 11412 11410
f 11411 11413 11414 11412
f 11413 11415 11416 11414
f 11415 11417 11418 11416
f 11417 11419 11420 11418
f 11419 11421 11422 11420
f 11421 11423 11424 11422
f 11423 11401 11402 11424
f 11423 11421 11419 11417 11415 11413 11411 11409 11407 11405 11403 11401
f 11402 11404 11406 11408 11410 11412 11414 11416 11418 11420 11422 11424
v 83.3244 -35.6314 87.5586
v 83.3244 -35.8562 93.131
v 83.5167 -36.3487 87.5297
v 83.5167 -36.5734 93.1021
v 84.0422 -36.8737 87.5085
v 84.0422 -37.0985 93.0809
v 84.76 -37.0659 87.5008
v 84.76 -37.2907 93.0732
v 85.4778 -36.8737 87.5085
v 85.4778 -37.0985 93.0809
v 86.0033 -36.3487 87.5297
v 86.0033 -36.5734 93.1021
v 86.1956 -35.6314 87.5586
v 86.1956 -35.8562 93.131
v 86.0033 -34.9142 87.5876
v 86.0033 -35.139 93.16
v 85.4778 -34.3892 87.6087
v 85.4778 -34.614 93.1811
v 84.76 -34.197 87.6165
v 84.76 -34.4218 93.1889
v 84.0422 -34.3892 87.6087
v 84.0422 -34.614 93.1811
v 83.5167 -34.9142 87.5876
v 83.5167 -35.139 93.16
f 11425 11427 11428 11426
f 11427 11429 11430 11428
f 11429 11431 11432 11430
f 11431 11433 11434 11432
f 11433 11435 11436 11434
f 11435 11437 11438 11436
f 11437 11439 11440 11438
f 11439 11441 11442 11440
f 11441 11443 11444 11442
f 11443 11445 11446 11444
f 11445 11447 11448 11446
f 11447 11425 11426 11448
f 11447 11445 11443 11441 11439 11437 11435 11433 11431 11429 11427 11425
f 11426 11428 11430 11432 11434 11436 11438 11440 11442 11444 11446 11448
v 83.3244 -35.8562 93.131
v 83.3244 -36.1109 98.7034
v 83.5167 -36.5733 93.0983
v 83.5167 -36.828 98.6707
v 84.0422 -37.0982 93.0743
v 84.0422 -37.3529 98.6467
v 84.76 -37.2903 93.0655
v 84.76 -37.5451 98.6379
v 85.4778 -37.0982 93.0743
v 85.4778 -37.3529 98.6467
v 86.0033 -36.5733 93.0983
v 86.0033 -36.828 98.6707
v 86.1956 -35.8562 93.131
v 86.1956 -36.1109 98.7034
v 86.0033 -35.1392 93.1638
v 86.0033 -35.3939 98.7362
v 85.4778 -34.6143 93.1878
v 85.4778 -34.869 98.7602
v 84.76 -34.4221 93.1966
v 84.76 -34.6768 98.769
v 84.0422 -34.6143 93.1878
v 84.0422 -34.869 98.7602
v 83.5167 -35.1392 93.1638
v 83.5167 -35.3939 98.7362
f 11449 11451 11452 11450
f 11451 11453 11454 11452
f 11453 11455 11456 11454
f 11455 11457 11458 11456
f 11457 11459 11460 11458
f 11459 11461 11462 11460
f 11461 11463 11464 11462
f 11463 11465 11466 11464
f 11465 11467 11468 11466
f 11467 11469 11470 11468
f 11469 11471 11472 11470
f 11471 11449 11450 11472
f 11471 11469 11467 11465 11463 11461 11459 11457 11455 11453 11451 11449
f 11450 11452 11454 11456 11458 11460 11462 11464 11466 11468 11470 11472
v 83.3244 -36.1109 98.7034
v 83.3244 -36.3927 104.2759
v 83.5167 -36.8278 98.6672
v 83.5167 -37.1096 104.2396
v 84.0422 -37.3526 98.6407
v 84.0422 -37.6344 104.2131
v 84.76 -37.5447 98.631
v 84.76 -37.8265 104.2034
v 85.4778 -37.3526 98.6407
v 85.4778 -37.6344 104.2131
v 86.0033 -36.8278 98.6672
v 86.0033 -37.1096 104.2396
v 86.1956 -36.1109 98.7034
v 86.1956 -36.3927 104.2759
v 86.0033 -35.3941 98.7397
v 86.0033 -35.6758 104.3121
v 85.4778 -34.8693 98.7662
v 85.4778 -35.151 104.3386
v 84.76 -34.6772 98.7759
v 84.76 -34.9589 104.3484
v 84.0422 -34.8693 98.7662
v 84.0422 -35.151 104.3386
v 83.5167 -35.3941 98.7397
v 83.5167 -35.6758 104.3121
f 11473 11475 11476 11474
f 11475 11477 11478 11476
f 11477 11479 11480 11478
f 11479 11481 11482 11480
f 11481 11483 11484 11482
f 11483 11485 11486 11484
f 11485 11487 11488 11486
f 11487 11489 11490 11488
f 11489 11491 11492 11490
f 11491 11493 11494 11492
f 11493 11495 11496 11494
f 11495 11473 11474 11496
f 11495 11493 11491 11489 11487 11485 11483 11481 11479 11477 11475 11473
f 11474 11476 11478 11480 11482 11484 11486 11488 11490 11492 11494 11496
v 83.3244 -36.3927 104.2759
v 83.3244 -37.7397 109.8483
v 83.5167 -37.0904 104.1072
v 83.5167 -38.4374 109.6796
v 84.0422 -37.6012 103.9837
v 84.0422 -38.9482 109.5562
v 84.76 -37.7881 103.9386
v 84.76 -39.1351 109.511
v 85.4778 -37.6012 103.9837
v 85.4778 -38.9482 109.5562
v 86.0033 -37.0904 104.1072
v 86.0033 -38.4374 109.6796
v 86.1956 -36.3927 104.2759
v 86.1956 -37.7397 109.8483
v 86.0033 -35.695 104.4445
v 86.0033 -37.042 110.0169
v 85.4778 -35.1842 104.568
v 85.4778 -36.5313 110.1404
v 84.76 -34.9973 104.6132
v 84.76 -36.3443 110.1856
v 84.0422 -35.1842 104.568
v 84.0422 -36.5313 110.1404
v 83.5167 -35.695 104.4445
v 83.5167 -37.042 110.0169
f 11497 11499 11500 11498
f 11499 11501 11502 11500
f 11501 11503 11504 11502
f 11503 11505 11506 11504
f 11505 11507 11508 11506
f 11507 11509 11510 11508
f 11509 11511 11512 11510
f 11511 11513 11514 11512
f 11513 11515 11516 11514
f 11515 11517 11518 11516
f 11517 11519 11520 11518
f 11519 11497 11498 11520
f 11519 11517 11515 11513 11511 11509 11507 11505 11503 11501 11499 11497
f 11498 11500 11502 11504 11506 11508 11510 11512 11514 11516 11518 11520
v 83.3244 -37.7397 109.8483
v 83.3244 -39.0043 115.4207
v 83.5167 -38.4397 109.6894
v 83.5167 -39.7043 115.2618
v 84.0422 -38.9522 109.5731
v 84.0422 -40.2167 115.1455
v 84.76 -39.1397 109.5306
v 84.76 -40.4043 115.103
v 85.4778 -38.9522 109.5731
v 85.4778 -40.2167 115.1455
v 86.0033 -38.4397 109.6894
v 86.0033 -39.7043 115.2618
v 86.1956 -37.7397 109.8483
v 86.1956 -39.0043 115.4207
v 86.0033 -37.0397 110.0071
v 86.0033 -38.3043 115.5795
v 85.4778 -36.5273 110.1234
v 85.4778 -37.7918 115.6958
v 84.76 -36.3397 110.166
v 84.76 -37.6043 115.7384
v 84.0422 -36.5273 110.1234
v 84.0422 -37.7918 115.6958
v 83.5167 -37.0397 110.0071
v 83.5167 -38.3043 115.5795
f 11521 11523 11524 11522
f 11523 11525 11526 11524
f 11525 11527 11528 11526
f 11527 11529 11530 11528
f 11529 11531 11532 11530
f 11531 11533 11534 11532
f 11533 11535 11536 11534
f 11535 11537 11538 11536
f 11537 11539 11540 11538
f 11539 11541 11542 11540
f 11541 11543 11544 11542
f 11543 11521 11522 11544
f 11543 11541 11539 11537 11535 11533 11531 11529 11527 11525 11523 11521
f 11522 11524 11526 11528 11530 11532 11534 11536 11538 11540 11542 11544
v 83.3244 -39.0043 115.4207
v 83.3244 -39.2926 120.9931
v 83.5167 -39.7211 115.3836
v 83.5167 -40.0094 120.956
v 84.0422 -40.2459 115.3564
v 84.0422 -40.5342 120.9289
v 84.76 -40.438 115.3465
v 84.76 -40.7263 120.9189
v 85.4778 -40.2459 115.3564
v 85.4778 -40.5342 120.9289
v 86.0033 -39.7211 115.3836
v 86.0033 -40.0094 120.956
v 86.1956 -39.0043 115.4207
v 86.1956 -39.2926 120.9931
v 86.0033 -38.2874 115.4578
v 86.0033 -38.5758 121.0302
v 85.4778 -37.7627 115.4849
v 85.4778 -38.051 121.0573
v 84.76 -37.5706 115.4949
v 84.76 -37.8589 121.0673
v 84.0422 -37.7627 115.4849
v 84.0422 -38.051 121.0573
v 83.5167 -38.2874 115.4578
v 83.5167 -38.5758 121.0302
f 11545 11547 11548 11546
f 11547 11549 11550 11548
f 11549 11551 11552 11550
f 11551 11553 11554 11552
f 11553 11555 11556 11554
f 11555 11557 11558 11556
f 11557 11559 11560 11558
f 11559 11561 11562 11560
f 11561 11563 11564 11562
f 11563 11565 11566 11564
f 11565 11567 11568 11566
f 11567 11545 11546 11568
f 11567 11565 11563 11561 11559 11557 11555 11553 11551 11549 11547 11545
f 11546 11548 11550 11552 11554 11556 11558 11560 11562 11564 11566 11568
v 83.3244 -39.2926 120.9931
v 83.3244 -39.5134 126.5655
v 83.5167 -40.0098 120.9647
v 83.5167 -40.2306 126.5371
v 84.0422 -40.5349 120.9439
v 84.0422 -40.7557 126.5163
v 84.76 -40.7271 120.9363
v 84.76 -40.9478 126.5087
v 85.4778 -40.5349 120.9439
v 85.4778 -40.7557 126.5163
v 86.0033 -40.0098 120.9647
v 86.0033 -40.2306 126.5371
v 86.1956 -39.2926 120.9931
v 86.1956 -39.5134 126.5655
v 86.0033 -38.5754 121.0215
v 86.0033 -38.7961 126.5939
v 85.4778 -38.0503 121.0423
v 85.4778 -38.2711 126.6147
v 84.76 -37.8581 121.0499
v 84.76 -38.0789 126.6223
v 84.0422 -38.0503 121.0423
v 84.0422 -38.2711 126.6147
v 83.5167 -38.5754 121.0215
v 83.5167 -38.7961 126.5939
f 11569 11571 11572 11570
f 11571 11573 11574 11572
f 11573 11575 11576 11574
f 11575 11577 11578 11576
f 11577 11579 11580 11578
f 11579 11581 11582 11580
f 11581 11583 11584 11582
f 11583 11585 11586 11584
f 11585 11587 11588 11586
f 11587 11589 11590 11588
f 11589 11591 11592 11590
f 11591 11569 11570 11592
f 11591 11589 11587 11585 11583 11581 11579 11577 11575 11573 11571 11569
f 11570 11572 11574 11576 11578 11580 11582 11584 11586 11588 11590 11592
v 83.3244 -39.5134 126.5655
v 83.3244 -39.6557 132.1379
v 83.5167 -40.2309 126.5472
v 83.5167 -40.3733 132.1196
v 84.0422 -40.7562 126.5338
v 84.0422 -40.8986 132.1062
v 84.76 -40.9485 126.5289
v 84.76 -41.0908 132.1013
v 85.4778 -40.7562 126.5338
v 85.4778 -40.8986 132.1062
v 86.0033 -40.2309 126.5472
v 86.0033 -40.3733 132.1196
v 86.1956 -39.5134 126.5655
v 86.1956 -39.6557 132.1379
v 86.0033 -38.7958 126.5838
v 86.0033 -38.9381 132.1563
v 85.4778 -38.2705 126.5973
v 85.4778 -38.4128 132.1697
v 84.76 -38.0782 126.6022
v 84.76 -38.2206 132.1746
v 84.0422 -38.2705 126.5973
v 84.0422 -38.4128 132.1697
v 83.5167 -38.7958 126.5838
v 83.5167 -38.9381 132.1563
f 11593 11595 11596 11594
f 11595 11597 11598 11596
f 11597 11599 11600 11598
f 11599 11601 11602 11600
f 11601 11603 11604 11602
f 11603 11605 11606 11604
f 11605 11607 11608 11606
f 11607 11609 11610 11608
f 11609 11611 11612 11610
f 11611 11613 11614 11612
f 11613 11615 11616 11614
f 11615 11593 11594 11616
f 11615 11613 11611 11609 11607 11605 11603 11601 11599 11597 11595 11593
f 11594 11596 11598 11600 11602 11604 11606 11608 11610 11612 11614 11616
v 83.3244 -39.6557 132.1379
v 83.3244 -39.72 137.7103
v 83.5167 -40.3734 132.1297
v 83.5167 -40.4377 137.7021
v 84.0422 -40.8989 132.1236
v 84.0422 -40.9632 137.696
v 84.76 -41.0912 132.1214
v 84.76 -41.1555 137.6938
v 85.4778 -40.8989 132.1236
v 85.4778 -40.9632 137.696
v 86.0033 -40.3734 132.1297
v 86.0033 -40.4377 137.7021
v 86.1956 -39.6557 132.1379
v 86.1956 -39.72 137.7103
v 86.0033 -38.9379 132.1462
v 86.0033 -39.0022 137.7186
v 85.4778 -38.4125 132.1523
v 85.4778 -38.4768 137.7247
v 84.76 -38.2202 132.1545
v 84.76 -38.2845 137.7269
v 84.0422 -38.4125 132.1523
v 84.0422 -38.4768 137.7247
v 83.5167 -38.9379 132.1462
v 83.5167 -39.0022 137.7186
f 11617 11619 11620 11618
f 11619 11621 11622 11620
f 11621 11623 11624 11622
f 11623 11625 11626 11624
f 11625 11627 11628 11626
f 11627 11629 11630 11628
f 11629 11631 11632 11630
f 11631 11633 11634 11632
f 11633 11635 11636 11634
f 11635 11637 11638 11636
f 11637 11639 11640 11638
f 11639 11617 11618 11640
f 11639 11637 11635 11633 11631 11629 11627 11625 11623 11621 11619 11617
f 11618 11620 11622 11624 11626 11628 11630 11632 11634 11636 11638 11640
v 83.3244 -39.72 137.7103
v 83.3244 -39.6517 143.2828
v 83.5167 -40.4377 137.7191
v 83.5167 -40.3694 143.2916
v 84.0422 -40.9631 137.7256
v 84.0422 -40.8948 143.298
v 84.76 -41.1555 137.7279
v 84.76 -41.0872 143.3004
v 85.4778 -40.9631 137.7256
v 85.4778 -40.8948 143.298
v 86.0033 -40.4377 137.7191
v 86.0033 -40.3694 143.2916
v 86.1956 -39.72 137.7103
v 86.1956 -39.6517 143.2828
v 86.0033 -39.0022 137.7015
v 86.0033 -38.9339 143.274
v 85.4778 -38.4768 137.6951
v 85.4778 -38.4085 143.2675
v 84.76 -38.2845 137.6928
v 84.76 -38.2162 143.2652
v 84.0422 -38.4768 137.6951
v 84.0422 -38.4085 143.2675
v 83.5167 -39.0022 137.7015
v 83.5167 -38.9339 143.274
f 11641 11643 11644 11642
f 11643 11645 11646 11644
f 11645 11647 11648 11646
f 11647 11649 11650 11648
f 11649 11651 11652 11650
f 11651 11653 11654 11652
f 11653 11655 11656 11654
f 11655 11657 11658 11656
f 11657 11659 11660 11658
f 11659 11661 11662 11660
f 11661 11663 11664 11662
f 11663 11641 11642 11664
f 11663 11661 11659 11657 11655 11653 11651 11649 11647 11645 11643 11641
f 11642 11644 11646 11648 11650 11652 11654 11656 11658 11660 11662 11664
v 83.3244 -39.6517 143.2828
v 83.3244 -39.4513 148.8552
v 83.5167 -40.369 143.3086
v 83.5167 -40.1686 148.881
v 84.0422 -40.8941 143.3274
v 84.0422 -40.6938 148.8998
v 84.76 -41.0863 143.3343
v 84.76 -40.886 148.9068
v 85.4778 -40.8941 143.3274
v 85.4778 -40.6938 148.8998
v 86.0033 -40.369 143.3086
v 86.0033 -40.1686 148.881
v 86.1956 -39.6517 143.2828
v 86.1956 -39.4513 148.8552
v 86.0033 -38.9343 143.257
v 86.0033 -38.734 148.8294
v 85.4778 -38.4092 143.2381
v 85.4778 -38.2088 148.8105
v 84.76 -38.217 143.2312
v 84.76 -38.0166 148.8036
v 84.0422 -38.4092 143.2381
v 84.0422 -38.2088 148.8105
v 83.5167 -38.9343 143.257
v 83.5167 -38.734 148.8294
f 11665 11667 11668 11666
f 11667 11669 11670 11668
f 11669 11671 11672 11670
f 11671 11673 11674 11672
f 11673 11675 11676 11674
f 11675 11677 11678 11676
f 11677 11679 11680 11678
f 11679 11681 11682 11680
f 11681 11683 11684 11682
f 11683 11685 11686 11684
f 11685 11687 11688 11686
f 11687 11665 11666 11688
f 11687 11685 11683 11681 11679 11677 11675 11673 11671 11669 11667 11665
f 11666 11668 11670 11672 11674 11676 11678 11680 11682 11684 11686 11688
v 83.3244 -39.4513 148.8552
v 83.3244 -39.1554 154.4276
v 83.5167 -40.1681 148.8932
v 83.5167 -39.8722 154.4656
v 84.0422 -40.6928 148.9211
v 84.0422 -40.3969 154.4935
v 84.76 -40.8849 148.9313
v 84.76 -40.589 154.5037
v 85.4778 -40.6928 148.9211
v 85.4778 -40.3969 154.4935
v 86.0033 -40.1681 148.8932
v 86.0033 -39.8722 154.4656
v 86.1956 -39.4513 148.8552
v 86.1956 -39.1554 154.4276
v 86.0033 -38.7345 148.8171
v 86.0033 -38.4386 154.3895
v 85.4778 -38.2098 148.7893
v 85.4778 -37.9139 154.3617
v 84.76 -38.0177 148.7791
v 84.76 -37.7218 154.3515
v 84.0422 -38.2098 148.7893
v 84.0422 -37.9139 154.3617
v 83.5167 -38.7345 148.8171
v 83.5167 -38.4386 154.3895
f 11689 11691 11692 11690
f 11691 11693 11694 11692
f 11693 11695 11696 11694
f 11695 11697 11698 11696
f 11697 11699 11700 11698
f 11699 11701 11702 11700
f 11701 11703 11704 11702
f 11703 11705 11706 11704
f 11705 11707 11708 11706
f 11707 11709 11710 11708
f 11709 11711 11712 11710
f 11711 11689 11690 11712
f 11711 11709 11707 11705 11703 11701 11699 11697 11695 11693 11691 11689
f 11690 11692 11694 11696 11698 11700 11702 11704 11706 11708 11710 11712
v 83.3244 -39.1554 154.4276
v 83.3244 -38.7473 160
v 83.5167 -39.8713 154.48
v 83.5167 -39.4632 160.0524
v 84.0422 -40.3954 154.5184
v 84.0422 -39.9873 160.0908
v 84.76 -40.5872 154.5324
v 84.76 -40.1791 160.1049
v 85.4778 -40.3954 154.5184
v 85.4778 -39.9873 160.0908
v 86.0033 -39.8713 154.48
v 86.0033 -39.4632 160.0524
v 86.1956 -39.1554 154.4276
v 86.1956 -38.7473 160
v 86.0033 -38.4395 154.3752
v 86.0033 -38.0314 159.9476
v 85.4778 -37.9155 154.3368
v 85.4778 -37.5074 159.9092
v 84.76 -37.7237 154.3227
v 84.76 -37.3156 159.8951
v 84.0422 -37.9155 154.3368
v 84.0422 -37.5074 159.9092
v 83.5167 -38.4395 154.3752
v 83.5167 -38.0314 159.9476
f 11713 11715 11716 11714
f 11715 11717 11718 11716
f 11717 11719 11720 11718
f 11719 11721 11722 11720
f 11721 11723 11724 11722
f 11723 11725 11726 11724
f 11725 11727 11728 11726
f 11727 11729 11730 11728
f 11729 11731 11732 11730
f 11731 11733 11734 11732
f 11733 11735 11736 11734
f 11735 11713 11714 11736
f 11735 11733 11731 11729 11727 11725 11723 11721 11719 11717 11715 11713
f 11714 11716 11718 11720 11722 11724 11726 11728 11730 11732 11734 11736
o Edge_31
v -24.9644 -33.4319 -1.6
v -24.9644 -32.9765 -6.4
v -25.1567 -34.1465 -1.6678
v -25.1567 -33.6911 -6.4678
v -25.6822 -34.6696 -1.7174
v -25.6822 -34.2142 -6.5174
v -26.4 -34.8611 -1.7356
v -26.4 -34.4057 -6.5356
v -27.1178 -34.6696 -1.7174
v -27.1178 -34.2142 -6.5174
v -27.6433 -34.1465 -1.6678
v -27.6433 -33.6911 -6.4678
v -27.8356 -33.4319 -1.6
v -27.8356 -32.9765 -6.4
v -27.6433 -32.7173 -1.5322
v -27.6433 -32.2619 -6.3322
v -27.1178 -32.1942 -1.4826
v -27.1178 -31.7388 -6.2826
v -26.4 -32.0027 -1.4644
v -26.4 -31.5473 -6.2644
v -25.6822 -32.1942 -1.4826
v -25.6822 -31.7388 -6.2826
v -25.1567 -32.7173 -1.5322
v -25.1567 -32.2619 -6.3322
f 11737 11739 11740 11738
f 11739 11741 11742 11740
f 11741 11743 11744 11742
f 11743 11745 11746 11744
f 11745 11747 11748 11746
f 11747 11749 11750 11748
f 11749 11751 11752 11750
f 11751 11753 11754 11752
f 11753 11755 11756 11754
f 11755 11757 11758 11756
f 11757 11759 11760 11758
f 11759 11737 11738 11760
f 11759 11757 11755 11753 11751 11749 11747 11745 11743 11741 11739 11737
f 11738 11740 11742 11744 11746 11748 11750 11752 11754 11756 11758 11760
v -24.9644 -32.9765 -6.4
v -24.9644 -32.5211 -11.2
v -25.1567 -33.6911 -6.4678
v -25.1567 -33.2357 -11.2678
v -25.6822 -34.2142 -6.5174
v -25.6822 -33.7588 -11.3174
v -26.4 -34.4057 -6.5356
v -26.4 -33.9502 -11.3356
v -27.1178 -34.2142 -6.5174
v -27.1178 -33.7588 -11.3174
v -27.6433 -33.6911 -6.4678
v -27.6433 -33.2357 -11.2678
v -27.8356 -32.9765 -6.4
v -27.8356 -32.5211 -11.2
v -27.6433 -32.2619 -6.3322
v -27.6433 -31.8065 -11.1322
v -27.1178 -31.7388 -6.2826
v -27.1178 -31.2833 -11.0826
v -26.4 -31.5473 -6.2644
v -26.4 -31.0919 -11.0644
v -25.6822 -31.7388 -6.2826
v -25.6822 -31.2833 -11.0826
v -25.1567 -32.2619 -6.3322
v -25.1567 -31.8065 -11.1322
f 11761 11763 11764 11762
f 11763 11765 11766 11764
f 11765 11767 11768 11766
f 11767 11769 11770 11768
f 11769 11771 11772 11770
f 11771 11773 11774 11772
f 11773 11775 11776 11774
f 11775 11777 11778 11776
f 11777 11779 11780 11778
f 11779 11781 11782 11780
f 11781 11783 11784 11782
f 11783 11761 11762 11784
f 11783 11781 11779 11777 11775 11773 11771 11769 11767 11765 11763 11761
f 11762 11764 11766 11768 11770 11772 11774 11776 11778 11780 11782 11784
o Edge_32
v -26.4 -32.5211 -9.7644
v -21.12 -32.593 -9.7644
v -26.4098 -33.2388 -9.9567
v -21.1298 -33.3108 -9.9567
v -26.4169 -33.7642 -10.4822
v -21.1369 -33.8362 -10.4822
v -26.4196 -33.9565 -11.2
v -21.1396 -34.0285 -11.2
v -26.4169 -33.7642 -11.9178
v -21.1369 -33.8362 -11.9178
v -26.4098 -33.2388 -12.4433
v -21.1298 -33.3108 -12.4433
v -26.4 -32.5211 -12.6356
v -21.12 -32.593 -12.6356
v -26.3902 -31.8033 -12.4433
v -21.1102 -31.8753 -12.4433
v -26.3831 -31.2779 -11.9178
v -21.1031 -31.3499 -11.9178
v -26.3804 -31.0856 -11.2
v -21.1004 -31.1576 -11.2
v -26.3831 -31.2779 -10.4822
v -21.1031 -31.3499 -10.4822
v -26.3902 -31.8033 -9.9567
v -21.1102 -31.8753 -9.9567
f 11785 11787 11788 11786
f 11787 11789 11790 11788
f 11789 11791 11792 11790
f 11791 11793 11794 11792
f 11793 11795 11796 11794
f 11795 11797 11798 11796
f 11797 11799 11800 11798
f 11799 11801 11802 11800
f 11801 11803 11804 11802
f 11803 11805 11806 11804
f 11805 11807 11808 11806
f 11807 11785 11786 11808
f 11807 11805 11803 11801 11799 11797 11795 11793 11791 11789 11787 11785
f 11786 11788 11790 11792 11794 11796 11798 11800 11802 11804 11806 11808
v -21.12 -32.593 -9.7644
v -15.84 -32.6733 -9.7644
v -21.1309 -33.3108 -9.9567
v -15.8509 -33.3911 -9.9567
v -21.1389 -33.8362 -10.4822
v -15.8589 -33.9165 -10.4822
v -21.1418 -34.0285 -11.2
v -15.8618 -34.1088 -11.2
v -21.1389 -33.8362 -11.9178
v -15.8589 -33.9165 -11.9178
v -21.1309 -33.3108 -12.4433
v -15.8509 -33.3911 -12.4433
v -21.12 -32.593 -12.6356
v -15.84 -32.6733 -12.6356
v -21.1091 -31.8753 -12.4433
v -15.8291 -31.9556 -12.4433
v -21.1011 -31.3499 -11.9178
v -15.8211 -31.4302 -11.9178
v -21.0982 -31.1576 -11.2
v -15.8182 -31.2379 -11.2
v -21.1011 -31.3499 -10.4822
v -15.8211 -31.4302 -10.4822
v -21.1091 -31.8753 -9.9567
v -15.8291 -31.9556 -9.9567
f 11809 11811 11812 11810
f 11811 11813 11814 11812
f 11813 11815 11816 11814
f 11815 11817 11818 11816
f 11817 11819 11820 11818
f 11819 11821 11822 11820
f 11821 11823 11824 11822
f 11823 11825 11826 11824
f 11825 11827 11828 11826
f 11827 11829 11830 11828
f 11829 11831 11832 11830
f 11831 11809 11810 11832
f 11831 11829 11827 11825 11823 11821 11819 11817 11815 11813 11811 11809
f 11810 11812 11814 11816 11818 11820 11822 11824 11826 11828 11830 11832
v -15.84 -32.6733 -9.7644
v -10.56 -32.7457 -9.7644
v -15.8498 -33.3911 -9.9567
v -10.5698 -33.4634 -9.9567
v -15.857 -33.9165 -10.4822
v -10.577 -33.9888 -10.4822
v -15.8597 -34.1088 -11.2
v -10.5797 -34.1811 -11.2
v -15.857 -33.9165 -11.9178
v -10.577 -33.9888 -11.9178
v -15.8498 -33.3911 -12.4433
v -10.5698 -33.4634 -12.4433
v -15.84 -32.6733 -12.6356
v -10.56 -32.7457 -12.6356
v -15.8302 -31.9556 -12.4433
v -10.5502 -32.0279 -12.4433
v -15.823 -31.4302 -11.9178
v -10.543 -31.5025 -11.9178
v -15.8203 -31.2379 -11.2
v -10.5403 -31.3102 -11.2
v -15.823 -31.4302 -10.4822
v -10.543 -31.5025 -10.4822
v -15.8302 -31.9556 -9.9567
v -10.5502 -32.0279 -9.9567
f 11833 11835 11836 11834
f 11835 11837 11838 11836
f 11837 11839 11840 11838
f 11839 11841 11842 11840
f 11841 11843 11844 11842
f 11843 11845 11846 11844
f 11845 11847 11848 11846
f 11847 11849 11850 11848
f 11849 11851 11852 11850
f 11851 11853 11854 11852
f 11853 11855 11856 11854
f 11855 11833 11834 11856
f 11855 11853 11851 11849 11847 11845 11843 11841 11839 11837 11835 11833
f 11834 11836 11838 11840 11842 11844 11846 11848 11850 11852 11854 11856
v -10.56 -32.7457 -9.7644
v -5.28 -32.8309 -9.7644
v -10.5716 -33.4634 -9.9567
v -5.2916 -33.5486 -9.9567
v -10.5801 -33.9888 -10.4822
v -5.3001 -34.074 -10.4822
v -10.5832 -34.1811 -11.2
v -5.3032 -34.2663 -11.2
v -10.5801 -33.9888 -11.9178
v -5.3001 -34.074 -11.9178
v -10.5716 -33.4634 -12.4433
v -5.2916 -33.5486 -12.4433
v -10.56 -32.7457 -12.6356
v -5.28 -32.8309 -12.6356
v -10.5484 -32.028 -12.4433
v -5.2684 -32.1132 -12.4433
v -10.5399 -31.5026 -11.9178
v -5.2599 -31.5878 -11.9178
v -10.5368 -31.3103 -11.2
v -5.2568 -31.3955 -11.2
v -10.5399 -31.5026 -10.4822
v -5.2599 -31.5878 -10.4822
v -10.5484 -32.028 -9.9567
v -5.2684 -32.1132 -9.9567
f 11857 11859 11860 11858
f 11859 11861 11862 11860
f 11861 11863 11864 11862
f 11863 11865 11866 11864
f 11865 11867 11868 11866
f 11867 11869 11870 11868
f 11869 11871 11872 11870
f 11871 11873 11874 11872
f 11873 11875 11876 11874
f 11875 11877 11878 11876
f 11877 11879 11880 11878
f 11879 11857 11858 11880
f 11879 11877 11875 11873 11871 11869 11867 11865 11863 11861 11859 11857
f 11858 11860 11862 11864 11866 11868 11870 11872 11874 11876 11878 11880
v -5.28 -32.8309 -9.7644
v 0 -32.9282 -9.7644
v -5.2932 -33.5486 -9.9567
v -0.0132 -33.6459 -9.9567
v -5.3029 -34.074 -10.4822
v -0.0229 -34.1713 -10.4822
v -5.3065 -34.2663 -11.2
v -0.0265 -34.3636 -11.2
v -5.3029 -34.074 -11.9178
v -0.0229 -34.1713 -11.9178
v -5.2932 -33.5486 -12.4433
v -0.0132 -33.6459 -12.4433
v -5.28 -32.8309 -12.6356
v 0 -32.9282 -12.6356
v -5.2668 -32.1132 -12.4433
v 0.0132 -32.2106 -12.4433
v -5.2571 -31.5878 -11.9178
v 0.0229 -31.6852 -11.9178
v -5.2535 -31.3955 -11.2
v 0.0265 -31.4929 -11.2
v -5.2571 -31.5878 -10.4822
v 0.0229 -31.6852 -10.4822
v -5.2668 -32.1132 -9.9567
v 0.0132 -32.2106 -9.9567
f 11881 11883 11884 11882
f 11883 11885 11886 11884
f 11885 11887 11888 11886
f 11887 11889 11890 11888
f 11889 11891 11892 11890
f 11891 11893 11894 11892
f 11893 11895 11896 11894
f 11895 11897 11898 11896
f 11897 11899 11900 11898
f 11899 11901 11902 11900
f 11901 11903 11904 11902
f 11903 11881 11882 11904
f 11903 11901 11899 11897 11895 11893 11891 11889 11887 11885 11883 11881
f 11882 11884 11886 11888 11890 11892 11894 11896 11898 11900 11902 11904
v 0 -32.9282 -9.7644
v 5.28 -33.0891 -9.7644
v -0.0219 -33.6457 -9.9567
v 5.2581 -33.8065 -9.9567
v -0.0379 -34.1709 -10.4822
v 5.2421 -34.3317 -10.4822
v -0.0437 -34.3632 -11.2
v 5.2363 -34.524 -11.2
v -0.0379 -34.1709 -11.9178
v 5.2421 -34.3317 -11.9178
v -0.0219 -33.6457 -12.4433
v 5.2581 -33.8065 -12.4433
v 0 -32.9282 -12.6356
v 5.28 -33.0891 -12.6356
v 0.0219 -32.2108 -12.4433
v 5.3019 -32.3716 -12.4433
v 0.0379 -31.6855 -11.9178
v 5.3179 -31.8464 -11.9178
v 0.0437 -31.4933 -11.2
v 5.3237 -31.6541 -11.2
v 0.0379 -31.6855 -10.4822
v 5.3179 -31.8464 -10.4822
v 0.0219 -32.2108 -9.9567
v 5.3019 -32.3716 -9.9567
f 11905 11907 11908 11906
f 11907 11909 11910 11908
f 11909 11911 11912 11910
f 11911 11913 11914 11912
f 11913 11915 11916 11914
f 11915 11917 11918 11916
f 11917 11919 11920 11918
f 11919 11921 11922 11920
f 11921 11923 11924 11922
f 11923 11925 11926 11924
f 11925 11927 11928 11926
f 11927 11905 11906 11928
f 11927 11925 11923 11921 11919 11917 11915 11913 11911 11909 11907 11905
f 11906 11908 11910 11912 11914 11916 11918 11920 11922 11924 11926 11928
v 5.28 -33.0891 -9.7644
v 10.56 -33.2814 -9.7644
v 5.2539 -33.8064 -9.9567
v 10.5339 -33.9988 -9.9567
v 5.2347 -34.3315 -10.4822
v 10.5147 -34.5239 -10.4822
v 5.2277 -34.5237 -11.2
v 10.5077 -34.7161 -11.2
v 5.2347 -34.3315 -11.9178
v 10.5147 -34.5239 -11.9178
v 5.2539 -33.8064 -12.4433
v 10.5339 -33.9988 -12.4433
v 5.28 -33.0891 -12.6356
v 10.56 -33.2814 -12.6356
v 5.3061 -32.3717 -12.4433
v 10.5861 -32.5641 -12.4433
v 5.3253 -31.8466 -11.9178
v 10.6053 -32.039 -11.9178
v 5.3323 -31.6544 -11.2
v 10.6123 -31.8468 -11.2
v 5.3253 -31.8466 -10.4822
v 10.6053 -32.039 -10.4822
v 5.3061 -32.3717 -9.9567
v 10.5861 -32.5641 -9.9567
f 11929 11931 11932 11930
f 11931 11933 11934 11932
f 11933 11935 11936 11934
f 11935 11937 11938 11936
f 11937 11939 11940 11938
f 11939 11941 11942 11940
f 11941 11943 11944 11942
f 11943 11945 11946 11944
f 11945 11947 11948 11946
f 11947 11949 11950 11948
f 11949 11951 11952 11950
f 11951 11929 11930 11952
f 11951 11949 11947 11945 11943 11941 11939 11937 11935 11933 11931 11929
f 11930 11932 11934 11936 11938 11940 11942 11944 11946 11948 11950 11952
v 10.56 -33.2814 -9.7644
v 15.84 -33.5073 -9.7644
v 10.5293 -33.9986 -9.9567
v 15.8093 -34.2245 -9.9567
v 10.5069 -34.5236 -10.4822
v 15.7869 -34.7495 -10.4822
v 10.4986 -34.7157 -11.2
v 15.7786 -34.9416 -11.2
v 10.5069 -34.5236 -11.9178
v 15.7869 -34.7495 -11.9178
v 10.5293 -33.9986 -12.4433
v 15.8093 -34.2245 -12.4433
v 10.56 -33.2814 -12.6356
v 15.84 -33.5073 -12.6356
v 10.5907 -32.5643 -12.4433
v 15.8707 -32.7902 -12.4433
v 10.6131 -32.0393 -11.9178
v 15.8931 -32.2652 -11.9178
v 10.6214 -31.8471 -11.2
v 15.9014 -32.073 -11.2
v 10.6131 -32.0393 -10.4822
v 15.8931 -32.2652 -10.4822
v 10.5907 -32.5643 -9.9567
v 15.8707 -32.7902 -9.9567
f 11953 11955 11956 11954
f 11955 11957 11958 11956
f 11957 11959 11960 11958
f 11959 11961 11962 11960
f 11961 11963 11964 11962
f 11963 11965 11966 11964
f 11965 11967 11968 11966
f 11967 11969 11970 11968
f 11969 11971 11972 11970
f 11971 11973 11974 11972
f 11973 11975 11976 11974
f 11975 11953 11954 11976
f 11975 11973 11971 11969 11967 11965 11963 11961 11959 11957 11955 11953
f 11954 11956 11958 11960 11962 11964 11966 11968 11970 11972 11974 11976
v 15.84 -33.5073 -9.7644
v 21.12 -33.7932 -9.7644
v 15.8012 -34.2241 -9.9567
v 21.0812 -34.5099 -9.9567
v 15.7728 -34.7488 -10.4822
v 21.0528 -35.0346 -10.4822
v 15.7624 -34.9408 -11.2
v 21.0424 -35.2267 -11.2
v 15.7728 -34.7488 -11.9178
v 21.0528 -35.0346 -11.9178
v 15.8012 -34.2241 -12.4433
v 21.0812 -34.5099 -12.4433
v 15.84 -33.5073 -12.6356
v 21.12 -33.7932 -12.6356
v 15.8788 -32.7906 -12.4433
v 21.1588 -33.0764 -12.4433
v 15.9072 -32.2659 -11.9178
v 21.1872 -32.5517 -11.9178
v 15.9176 -32.0738 -11.2
v 21.1976 -32.3597 -11.2
v 15.9072 -32.2659 -10.4822
v 21.1872 -32.5517 -10.4822
v 15.8788 -32.7906 -9.9567
v 21.1588 -33.0764 -9.9567
f 11977 11979 11980 11978
f 11979 11981 11982 11980
f 11981 11983 11984 11982
f 11983 11985 11986 11984
f 11985 11987 11988 11986
f 11987 11989 11990 11988
f 11989 11991 11992 11990
f 11991 11993 11994 11992
f 11993 11995 11996 11994
f 11995 11997 11998 11996
f 11997 11999 12000 11998
f 11999 11977 11978 12000
f 11999 11997 11995 11993 11991 11989 11987 11985 11983 11981 11979 11977
f 11978 11980 11982 11984 11986 11988 11990 11992 11994 11996 11998 12000
v 21.12 -33.7932 -9.7644
v 26.4 -34.1046 -9.7644
v 21.0777 -34.5097 -9.9567
v 26.3577 -34.8211 -9.9567
v 21.0468 -35.0343 -10.4822
v 26.3268 -35.3457 -10.4822
v 21.0355 -35.2263 -11.2
v 26.3155 -35.5377 -11.2
v 21.0468 -35.0343 -11.9178
v 26.3268 -35.3457 -11.9178
v 21.0777 -34.5097 -12.4433
v 26.3577 -34.8211 -12.4433
v 21.12 -33.7932 -12.6356
v 26.4 -34.1046 -12.6356
v 21.1623 -33.0766 -12.4433
v 26.4423 -33.388 -12.4433
v 21.1932 -32.5521 -11.9178
v 26.4732 -32.8635 -11.9178
v 21.2045 -32.3601 -11.2
v 26.4845 -32.6715 -11.2
v 21.1932 -32.5521 -10.4822
v 26.4732 -32.8635 -10.4822
v 21.1623 -33.0766 -9.9567
v 26.4423 -33.388 -9.9567
f 12001 12003 12004 12002
f 12003 12005 12006 12004
f 12005 12007 12008 12006
f 12007 12009 12010 12008
f 12009 12011 12012 12010
f 12011 12013 12014 12012
f 12013 12015 12016 12014
f 12015 12017 12018 12016
f 12017 12019 12020 12018
f 12019 12021 12022 12020
f 12021 12023 12024 12022
f 12023 12001 12002 12024
f 12023 12021 12019 12017 12015 12013 12011 12009 12007 12005 12003 12001
f 12002 12004 12006 12008 12010 12012 12014 12016 12018 12020 12022 12024
o Edge_33
v 24.9644 -34.1046 -11.2
v 24.9644 -34.0203 -6.4
v 25.1567 -34.8223 -11.1874
v 25.1567 -34.738 -6.3874
v 25.6822 -35.3477 -11.1782
v 25.6822 -35.2634 -6.3782
v 26.4 -35.54 -11.1748
v 26.4 -35.4557 -6.3748
v 27.1178 -35.3477 -11.1782
v 27.1178 -35.2634 -6.3782
v 27.6433 -34.8223 -11.1874
v 27.6433 -34.738 -6.3874
v 27.8356 -34.1046 -11.2
v 27.8356 -34.0203 -6.4
v 27.6433 -33.3869 -11.2126
v 27.6433 -33.3026 -6.4126
v 27.1178 -32.8615 -11.2218
v 27.1178 -32.7773 -6.4218
v 26.4 -32.6692 -11.2252
v 26.4 -32.585 -6.4252
v 25.6822 -32.8615 -11.2218
v 25.6822 -32.7773 -6.4218
v 25.1567 -33.3869 -11.2126
v 25.1567 -33.3026 -6.4126
f 12025 12027 12028 12026
f 12027 12029 12030 12028
f 12029 12031 12032 12030
f 12031 12033 12034 12032
f 12033 12035 12036 12034
f 12035 12037 12038 12036
f 12037 12039 12040 12038
f 12039 12041 12042 12040
f 12041 12043 12044 12042
f 12043 12045 12046 12044
f 12045 12047 12048 12046
f 12047 12025 12026 12048
f 12047 12045 12043 12041 12039 12037 12035 12033 12031 12029 12027 12025
f 12026 12028 12030 12032 12034 12036 12038 12040 12042 12044 12046 12048
v 24.9644 -34.0203 -6.4
v 24.9644 -33.9612 -1.6
v 25.1567 -34.7381 -6.3912
v 25.1567 -34.6789 -1.5912
v 25.6822 -35.2635 -6.3847
v 25.6822 -35.2043 -1.5847
v 26.4 -35.4558 -6.3823
v 26.4 -35.3967 -1.5823
v 27.1178 -35.2635 -6.3847
v 27.1178 -35.2043 -1.5847
v 27.6433 -34.7381 -6.3912
v 27.6433 -34.6789 -1.5912
v 27.8356 -34.0203 -6.4
v 27.8356 -33.9612 -1.6
v 27.6433 -33.3026 -6.4088
v 27.6433 -33.2434 -1.6088
v 27.1178 -32.7772 -6.4153
v 27.1178 -32.718 -1.6153
v 26.4 -32.5848 -6.4177
v 26.4 -32.5257 -1.6177
v 25.6822 -32.7772 -6.4153
v 25.6822 -32.718 -1.6153
v 25.1567 -33.3026 -6.4088
v 25.1567 -33.2434 -1.6088
f 12049 12051 12052 12050
f 12051 12053 12054 12052
f 12053 12055 12056 12054
f 12055 12057 12058 12056
f 12057 12059 12060 12058
f 12059 12061 12062 12060
f 12061 12063 12064 12062
f 12063 12065 12066 12064
f 12065 12067 12068 12066
f 12067 12069 12070 12068
f 12069 12071 12072 12070
f 12071 12049 12050 12072
f 12071 12069 12067 12065 12063 12061 12059 12057 12055 12053 12051 12049
f 12050 12052 12054 12056 12058 12060 12062 12064 12066 12068 12070 12072
o Edge_34
v -103.36 -45.1135 -49.7644
v -97.9271 -44.9713 -49.7644
v -103.3412 -45.8311 -49.9567
v -97.9083 -45.6889 -49.9567
v -103.3275 -46.3564 -50.4822
v -97.8945 -46.2141 -50.4822
v -103.3224 -46.5486 -51.2
v -97.8895 -46.4064 -51.2
v -103.3275 -46.3564 -51.9178
v -97.8945 -46.2141 -51.9178
v -103.3412 -45.8311 -52.4433
v -97.9083 -45.6889 -52.4433
v -103.36 -45.1135 -52.6356
v -97.9271 -44.9713 -52.6356
v -103.3788 -44.396 -52.4433
v -97.9458 -44.2537 -52.4433
v -103.3925 -43.8707 -51.9178
v -97.9596 -43.7285 -51.9178
v -103.3976 -43.6784 -51.2
v -97.9646 -43.5362 -51.2
v -103.3925 -43.8707 -50.4822
v -97.9596 -43.7285 -50.4822
v -103.3788 -44.396 -49.9567
v -97.9458 -44.2537 -49.9567
f 12073 12075 12076 12074
f 12075 12077 12078 12076
f 12077 12079 12080 12078
f 12079 12081 12082 12080
f 12081 12083 12084 12082
f 12083 12085 12086 12084
f 12085 12087 12088 12086
f 12087 12089 12090 12088
f 12089 12091 12092 12090
f 12091 12093 12094 12092
f 12093 12095 12096 12094
f 12095 12073 12074 12096
f 12095 12093 12091 12089 12087 12085 12083 12081 12079 12077 12075 12073
f 12074 12076 12078 12080 12082 12084 12086 12088 12090 12092 12094 12096
v -97.9271 -44.9713 -49.7644
v -92.4941 -44.8038 -49.7644
v -97.9049 -45.6888 -49.9567
v -92.472 -45.5212 -49.9567
v -97.8887 -46.214 -50.4822
v -92.4558 -46.0464 -50.4822
v -97.8828 -46.4062 -51.2
v -92.4499 -46.2387 -51.2
v -97.8887 -46.214 -51.9178
v -92.4558 -46.0464 -51.9178
v -97.9049 -45.6888 -52.4433
v -92.472 -45.5212 -52.4433
v -97.9271 -44.9713 -52.6356
v -92.4941 -44.8038 -52.6356
v -97.9492 -44.2538 -52.4433
v -92.5162 -44.0863 -52.4433
v -97.9654 -43.7286 -51.9178
v -92.5324 -43.5611 -51.9178
v -97.9713 -43.5364 -51.2
v -92.5384 -43.3688 -51.2
v -97.9654 -43.7286 -50.4822
v -92.5324 -43.5611 -50.4822
v -97.9492 -44.2538 -49.9567
v -92.5162 -44.0863 -49.9567
f 12097 12099 12100 12098
f 12099 12101 12102 12100
f 12101 12103 12104 12102
f 12103 12105 12106 12104
f 12105 12107 12108 12106
f 12107 12109 12110 12108
f 12109 12111 12112 12110
f 12111 12113 12114 12112
f 12113 12115 12116 12114
f 12115 12117 12118 12116
f 12117 12119 12120 12118
f 12119 12097 12098 12120
f 12119 12117 12115 12113 12111 12109 12107 12105 12103 12101 12099 12097
f 12098 12100 12102 12104 12106 12108 12110 12112 12114 12116 12118 12120
v -92.4941 -44.8038 -49.7644
v -87.0612 -44.6175 -49.7644
v -92.4695 -45.5211 -49.9567
v -87.0366 -45.3348 -49.9567
v -92.4515 -46.0463 -50.4822
v -87.0186 -45.86 -50.4822
v -92.4449 -46.2385 -51.2
v -87.012 -46.0522 -51.2
v -92.4515 -46.0463 -51.9178
v -87.0186 -45.86 -51.9178
v -92.4695 -45.5211 -52.4433
v -87.0366 -45.3348 -52.4433
v -92.4941 -44.8038 -52.6356
v -87.0612 -44.6175 -52.6356
v -92.5187 -44.0864 -52.4433
v -87.0858 -43.9001 -52.4433
v -92.5367 -43.5612 -51.9178
v -87.1038 -43.3749 -51.9178
v -92.5433 -43.369 -51.2
v -87.1104 -43.1827 -51.2
v -92.5367 -43.5612 -50.4822
v -87.1038 -43.3749 -50.4822
v -92.5187 -44.0864 -49.9567
v -87.0858 -43.9001 -49.9567
f 12121 12123 12124 12122
f 12123 12125 12126 12124
f 12125 12127 12128 12126
f 12127 12129 12130 12128
f 12129 12131 12132 12130
f 12131 12133 12134 12132
f 12133 12135 12136 12134
f 12135 12137 12138 12136
f 12137 12139 12140 12138
f 12139 12141 12142 12140
f 12141 12143 12144 12142
f 12143 12121 12122 12144
f 12143 12141 12139 12137 12135 12133 12131 12129 12127 12125 12123 12121
f 12122 12124 12126 12128 12130 12132 12134 12136 12138 12140 12142 12144
v -87.0612 -44.6175 -49.7644
v -81.6282 -43.3449 -49.7644
v -86.8975 -45.3164 -49.9567
v -81.4645 -44.0438 -49.9567
v -86.7776 -45.828 -50.4822
v -81.3447 -44.5554 -50.4822
v -86.7338 -46.0152 -51.2
v -81.3008 -44.7427 -51.2
v -86.7776 -45.828 -51.9178
v -81.3447 -44.5554 -51.9178
v -86.8975 -45.3164 -52.4433
v -81.4645 -44.0438 -52.4433
v -87.0612 -44.6175 -52.6356
v -81.6282 -43.3449 -52.6356
v -87.2249 -43.9186 -52.4433
v -81.7919 -42.646 -52.4433
v -87.3447 -43.407 -51.9178
v -81.9118 -42.1344 -51.9178
v -87.3886 -43.2197 -51.2
v -81.9556 -41.9472 -51.2
v -87.3447 -43.407 -50.4822
v -81.9118 -42.1344 -50.4822
v -87.2249 -43.9186 -49.9567
v -81.7919 -42.646 -49.9567
f 12145 12147 12148 12146
f 12147 12149 12150 12148
f 12149 12151 12152 12150
f 12151 12153 12154 12152
f 12153 12155 12156 12154
f 12155 12157 12158 12156
f 12157 12159 12160 12158
f 12159 12161 12162 12160
f 12161 12163 12164 12162
f 12163 12165 12166 12164
f 12165 12167 12168 12166
f 12167 12145 12146 12168
f 12167 12165 12163 12161 12159 12157 12155 12153 12151 12149 12147 12145
f 12146 12148 12150 12152 12154 12156 12158 12160 12162 12164 12166 12168
v -81.6282 -43.3449 -49.7644
v -76.1953 -42.0724 -49.7644
v -81.4645 -44.0438 -49.9567
v -76.0316 -42.7713 -49.9567
v -81.3447 -44.5554 -50.4822
v -75.9118 -43.2829 -50.4822
v -81.3008 -44.7427 -51.2
v -75.8679 -43.4701 -51.2
v -81.3447 -44.5554 -51.9178
v -75.9118 -43.2829 -51.9178
v -81.4645 -44.0438 -52.4433
v -76.0316 -42.7713 -52.4433
v -81.6282 -43.3449 -52.6356
v -76.1953 -42.0724 -52.6356
v -81.7919 -42.646 -52.4433
v -76.359 -41.3735 -52.4433
v -81.9118 -42.1344 -51.9178
v -76.4788 -40.8619 -51.9178
v -81.9556 -41.9472 -51.2
v -76.5227 -40.6746 -51.2
v -81.9118 -42.1344 -50.4822
v -76.4788 -40.8619 -50.4822
v -81.7919 -42.646 -49.9567
v -76.359 -41.3735 -49.9567
f 12169 12171 12172 12170
f 12171 12173 12174 12172
f 12173 12175 12176 12174
f 12175 12177 12178 12176
f 12177 12179 12180 12178
f 12179 12181 12182 12180
f 12181 12183 12184 12182
f 12183 12185 12186 12184
f 12185 12187 12188 12186
f 12187 12189 12190 12188
f 12189 12191 12192 12190
f 12191 12169 12170 12192
f 12191 12189 12187 12185 12183 12181 12179 12177 12175 12173 12171 12169
f 12170 12172 12174 12176 12178 12180 12182 12184 12186 12188 12190 12192
v -76.1953 -42.0724 -49.7644
v -70.7624 -41.8005 -49.7644
v -76.1594 -42.7893 -49.9567
v -70.7265 -42.5174 -49.9567
v -76.1332 -43.3141 -50.4822
v -70.7002 -43.0422 -50.4822
v -76.1235 -43.5062 -51.2
v -70.6906 -43.2343 -51.2
v -76.1332 -43.3141 -51.9178
v -70.7002 -43.0422 -51.9178
v -76.1594 -42.7893 -52.4433
v -70.7265 -42.5174 -52.4433
v -76.1953 -42.0724 -52.6356
v -70.7624 -41.8005 -52.6356
v -76.2312 -41.3555 -52.4433
v -70.7982 -41.0836 -52.4433
v -76.2574 -40.8307 -51.9178
v -70.8245 -40.5588 -51.9178
v -76.2671 -40.6386 -51.2
v -70.8341 -40.3667 -51.2
v -76.2574 -40.8307 -50.4822
v -70.8245 -40.5588 -50.4822
v -76.2312 -41.3555 -49.9567
v -70.7982 -41.0836 -49.9567
f 12193 12195 12196 12194
f 12195 12197 12198 12196
f 12197 12199 12200 12198
f 12199 12201 12202 12200
f 12201 12203 12204 12202
f 12203 12205 12206 12204
f 12205 12207 12208 12206
f 12207 12209 12210 12208
f 12209 12211 12212 12210
f 12211 12213 12214 12212
f 12213 12215 12216 12214
f 12215 12193 12194 12216
f 12215 12213 12211 12209 12207 12205 12203 12201 12199 12197 12195 12193
f 12194 12196 12198 12200 12202 12204 12206 12208 12210 12212 12214 12216
v -70.7624 -41.8005 -49.7644
v -65.3294 -41.4848 -49.7644
v -70.7207 -42.5171 -49.9567
v -65.2878 -42.2014 -49.9567
v -70.6902 -43.0417 -50.4822
v -65.2573 -42.726 -50.4822
v -70.6791 -43.2337 -51.2
v -65.2461 -42.918 -51.2
v -70.6902 -43.0417 -51.9178
v -65.2573 -42.726 -51.9178
v -70.7207 -42.5171 -52.4433
v -65.2878 -42.2014 -52.4433
v -70.7624 -41.8005 -52.6356
v -65.3294 -41.4848 -52.6356
v -70.804 -41.0839 -52.4433
v -65.371 -40.7682 -52.4433
v -70.8345 -40.5593 -51.9178
v -65.4015 -40.2437 -51.9178
v -70.8456 -40.3673 -51.2
v -65.4127 -40.0516 -51.2
v -70.8345 -40.5593 -50.4822
v -65.4015 -40.2437 -50.4822
v -70.804 -41.0839 -49.9567
v -65.371 -40.7682 -49.9567
f 12217 12219 12220 12218
f 12219 12221 12222 12220
f 12221 12223 12224 12222
f 12223 12225 12226 12224
f 12225 12227 12228 12226
f 12227 12229 12230 12228
f 12229 12231 12232 12230
f 12231 12233 12234 12232
f 12233 12235 12236 12234
f 12235 12237 12238 12236
f 12237 12239 12240 12238
f 12239 12217 12218 12240
f 12239 12237 12235 12233 12231 12229 12227 12225 12223 12221 12219 12217
f 12218 12220 12222 12224 12226 12228 12230 12232 12234 12236 12238 12240
v -65.3294 -41.4848 -49.7644
v -59.8965 -41.1372 -49.7644
v -65.2836 -42.2012 -49.9567
v -59.8506 -41.8535 -49.9567
v -65.25 -42.7256 -50.4822
v -59.8171 -42.3779 -50.4822
v -65.2377 -42.9175 -51.2
v -59.8048 -42.5698 -51.2
v -65.25 -42.7256 -51.9178
v -59.8171 -42.3779 -51.9178
v -65.2836 -42.2012 -52.4433
v -59.8506 -41.8535 -52.4433
v -65.3294 -41.4848 -52.6356
v -59.8965 -41.1372 -52.6356
v -65.3753 -40.7685 -52.4433
v -59.9423 -40.4208 -52.4433
v -65.4088 -40.2441 -51.9178
v -59.9759 -39.8964 -51.9178
v -65.4211 -40.0522 -51.2
v -59.9882 -39.7045 -51.2
v -65.4088 -40.2441 -50.4822
v -59.9759 -39.8964 -50.4822
v -65.3753 -40.7685 -49.9567
v -59.9423 -40.4208 -49.9567
f 12241 12243 12244 12242
f 12243 12245 12246 12244
f 12245 12247 12248 12246
f 12247 12249 12250 12248
f 12249 12251 12252 12250
f 12251 12253 12254 12252
f 12253 12255 12256 12254
f 12255 12257 12258 12256
f 12257 12259 12260 12258
f 12259 12261 12262 12260
f 12261 12263 12264 12262
f 12263 12241 12242 12264
f 12263 12261 12259 12257 12255 12253 12251 12249 12247 12245 12243 12241
f 12242 12244 12246 12248 12250 12252 12254 12256 12258 12260 12262 12264
v -59.8965 -41.1372 -49.7644
v -54.4635 -40.7687 -49.7644
v -59.8479 -41.8533 -49.9567
v -54.415 -41.4848 -49.9567
v -59.8123 -42.3776 -50.4822
v -54.3794 -42.0091 -50.4822
v -59.7993 -42.5695 -51.2
v -54.3664 -42.201 -51.2
v -59.8123 -42.3776 -51.9178
v -54.3794 -42.0091 -51.9178
v -59.8479 -41.8533 -52.4433
v -54.415 -41.4848 -52.4433
v -59.8965 -41.1372 -52.6356
v -54.4635 -40.7687 -52.6356
v -59.945 -40.421 -52.4433
v -54.5121 -40.0525 -52.4433
v -59.9806 -39.8967 -51.9178
v -54.5477 -39.5282 -51.9178
v -59.9936 -39.7048 -51.2
v -54.5607 -39.3364 -51.2
v -59.9806 -39.8967 -50.4822
v -54.5477 -39.5282 -50.4822
v -59.945 -40.421 -49.9567
v -54.5121 -40.0525 -49.9567
f 12265 12267 12268 12266
f 12267 12269 12270 12268
f 12269 12271 12272 12270
f 12271 12273 12274 12272
f 12273 12275 12276 12274
f 12275 12277 12278 12276
f 12277 12279 12280 12278
f 12279 12281 12282 12280
f 12281 12283 12284 12282
f 12283 12285 12286 12284
f 12285 12287 12288 12286
f 12287 12265 12266 12288
f 12287 12285 12283 12281 12279 12277 12275 12273 12271 12269 12267 12265
f 12266 12268 12270 12272 12274 12276 12278 12280 12282 12284 12286 12288
v -54.4635 -40.7687 -49.7644
v -49.0306 -40.3737 -49.7644
v -54.4115 -41.4846 -49.9567
v -48.9785 -41.0897 -49.9567
v -54.3734 -42.0087 -50.4822
v -48.9405 -41.6137 -50.4822
v -54.3595 -42.2005 -51.2
v -48.9265 -41.8056 -51.2
v -54.3734 -42.0087 -51.9178
v -48.9405 -41.6137 -51.9178
v -54.4115 -41.4846 -52.4433
v -48.9785 -41.0897 -52.4433
v -54.4635 -40.7687 -52.6356
v -49.0306 -40.3737 -52.6356
v -54.5156 -40.0528 -52.4433
v -49.0826 -39.6578 -52.4433
v -54.5537 -39.5287 -51.9178
v -49.1207 -39.1338 -51.9178
v -54.5676 -39.3368 -51.2
v -49.1347 -38.9419 -51.2
v -54.5537 -39.5287 -50.4822
v -49.1207 -39.1338 -50.4822
v -54.5156 -40.0528 -49.9567
v -49.0826 -39.6578 -49.9567
f 12289 12291 12292 12290
f 12291 12293 12294 12292
f 12293 12295 12296 12294
f 12295 12297 12298 12296
f 12297 12299 12300 12298
f 12299 12301 12302 12300
f 12301 12303 12304 12302
f 12303 12305 12306 12304
f 12305 12307 12308 12306
f 12307 12309 12310 12308
f 12309 12311 12312 12310
f 12311 12289 12290 12312
f 12311 12309 12307 12305 12303 12301 12299 12297 12295 12293 12291 12289
f 12290 12292 12294 12296 12298 12300 12302 12304 12306 12308 12310 12312
v -49.0306 -40.3737 -49.7644
v -43.5976 -39.9576 -49.7644
v -48.9758 -41.0895 -49.9567
v -43.5428 -40.6733 -49.9567
v -48.9356 -41.6134 -50.4822
v -43.5027 -41.1972 -50.4822
v -48.9209 -41.8052 -51.2
v -43.488 -41.389 -51.2
v -48.9356 -41.6134 -51.9178
v -43.5027 -41.1972 -51.9178
v -48.9758 -41.0895 -52.4433
v -43.5428 -40.6733 -52.4433
v -49.0306 -40.3737 -52.6356
v -43.5976 -39.9576 -52.6356
v -49.0854 -39.658 -52.4433
v -43.6525 -39.2419 -52.4433
v -49.1255 -39.1341 -51.9178
v -43.6926 -38.7179 -51.9178
v -49.1402 -38.9423 -51.2
v -43.7073 -38.5262 -51.2
v -49.1255 -39.1341 -50.4822
v -43.6926 -38.7179 -50.4822
v -49.0854 -39.658 -49.9567
v -43.6525 -39.2419 -49.9567
f 12313 12315 12316 12314
f 12315 12317 12318 12316
f 12317 12319 12320 12318
f 12319 12321 12322 12320
f 12321 12323 12324 12322
f 12323 12325 12326 12324
f 12325 12327 12328 12326
f 12327 12329 12330 12328
f 12329 12331 12332 12330
f 12331 12333 12334 12332
f 12333 12335 12336 12334
f 12335 12313 12314 12336
f 12335 12333 12331 12329 12327 12325 12323 12321 12319 12317 12315 12313
f 12314 12316 12318 12320 12322 12324 12326 12328 12330 12332 12334 12336
v -43.5976 -39.9576 -49.7644
v -38.1647 -39.5326 -49.7644
v -43.5417 -40.6732 -49.9567
v -38.1087 -40.2482 -49.9567
v -43.5007 -41.197 -50.4822
v -38.0677 -40.7721 -50.4822
v -43.4857 -41.3888 -51.2
v -38.0527 -40.9638 -51.2
v -43.5007 -41.197 -51.9178
v -38.0677 -40.7721 -51.9178
v -43.5417 -40.6732 -52.4433
v -38.1087 -40.2482 -52.4433
v -43.5976 -39.9576 -52.6356
v -38.1647 -39.5326 -52.6356
v -43.6536 -39.2419 -52.4433
v -38.2207 -38.817 -52.4433
v -43.6946 -38.7181 -51.9178
v -38.2617 -38.2931 -51.9178
v -43.7096 -38.5263 -51.2
v -38.2767 -38.1013 -51.2
v -43.6946 -38.7181 -50.4822
v -38.2617 -38.2931 -50.4822
v -43.6536 -39.2419 -49.9567
v -38.2207 -38.817 -49.9567
f 12337 12339 12340 12338
f 12339 12341 12342 12340
f 12341 12343 12344 12342
f 12343 12345 12346 12344
f 12345 12347 12348 12346
f 12347 12349 12350 12348
f 12349 12351 12352 12350
f 12351 12353 12354 12352
f 12353 12355 12356 12354
f 12355 12357 12358 12356
f 12357 12359 12360 12358
f 12359 12337 12338 12360
f 12359 12357 12355 12353 12351 12349 12347 12345 12343 12341 12339 12337
f 12338 12340 12342 12344 12346 12348 12350 12352 12354 12356 12358 12360
v -38.1647 -39.5326 -49.7644
v -32.7318 -39.1001 -49.7644
v -38.1077 -40.2481 -49.9567
v -32.6748 -39.8156 -49.9567
v -38.066 -40.7719 -50.4822
v -32.6331 -40.3394 -50.4822
v -38.0508 -40.9636 -51.2
v -32.6178 -40.5311 -51.2
v -38.066 -40.7719 -51.9178
v -32.6331 -40.3394 -51.9178
v -38.1077 -40.2481 -52.4433
v -32.6748 -39.8156 -52.4433
v -38.1647 -39.5326 -52.6356
v -32.7318 -39.1001 -52.6356
v -38.2217 -38.817 -52.4433
v -32.7887 -38.3845 -52.4433
v -38.2634 -38.2932 -51.9178
v -32.8304 -37.8607 -51.9178
v -38.2786 -38.1015 -51.2
v -32.8457 -37.669 -51.2
v -38.2634 -38.2932 -50.4822
v -32.8304 -37.8607 -50.4822
v -38.2217 -38.817 -49.9567
v -32.7887 -38.3845 -49.9567
f 12361 12363 12364 12362
f 12363 12365 12366 12364
f 12365 12367 12368 12366
f 12367 12369 12370 12368
f 12369 12371 12372 12370
f 12371 12373 12374 12372
f 12373 12375 12376 12374
f 12375 12377 12378 12376
f 12377 12379 12380 12378
f 12379 12381 12382 12380
f 12381 12383 12384 12382
f 12383 12361 12362 12384
f 12383 12381 12379 12377 12375 12373 12371 12369 12367 12365 12363 12361
f 12362 12364 12366 12368 12370 12372 12374 12376 12378 12380 12382 12384
v -32.7318 -39.1001 -49.7644
v -27.2988 -38.6722 -49.7644
v -32.6754 -39.8157 -49.9567
v -27.2425 -39.3878 -49.9567
v -32.6341 -40.3395 -50.4822
v -27.2012 -39.9116 -50.4822
v -32.619 -40.5312 -51.2
v -27.1861 -40.1034 -51.2
v -32.6341 -40.3395 -51.9178
v -27.2012 -39.9116 -51.9178
v -32.6754 -39.8157 -52.4433
v -27.2425 -39.3878 -52.4433
v -32.7318 -39.1001 -52.6356
v -27.2988 -38.6722 -52.6356
v -32.7881 -38.3845 -52.4433
v -27.3552 -37.9566 -52.4433
v -32.8294 -37.8606 -51.9178
v -27.3964 -37.4328 -51.9178
v -32.8445 -37.6689 -51.2
v -27.4115 -37.241 -51.2
v -32.8294 -37.8606 -50.4822
v -27.3964 -37.4328 -50.4822
v -32.7881 -38.3845 -49.9567
v -27.3552 -37.9566 -49.9567
f 12385 12387 12388 12386
f 12387 12389 12390 12388
f 12389 12391 12392 12390
f 12391 12393 12394 12392
f 12393 12395 12396 12394
f 12395 12397 12398 12396
f 12397 12399 12400 12398
f 12399 12401 12402 12400
f 12401 12403 12404 12402
f 12403 12405 12406 12404
f 12405 12407 12408 12406
f 12407 12385 12386 12408
f 12407 12405 12403 12401 12399 12397 12395 12393 12391 12389 12387 12385
f 12386 12388 12390 12392 12394 12396 12398 12400 12402 12404 12406 12408
v -27.2988 -38.6722 -49.7644
v -21.8659 -38.2531 -49.7644
v -27.2436 -39.3879 -49.9567
v -21.8107 -38.9688 -49.9567
v -27.2032 -39.9118 -50.4822
v -21.7703 -39.4927 -50.4822
v -27.1884 -40.1035 -51.2
v -21.7555 -39.6845 -51.2
v -27.2032 -39.9118 -51.9178
v -21.7703 -39.4927 -51.9178
v -27.2436 -39.3879 -52.4433
v -21.8107 -38.9688 -52.4433
v -27.2988 -38.6722 -52.6356
v -21.8659 -38.2531 -52.6356
v -27.354 -37.9565 -52.4433
v -21.9211 -37.5375 -52.4433
v -27.3944 -37.4326 -51.9178
v -21.9615 -37.0136 -51.9178
v -27.4092 -37.2408 -51.2
v -21.9763 -36.8218 -51.2
v -27.3944 -37.4326 -50.4822
v -21.9615 -37.0136 -50.4822
v -27.354 -37.9565 -49.9567
v -21.9211 -37.5375 -49.9567
f 12409 12411 12412 12410
f 12411 12413 12414 12412
f 12413 12415 12416 12414
f 12415 12417 12418 12416
f 12417 12419 12420 12418
f 12419 12421 12422 12420
f 12421 12423 12424 12422
f 12423 12425 12426 12424
f 12425 12427 12428 12426
f 12427 12429 12430 12428
f 12429 12431 12432 12430
f 12431 12409 12410 12432
f 12431 12429 12427 12425 12423 12421 12419 12417 12415 12413 12411 12409
f 12410 12412 12414 12416 12418 12420 12422 12424 12426 12428 12430 12432
v -21.8659 -38.2531 -49.7644
v -16.4329 -37.8467 -49.7644
v -21.8123 -38.9689 -49.9567
v -16.3794 -38.5625 -49.9567
v -21.7731 -39.4929 -50.4822
v -16.3402 -39.0865 -50.4822
v -21.7588 -39.6847 -51.2
v -16.3258 -39.2783 -51.2
v -21.7731 -39.4929 -51.9178
v -16.3402 -39.0865 -51.9178
v -21.8123 -38.9689 -52.4433
v -16.3794 -38.5625 -52.4433
v -21.8659 -38.2531 -52.6356
v -16.4329 -37.8467 -52.6356
v -21.9194 -37.5373 -52.4433
v -16.4865 -37.1308 -52.4433
v -21.9586 -37.0133 -51.9178
v -16.5257 -36.6068 -51.9178
v -21.973 -36.8215 -51.2
v -16.5401 -36.415 -51.2
v -21.9586 -37.0133 -50.4822
v -16.5257 -36.6068 -50.4822
v -21.9194 -37.5373 -49.9567
v -16.4865 -37.1308 -49.9567
f 12433 12435 12436 12434
f 12435 12437 12438 12436
f 12437 12439 12440 12438
f 12439 12441 12442 12440
f 12441 12443 12444 12442
f 12443 12445 12446 12444
f 12445 12447 12448 12446
f 12447 12449 12450 12448
f 12449 12451 12452 12450
f 12451 12453 12454 12452
f 12453 12455 12456 12454
f 12455 12433 12434 12456
f 12455 12453 12451 12449 12447 12445 12443 12441 12439 12437 12435 12433
f 12434 12436 12438 12440 12442 12444 12446 12448 12450 12452 12454 12456
v -16.4329 -37.8467 -49.7644
v -11 -37.4697 -49.7644
v -16.3833 -38.5627 -49.9567
v -10.9503 -38.1857 -49.9567
v -16.3469 -39.0869 -50.4822
v -10.9139 -38.7099 -50.4822
v -16.3336 -39.2788 -51.2
v -10.9006 -38.9018 -51.2
v -16.3469 -39.0869 -51.9178
v -10.9139 -38.7099 -51.9178
v -16.3833 -38.5627 -52.4433
v -10.9503 -38.1857 -52.4433
v -16.4329 -37.8467 -52.6356
v -11 -37.4697 -52.6356
v -16.4826 -37.1306 -52.4433
v -11.0497 -36.7536 -52.4433
v -16.519 -36.6064 -51.9178
v -11.0861 -36.2294 -51.9178
v -16.5323 -36.4145 -51.2
v -11.0994 -36.0375 -51.2
v -16.519 -36.6064 -50.4822
v -11.0861 -36.2294 -50.4822
v -16.4826 -37.1306 -49.9567
v -11.0497 -36.7536 -49.9567
f 12457 12459 12460 12458
f 12459 12461 12462 12460
f 12461 12463 12464 12462
f 12463 12465 12466 12464
f 12465 12467 12468 12466
f 12467 12469 12470 12468
f 12469 12471 12472 12470
f 12471 12473 12474 12472
f 12473 12475 12476 12474
f 12475 12477 12478 12476
f 12477 12479 12480 12478
f 12479 12457 12458 12480
f 12479 12477 12475 12473 12471 12469 12467 12465 12463 12461 12459 12457
f 12458 12460 12462 12464 12466 12468 12470 12472 12474 12476 12478 12480
o Edge_35
v -11 -37.4697 -49.7644
v -5.5 -37.1081 -49.7644
v -10.9529 -38.1859 -49.9567
v -5.4529 -37.8243 -49.9567
v -10.9184 -38.7102 -50.4822
v -5.4184 -38.3487 -50.4822
v -10.9058 -38.9022 -51.2
v -5.4058 -38.5406 -51.2
v -10.9184 -38.7102 -51.9178
v -5.4184 -38.3487 -51.9178
v -10.9529 -38.1859 -52.4433
v -5.4529 -37.8243 -52.4433
v -11 -37.4697 -52.6356
v -5.5 -37.1081 -52.6356
v -11.0471 -36.7534 -52.4433
v -5.5471 -36.3918 -52.4433
v -11.0816 -36.2291 -51.9178
v -5.5816 -35.8675 -51.9178
v -11.0942 -36.0371 -51.2
v -5.5942 -35.6756 -51.2
v -11.0816 -36.2291 -50.4822
v -5.5816 -35.8675 -50.4822
v -11.0471 -36.7534 -49.9567
v -5.5471 -36.3918 -49.9567
f 12481 12483 12484 12482
f 12483 12485 12486 12484
f 12485 12487 12488 12486
f 12487 12489 12490 12488
f 12489 12491 12492 12490
f 12491 12493 12494 12492
f 12493 12495 12496 12494
f 12495 12497 12498 12496
f 12497 12499 12500 12498
f 12499 12501 12502 12500
f 12501 12503 12504 12502
f 12503 12481 12482 12504
f 12503 12501 12499 12497 12495 12493 12491 12489 12487 12485 12483 12481
f 12482 12484 12486 12488 12490 12492 12494 12496 12498 12500 12502 12504
v -5.5 -37.1081 -49.7644
v 0 -36.7675 -49.7644
v -5.4556 -37.8245 -49.9567
v 0.0444 -37.4839 -49.9567
v -5.4232 -38.349 -50.4822
v 0.0768 -38.0083 -50.4822
v -5.4113 -38.5409 -51.2
v 0.0887 -38.2003 -51.2
v -5.4232 -38.349 -51.9178
v 0.0768 -38.0083 -51.9178
v -5.4556 -37.8245 -52.4433
v 0.0444 -37.4839 -52.4433
v -5.5 -37.1081 -52.6356
v 0 -36.7675 -52.6356
v -5.5444 -36.3916 -52.4433
v -0.0444 -36.051 -52.4433
v -5.5768 -35.8672 -51.9178
v -0.0768 -35.5266 -51.9178
v -5.5887 -35.6752 -51.2
v -0.0887 -35.3346 -51.2
v -5.5768 -35.8672 -50.4822
v -0.0768 -35.5266 -50.4822
v -5.5444 -36.3916 -49.9567
v -0.0444 -36.051 -49.9567
f 12505 12507 12508 12506
f 12507 12509 12510 12508
f 12509 12511 12512 12510
f 12511 12513 12514 12512
f 12513 12515 12516 12514
f 12515 12517 12518 12516
f 12517 12519 12520 12518
f 12519 12521 12522 12520
f 12521 12523 12524 12522
f 12523 12525 12526 12524
f 12525 12527 12528 12526
f 12527 12505 12506 12528
f 12527 12525 12523 12521 12519 12517 12515 12513 12511 12509 12507 12505
f 12506 12508 12510 12512 12514 12516 12518 12520 12522 12524 12526 12528
v 0 -36.7675 -49.7644
v 5.5 -36.4658 -49.7644
v 0.0393 -37.4842 -49.9567
v 5.5393 -37.1825 -49.9567
v 0.0681 -38.0089 -50.4822
v 5.5681 -37.7072 -50.4822
v 0.0786 -38.2009 -51.2
v 5.5786 -37.8992 -51.2
v 0.0681 -38.0089 -51.9178
v 5.5681 -37.7072 -51.9178
v 0.0393 -37.4842 -52.4433
v 5.5393 -37.1825 -52.4433
v 0 -36.7675 -52.6356
v 5.5 -36.4658 -52.6356
v -0.0393 -36.0507 -52.4433
v 5.4607 -35.7491 -52.4433
v -0.0681 -35.526 -51.9178
v 5.4319 -35.2244 -51.9178
v -0.0786 -35.334 -51.2
v 5.4214 -35.0323 -51.2
v -0.0681 -35.526 -50.4822
v 5.4319 -35.2244 -50.4822
v -0.0393 -36.0507 -49.9567
v 5.4607 -35.7491 -49.9567
f 12529 12531 12532 12530
f 12531 12533 12534 12532
f 12533 12535 12536 12534
f 12535 12537 12538 12536
f 12537 12539 12540 12538
f 12539 12541 12542 12540
f 12541 12543 12544 12542
f 12543 12545 12546 12544
f 12545 12547 12548 12546
f 12547 12549 12550 12548
f 12549 12551 12552 12550
f 12551 12529 12530 12552
f 12551 12549 12547 12545 12543 12541 12539 12537 12535 12533 12531 12529
f 12530 12532 12534 12536 12538 12540 12542 12544 12546 12548 12550 12552
v 5.5 -36.4658 -49.7644
v 11 -36.1835 -49.7644
v 5.5368 -37.1827 -49.9567
v 11.0368 -36.9004 -49.9567
v 5.5637 -37.7074 -50.4822
v 11.0637 -37.4252 -50.4822
v 5.5736 -37.8995 -51.2
v 11.0736 -37.6173 -51.2
v 5.5637 -37.7074 -51.9178
v 11.0637 -37.4252 -51.9178
v 5.5368 -37.1827 -52.4433
v 11.0368 -36.9004 -52.4433
v 5.5 -36.4658 -52.6356
v 11 -36.1835 -52.6356
v 5.4632 -35.7489 -52.4433
v 10.9632 -35.4667 -52.4433
v 5.4363 -35.2242 -51.9178
v 10.9363 -34.9419 -51.9178
v 5.4264 -35.0321 -51.2
v 10.9264 -34.7498 -51.2
v 5.4363 -35.2242 -50.4822
v 10.9363 -34.9419 -50.4822
v 5.4632 -35.7489 -49.9567
v 10.9632 -35.4667 -49.9567
f 12553 12555 12556 12554
f 12555 12557 12558 12556
f 12557 12559 12560 12558
f 12559 12561 12562 12560
f 12561 12563 12564 12562
f 12563 12565 12566 12564
f 12565 12567 12568 12566
f 12567 12569 12570 12568
f 12569 12571 12572 12570
f 12571 12573 12574 12572
f 12573 12575 12576 12574
f 12575 12553 12554 12576
f 12575 12573 12571 12569 12567 12565 12563 12561 12559 12557 12555 12553
f 12554 12556 12558 12560 12562 12564 12566 12568 12570 12572 12574 12576
o Edge_36
v 11 -36.1835 -49.7644
v 16.4329 -35.9231 -49.7644
v 11.0344 -36.9005 -49.9567
v 16.4673 -36.6401 -49.9567
v 11.0595 -37.4254 -50.4822
v 16.4925 -37.165 -50.4822
v 11.0687 -37.6175 -51.2
v 16.5017 -37.3571 -51.2
v 11.0595 -37.4254 -51.9178
v 16.4925 -37.165 -51.9178
v 11.0344 -36.9005 -52.4433
v 16.4673 -36.6401 -52.4433
v 11 -36.1835 -52.6356
v 16.4329 -35.9231 -52.6356
v 10.9656 -35.4666 -52.4433
v 16.3986 -35.2061 -52.4433
v 10.9405 -34.9417 -51.9178
v 16.3734 -34.6813 -51.9178
v 10.9313 -34.7496 -51.2
v 16.3642 -34.4892 -51.2
v 10.9405 -34.9417 -50.4822
v 16.3734 -34.6813 -50.4822
v 10.9656 -35.4666 -49.9567
v 16.3986 -35.2061 -49.9567
f 12577 12579 12580 12578
f 12579 12581 12582 12580
f 12581 12583 12584 12582
f 12583 12585 12586 12584
f 12585 12587 12588 12586
f 12587 12589 12590 12588
f 12589 12591 12592 12590
f 12591 12593 12594 12592
f 12593 12595 12596 12594
f 12595 12597 12598 12596
f 12597 12599 12600 12598
f 12599 12577 12578 12600
f 12599 12597 12595 12593 12591 12589 12587 12585 12583 12581 12579 12577
f 12578 12580 12582 12584 12586 12588 12590 12592 12594 12596 12598 12600
v 16.4329 -35.9231 -49.7644
v 21.8659 -35.6906 -49.7644
v 16.4636 -36.6403 -49.9567
v 21.8966 -36.4077 -49.9567
v 16.4861 -37.1652 -50.4822
v 21.919 -36.9327 -50.4822
v 16.4943 -37.3574 -51.2
v 21.9273 -37.1249 -51.2
v 16.4861 -37.1652 -51.9178
v 21.919 -36.9327 -51.9178
v 16.4636 -36.6403 -52.4433
v 21.8966 -36.4077 -52.4433
v 16.4329 -35.9231 -52.6356
v 21.8659 -35.6906 -52.6356
v 16.4022 -35.206 -52.4433
v 21.8352 -34.9734 -52.4433
v 16.3798 -34.681 -51.9178
v 21.8127 -34.4485 -51.9178
v 16.3716 -34.4888 -51.2
v 21.8045 -34.2563 -51.2
v 16.3798 -34.681 -50.4822
v 21.8127 -34.4485 -50.4822
v 16.4022 -35.206 -49.9567
v 21.8352 -34.9734 -49.9567
f 12601 12603 12604 12602
f 12603 12605 12606 12604
f 12605 12607 12608 12606
f 12607 12609 12610 12608
f 12609 12611 12612 12610
f 12611 12613 12614 12612
f 12613 12615 12616 12614
f 12615 12617 12618 12616
f 12617 12619 12620 12618
f 12619 12621 12622 12620
f 12621 12623 12624 12622
f 12623 12601 12602 12624
f 12623 12621 12619 12617 12615 12613 12611 12609 12607 12605 12603 12601
f 12602 12604 12606 12608 12610 12612 12614 12616 12618 12620 12622 12624
v 21.8659 -35.6906 -49.7644
v 27.2988 -35.4742 -49.7644
v 21.8945 -36.4078 -49.9567
v 27.3274 -36.1914 -49.9567
v 21.9154 -36.9329 -50.4822
v 27.3483 -36.7164 -50.4822
v 21.923 -37.1251 -51.2
v 27.356 -36.9086 -51.2
v 21.9154 -36.9329 -51.9178
v 27.3483 -36.7164 -51.9178
v 21.8945 -36.4078 -52.4433
v 27.3274 -36.1914 -52.4433
v 21.8659 -35.6906 -52.6356
v 27.2988 -35.4742 -52.6356
v 21.8373 -34.9734 -52.4433
v 27.2703 -34.7569 -52.4433
v 21.8164 -34.4483 -51.9178
v 27.2493 -34.2319 -51.9178
v 21.8087 -34.2561 -51.2
v 27.2417 -34.0397 -51.2
v 21.8164 -34.4483 -50.4822
v 27.2493 -34.2319 -50.4822
v 21.8373 -34.9734 -49.9567
v 27.2703 -34.7569 -49.9567
f 12625 12627 12628 12626
f 12627 12629 12630 12628
f 12629 12631 12632 12630
f 12631 12633 12634 12632
f 12633 12635 12636 12634
f 12635 12637 12638 12636
f 12637 12639 12640 12638
f 12639 12641 12642 12640
f 12641 12643 12644 12642
f 12643 12645 12646 12644
f 12645 12647 12648 12646
f 12647 12625 12626 12648
f 12647 12645 12643 12641 12639 12637 12635 12633 12631 12629 12627 12625
f 12626 12628 12630 12632 12634 12636 12638 12640 12642 12644 12646 12648
v 27.2988 -35.4742 -49.7644
v 32.7318 -35.2716 -49.7644
v 27.3256 -36.1915 -49.9567
v 32.7585 -35.9889 -49.9567
v 27.3452 -36.7166 -50.4822
v 32.7781 -36.514 -50.4822
v 27.3523 -36.9088 -51.2
v 32.7853 -36.7062 -51.2
v 27.3452 -36.7166 -51.9178
v 32.7781 -36.514 -51.9178
v 27.3256 -36.1915 -52.4433
v 32.7585 -35.9889 -52.4433
v 27.2988 -35.4742 -52.6356
v 32.7318 -35.2716 -52.6356
v 27.2721 -34.7569 -52.4433
v 32.705 -34.5542 -52.4433
v 27.2525 -34.2318 -51.9178
v 32.6854 -34.0291 -51.9178
v 27.2453 -34.0396 -51.2
v 32.6783 -33.8369 -51.2
v 27.2525 -34.2318 -50.4822
v 32.6854 -34.0291 -50.4822
v 27.2721 -34.7569 -49.9567
v 32.705 -34.5542 -49.9567
f 12649 12651 12652 12650
f 12651 12653 12654 12652
f 12653 12655 12656 12654
f 12655 12657 12658 12656
f 12657 12659 12660 12658
f 12659 12661 12662 12660
f 12661 12663 12664 12662
f 12663 12665 12666 12664
f 12665 12667 12668 12666
f 12667 12669 12670 12668
f 12669 12671 12672 12670
f 12671 12649 12650 12672
f 12671 12669 12667 12665 12663 12661 12659 12657 12655 12653 12651 12649
f 12650 12652 12654 12656 12658 12660 12662 12664 12666 12668 12670 12672
v 32.7318 -35.2716 -49.7644
v 38.1647 -35.0909 -49.7644
v 32.7556 -35.989 -49.9567
v 38.1886 -35.8083 -49.9567
v 32.7731 -36.5141 -50.4822
v 38.206 -36.3335 -50.4822
v 32.7795 -36.7064 -51.2
v 38.2124 -36.5257 -51.2
v 32.7731 -36.5141 -51.9178
v 38.206 -36.3335 -51.9178
v 32.7556 -35.989 -52.4433
v 38.1886 -35.8083 -52.4433
v 32.7318 -35.2716 -52.6356
v 38.1647 -35.0909 -52.6356
v 32.7079 -34.5541 -52.4433
v 38.1409 -34.3735 -52.4433
v 32.6905 -34.029 -51.9178
v 38.1234 -33.8483 -51.9178
v 32.6841 -33.8367 -51.2
v 38.117 -33.6561 -51.2
v 32.6905 -34.029 -50.4822
v 38.1234 -33.8483 -50.4822
v 32.7079 -34.5541 -49.9567
v 38.1409 -34.3735 -49.9567
f 12673 12675 12676 12674
f 12675 12677 12678 12676
f 12677 12679 12680 12678
f 12679 12681 12682 12680
f 12681 12683 12684 12682
f 12683 12685 12686 12684
f 12685 12687 12688 12686
f 12687 12689 12690 12688
f 12689 12691 12692 12690
f 12691 12693 12694 12692
f 12693 12695 12696 12694
f 12695 12673 12674 12696
f 12695 12693 12691 12689 12687 12685 12683 12681 12679 12677 12675 12673
f 12674 12676 12678 12680 12682 12684 12686 12688 12690 12692 12694 12696
v 38.1647 -35.0909 -49.7644
v 43.5976 -34.9284 -49.7644
v 38.1862 -35.8084 -49.9567
v 43.6191 -35.6459 -49.9567
v 38.2019 -36.3336 -50.4822
v 43.6348 -36.1711 -50.4822
v 38.2076 -36.5259 -51.2
v 43.6406 -36.3634 -51.2
v 38.2019 -36.3336 -51.9178
v 43.6348 -36.1711 -51.9178
v 38.1862 -35.8084 -52.4433
v 43.6191 -35.6459 -52.4433
v 38.1647 -35.0909 -52.6356
v 43.5976 -34.9284 -52.6356
v 38.1432 -34.3734 -52.4433
v 43.5762 -34.2109 -52.4433
v 38.1275 -33.8482 -51.9178
v 43.5605 -33.6857 -51.9178
v 38.1218 -33.656 -51.2
v 43.5547 -33.4934 -51.2
v 38.1275 -33.8482 -50.4822
v 43.5605 -33.6857 -50.4822
v 38.1432 -34.3734 -49.9567
v 43.5762 -34.2109 -49.9567
f 12697 12699 12700 12698
f 12699 12701 12702 12700
f 12701 12703 12704 12702
f 12703 12705 12706 12704
f 12705 12707 12708 12706
f 12707 12709 12710 12708
f 12709 12711 12712 12710
f 12711 12713 12714 12712
f 12713 12715 12716 12714
f 12715 12717 12718 12716
f 12717 12719 12720 12718
f 12719 12697 12698 12720
f 12719 12717 12715 12713 12711 12709 12707 12705 12703 12701 12699 12697
f 12698 12700 12702 12704 12706 12708 12710 12712 12714 12716 12718 12720
v 43.5976 -34.9284 -49.7644
v 49.0306 -34.7811 -49.7644
v 43.6171 -35.6459 -49.9567
v 49.05 -35.4986 -49.9567
v 43.6313 -36.1712 -50.4822
v 49.0643 -36.0239 -50.4822
v 43.6366 -36.3635 -51.2
v 49.0695 -36.2162 -51.2
v 43.6313 -36.1712 -51.9178
v 49.0643 -36.0239 -51.9178
v 43.6171 -35.6459 -52.4433
v 49.05 -35.4986 -52.4433
v 43.5976 -34.9284 -52.6356
v 49.0306 -34.7811 -52.6356
v 43.5782 -34.2109 -52.4433
v 49.0111 -34.0635 -52.4433
v 43.5639 -33.6856 -51.9178
v 48.9969 -33.5383 -51.9178
v 43.5587 -33.4933 -51.2
v 48.9917 -33.346 -51.2
v 43.5639 -33.6856 -50.4822
v 48.9969 -33.5383 -50.4822
v 43.5782 -34.2109 -49.9567
v 49.0111 -34.0635 -49.9567
f 12721 12723 12724 12722
f 12723 12725 12726 12724
f 12725 12727 12728 12726
f 12727 12729 12730 12728
f 12729 12731 12732 12730
f 12731 12733 12734 12732
f 12733 12735 12736 12734
f 12735 12737 12738 12736
f 12737 12739 12740 12738
f 12739 12741 12742 12740
f 12741 12743 12744 12742
f 12743 12721 12722 12744
f 12743 12741 12739 12737 12735 12733 12731 12729 12727 12725 12723 12721
f 12722 12724 12726 12728 12730 12732 12734 12736 12738 12740 12742 12744
v 49.0306 -34.7811 -49.7644
v 54.4635 -34.6591 -49.7644
v 49.0467 -35.4987 -49.9567
v 54.4796 -35.3767 -49.9567
v 49.0585 -36.024 -50.4822
v 54.4914 -35.9021 -50.4822
v 49.0628 -36.2163 -51.2
v 54.4957 -36.0944 -51.2
v 49.0585 -36.024 -51.9178
v 54.4914 -35.9021 -51.9178
v 49.0467 -35.4987 -52.4433
v 54.4796 -35.3767 -52.4433
v 49.0306 -34.7811 -52.6356
v 54.4635 -34.6591 -52.6356
v 49.0145 -34.0635 -52.4433
v 54.4474 -33.9415 -52.4433
v 49.0027 -33.5381 -51.9178
v 54.4356 -33.4162 -51.9178
v 48.9984 -33.3458 -51.2
v 54.4313 -33.2239 -51.2
v 49.0027 -33.5381 -50.4822
v 54.4356 -33.4162 -50.4822
v 49.0145 -34.0635 -49.9567
v 54.4474 -33.9415 -49.9567
f 12745 12747 12748 12746
f 12747 12749 12750 12748
f 12749 12751 12752 12750
f 12751 12753 12754 12752
f 12753 12755 12756 12754
f 12755 12757 12758 12756
f 12757 12759 12760 12758
f 12759 12761 12762 12760
f 12761 12763 12764 12762
f 12763 12765 12766 12764
f 12765 12767 12768 12766
f 12767 12745 12746 12768
f 12767 12765 12763 12761 12759 12757 12755 12753 12751 12749 12747 12745
f 12746 12748 12750 12752 12754 12756 12758 12760 12762 12764 12766 12768
v 54.4635 -34.6591 -49.7644
v 59.8965 -34.5623 -49.7644
v 54.4763 -35.3768 -49.9567
v 59.9093 -35.28 -49.9567
v 54.4857 -35.9022 -50.4822
v 59.9186 -35.8054 -50.4822
v 54.4891 -36.0945 -51.2
v 59.9221 -35.9977 -51.2
v 54.4857 -35.9022 -51.9178
v 59.9186 -35.8054 -51.9178
v 54.4763 -35.3768 -52.4433
v 59.9093 -35.28 -52.4433
v 54.4635 -34.6591 -52.6356
v 59.8965 -34.5623 -52.6356
v 54.4507 -33.9414 -52.4433
v 59.8837 -33.8446 -52.4433
v 54.4414 -33.416 -51.9178
v 59.8743 -33.3192 -51.9178
v 54.4379 -33.2237 -51.2
v 59.8709 -33.1269 -51.2
v 54.4414 -33.416 -50.4822
v 59.8743 -33.3192 -50.4822
v 54.4507 -33.9414 -49.9567
v 59.8837 -33.8446 -49.9567
f 12769 12771 12772 12770
f 12771 12773 12774 12772
f 12773 12775 12776 12774
f 12775 12777 12778 12776
f 12777 12779 12780 12778
f 12779 12781 12782 12780
f 12781 12783 12784 12782
f 12783 12785 12786 12784
f 12785 12787 12788 12786
f 12787 12789 12790 12788
f 12789 12791 12792 12790
f 12791 12769 12770 12792
f 12791 12789 12787 12785 12783 12781 12779 12777 12775 12773 12771 12769
f 12770 12772 12774 12776 12778 12780 12782 12784 12786 12788 12790 12792
v 59.8965 -34.5623 -49.7644
v 65.3294 -34.4842 -49.7644
v 59.9068 -35.28 -49.9567
v 65.3397 -35.2019 -49.9567
v 59.9143 -35.8054 -50.4822
v 65.3473 -35.7273 -50.4822
v 59.9171 -35.9977 -51.2
v 65.35 -35.9196 -51.2
v 59.9143 -35.8054 -51.9178
v 65.3473 -35.7273 -51.9178
v 59.9068 -35.28 -52.4433
v 65.3397 -35.2019 -52.4433
v 59.8965 -34.5623 -52.6356
v 65.3294 -34.4842 -52.6356
v 59.8862 -33.8446 -52.4433
v 65.3191 -33.7664 -52.4433
v 59.8786 -33.3191 -51.9178
v 65.3115 -33.241 -51.9178
v 59.8758 -33.1268 -51.2
v 65.3088 -33.0487 -51.2
v 59.8786 -33.3191 -50.4822
v 65.3115 -33.241 -50.4822
v 59.8862 -33.8446 -49.9567
v 65.3191 -33.7664 -49.9567
f 12793 12795 12796 12794
f 12795 12797 12798 12796
f 12797 12799 12800 12798
f 12799 12801 12802 12800
f 12801 12803 12804 12802
f 12803 12805 12806 12804
f 12805 12807 12808 12806
f 12807 12809 12810 12808
f 12809 12811 12812 12810
f 12811 12813 12814 12812
f 12813 12815 12816 12814
f 12815 12793 12794 12816
f 12815 12813 12811 12809 12807 12805 12803 12801 12799 12797 12795 12793
f 12794 12796 12798 12800 12802 12804 12806 12808 12810 12812 12814 12816
v 65.3294 -34.4842 -49.7644
v 70.7624 -34.4333 -49.7644
v 65.3361 -35.2019 -49.9567
v 70.7691 -35.151 -49.9567
v 65.3411 -35.7274 -50.4822
v 70.774 -35.6765 -50.4822
v 65.3429 -35.9197 -51.2
v 70.7758 -35.8688 -51.2
v 65.3411 -35.7274 -51.9178
v 70.774 -35.6765 -51.9178
v 65.3361 -35.2019 -52.4433
v 70.7691 -35.151 -52.4433
v 65.3294 -34.4842 -52.6356
v 70.7624 -34.4333 -52.6356
v 65.3227 -33.7664 -52.4433
v 70.7556 -33.7155 -52.4433
v 65.3178 -33.241 -51.9178
v 70.7507 -33.1901 -51.9178
v 65.316 -33.0486 -51.2
v 70.7489 -32.9977 -51.2
v 65.3178 -33.241 -50.4822
v 70.7507 -33.1901 -50.4822
v 65.3227 -33.7664 -49.9567
v 70.7556 -33.7155 -49.9567
f 12817 12819 12820 12818
f 12819 12821 12822 12820
f 12821 12823 12824 12822
f 12823 12825 12826 12824
f 12825 12827 12828 12826
f 12827 12829 12830 12828
f 12829 12831 12832 12830
f 12831 12833 12834 12832
f 12833 12835 12836 12834
f 12835 12837 12838 12836
f 12837 12839 12840 12838
f 12839 12817 12818 12840
f 12839 12837 12835 12833 12831 12829 12827 12825 12823 12821 12819 12817
f 12818 12820 12822 12824 12826 12828 12830 12832 12834 12836 12838 12840
v 70.7624 -34.4333 -49.7644
v 76.1953 -34.4073 -49.7644
v 70.7658 -35.1511 -49.9567
v 76.1987 -35.1251 -49.9567
v 70.7683 -35.6765 -50.4822
v 76.2012 -35.6505 -50.4822
v 70.7692 -35.8689 -51.2
v 76.2022 -35.8429 -51.2
v 70.7683 -35.6765 -51.9178
v 76.2012 -35.6505 -51.9178
v 70.7658 -35.1511 -52.4433
v 76.1987 -35.1251 -52.4433
v 70.7624 -34.4333 -52.6356
v 76.1953 -34.4073 -52.6356
v 70.7589 -33.7155 -52.4433
v 76.1919 -33.6895 -52.4433
v 70.7564 -33.19 -51.9178
v 76.1893 -33.164 -51.9178
v 70.7555 -32.9977 -51.2
v 76.1884 -32.9717 -51.2
v 70.7564 -33.19 -50.4822
v 76.1893 -33.164 -50.4822
v 70.7589 -33.7155 -49.9567
v 76.1919 -33.6895 -49.9567
f 12841 12843 12844 12842
f 12843 12845 12846 12844
f 12845 12847 12848 12846
f 12847 12849 12850 12848
f 12849 12851 12852 12850
f 12851 12853 12854 12852
f 12853 12855 12856 12854
f 12855 12857 12858 12856
f 12857 12859 12860 12858
f 12859 12861 12862 12860
f 12861 12863 12864 12862
f 12863 12841 12842 12864
f 12863 12861 12859 12857 12855 12853 12851 12849 12847 12845 12843 12841
f 12842 12844 12846 12848 12850 12852 12854 12856 12858 12860 12862 12864
v 76.1953 -34.4073 -49.7644
v 81.6282 -34.3955 -49.7644
v 76.1968 -35.1251 -49.9567
v 81.6298 -35.1133 -49.9567
v 76.198 -35.6505 -50.4822
v 81.6309 -35.6388 -50.4822
v 76.1984 -35.8429 -51.2
v 81.6313 -35.8311 -51.2
v 76.198 -35.6505 -51.9178
v 81.6309 -35.6388 -51.9178
v 76.1968 -35.1251 -52.4433
v 81.6298 -35.1133 -52.4433
v 76.1953 -34.4073 -52.6356
v 81.6282 -34.3955 -52.6356
v 76.1937 -33.6895 -52.4433
v 81.6267 -33.6777 -52.4433
v 76.1926 -33.164 -51.9178
v 81.6255 -33.1523 -51.9178
v 76.1922 -32.9717 -51.2
v 81.6251 -32.9599 -51.2
v 76.1926 -33.164 -50.4822
v 81.6255 -33.1523 -50.4822
v 76.1937 -33.6895 -49.9567
v 81.6267 -33.6777 -49.9567
f 12865 12867 12868 12866
f 12867 12869 12870 12868
f 12869 12871 12872 12870
f 12871 12873 12874 12872
f 12873 12875 12876 12874
f 12875 12877 12878 12876
f 12877 12879 12880 12878
f 12879 12881 12882 12880
f 12881 12883 12884 12882
f 12883 12885 12886 12884
f 12885 12887 12888 12886
f 12887 12865 12866 12888
f 12887 12885 12883 12881 12879 12877 12875 12873 12871 12869 12867 12865
f 12866 12868 12870 12872 12874 12876 12878 12880 12882 12884 12886 12888
v 81.6282 -34.3955 -49.7644
v 87.0612 -34.3999 -49.7644
v 81.6277 -35.1133 -49.9567
v 87.0606 -35.1177 -49.9567
v 81.6272 -35.6388 -50.4822
v 87.0602 -35.6432 -50.4822
v 81.6271 -35.8311 -51.2
v 87.06 -35.8355 -51.2
v 81.6272 -35.6388 -51.9178
v 87.0602 -35.6432 -51.9178
v 81.6277 -35.1133 -52.4433
v 87.0606 -35.1177 -52.4433
v 81.6282 -34.3955 -52.6356
v 87.0612 -34.3999 -52.6356
v 81.6288 -33.6777 -52.4433
v 87.0618 -33.6821 -52.4433
v 81.6292 -33.1523 -51.9178
v 87.0622 -33.1566 -51.9178
v 81.6294 -32.9599 -51.2
v 87.0623 -32.9643 -51.2
v 81.6292 -33.1523 -50.4822
v 87.0622 -33.1566 -50.4822
v 81.6288 -33.6777 -49.9567
v 87.0618 -33.6821 -49.9567
f 12889 12891 12892 12890
f 12891 12893 12894 12892
f 12893 12895 12896 12894
f 12895 12897 12898 12896
f 12897 12899 12900 12898
f 12899 12901 12902 12900
f 12901 12903 12904 12902
f 12903 12905 12906 12904
f 12905 12907 12908 12906
f 12907 12909 12910 12908
f 12909 12911 12912 12910
f 12911 12889 12890 12912
f 12911 12909 12907 12905 12903 12901 12899 12897 12895 12893 12891 12889
f 12890 12892 12894 12896 12898 12900 12902 12904 12906 12908 12910 12912
v 87.0612 -34.3999 -49.7644
v 92.4941 -34.4119 -49.7644
v 87.0596 -35.1177 -49.9567
v 92.4925 -35.1297 -49.9567
v 87.0584 -35.6432 -50.4822
v 92.4914 -35.6551 -50.4822
v 87.058 -35.8355 -51.2
v 92.491 -35.8475 -51.2
v 87.0584 -35.6432 -51.9178
v 92.4914 -35.6551 -51.9178
v 87.0596 -35.1177 -52.4433
v 92.4925 -35.1297 -52.4433
v 87.0612 -34.3999 -52.6356
v 92.4941 -34.4119 -52.6356
v 87.0628 -33.6821 -52.4433
v 92.4957 -33.6941 -52.4433
v 87.0639 -33.1566 -51.9178
v 92.4969 -33.1686 -51.9178
v 87.0643 -32.9643 -51.2
v 92.4973 -32.9763 -51.2
v 87.0639 -33.1566 -50.4822
v 92.4969 -33.1686 -50.4822
v 87.0628 -33.6821 -49.9567
v 92.4957 -33.6941 -49.9567
f 12913 12915 12916 12914
f 12915 12917 12918 12916
f 12917 12919 12920 12918
f 12919 12921 12922 12920
f 12921 12923 12924 12922
f 12923 12925 12926 12924
f 12925 12927 12928 12926
f 12927 12929 12930 12928
f 12929 12931 12932 12930
f 12931 12933 12934 12932
f 12933 12935 12936 12934
f 12935 12913 12914 12936
f 12935 12933 12931 12929 12927 12925 12923 12921 12919 12917 12915 12913
f 12914 12916 12918 12920 12922 12924 12926 12928 12930 12932 12934 12936
v 92.4941 -34.4119 -49.7644
v 97.9271 -34.4229 -49.7644
v 92.4927 -35.1297 -49.9567
v 97.9256 -35.1407 -49.9567
v 92.4916 -35.6551 -50.4822
v 97.9245 -35.6662 -50.4822
v 92.4912 -35.8475 -51.2
v 97.9241 -35.8585 -51.2
v 92.4916 -35.6551 -51.9178
v 97.9245 -35.6662 -51.9178
v 92.4927 -35.1297 -52.4433
v 97.9256 -35.1407 -52.4433
v 92.4941 -34.4119 -52.6356
v 97.9271 -34.4229 -52.6356
v 92.4956 -33.6941 -52.4433
v 97.9285 -33.7051 -52.4433
v 92.4966 -33.1686 -51.9178
v 97.9296 -33.1797 -51.9178
v 92.497 -32.9763 -51.2
v 97.93 -32.9873 -51.2
v 92.4966 -33.1686 -50.4822
v 97.9296 -33.1797 -50.4822
v 92.4956 -33.6941 -49.9567
v 97.9285 -33.7051 -49.9567
f 12937 12939 12940 12938
f 12939 12941 12942 12940
f 12941 12943 12944 12942
f 12943 12945 12946 12944
f 12945 12947 12948 12946
f 12947 12949 12950 12948
f 12949 12951 12952 12950
f 12951 12953 12954 12952
f 12953 12955 12956 12954
f 12955 12957 12958 12956
f 12957 12959 12960 12958
f 12959 12937 12938 12960
f 12959 12957 12955 12953 12951 12949 12947 12945 12943 12941 12939 12937
f 12938 12940 12942 12944 12946 12948 12950 12952 12954 12956 12958 12960
v 97.9271 -34.4229 -49.7644
v 103.36 -34.4295 -49.7644
v 97.9262 -35.1407 -49.9567
v 103.3591 -35.1473 -49.9567
v 97.9256 -35.6662 -50.4822
v 103.3585 -35.6728 -50.4822
v 97.9253 -35.8585 -51.2
v 103.3583 -35.8651 -51.2
v 97.9256 -35.6662 -51.9178
v 103.3585 -35.6728 -51.9178
v 97.9262 -35.1407 -52.4433
v 103.3591 -35.1473 -52.4433
v 97.9271 -34.4229 -52.6356
v 103.36 -34.4295 -52.6356
v 97.9279 -33.7051 -52.4433
v 103.3609 -33.7117 -52.4433
v 97.9286 -33.1797 -51.9178
v 103.3615 -33.1862 -51.9178
v 97.9288 -32.9873 -51.2
v 103.3617 -32.9939 -51.2
v 97.9286 -33.1797 -50.4822
v 103.3615 -33.1862 -50.4822
v 97.9279 -33.7051 -49.9567
v 103.3609 -33.7117 -49.9567
f 12961 12963 12964 12962
f 12963 12965 12966 12964
f 12965 12967 12968 12966
f 12967 12969 12970 12968
f 12969 12971 12972 12970
f 12971 12973 12974 12972
f 12973 12975 12976 12974
f 12975 12977 12978 12976
f 12977 12979 12980 12978
f 12979 12981 12982 12980
f 12981 12983 12984 12982
f 12983 12961 12962 12984
f 12983 12981 12979 12977 12975 12973 12971 12969 12967 12965 12963 12961
f 12962 12964 12966 12968 12970 12972 12974 12976 12978 12980 12982 12984
o Edge_37
v -136.8 -47.3018 -84.9644
v -131.2267 -47.5511 -84.9644
v -136.8321 -48.0188 -85.1567
v -131.2587 -48.2681 -85.1567
v -136.8556 -48.5438 -85.6822
v -131.2822 -48.7931 -85.6822
v -136.8642 -48.7359 -86.4
v -131.2908 -48.9852 -86.4
v -136.8556 -48.5438 -87.1178
v -131.2822 -48.7931 -87.1178
v -136.8321 -48.0188 -87.6433
v -131.2587 -48.2681 -87.6433
v -136.8 -47.3018 -87.8356
v -131.2267 -47.5511 -87.8356
v -136.7679 -46.5847 -87.6433
v -131.1946 -46.834 -87.6433
v -136.7444 -46.0597 -87.1178
v -131.1711 -46.309 -87.1178
v -136.7358 -45.8676 -86.4
v -131.1625 -46.1169 -86.4
v -136.7444 -46.0597 -85.6822
v -131.1711 -46.309 -85.6822
v -136.7679 -46.5847 -85.1567
v -131.1946 -46.834 -85.1567
f 12985 12987 12988 12986
f 12987 12989 12990 12988
f 12989 12991 12992 12990
f 12991 12993 12994 12992
f 12993 12995 12996 12994
f 12995 12997 12998 12996
f 12997 12999 13000 12998
f 12999 13001 13002 13000
f 13001 13003 13004 13002
f 13003 13005 13006 13004
f 13005 13007 13008 13006
f 13007 12985 12986 13008
f 13007 13005 13003 13001 12999 12997 12995 12993 12991 12989 12987 12985
f 12986 12988 12990 12992 12994 12996 12998 13000 13002 13004 13006 13008
v -131.2267 -47.5511 -84.9644
v -125.6533 -47.7857 -84.9644
v -131.2569 -48.2682 -85.1567
v -125.6835 -48.5029 -85.1567
v -131.279 -48.7932 -85.6822
v -125.7056 -49.0279 -85.6822
v -131.2871 -48.9854 -86.4
v -125.7137 -49.2201 -86.4
v -131.279 -48.7932 -87.1178
v -125.7056 -49.0279 -87.1178
v -131.2569 -48.2682 -87.6433
v -125.6835 -48.5029 -87.6433
v -131.2267 -47.5511 -87.8356
v -125.6533 -47.7857 -87.8356
v -131.1965 -46.8339 -87.6433
v -125.6231 -47.0686 -87.6433
v -131.1744 -46.3089 -87.1178
v -125.601 -46.5436 -87.1178
v -131.1663 -46.1167 -86.4
v -125.5929 -46.3514 -86.4
v -131.1744 -46.3089 -85.6822
v -125.601 -46.5436 -85.6822
v -131.1965 -46.8339 -85.1567
v -125.6231 -47.0686 -85.1567
f 13009 13011 13012 13010
f 13011 13013 13014 13012
f 13013 13015 13016 13014
f 13015 13017 13018 13016
f 13017 13019 13020 13018
f 13019 13021 13022 13020
f 13021 13023 13024 13022
f 13023 13025 13026 13024
f 13025 13027 13028 13026
f 13027 13029 13030 13028
f 13029 13031 13032 13030
f 13031 13009 13010 13032
f 13031 13029 13027 13025 13023 13021 13019 13017 13015 13013 13011 13009
f 13010 13012 13014 13016 13018 13020 13022 13024 13026 13028 13030 13032
v -125.6533 -47.7857 -84.9644
v -120.08 -48.0042 -84.9644
v -125.6814 -48.503 -85.1567
v -120.1081 -48.7215 -85.1567
v -125.702 -49.028 -85.6822
v -120.1287 -49.2465 -85.6822
v -125.7096 -49.2202 -86.4
v -120.1362 -49.4387 -86.4
v -125.702 -49.028 -87.1178
v -120.1287 -49.2465 -87.1178
v -125.6814 -48.503 -87.6433
v -120.1081 -48.7215 -87.6433
v -125.6533 -47.7857 -87.8356
v -120.08 -48.0042 -87.8356
v -125.6252 -47.0685 -87.6433
v -120.0519 -47.287 -87.6433
v -125.6046 -46.5434 -87.1178
v -120.0313 -46.7619 -87.1178
v -125.5971 -46.3512 -86.4
v -120.0238 -46.5697 -86.4
v -125.6046 -46.5434 -85.6822
v -120.0313 -46.7619 -85.6822
v -125.6252 -47.0685 -85.1567
v -120.0519 -47.287 -85.1567
f 13033 13035 13036 13034
f 13035 13037 13038 13036
f 13037 13039 13040 13038
f 13039 13041 13042 13040
f 13041 13043 13044 13042
f 13043 13045 13046 13044
f 13045 13047 13048 13046
f 13047 13049 13050 13048
f 13049 13051 13052 13050
f 13051 13053 13054 13052
f 13053 13055 13056 13054
f 13055 13033 13034 13056
f 13055 13053 13051 13049 13047 13045 13043 13041 13039 13037 13035 13033
f 13034 13036 13038 13040 13042 13044 13046 13048 13050 13052 13054 13056
v -120.08 -48.0042 -84.9644
v -114.5067 -46.1341 -84.9644
v -119.8517 -48.6847 -85.1567
v -114.2783 -46.8146 -85.1567
v -119.6845 -49.1829 -85.6822
v -114.1112 -47.3127 -85.6822
v -119.6233 -49.3652 -86.4
v -114.05 -47.4951 -86.4
v -119.6845 -49.1829 -87.1178
v -114.1112 -47.3127 -87.1178
v -119.8517 -48.6847 -87.6433
v -114.2783 -46.8146 -87.6433
v -120.08 -48.0042 -87.8356
v -114.5067 -46.1341 -87.8356
v -120.3083 -47.3237 -87.6433
v -114.735 -45.4535 -87.6433
v -120.4755 -46.8255 -87.1178
v -114.9022 -44.9554 -87.1178
v -120.5367 -46.6432 -86.4
v -114.9634 -44.773 -86.4
v -120.4755 -46.8255 -85.6822
v -114.9022 -44.9554 -85.6822
v -120.3083 -47.3237 -85.1567
v -114.735 -45.4535 -85.1567
f 13057 13059 13060 13058
f 13059 13061 13062 13060
f 13061 13063 13064 13062
f 13063 13065 13066 13064
f 13065 13067 13068 13066
f 13067 13069 13070 13068
f 13069 13071 13072 13070
f 13071 13073 13074 13072
f 13073 13075 13076 13074
f 13075 13077 13078 13076
f 13077 13079 13080 13078
f 13079 13057 13058 13080
f 13079 13077 13075 13073 13071 13069 13067 13065 13063 13061 13059 13057
f 13058 13060 13062 13064 13066 13068 13070 13072 13074 13076 13078 13080
v -114.5067 -46.1341 -84.9644
v -108.9333 -46.2857 -84.9644
v -114.5262 -46.8516 -85.1567
v -108.9529 -47.0032 -85.1567
v -114.5405 -47.3769 -85.6822
v -108.9671 -47.5285 -85.6822
v -114.5457 -47.5691 -86.4
v -108.9724 -47.7208 -86.4
v -114.5405 -47.3769 -87.1178
v -108.9671 -47.5285 -87.1178
v -114.5262 -46.8516 -87.6433
v -108.9529 -47.0032 -87.6433
v -114.5067 -46.1341 -87.8356
v -108.9333 -46.2857 -87.8356
v -114.4871 -45.4165 -87.6433
v -108.9138 -45.5681 -87.6433
v -114.4729 -44.8912 -87.1178
v -108.8995 -45.0429 -87.1178
v -114.4676 -44.699 -86.4
v -108.8943 -44.8506 -86.4
v -114.4729 -44.8912 -85.6822
v -108.8995 -45.0429 -85.6822
v -114.4871 -45.4165 -85.1567
v -108.9138 -45.5681 -85.1567
f 13081 13083 13084 13082
f 13083 13085 13086 13084
f 13085 13087 13088 13086
f 13087 13089 13090 13088
f 13089 13091 13092 13090
f 13091 13093 13094 13092
f 13093 13095 13096 13094
f 13095 13097 13098 13096
f 13097 13099 13100 13098
f 13099 13101 13102 13100
f 13101 13103 13104 13102
f 13103 13081 13082 13104
f 13103 13101 13099 13097 13095 13093 13091 13089 13087 13085 13083 13081
f 13082 13084 13086 13088 13090 13092 13094 13096 13098 13100 13102 13104
v -108.9333 -46.2857 -84.9644
v -103.36 -46.4057 -84.9644
v -108.9488 -47.0033 -85.1567
v -103.3755 -47.1234 -85.1567
v -108.9601 -47.5287 -85.6822
v -103.3868 -47.6487 -85.6822
v -108.9643 -47.721 -86.4
v -103.3909 -47.841 -86.4
v -108.9601 -47.5287 -87.1178
v -103.3868 -47.6487 -87.1178
v -108.9488 -47.0033 -87.6433
v -103.3755 -47.1234 -87.6433
v -108.9333 -46.2857 -87.8356
v -103.36 -46.4057 -87.8356
v -108.9179 -45.568 -87.6433
v -103.3445 -45.6881 -87.6433
v -108.9066 -45.0427 -87.1178
v -103.3332 -45.1628 -87.1178
v -108.9024 -44.8504 -86.4
v -103.3291 -44.9705 -86.4
v -108.9066 -45.0427 -85.6822
v -103.3332 -45.1628 -85.6822
v -108.9179 -45.568 -85.1567
v -103.3445 -45.6881 -85.1567
f 13105 13107 13108 13106
f 13107 13109 13110 13108
f 13109 13111 13112 13110
f 13111 13113 13114 13112
f 13113 13115 13116 13114
f 13115 13117 13118 13116
f 13117 13119 13120 13118
f 13119 13121 13122 13120
f 13121 13123 13124 13122
f 13123 13125 13126 13124
f 13125 13127 13128 13126
f 13127 13105 13106 13128
f 13127 13125 13123 13121 13119 13117 13115 13113 13111 13109 13107 13105
f 13106 13108 13110 13112 13114 13116 13118 13120 13122 13124 13126 13128
o Edge_38
v -103.36 -46.4057 -84.9644
v -97.9414 -46.4653 -84.9644
v -103.3679 -47.1235 -85.1567
v -97.9493 -47.1831 -85.1567
v -103.3737 -47.6489 -85.6822
v -97.9551 -47.7085 -85.6822
v -103.3758 -47.8413 -86.4
v -97.9572 -47.9008 -86.4
v -103.3737 -47.6489 -87.1178
v -97.9551 -47.7085 -87.1178
v -103.3679 -47.1235 -87.6433
v -97.9493 -47.1831 -87.6433
v -103.36 -46.4057 -87.8356
v -97.9414 -46.4653 -87.8356
v -103.3521 -45.688 -87.6433
v -97.9335 -45.7476 -87.6433
v -103.3463 -45.1626 -87.1178
v -97.9278 -45.2221 -87.1178
v -103.3442 -44.9702 -86.4
v -97.9256 -45.0298 -86.4
v -103.3463 -45.1626 -85.6822
v -97.9278 -45.2221 -85.6822
v -103.3521 -45.688 -85.1567
v -97.9335 -45.7476 -85.1567
f 13129 13131 13132 13130
f 13131 13133 13134 13132
f 13133 13135 13136 13134
f 13135 13137 13138 13136
f 13137 13139 13140 13138
f 13139 13141 13142 13140
f 13141 13143 13144 13142
f 13143 13145 13146 13144
f 13145 13147 13148 13146
f 13147 13149 13150 13148
f 13149 13151 13152 13150
f 13151 13129 13130 13152
f 13151 13149 13147 13145 13143 13141 13139 13137 13135 13133 13131 13129
f 13130 13132 13134 13136 13138 13140 13142 13144 13146 13148 13150 13152
v -97.9414 -46.4653 -84.9644
v -92.5229 -46.4779 -84.9644
v -97.9431 -47.1831 -85.1567
v -92.5245 -47.1957 -85.1567
v -97.9443 -47.7086 -85.6822
v -92.5257 -47.7212 -85.6822
v -97.9448 -47.9009 -86.4
v -92.5262 -47.9135 -86.4
v -97.9443 -47.7086 -87.1178
v -92.5257 -47.7212 -87.1178
v -97.9431 -47.1831 -87.6433
v -92.5245 -47.1957 -87.6433
v -97.9414 -46.4653 -87.8356
v -92.5229 -46.4779 -87.8356
v -97.9398 -45.7475 -87.6433
v -92.5212 -45.7601 -87.6433
v -97.9385 -45.222 -87.1178
v -92.52 -45.2346 -87.1178
v -97.9381 -45.0297 -86.4
v -92.5195 -45.0423 -86.4
v -97.9385 -45.222 -85.6822
v -92.52 -45.2346 -85.6822
v -97.9398 -45.7475 -85.1567
v -92.5212 -45.7601 -85.1567
f 13153 13155 13156 13154
f 13155 13157 13158 13156
f 13157 13159 13160 13158
f 13159 13161 13162 13160
f 13161 13163 13164 13162
f 13163 13165 13166 13164
f 13165 13167 13168 13166
f 13167 13169 13170 13168
f 13169 13171 13172 13170
f 13171 13173 13174 13172
f 13173 13175 13176 13174
f 13175 13153 13154 13176
f 13175 13173 13171 13169 13167 13165 13163 13161 13159 13157 13155 13153
f 13154 13156 13158 13160 13162 13164 13166 13168 13170 13172 13174 13176
v -92.5229 -46.4779 -84.9644
v -87.1043 -46.4518 -84.9644
v -92.5194 -47.1957 -85.1567
v -87.1008 -47.1695 -85.1567
v -92.5169 -47.7212 -85.6822
v -87.0983 -47.695 -85.6822
v -92.5159 -47.9135 -86.4
v -87.0974 -47.8873 -86.4
v -92.5169 -47.7212 -87.1178
v -87.0983 -47.695 -87.1178
v -92.5194 -47.1957 -87.6433
v -87.1008 -47.1695 -87.6433
v -92.5229 -46.4779 -87.8356
v -87.1043 -46.4518 -87.8356
v -92.5263 -45.7601 -87.6433
v -87.1077 -45.734 -87.6433
v -92.5289 -45.2347 -87.1178
v -87.1103 -45.2085 -87.1178
v -92.5298 -45.0423 -86.4
v -87.1112 -45.0162 -86.4
v -92.5289 -45.2347 -85.6822
v -87.1103 -45.2085 -85.6822
v -92.5263 -45.7601 -85.1567
v -87.1077 -45.734 -85.1567
f 13177 13179 13180 13178
f 13179 13181 13182 13180
f 13181 13183 13184 13182
f 13183 13185 13186 13184
f 13185 13187 13188 13186
f 13187 13189 13190 13188
f 13189 13191 13192 13190
f 13191 13193 13194 13192
f 13193 13195 13196 13194
f 13195 13197 13198 13196
f 13197 13199 13200 13198
f 13199 13177 13178 13200
f 13199 13197 13195 13193 13191 13189 13187 13185 13183 13181 13179 13177
f 13178 13180 13182 13184 13186 13188 13190 13192 13194 13196 13198 13200
v -87.1043 -46.4518 -84.9644
v -81.6857 -46.3624 -84.9644
v -87.0925 -47.1695 -85.1567
v -81.6739 -47.0801 -85.1567
v -87.0838 -47.6949 -85.6822
v -81.6652 -47.6055 -85.6822
v -87.0806 -47.8872 -86.4
v -81.6621 -47.7978 -86.4
v -87.0838 -47.6949 -87.1178
v -81.6652 -47.6055 -87.1178
v -87.0925 -47.1695 -87.6433
v -81.6739 -47.0801 -87.6433
v -87.1043 -46.4518 -87.8356
v -81.6857 -46.3624 -87.8356
v -87.1161 -45.7341 -87.6433
v -81.6975 -45.6447 -87.6433
v -87.1248 -45.2087 -87.1178
v -81.7062 -45.1193 -87.1178
v -87.1279 -45.0163 -86.4
v -81.7094 -44.927 -86.4
v -87.1248 -45.2087 -85.6822
v -81.7062 -45.1193 -85.6822
v -87.1161 -45.7341 -85.1567
v -81.6975 -45.6447 -85.1567
f 13201 13203 13204 13202
f 13203 13205 13206 13204
f 13205 13207 13208 13206
f 13207 13209 13210 13208
f 13209 13211 13212 13210
f 13211 13213 13214 13212
f 13213 13215 13216 13214
f 13215 13217 13218 13216
f 13217 13219 13220 13218
f 13219 13221 13222 13220
f 13221 13223 13224 13222
f 13223 13201 13202 13224
f 13223 13221 13219 13217 13215 13213 13211 13209 13207 13205 13203 13201
f 13202 13204 13206 13208 13210 13212 13214 13216 13218 13220 13222 13224
v -81.6857 -46.3624 -84.9644
v -76.2671 -46.2237 -84.9644
v -81.6673 -47.08 -85.1567
v -76.2488 -46.9412 -85.1567
v -81.6539 -47.6053 -85.6822
v -76.2353 -47.4665 -85.6822
v -81.649 -47.7976 -86.4
v -76.2304 -47.6588 -86.4
v -81.6539 -47.6053 -87.1178
v -76.2353 -47.4665 -87.1178
v -81.6673 -47.08 -87.6433
v -76.2488 -46.9412 -87.6433
v -81.6857 -46.3624 -87.8356
v -76.2671 -46.2237 -87.8356
v -81.7041 -45.6449 -87.6433
v -76.2855 -45.5061 -87.6433
v -81.7175 -45.1196 -87.1178
v -76.299 -44.9808 -87.1178
v -81.7225 -44.9273 -86.4
v -76.3039 -44.7885 -86.4
v -81.7175 -45.1196 -85.6822
v -76.299 -44.9808 -85.6822
v -81.7041 -45.6449 -85.1567
v -76.2855 -45.5061 -85.1567
f 13225 13227 13228 13226
f 13227 13229 13230 13228
f 13229 13231 13232 13230
f 13231 13233 13234 13232
f 13233 13235 13236 13234
f 13235 13237 13238 13236
f 13237 13239 13240 13238
f 13239 13241 13242 13240
f 13241 13243 13244 13242
f 13243 13245 13246 13244
f 13245 13247 13248 13246
f 13247 13225 13226 13248
f 13247 13245 13243 13241 13239 13237 13235 13233 13231 13229 13227 13225
f 13226 13228 13230 13232 13234 13236 13238 13240 13242 13244 13246 13248
v -76.2671 -46.2237 -84.9644
v -70.8486 -46.0492 -84.9644
v -76.244 -46.9411 -85.1567
v -70.8255 -46.7666 -85.1567
v -76.2271 -47.4663 -85.6822
v -70.8086 -47.2918 -85.6822
v -76.2209 -47.6585 -86.4
v -70.8024 -47.4841 -86.4
v -76.2271 -47.4663 -87.1178
v -70.8086 -47.2918 -87.1178
v -76.244 -46.9411 -87.6433
v -70.8255 -46.7666 -87.6433
v -76.2671 -46.2237 -87.8356
v -70.8486 -46.0492 -87.8356
v -76.2902 -45.5062 -87.6433
v -70.8717 -45.3318 -87.6433
v -76.3072 -44.981 -87.1178
v -70.8886 -44.8066 -87.1178
v -76.3133 -44.7888 -86.4
v -70.8948 -44.6143 -86.4
v -76.3072 -44.981 -85.6822
v -70.8886 -44.8066 -85.6822
v -76.2902 -45.5062 -85.1567
v -70.8717 -45.3318 -85.1567
f 13249 13251 13252 13250
f 13251 13253 13254 13252
f 13253 13255 13256 13254
f 13255 13257 13258 13256
f 13257 13259 13260 13258
f 13259 13261 13262 13260
f 13261 13263 13264 13262
f 13263 13265 13266 13264
f 13265 13267 13268 13266
f 13267 13269 13270 13268
f 13269 13271 13272 13270
f 13271 13249 13250 13272
f 13271 13269 13267 13265 13263 13261 13259 13257 13255 13253 13251 13249
f 13250 13252 13254 13256 13258 13260 13262 13264 13266 13268 13270 13272
v -70.8486 -46.0492 -84.9644
v -65.43 -45.8252 -84.9644
v -70.8189 -46.7664 -85.1567
v -65.4004 -46.5424 -85.1567
v -70.7972 -47.2914 -85.6822
v -65.3787 -47.0674 -85.6822
v -70.7893 -47.4836 -86.4
v -65.3707 -47.2596 -86.4
v -70.7972 -47.2914 -87.1178
v -65.3787 -47.0674 -87.1178
v -70.8189 -46.7664 -87.6433
v -65.4004 -46.5424 -87.6433
v -70.8486 -46.0492 -87.8356
v -65.43 -45.8252 -87.8356
v -70.8782 -45.332 -87.6433
v -65.4596 -45.108 -87.6433
v -70.8999 -44.807 -87.1178
v -65.4813 -44.583 -87.1178
v -70.9079 -44.6148 -86.4
v -65.4893 -44.3908 -86.4
v -70.8999 -44.807 -85.6822
v -65.4813 -44.583 -85.6822
v -70.8782 -45.332 -85.1567
v -65.4596 -45.108 -85.1567
f 13273 13275 13276 13274
f 13275 13277 13278 13276
f 13277 13279 13280 13278
f 13279 13281 13282 13280
f 13281 13283 13284 13282
f 13283 13285 13286 13284
f 13285 13287 13288 13286
f 13287 13289 13290 13288
f 13289 13291 13292 13290
f 13291 13293 13294 13292
f 13293 13295 13296 13294
f 13295 13273 13274 13296
f 13295 13293 13291 13289 13287 13285 13283 13281 13279 13277 13275 13273
f 13274 13276 13278 13280 13282 13284 13286 13288 13290 13292 13294 13296
v -65.43 -45.8252 -84.9644
v -60.0114 -45.5632 -84.9644
v -65.3953 -46.5422 -85.1567
v -59.9768 -46.2802 -85.1567
v -65.37 -47.067 -85.6822
v -59.9514 -46.805 -85.6822
v -65.3607 -47.2591 -86.4
v -59.9421 -46.9972 -86.4
v -65.37 -47.067 -87.1178
v -59.9514 -46.805 -87.1178
v -65.3953 -46.5422 -87.6433
v -59.9768 -46.2802 -87.6433
v -65.43 -45.8252 -87.8356
v -60.0114 -45.5632 -87.8356
v -65.4647 -45.1083 -87.6433
v -60.0461 -44.8463 -87.6433
v -65.49 -44.5834 -87.1178
v -60.0715 -44.3214 -87.1178
v -65.4993 -44.3913 -86.4
v -60.0808 -44.1293 -86.4
v -65.49 -44.5834 -85.6822
v -60.0715 -44.3214 -85.6822
v -65.4647 -45.1083 -85.1567
v -60.0461 -44.8463 -85.1567
f 13297 13299 13300 13298
f 13299 13301 13302 13300
f 13301 13303 13304 13302
f 13303 13305 13306 13304
f 13305 13307 13308 13306
f 13307 13309 13310 13308
f 13309 13311 13312 13310
f 13311 13313 13314 13312
f 13313 13315 13316 13314
f 13315 13317 13318 13316
f 13317 13319 13320 13318
f 13319 13297 13298 13320
f 13319 13317 13315 13313 13311 13309 13307 13305 13303 13301 13299 13297
f 13298 13300 13302 13304 13306 13308 13310 13312 13314 13316 13318 13320
v -60.0114 -45.5632 -84.9644
v -54.5929 -45.2769 -84.9644
v -59.9736 -46.28 -85.1567
v -54.555 -45.9937 -85.1567
v -59.9458 -46.8048 -85.6822
v -54.5273 -46.5185 -85.6822
v -59.9357 -46.9968 -86.4
v -54.5171 -46.7105 -86.4
v -59.9458 -46.8048 -87.1178
v -54.5273 -46.5185 -87.1178
v -59.9736 -46.28 -87.6433
v -54.555 -45.9937 -87.6433
v -60.0114 -45.5632 -87.8356
v -54.5929 -45.2769 -87.8356
v -60.0493 -44.8464 -87.6433
v -54.6307 -44.5601 -87.6433
v -60.077 -44.3217 -87.1178
v -54.6585 -44.0354 -87.1178
v -60.0872 -44.1296 -86.4
v -54.6686 -43.8433 -86.4
v -60.077 -44.3217 -85.6822
v -54.6585 -44.0354 -85.6822
v -60.0493 -44.8464 -85.1567
v -54.6307 -44.5601 -85.1567
f 13321 13323 13324 13322
f 13323 13325 13326 13324
f 13325 13327 13328 13326
f 13327 13329 13330 13328
f 13329 13331 13332 13330
f 13331 13333 13334 13332
f 13333 13335 13336 13334
f 13335 13337 13338 13336
f 13337 13339 13340 13338
f 13339 13341 13342 13340
f 13341 13343 13344 13342
f 13343 13321 13322 13344
f 13343 13341 13339 13337 13335 13333 13331 13329 13327 13325 13323 13321
f 13322 13324 13326 13328 13330 13332 13334 13336 13338 13340 13342 13344
v -54.5929 -45.2769 -84.9644
v -49.1743 -44.9601 -84.9644
v -54.551 -45.9935 -85.1567
v -49.1324 -45.6767 -85.1567
v -54.5203 -46.5181 -85.6822
v -49.1017 -46.2013 -85.6822
v -54.5091 -46.7101 -86.4
v -49.0905 -46.3933 -86.4
v -54.5203 -46.5181 -87.1178
v -49.1017 -46.2013 -87.1178
v -54.551 -45.9935 -87.6433
v -49.1324 -45.6767 -87.6433
v -54.5929 -45.2769 -87.8356
v -49.1743 -44.9601 -87.8356
v -54.6348 -44.5603 -87.6433
v -49.2162 -44.2435 -87.6433
v -54.6654 -44.0358 -87.1178
v -49.2468 -43.719 -87.1178
v -54.6766 -43.8438 -86.4
v -49.2581 -43.527 -86.4
v -54.6654 -44.0358 -85.6822
v -49.2468 -43.719 -85.6822
v -54.6348 -44.5603 -85.1567
v -49.2162 -44.2435 -85.1567
f 13345 13347 13348 13346
f 13347 13349 13350 13348
f 13349 13351 13352 13350
f 13351 13353 13354 13352
f 13353 13355 13356 13354
f 13355 13357 13358 13356
f 13357 13359 13360 13358
f 13359 13361 13362 13360
f 13361 13363 13364 13362
f 13363 13365 13366 13364
f 13365 13367 13368 13366
f 13367 13345 13346 13368
f 13367 13365 13363 13361 13359 13357 13355 13353 13351 13349 13347 13345
f 13346 13348 13350 13352 13354 13356 13358 13360 13362 13364 13366 13368
v -49.1743 -44.9601 -84.9644
v -43.7557 -44.6166 -84.9644
v -49.1289 -45.6765 -85.1567
v -43.7103 -45.333 -85.1567
v -49.0956 -46.2009 -85.6822
v -43.6771 -45.8574 -85.6822
v -49.0835 -46.3929 -86.4
v -43.6649 -46.0493 -86.4
v -49.0956 -46.2009 -87.1178
v -43.6771 -45.8574 -87.1178
v -49.1289 -45.6765 -87.6433
v -43.7103 -45.333 -87.6433
v -49.1743 -44.9601 -87.8356
v -43.7557 -44.6166 -87.8356
v -49.2197 -44.2438 -87.6433
v -43.8011 -43.9002 -87.6433
v -49.2529 -43.7193 -87.1178
v -43.8344 -43.3758 -87.1178
v -49.2651 -43.5274 -86.4
v -43.8465 -43.1839 -86.4
v -49.2529 -43.7193 -85.6822
v -43.8344 -43.3758 -85.6822
v -49.2197 -44.2438 -85.1567
v -43.8011 -43.9002 -85.1567
f 13369 13371 13372 13370
f 13371 13373 13374 13372
f 13373 13375 13376 13374
f 13375 13377 13378 13376
f 13377 13379 13380 13378
f 13379 13381 13382 13380
f 13381 13383 13384 13382
f 13383 13385 13386 13384
f 13385 13387 13388 13386
f 13387 13389 13390 13388
f 13389 13391 13392 13390
f 13391 13369 13370 13392
f 13391 13389 13387 13385 13383 13381 13379 13377 13375 13373 13371 13369
f 13370 13372 13374 13376 13378 13380 13382 13384 13386 13388 13390 13392
v -43.7557 -44.6166 -84.9644
v -38.3371 -44.2559 -84.9644
v -43.708 -45.3328 -85.1567
v -38.2895 -44.9722 -85.1567
v -43.6731 -45.8571 -85.6822
v -38.2546 -45.4965 -85.6822
v -43.6604 -46.049 -86.4
v -38.2418 -45.6884 -86.4
v -43.6731 -45.8571 -87.1178
v -38.2546 -45.4965 -87.1178
v -43.708 -45.3328 -87.6433
v -38.2895 -44.9722 -87.6433
v -43.7557 -44.6166 -87.8356
v -38.3371 -44.2559 -87.8356
v -43.8034 -43.9004 -87.6433
v -38.3848 -43.5397 -87.6433
v -43.8383 -43.3761 -87.1178
v -38.4197 -43.0154 -87.1178
v -43.8511 -43.1842 -86.4
v -38.4325 -42.8235 -86.4
v -43.8383 -43.3761 -85.6822
v -38.4197 -43.0154 -85.6822
v -43.8034 -43.9004 -85.1567
v -38.3848 -43.5397 -85.1567
f 13393 13395 13396 13394
f 13395 13397 13398 13396
f 13397 13399 13400 13398
f 13399 13401 13402 13400
f 13401 13403 13404 13402
f 13403 13405 13406 13404
f 13405 13407 13408 13406
f 13407 13409 13410 13408
f 13409 13411 13412 13410
f 13411 13413 13414 13412
f 13413 13415 13416 13414
f 13415 13393 13394 13416
f 13415 13413 13411 13409 13407 13405 13403 13401 13399 13397 13395 13393
f 13394 13396 13398 13400 13402 13404 13406 13408 13410 13412 13414 13416
v -38.3371 -44.2559 -84.9644
v -32.9186 -43.8733 -84.9644
v -38.2866 -44.972 -85.1567
v -32.868 -44.5893 -85.1567
v -38.2496 -45.4961 -85.6822
v -32.831 -45.1134 -85.6822
v -38.236 -45.688 -86.4
v -32.8174 -45.3053 -86.4
v -38.2496 -45.4961 -87.1178
v -32.831 -45.1134 -87.1178
v -38.2866 -44.972 -87.6433
v -32.868 -44.5893 -87.6433
v -38.3371 -44.2559 -87.8356
v -32.9186 -43.8733 -87.8356
v -38.3877 -43.5399 -87.6433
v -32.9691 -43.1572 -87.6433
v -38.4247 -43.0158 -87.1178
v -33.0062 -42.6331 -87.1178
v -38.4383 -42.8239 -86.4
v -33.0197 -42.4412 -86.4
v -38.4247 -43.0158 -85.6822
v -33.0062 -42.6331 -85.6822
v -38.3877 -43.5399 -85.1567
v -32.9691 -43.1572 -85.1567
f 13417 13419 13420 13418
f 13419 13421 13422 13420
f 13421 13423 13424 13422
f 13423 13425 13426 13424
f 13425 13427 13428 13426
f 13427 13429 13430 13428
f 13429 13431 13432 13430
f 13431 13433 13434 13432
f 13433 13435 13436 13434
f 13435 13437 13438 13436
f 13437 13439 13440 13438
f 13439 13417 13418 13440
f 13439 13437 13435 13433 13431 13429 13427 13425 13423 13421 13419 13417
f 13418 13420 13422 13424 13426 13428 13430 13432 13434 13436 13438 13440
v -32.9186 -43.8733 -84.9644
v -27.5 -43.4624 -84.9644
v -32.8643 -44.589 -85.1567
v -27.4457 -44.1782 -85.1567
v -32.8246 -45.113 -85.6822
v -27.406 -44.7021 -85.6822
v -32.81 -45.3047 -86.4
v -27.3915 -44.8939 -86.4
v -32.8246 -45.113 -87.1178
v -27.406 -44.7021 -87.1178
v -32.8643 -44.589 -87.6433
v -27.4457 -44.1782 -87.6433
v -32.9186 -43.8733 -87.8356
v -27.5 -43.4624 -87.8356
v -32.9728 -43.1575 -87.6433
v -27.5543 -42.7467 -87.6433
v -33.0126 -42.6335 -87.1178
v -27.594 -42.2227 -87.1178
v -33.0271 -42.4418 -86.4
v -27.6085 -42.0309 -86.4
v -33.0126 -42.6335 -85.6822
v -27.594 -42.2227 -85.6822
v -32.9728 -43.1575 -85.1567
v -27.5543 -42.7467 -85.1567
f 13441 13443 13444 13442
f 13443 13445 13446 13444
f 13445 13447 13448 13446
f 13447 13449 13450 13448
f 13449 13451 13452 13450
f 13451 13453 13454 13452
f 13453 13455 13456 13454
f 13455 13457 13458 13456
f 13457 13459 13460 13458
f 13459 13461 13462 13460
f 13461 13463 13464 13462
f 13463 13441 13442 13464
f 13463 13461 13459 13457 13455 13453 13451 13449 13447 13445 13443 13441
f 13442 13444 13446 13448 13450 13452 13454 13456 13458 13460 13462 13464
o Edge_39
v -27.5 -43.4624 -84.9644
v -22 -43.0254 -84.9644
v -27.4431 -44.178 -85.1567
v -21.9431 -43.7409 -85.1567
v -27.4015 -44.7018 -85.6822
v -21.9015 -44.2647 -85.6822
v -27.3863 -44.8935 -86.4
v -21.8863 -44.4564 -86.4
v -27.4015 -44.7018 -87.1178
v -21.9015 -44.2647 -87.1178
v -27.4431 -44.178 -87.6433
v -21.9431 -43.7409 -87.6433
v -27.5 -43.4624 -87.8356
v -22 -43.0254 -87.8356
v -27.5569 -42.7469 -87.6433
v -22.0569 -42.3098 -87.6433
v -27.5985 -42.2231 -87.1178
v -22.0985 -41.786 -87.1178
v -27.6137 -42.0313 -86.4
v -22.1137 -41.5943 -86.4
v -27.5985 -42.2231 -85.6822
v -22.0985 -41.786 -85.6822
v -27.5569 -42.7469 -85.1567
v -22.0569 -42.3098 -85.1567
f 13465 13467 13468 13466
f 13467 13469 13470 13468
f 13469 13471 13472 13470
f 13471 13473 13474 13472
f 13473 13475 13476 13474
f 13475 13477 13478 13476
f 13477 13479 13480 13478
f 13479 13481 13482 13480
f 13481 13483 13484 13482
f 13483 13485 13486 13484
f 13485 13487 13488 13486
f 13487 13465 13466 13488
f 13487 13485 13483 13481 13479 13477 13475 13473 13471 13469 13467 13465
f 13466 13468 13470 13472 13474 13476 13478 13480 13482 13484 13486 13488
v -22 -43.0254 -84.9644
v -16.5 -42.5634 -84.9644
v -21.9399 -43.7406 -85.1567
v -16.4399 -43.2787 -85.1567
v -21.8959 -44.2643 -85.6822
v -16.3959 -43.8023 -85.6822
v -21.8798 -44.4559 -86.4
v -16.3798 -43.9939 -86.4
v -21.8959 -44.2643 -87.1178
v -16.3959 -43.8023 -87.1178
v -21.9399 -43.7406 -87.6433
v -16.4399 -43.2787 -87.6433
v -22 -43.0254 -87.8356
v -16.5 -42.5634 -87.8356
v -22.0601 -42.3101 -87.6433
v -16.5601 -41.8481 -87.6433
v -22.1041 -41.7865 -87.1178
v -16.6041 -41.3245 -87.1178
v -22.1202 -41.5948 -86.4
v -16.6202 -41.1328 -86.4
v -22.1041 -41.7865 -85.6822
v -16.6041 -41.3245 -85.6822
v -22.0601 -42.3101 -85.1567
v -16.5601 -41.8481 -85.1567
f 13489 13491 13492 13490
f 13491 13493 13494 13492
f 13493 13495 13496 13494
f 13495 13497 13498 13496
f 13497 13499 13500 13498
f 13499 13501 13502 13500
f 13501 13503 13504 13502
f 13503 13505 13506 13504
f 13505 13507 13508 13506
f 13507 13509 13510 13508
f 13509 13511 13512 13510
f 13511 13489 13490 13512
f 13511 13509 13507 13505 13503 13501 13499 13497 13495 13493 13491 13489
f 13490 13492 13494 13496 13498 13500 13502 13504 13506 13508 13510 13512
v -16.5 -42.5634 -84.9644
v -11 -42.0616 -84.9644
v -16.4348 -43.2782 -85.1567
v -10.9348 -42.7765 -85.1567
v -16.3871 -43.8015 -85.6822
v -10.8871 -43.2998 -85.6822
v -16.3696 -43.993 -86.4
v -10.8696 -43.4913 -86.4
v -16.3871 -43.8015 -87.1178
v -10.8871 -43.2998 -87.1178
v -16.4348 -43.2782 -87.6433
v -10.9348 -42.7765 -87.6433
v -16.5 -42.5634 -87.8356
v -11 -42.0616 -87.8356
v -16.5652 -41.8485 -87.6433
v -11.0652 -41.3468 -87.6433
v -16.6129 -41.3252 -87.1178
v -11.1129 -40.8235 -87.1178
v -16.6304 -41.1337 -86.4
v -11.1304 -40.632 -86.4
v -16.6129 -41.3252 -85.6822
v -11.1129 -40.8235 -85.6822
v -16.5652 -41.8485 -85.1567
v -11.0652 -41.3468 -85.1567
f 13513 13515 13516 13514
f 13515 13517 13518 13516
f 13517 13519 13520 13518
f 13519 13521 13522 13520
f 13521 13523 13524 13522
f 13523 13525 13526 13524
f 13525 13527 13528 13526
f 13527 13529 13530 13528
f 13529 13531 13532 13530
f 13531 13533 13534 13532
f 13533 13535 13536 13534
f 13535 13513 13514 13536
f 13535 13533 13531 13529 13527 13525 13523 13521 13519 13517 13515 13513
f 13514 13516 13518 13520 13522 13524 13526 13528 13530 13532 13534 13536
o Edge_40
v -11 -42.0616 -84.9644
v -5.5 -41.5353 -84.9644
v -10.9316 -42.7762 -85.1567
v -5.4316 -42.2498 -85.1567
v -10.8816 -43.2992 -85.6822
v -5.3816 -42.7729 -85.6822
v -10.8632 -43.4907 -86.4
v -5.3632 -42.9644 -86.4
v -10.8816 -43.2992 -87.1178
v -5.3816 -42.7729 -87.1178
v -10.9316 -42.7762 -87.6433
v -5.4316 -42.2498 -87.6433
v -11 -42.0616 -87.8356
v -5.5 -41.5353 -87.8356
v -11.0684 -41.3471 -87.6433
v -5.5684 -40.8208 -87.6433
v -11.1184 -40.824 -87.1178
v -5.6184 -40.2977 -87.1178
v -11.1368 -40.6326 -86.4
v -5.6368 -40.1062 -86.4
v -11.1184 -40.824 -85.6822
v -5.6184 -40.2977 -85.6822
v -11.0684 -41.3471 -85.1567
v -5.5684 -40.8208 -85.1567
f 13537 13539 13540 13538
f 13539 13541 13542 13540
f 13541 13543 13544 13542
f 13543 13545 13546 13544
f 13545 13547 13548 13546
f 13547 13549 13550 13548
f 13549 13551 13552 13550
f 13551 13553 13554 13552
f 13553 13555 13556 13554
f 13555 13557 13558 13556
f 13557 13559 13560 13558
f 13559 13537 13538 13560
f 13559 13557 13555 13553 13551 13549 13547 13545 13543 13541 13539 13537
f 13538 13540 13542 13544 13546 13548 13550 13552 13554 13556 13558 13560
v -5.5 -41.5353 -84.9644
v 0 -40.9843 -84.9644
v -5.4284 -42.2495 -85.1567
v 0.0716 -41.6985 -85.1567
v -5.3761 -42.7724 -85.6822
v 0.1239 -42.2213 -85.6822
v -5.3569 -42.9638 -86.4
v 0.1431 -42.4127 -86.4
v -5.3761 -42.7724 -87.1178
v 0.1239 -42.2213 -87.1178
v -5.4284 -42.2495 -87.6433
v 0.0716 -41.6985 -87.6433
v -5.5 -41.5353 -87.8356
v 0 -40.9843 -87.8356
v -5.5716 -40.8211 -87.6433
v -0.0716 -40.27 -87.6433
v -5.6239 -40.2982 -87.1178
v -0.1239 -39.7472 -87.1178
v -5.6431 -40.1069 -86.4
v -0.1431 -39.5558 -86.4
v -5.6239 -40.2982 -85.6822
v -0.1239 -39.7472 -85.6822
v -5.5716 -40.8211 -85.1567
v -0.0716 -40.27 -85.1567
f 13561 13563 13564 13562
f 13563 13565 13566 13564
f 13565 13567 13568 13566
f 13567 13569 13570 13568
f 13569 13571 13572 13570
f 13571 13573 13574 13572
f 13573 13575 13576 13574
f 13575 13577 13578 13576
f 13577 13579 13580 13578
f 13579 13581 13582 13580
f 13581 13583 13584 13582
f 13583 13561 13562 13584
f 13583 13581 13579 13577 13575 13573 13571 13569 13567 13565 13563 13561
f 13562 13564 13566 13568 13570 13572 13574 13576 13578 13580 13582 13584
v 0 -40.9843 -84.9644
v 5.5 -40.3913 -84.9644
v 0.0769 -41.6979 -85.1567
v 5.5769 -41.105 -85.1567
v 0.1333 -42.2204 -85.6822
v 5.6333 -41.6274 -85.6822
v 0.1539 -42.4116 -86.4
v 5.6539 -41.8187 -86.4
v 0.1333 -42.2204 -87.1178
v 5.6333 -41.6274 -87.1178
v 0.0769 -41.6979 -87.6433
v 5.5769 -41.105 -87.6433
v 0 -40.9843 -87.8356
v 5.5 -40.3913 -87.8356
v -0.0769 -40.2706 -87.6433
v 5.4231 -39.6777 -87.6433
v -0.1333 -39.7482 -87.1178
v 5.3667 -39.1552 -87.1178
v -0.1539 -39.5569 -86.4
v 5.3461 -38.964 -86.4
v -0.1333 -39.7482 -85.6822
v 5.3667 -39.1552 -85.6822
v -0.0769 -40.2706 -85.1567
v 5.4231 -39.6777 -85.1567
f 13585 13587 13588 13586
f 13587 13589 13590 13588
f 13589 13591 13592 13590
f 13591 13593 13594 13592
f 13593 13595 13596 13594
f 13595 13597 13598 13596
f 13597 13599 13600 13598
f 13599 13601 13602 13600
f 13601 13603 13604 13602
f 13603 13605 13606 13604
f 13605 13607 13608 13606
f 13607 13585 13586 13608
f 13607 13605 13603 13601 13599 13597 13595 13593 13591 13589 13587 13585
f 13586 13588 13590 13592 13594 13596 13598 13600 13602 13604 13606 13608
v 5.5 -40.3913 -84.9644
v 11 -39.7804 -84.9644
v 5.5792 -41.1047 -85.1567
v 11.0792 -40.4938 -85.1567
v 5.6372 -41.627 -85.6822
v 11.1372 -41.0161 -85.6822
v 5.6585 -41.8181 -86.4
v 11.1585 -41.2073 -86.4
v 5.6372 -41.627 -87.1178
v 11.1372 -41.0161 -87.1178
v 5.5792 -41.1047 -87.6433
v 11.0792 -40.4938 -87.6433
v 5.5 -40.3913 -87.8356
v 11 -39.7804 -87.8356
v 5.4208 -39.6779 -87.6433
v 10.9208 -39.067 -87.6433
v 5.3628 -39.1557 -87.1178
v 10.8628 -38.5448 -87.1178
v 5.3415 -38.9645 -86.4
v 10.8415 -38.3536 -86.4
v 5.3628 -39.1557 -85.6822
v 10.8628 -38.5448 -85.6822
v 5.4208 -39.6779 -85.1567
v 10.9208 -39.067 -85.1567
f 13609 13611 13612 13610
f 13611 13613 13614 13612
f 13613 13615 13616 13614
f 13615 13617 13618 13616
f 13617 13619 13620 13618
f 13619 13621 13622 13620
f 13621 13623 13624 13622
f 13623 13625 13626 13624
f 13625 13627 13628 13626
f 13627 13629 13630 13628
f 13629 13631 13632 13630
f 13631 13609 13610 13632
f 13631 13629 13627 13625 13623 13621 13619 13617 13615 13613 13611 13609
f 13610 13612 13614 13616 13618 13620 13622 13624 13626 13628 13630 13632
o Edge_41
v 11 -39.7804 -84.9644
v 16.5 -39.1528 -84.9644
v 11.0814 -40.4936 -85.1567
v 16.5814 -39.866 -85.1567
v 11.141 -41.0157 -85.6822
v 16.641 -40.3881 -85.6822
v 11.1628 -41.2068 -86.4
v 16.6628 -40.5792 -86.4
v 11.141 -41.0157 -87.1178
v 16.641 -40.3881 -87.1178
v 11.0814 -40.4936 -87.6433
v 16.5814 -39.866 -87.6433
v 11 -39.7804 -87.8356
v 16.5 -39.1528 -87.8356
v 10.9186 -39.0673 -87.6433
v 16.4186 -38.4396 -87.6433
v 10.859 -38.5452 -87.1178
v 16.359 -37.9176 -87.1178
v 10.8372 -38.3541 -86.4
v 16.3372 -37.7265 -86.4
v 10.859 -38.5452 -85.6822
v 16.359 -37.9176 -85.6822
v 10.9186 -39.0673 -85.1567
v 16.4186 -38.4396 -85.1567
f 13633 13635 13636 13634
f 13635 13637 13638 13636
f 13637 13639 13640 13638
f 13639 13641 13642 13640
f 13641 13643 13644 13642
f 13643 13645 13646 13644
f 13645 13647 13648 13646
f 13647 13649 13650 13648
f 13649 13651 13652 13650
f 13651 13653 13654 13652
f 13653 13655 13656 13654
f 13655 13633 13634 13656
f 13655 13653 13651 13649 13647 13645 13643 13641 13639 13637 13635 13633
f 13634 13636 13638 13640 13642 13644 13646 13648 13650 13652 13654 13656
v 16.5 -39.1528 -84.9644
v 22 -38.5075 -84.9644
v 16.5836 -39.8657 -85.1567
v 22.0836 -39.2204 -85.1567
v 16.6449 -40.3876 -85.6822
v 22.1449 -39.7423 -85.6822
v 16.6673 -40.5786 -86.4
v 22.1673 -39.9334 -86.4
v 16.6449 -40.3876 -87.1178
v 22.1449 -39.7423 -87.1178
v 16.5836 -39.8657 -87.6433
v 22.0836 -39.2204 -87.6433
v 16.5 -39.1528 -87.8356
v 22 -38.5075 -87.8356
v 16.4164 -38.4399 -87.6433
v 21.9164 -37.7946 -87.6433
v 16.3551 -37.918 -87.1178
v 21.8551 -37.2727 -87.1178
v 16.3327 -37.727 -86.4
v 21.8327 -37.0817 -86.4
v 16.3551 -37.918 -85.6822
v 21.8551 -37.2727 -85.6822
v 16.4164 -38.4399 -85.1567
v 21.9164 -37.7946 -85.1567
f 13657 13659 13660 13658
f 13659 13661 13662 13660
f 13661 13663 13664 13662
f 13663 13665 13666 13664
f 13665 13667 13668 13666
f 13667 13669 13670 13668
f 13669 13671 13672 13670
f 13671 13673 13674 13672
f 13673 13675 13676 13674
f 13675 13677 13678 13676
f 13677 13679 13680 13678
f 13679 13657 13658 13680
f 13679 13677 13675 13673 13671 13669 13667 13665 13663 13661 13659 13657
f 13658 13660 13662 13664 13666 13668 13670 13672 13674 13676 13678 13680
v 22 -38.5075 -84.9644
v 27.5 -37.8599 -84.9644
v 22.0839 -39.2204 -85.1567
v 27.5839 -38.5727 -85.1567
v 22.1454 -39.7423 -85.6822
v 27.6454 -39.0946 -85.6822
v 22.1679 -39.9333 -86.4
v 27.6679 -39.2856 -86.4
v 22.1454 -39.7423 -87.1178
v 27.6454 -39.0946 -87.1178
v 22.0839 -39.2204 -87.6433
v 27.5839 -38.5727 -87.6433
v 22 -38.5075 -87.8356
v 27.5 -37.8599 -87.8356
v 21.9161 -37.7947 -87.6433
v 27.4161 -37.147 -87.6433
v 21.8546 -37.2728 -87.1178
v 27.3546 -36.6251 -87.1178
v 21.8321 -37.0818 -86.4
v 27.3321 -36.4341 -86.4
v 21.8546 -37.2728 -85.6822
v 27.3546 -36.6251 -85.6822
v 21.9161 -37.7947 -85.1567
v 27.4161 -37.147 -85.1567
f 13681 13683 13684 13682
f 13683 13685 13686 13684
f 13685 13687 13688 13686
f 13687 13689 13690 13688
f 13689 13691 13692 13690
f 13691 13693 13694 13692
f 13693 13695 13696 13694
f 13695 13697 13698 13696
f 13697 13699 13700 13698
f 13699 13701 13702 13700
f 13701 13703 13704 13702
f 13703 13681 13682 13704
f 13703 13701 13699 13697 13695 13693 13691 13689 13687 13685 13683 13681
f 13682 13684 13686 13688 13690 13692 13694 13696 13698 13700 13702 13704
o Edge_42
v 27.5 -37.8599 -84.9644
v 32.9186 -37.2223 -84.9644
v 27.5839 -38.5728 -85.1567
v 33.0024 -37.9352 -85.1567
v 27.6453 -39.0946 -85.6822
v 33.0638 -38.4571 -85.6822
v 27.6678 -39.2856 -86.4
v 33.0863 -38.6481 -86.4
v 27.6453 -39.0946 -87.1178
v 33.0638 -38.4571 -87.1178
v 27.5839 -38.5728 -87.6433
v 33.0024 -37.9352 -87.6433
v 27.5 -37.8599 -87.8356
v 32.9186 -37.2223 -87.8356
v 27.4161 -37.147 -87.6433
v 32.8347 -36.5095 -87.6433
v 27.3547 -36.6251 -87.1178
v 32.7733 -35.9876 -87.1178
v 27.3322 -36.4341 -86.4
v 32.7508 -35.7966 -86.4
v 27.3547 -36.6251 -85.6822
v 32.7733 -35.9876 -85.6822
v 27.4161 -37.147 -85.1567
v 32.8347 -36.5095 -85.1567
f 13705 13707 13708 13706
f 13707 13709 13710 13708
f 13709 13711 13712 13710
f 13711 13713 13714 13712
f 13713 13715 13716 13714
f 13715 13717 13718 13716
f 13717 13719 13720 13718
f 13719 13721 13722 13720
f 13721 13723 13724 13722
f 13723 13725 13726 13724
f 13725 13727 13728 13726
f 13727 13705 13706 13728
f 13727 13725 13723 13721 13719 13717 13715 13713 13711 13709 13707 13705
f 13706 13708 13710 13712 13714 13716 13718 13720 13722 13724 13726 13728
v 32.9186 -37.2223 -84.9644
v 38.3371 -36.5941 -84.9644
v 33.0012 -37.9354 -85.1567
v 38.4198 -37.3071 -85.1567
v 33.0618 -38.4573 -85.6822
v 38.4803 -37.8291 -85.6822
v 33.0839 -38.6484 -86.4
v 38.5025 -38.0201 -86.4
v 33.0618 -38.4573 -87.1178
v 38.4803 -37.8291 -87.1178
v 33.0012 -37.9354 -87.6433
v 38.4198 -37.3071 -87.6433
v 32.9186 -37.2223 -87.8356
v 38.3371 -36.5941 -87.8356
v 32.8359 -36.5093 -87.6433
v 38.2545 -35.881 -87.6433
v 32.7754 -35.9873 -87.1178
v 38.1939 -35.3591 -87.1178
v 32.7532 -35.7963 -86.4
v 38.1718 -35.168 -86.4
v 32.7754 -35.9873 -85.6822
v 38.1939 -35.3591 -85.6822
v 32.8359 -36.5093 -85.1567
v 38.2545 -35.881 -85.1567
f 13729 13731 13732 13730
f 13731 13733 13734 13732
f 13733 13735 13736 13734
f 13735 13737 13738 13736
f 13737 13739 13740 13738
f 13739 13741 13742 13740
f 13741 13743 13744 13742
f 13743 13745 13746 13744
f 13745 13747 13748 13746
f 13747 13749 13750 13748
f 13749 13751 13752 13750
f 13751 13729 13730 13752
f 13751 13749 13747 13745 13743 13741 13739 13737 13735 13733 13731 13729
f 13730 13732 13734 13736 13738 13740 13742 13744 13746 13748 13750 13752
v 38.3371 -36.5941 -84.9644
v 43.7557 -35.9817 -84.9644
v 38.4177 -37.3073 -85.1567
v 43.8363 -36.695 -85.1567
v 38.4767 -37.8295 -85.6822
v 43.8953 -37.2172 -85.6822
v 38.4983 -38.0206 -86.4
v 43.9169 -37.4083 -86.4
v 38.4767 -37.8295 -87.1178
v 43.8953 -37.2172 -87.1178
v 38.4177 -37.3073 -87.6433
v 43.8363 -36.695 -87.6433
v 38.3371 -36.5941 -87.8356
v 43.7557 -35.9817 -87.8356
v 38.2565 -35.8808 -87.6433
v 43.6751 -35.2685 -87.6433
v 38.1975 -35.3587 -87.1178
v 43.6161 -34.7463 -87.1178
v 38.1759 -35.1675 -86.4
v 43.5945 -34.5552 -86.4
v 38.1975 -35.3587 -85.6822
v 43.6161 -34.7463 -85.6822
v 38.2565 -35.8808 -85.1567
v 43.6751 -35.2685 -85.1567
f 13753 13755 13756 13754
f 13755 13757 13758 13756
f 13757 13759 13760 13758
f 13759 13761 13762 13760
f 13761 13763 13764 13762
f 13763 13765 13766 13764
f 13765 13767 13768 13766
f 13767 13769 13770 13768
f 13769 13771 13772 13770
f 13771 13773 13774 13772
f 13773 13775 13776 13774
f 13775 13753 13754 13776
f 13775 13773 13771 13769 13767 13765 13763 13761 13759 13757 13755 13753
f 13754 13756 13758 13760 13762 13764 13766 13768 13770 13772 13774 13776
v 43.7557 -35.9817 -84.9644
v 49.1743 -35.3831 -84.9644
v 43.8345 -36.6952 -85.1567
v 49.2531 -36.0966 -85.1567
v 43.8922 -37.2175 -85.6822
v 49.3108 -36.6189 -85.6822
v 43.9134 -37.4087 -86.4
v 49.3319 -36.81 -86.4
v 43.8922 -37.2175 -87.1178
v 49.3108 -36.6189 -87.1178
v 43.8345 -36.6952 -87.6433
v 49.2531 -36.0966 -87.6433
v 43.7557 -35.9817 -87.8356
v 49.1743 -35.3831 -87.8356
v 43.6769 -35.2683 -87.6433
v 49.0955 -34.6696 -87.6433
v 43.6192 -34.746 -87.1178
v 49.0378 -34.1474 -87.1178
v 43.5981 -34.5548 -86.4
v 49.0166 -33.9562 -86.4
v 43.6192 -34.746 -85.6822
v 49.0378 -34.1474 -85.6822
v 43.6769 -35.2683 -85.1567
v 49.0955 -34.6696 -85.1567
f 13777 13779 13780 13778
f 13779 13781 13782 13780
f 13781 13783 13784 13782
f 13783 13785 13786 13784
f 13785 13787 13788 13786
f 13787 13789 13790 13788
f 13789 13791 13792 13790
f 13791 13793 13794 13792
f 13793 13795 13796 13794
f 13795 13797 13798 13796
f 13797 13799 13800 13798
f 13799 13777 13778 13800
f 13799 13797 13795 13793 13791 13789 13787 13785 13783 13781 13779 13777
f 13778 13780 13782 13784 13786 13788 13790 13792 13794 13796 13798 13800
v 49.1743 -35.3831 -84.9644
v 54.5929 -34.8084 -84.9644
v 49.25 -36.0969 -85.1567
v 54.6686 -35.5222 -85.1567
v 49.3054 -36.6194 -85.6822
v 54.724 -36.0448 -85.6822
v 49.3257 -36.8107 -86.4
v 54.7443 -36.236 -86.4
v 49.3054 -36.6194 -87.1178
v 54.724 -36.0448 -87.1178
v 49.25 -36.0969 -87.6433
v 54.6686 -35.5222 -87.6433
v 49.1743 -35.3831 -87.8356
v 54.5929 -34.8084 -87.8356
v 49.0986 -34.6693 -87.6433
v 54.5172 -34.0946 -87.6433
v 49.0432 -34.1468 -87.1178
v 54.4617 -33.5721 -87.1178
v 49.0229 -33.9555 -86.4
v 54.4415 -33.3808 -86.4
v 49.0432 -34.1468 -85.6822
v 54.4617 -33.5721 -85.6822
v 49.0986 -34.6693 -85.1567
v 54.5172 -34.0946 -85.1567
f 13801 13803 13804 13802
f 13803 13805 13806 13804
f 13805 13807 13808 13806
f 13807 13809 13810 13808
f 13809 13811 13812 13810
f 13811 13813 13814 13812
f 13813 13815 13816 13814
f 13815 13817 13818 13816
f 13817 13819 13820 13818
f 13819 13821 13822 13820
f 13821 13823 13824 13822
f 13823 13801 13802 13824
f 13823 13821 13819 13817 13815 13813 13811 13809 13807 13805 13803 13801
f 13802 13804 13806 13808 13810 13812 13814 13816 13818 13820 13822 13824
v 54.5929 -34.8084 -84.9644
v 60.0114 -34.259 -84.9644
v 54.6653 -35.5226 -85.1567
v 60.0838 -34.9732 -85.1567
v 54.7183 -36.0454 -85.6822
v 60.1368 -35.496 -85.6822
v 54.7377 -36.2367 -86.4
v 60.1562 -35.6873 -86.4
v 54.7183 -36.0454 -87.1178
v 60.1368 -35.496 -87.1178
v 54.6653 -35.5226 -87.6433
v 60.0838 -34.9732 -87.6433
v 54.5929 -34.8084 -87.8356
v 60.0114 -34.259 -87.8356
v 54.5204 -34.0943 -87.6433
v 59.939 -33.5449 -87.6433
v 54.4674 -33.5715 -87.1178
v 59.886 -33.0221 -87.1178
v 54.448 -33.3802 -86.4
v 59.8666 -32.8308 -86.4
v 54.4674 -33.5715 -85.6822
v 59.886 -33.0221 -85.6822
v 54.5204 -34.0943 -85.1567
v 59.939 -33.5449 -85.1567
f 13825 13827 13828 13826
f 13827 13829 13830 13828
f 13829 13831 13832 13830
f 13831 13833 13834 13832
f 13833 13835 13836 13834
f 13835 13837 13838 13836
f 13837 13839 13840 13838
f 13839 13841 13842 13840
f 13841 13843 13844 13842
f 13843 13845 13846 13844
f 13845 13847 13848 13846
f 13847 13825 13826 13848
f 13847 13845 13843 13841 13839 13837 13835 13833 13831 13829 13827 13825
f 13826 13828 13830 13832 13834 13836 13838 13840 13842 13844 13846 13848
v 60.0114 -34.259 -84.9644
v 65.43 -33.7278 -84.9644
v 60.0815 -34.9734 -85.1567
v 65.5 -34.4422 -85.1567
v 60.1327 -35.4964 -85.6822
v 65.5513 -34.9651 -85.6822
v 60.1515 -35.6878 -86.4
v 65.5701 -35.1566 -86.4
v 60.1327 -35.4964 -87.1178
v 65.5513 -34.9651 -87.1178
v 60.0815 -34.9734 -87.6433
v 65.5 -34.4422 -87.6433
v 60.0114 -34.259 -87.8356
v 65.43 -33.7278 -87.8356
v 59.9414 -33.5447 -87.6433
v 65.36 -33.0134 -87.6433
v 59.8901 -33.0217 -87.1178
v 65.3087 -32.4905 -87.1178
v 59.8714 -32.8303 -86.4
v 65.2899 -32.299 -86.4
v 59.8901 -33.0217 -85.6822
v 65.3087 -32.4905 -85.6822
v 59.9414 -33.5447 -85.1567
v 65.36 -33.0134 -85.1567
f 13849 13851 13852 13850
f 13851 13853 13854 13852
f 13853 13855 13856 13854
f 13855 13857 13858 13856
f 13857 13859 13860 13858
f 13859 13861 13862 13860
f 13861 13863 13864 13862
f 13863 13865 13866 13864
f 13865 13867 13868 13866
f 13867 13869 13870 13868
f 13869 13871 13872 13870
f 13871 13849 13850 13872
f 13871 13869 13867 13865 13863 13861 13859 13857 13855 13853 13851 13849
f 13850 13852 13854 13856 13858 13860 13862 13864 13866 13868 13870 13872
v 65.43 -33.7278 -84.9644
v 70.8486 -33.2225 -84.9644
v 65.4966 -34.4425 -85.1567
v 70.9152 -33.9372 -85.1567
v 65.5454 -34.9657 -85.6822
v 70.964 -34.4604 -85.6822
v 65.5633 -35.1572 -86.4
v 70.9819 -34.6519 -86.4
v 65.5454 -34.9657 -87.1178
v 70.964 -34.4604 -87.1178
v 65.4966 -34.4425 -87.6433
v 70.9152 -33.9372 -87.6433
v 65.43 -33.7278 -87.8356
v 70.8486 -33.2225 -87.8356
v 65.3634 -33.0131 -87.6433
v 70.7819 -32.5078 -87.6433
v 65.3146 -32.4899 -87.1178
v 70.7331 -31.9846 -87.1178
v 65.2967 -32.2984 -86.4
v 70.7153 -31.7931 -86.4
v 65.3146 -32.4899 -85.6822
v 70.7331 -31.9846 -85.6822
v 65.3634 -33.0131 -85.1567
v 70.7819 -32.5078 -85.1567
f 13873 13875 13876 13874
f 13875 13877 13878 13876
f 13877 13879 13880 13878
f 13879 13881 13882 13880
f 13881 13883 13884 13882
f 13883 13885 13886 13884
f 13885 13887 13888 13886
f 13887 13889 13890 13888
f 13889 13891 13892 13890
f 13891 13893 13894 13892
f 13893 13895 13896 13894
f 13895 13873 13874 13896
f 13895 13893 13891 13889 13887 13885 13883 13881 13879 13877 13875 13873
f 13874 13876 13878 13880 13882 13884 13886 13888 13890 13892 13894 13896
v 70.8486 -33.2225 -84.9644
v 76.2671 -32.7457 -84.9644
v 70.9115 -33.9375 -85.1567
v 76.3301 -33.4607 -85.1567
v 70.9576 -34.461 -85.6822
v 76.3761 -33.9842 -85.6822
v 70.9744 -34.6526 -86.4
v 76.393 -34.1758 -86.4
v 70.9576 -34.461 -87.1178
v 76.3761 -33.9842 -87.1178
v 70.9115 -33.9375 -87.6433
v 76.3301 -33.4607 -87.6433
v 70.8486 -33.2225 -87.8356
v 76.2671 -32.7457 -87.8356
v 70.7857 -32.5075 -87.6433
v 76.2042 -32.0306 -87.6433
v 70.7396 -31.984 -87.1178
v 76.1582 -31.5072 -87.1178
v 70.7227 -31.7924 -86.4
v 76.1413 -31.3156 -86.4
v 70.7396 -31.984 -85.6822
v 76.1582 -31.5072 -85.6822
v 70.7857 -32.5075 -85.1567
v 76.2042 -32.0306 -85.1567
f 13897 13899 13900 13898
f 13899 13901 13902 13900
f 13901 13903 13904 13902
f 13903 13905 13906 13904
f 13905 13907 13908 13906
f 13907 13909 13910 13908
f 13909 13911 13912 13910
f 13911 13913 13914 13912
f 13913 13915 13916 13914
f 13915 13917 13918 13916
f 13917 13919 13920 13918
f 13919 13897 13898 13920
f 13919 13917 13915 13913 13911 13909 13907 13905 13903 13901 13899 13897
f 13898 13900 13902 13904 13906 13908 13910 13912 13914 13916 13918 13920
v 76.2671 -32.7457 -84.9644
v 81.6857 -32.2888 -84.9644
v 76.3274 -33.461 -85.1567
v 81.746 -33.0041 -85.1567
v 76.3716 -33.9846 -85.6822
v 81.7902 -33.5277 -85.6822
v 76.3878 -34.1762 -86.4
v 81.8063 -33.7193 -86.4
v 76.3716 -33.9846 -87.1178
v 81.7902 -33.5277 -87.1178
v 76.3274 -33.461 -87.6433
v 81.746 -33.0041 -87.6433
v 76.2671 -32.7457 -87.8356
v 81.6857 -32.2888 -87.8356
v 76.2068 -32.0304 -87.6433
v 81.6254 -31.5736 -87.6433
v 76.1627 -31.5068 -87.1178
v 81.5813 -31.05 -87.1178
v 76.1465 -31.3152 -86.4
v 81.5651 -30.8583 -86.4
v 76.1627 -31.5068 -85.6822
v 81.5813 -31.05 -85.6822
v 76.2068 -32.0304 -85.1567
v 81.6254 -31.5736 -85.1567
f 13921 13923 13924 13922
f 13923 13925 13926 13924
f 13925 13927 13928 13926
f 13927 13929 13930 13928
f 13929 13931 13932 13930
f 13931 13933 13934 13932
f 13933 13935 13936 13934
f 13935 13937 13938 13936
f 13937 13939 13940 13938
f 13939 13941 13942 13940
f 13941 13943 13944 13942
f 13943 13921 13922 13944
f 13943 13941 13939 13937 13935 13933 13931 13929 13927 13925 13923 13921
f 13922 13924 13926 13928 13930 13932 13934 13936 13938 13940 13942 13944
v 81.6857 -32.2888 -84.9644
v 87.1043 -31.8591 -84.9644
v 81.7425 -33.0044 -85.1567
v 87.161 -32.5746 -85.1567
v 81.784 -33.5282 -85.6822
v 87.2026 -33.0985 -85.6822
v 81.7992 -33.7199 -86.4
v 87.2178 -33.2902 -86.4
v 81.784 -33.5282 -87.1178
v 87.2026 -33.0985 -87.1178
v 81.7425 -33.0044 -87.6433
v 87.161 -32.5746 -87.6433
v 81.6857 -32.2888 -87.8356
v 87.1043 -31.8591 -87.8356
v 81.629 -31.5733 -87.6433
v 87.0475 -31.1435 -87.6433
v 81.5874 -31.0494 -87.1178
v 87.006 -30.6197 -87.1178
v 81.5722 -30.8577 -86.4
v 86.9908 -30.428 -86.4
v 81.5874 -31.0494 -85.6822
v 87.006 -30.6197 -85.6822
v 81.629 -31.5733 -85.1567
v 87.0475 -31.1435 -85.1567
f 13945 13947 13948 13946
f 13947 13949 13950 13948
f 13949 13951 13952 13950
f 13951 13953 13954 13952
f 13953 13955 13956 13954
f 13955 13957 13958 13956
f 13957 13959 13960 13958
f 13959 13961 13962 13960
f 13961 13963 13964 13962
f 13963 13965 13966 13964
f 13965 13967 13968 13966
f 13967 13945 13946 13968
f 13967 13965 13963 13961 13959 13957 13955 13953 13951 13949 13947 13945
f 13946 13948 13950 13952 13954 13956 13958 13960 13962 13964 13966 13968
v 87.1043 -31.8591 -84.9644
v 92.5229 -31.4678 -84.9644
v 87.156 -32.575 -85.1567
v 92.5746 -32.1838 -85.1567
v 87.1938 -33.0991 -85.6822
v 92.6124 -32.7079 -85.6822
v 87.2077 -33.291 -86.4
v 92.6262 -32.8997 -86.4
v 87.1938 -33.0991 -87.1178
v 92.6124 -32.7079 -87.1178
v 87.156 -32.575 -87.6433
v 92.5746 -32.1838 -87.6433
v 87.1043 -31.8591 -87.8356
v 92.5229 -31.4678 -87.8356
v 87.0526 -31.1431 -87.6433
v 92.4712 -30.7519 -87.6433
v 87.0147 -30.619 -87.1178
v 92.4333 -30.2278 -87.1178
v 87.0009 -30.4272 -86.4
v 92.4195 -30.036 -86.4
v 87.0147 -30.619 -85.6822
v 92.4333 -30.2278 -85.6822
v 87.0526 -31.1431 -85.1567
v 92.4712 -30.7519 -85.1567
f 13969 13971 13972 13970
f 13971 13973 13974 13972
f 13973 13975 13976 13974
f 13975 13977 13978 13976
f 13977 13979 13980 13978
f 13979 13981 13982 13980
f 13981 13983 13984 13982
f 13983 13985 13986 13984
f 13985 13987 13988 13986
f 13987 13989 13990 13988
f 13989 13991 13992 13990
f 13991 13969 13970 13992
f 13991 13989 13987 13985 13983 13981 13979 13977 13975 13973 13971 13969
f 13970 13972 13974 13976 13978 13980 13982 13984 13986 13988 13990 13992
v 92.5229 -31.4678 -84.9644
v 97.9414 -31.1044 -84.9644
v 92.5709 -32.184 -85.1567
v 97.9895 -31.8206 -85.1567
v 92.606 -32.7083 -85.6822
v 98.0246 -32.3449 -85.6822
v 92.6189 -32.9002 -86.4
v 98.0375 -32.5368 -86.4
v 92.606 -32.7083 -87.1178
v 98.0246 -32.3449 -87.1178
v 92.5709 -32.184 -87.6433
v 97.9895 -31.8206 -87.6433
v 92.5229 -31.4678 -87.8356
v 97.9414 -31.1044 -87.8356
v 92.4748 -30.7516 -87.6433
v 97.8934 -30.3882 -87.6433
v 92.4397 -30.2274 -87.1178
v 97.8582 -29.864 -87.1178
v 92.4268 -30.0354 -86.4
v 97.8454 -29.6721 -86.4
v 92.4397 -30.2274 -85.6822
v 97.8582 -29.864 -85.6822
v 92.4748 -30.7516 -85.1567
v 97.8934 -30.3882 -85.1567
f 13993 13995 13996 13994
f 13995 13997 13998 13996
f 13997 13999 14000 13998
f 13999 14001 14002 14000
f 14001 14003 14004 14002
f 14003 14005 14006 14004
f 14005 14007 14008 14006
f 14007 14009 14010 14008
f 14009 14011 14012 14010
f 14011 14013 14014 14012
f 14013 14015 14016 14014
f 14015 13993 13994 14016
f 14015 14013 14011 14009 14007 14005 14003 14001 13999 13997 13995 13993
f 13994 13996 13998 14000 14002 14004 14006 14008 14010 14012 14014 14016
v 97.9414 -31.1044 -84.9644
v 103.36 -30.7773 -84.9644
v 97.9847 -31.8209 -85.1567
v 103.4033 -31.4938 -85.1567
v 98.0164 -32.3454 -85.6822
v 103.4349 -32.0183 -85.6822
v 98.028 -32.5374 -86.4
v 103.4465 -32.2103 -86.4
v 98.0164 -32.3454 -87.1178
v 103.4349 -32.0183 -87.1178
v 97.9847 -31.8209 -87.6433
v 103.4033 -31.4938 -87.6433
v 97.9414 -31.1044 -87.8356
v 103.36 -30.7773 -87.8356
v 97.8982 -30.3879 -87.6433
v 103.3167 -30.0608 -87.6433
v 97.8665 -29.8634 -87.1178
v 103.2851 -29.5363 -87.1178
v 97.8549 -29.6714 -86.4
v 103.2735 -29.3443 -86.4
v 97.8665 -29.8634 -85.6822
v 103.2851 -29.5363 -85.6822
v 97.8982 -30.3879 -85.1567
v 103.3167 -30.0608 -85.1567
f 14017 14019 14020 14018
f 14019 14021 14022 14020
f 14021 14023 14024 14022
f 14023 14025 14026 14024
f 14025 14027 14028 14026
f 14027 14029 14030 14028
f 14029 14031 14032 14030
f 14031 14033 14034 14032
f 14033 14035 14036 14034
f 14035 14037 14038 14036
f 14037 14039 14040 14038
f 14039 14017 14018 14040
f 14039 14037 14035 14033 14031 14029 14027 14025 14023 14021 14019 14017
f 14018 14020 14022 14024 14026 14028 14030 14032 14034 14036 14038 14040
o Edge_43
v 103.36 -30.7773 -84.9644
v 108.9333 -30.5033 -84.9644
v 103.3952 -31.4942 -85.1567
v 108.9686 -31.2202 -85.1567
v 103.421 -32.019 -85.6822
v 108.9944 -31.7451 -85.6822
v 103.4305 -32.2111 -86.4
v 109.0038 -31.9372 -86.4
v 103.421 -32.019 -87.1178
v 108.9944 -31.7451 -87.1178
v 103.3952 -31.4942 -87.6433
v 108.9686 -31.2202 -87.6433
v 103.36 -30.7773 -87.8356
v 108.9333 -30.5033 -87.8356
v 103.3248 -30.0603 -87.6433
v 108.8981 -29.7863 -87.6433
v 103.299 -29.5355 -87.1178
v 108.8723 -29.2615 -87.1178
v 103.2895 -29.3434 -86.4
v 108.8628 -29.0694 -86.4
v 103.299 -29.5355 -85.6822
v 108.8723 -29.2615 -85.6822
v 103.3248 -30.0603 -85.1567
v 108.8981 -29.7863 -85.1567
f 14041 14043 14044 14042
f 14043 14045 14046 14044
f 14045 14047 14048 14046
f 14047 14049 14050 14048
f 14049 14051 14052 14050
f 14051 14053 14054 14052
f 14053 14055 14056 14054
f 14055 14057 14058 14056
f 14057 14059 14060 14058
f 14059 14061 14062 14060
f 14061 14063 14064 14062
f 14063 14041 14042 14064
f 14063 14061 14059 14057 14055 14053 14051 14049 14047 14045 14043 14041
f 14042 14044 14046 14048 14050 14052 14054 14056 14058 14060 14062 14064
v 108.9333 -30.5033 -84.9644
v 114.5067 -30.2745 -84.9644
v 108.9628 -31.2205 -85.1567
v 114.5361 -30.9917 -85.1567
v 108.9843 -31.7455 -85.6822
v 114.5577 -31.5167 -85.6822
v 108.9922 -31.9377 -86.4
v 114.5655 -31.7089 -86.4
v 108.9843 -31.7455 -87.1178
v 114.5577 -31.5167 -87.1178
v 108.9628 -31.2205 -87.6433
v 114.5361 -30.9917 -87.6433
v 108.9333 -30.5033 -87.8356
v 114.5067 -30.2745 -87.8356
v 108.9039 -29.7861 -87.6433
v 114.4772 -29.5573 -87.6433
v 108.8823 -29.2611 -87.1178
v 114.4557 -29.0323 -87.1178
v 108.8745 -29.0689 -86.4
v 114.4478 -28.8401 -86.4
v 108.8823 -29.2611 -85.6822
v 114.4557 -29.0323 -85.6822
v 108.9039 -29.7861 -85.1567
v 114.4772 -29.5573 -85.1567
f 14065 14067 14068 14066
f 14067 14069 14070 14068
f 14069 14071 14072 14070
f 14071 14073 14074 14072
f 14073 14075 14076 14074
f 14075 14077 14078 14076
f 14077 14079 14080 14078
f 14079 14081 14082 14080
f 14081 14083 14084 14082
f 14083 14085 14086 14084
f 14085 14087 14088 14086
f 14087 14065 14066 14088
f 14087 14085 14083 14081 14079 14077 14075 14073 14071 14069 14067 14065
f 14066 14068 14070 14072 14074 14076 14078 14080 14082 14084 14086 14088
v 114.5067 -30.2745 -84.9644
v 120.08 -30.0924 -84.9644
v 114.5301 -30.9919 -85.1567
v 120.1034 -30.8098 -85.1567
v 114.5473 -31.5171 -85.6822
v 120.1206 -31.335 -85.6822
v 114.5536 -31.7093 -86.4
v 120.1269 -31.5272 -86.4
v 114.5473 -31.5171 -87.1178
v 120.1206 -31.335 -87.1178
v 114.5301 -30.9919 -87.6433
v 120.1034 -30.8098 -87.6433
v 114.5067 -30.2745 -87.8356
v 120.08 -30.0924 -87.8356
v 114.4832 -29.5571 -87.6433
v 120.0566 -29.3749 -87.6433
v 114.4661 -29.0319 -87.1178
v 120.0394 -28.8498 -87.1178
v 114.4598 -28.8397 -86.4
v 120.0331 -28.6575 -86.4
v 114.4661 -29.0319 -85.6822
v 120.0394 -28.8498 -85.6822
v 114.4832 -29.5571 -85.1567
v 120.0566 -29.3749 -85.1567
f 14089 14091 14092 14090
f 14091 14093 14094 14092
f 14093 14095 14096 14094
f 14095 14097 14098 14096
f 14097 14099 14100 14098
f 14099 14101 14102 14100
f 14101 14103 14104 14102
f 14103 14105 14106 14104
f 14105 14107 14108 14106
f 14107 14109 14110 14108
f 14109 14111 14112 14110
f 14111 14089 14090 14112
f 14111 14109 14107 14105 14103 14101 14099 14097 14095 14093 14091 14089
f 14090 14092 14094 14096 14098 14100 14102 14104 14106 14108 14110 14112
v 120.08 -30.0924 -84.9644
v 125.6533 -29.9991 -84.9644
v 120.092 -30.8101 -85.1567
v 125.6653 -30.7168 -85.1567
v 120.1008 -31.3355 -85.6822
v 125.6741 -31.2422 -85.6822
v 120.104 -31.5278 -86.4
v 125.6774 -31.4345 -86.4
v 120.1008 -31.3355 -87.1178
v 125.6741 -31.2422 -87.1178
v 120.092 -30.8101 -87.6433
v 125.6653 -30.7168 -87.6433
v 120.08 -30.0924 -87.8356
v 125.6533 -29.9991 -87.8356
v 120.068 -29.3747 -87.6433
v 125.6413 -29.2814 -87.6433
v 120.0592 -28.8493 -87.1178
v 125.6325 -28.756 -87.1178
v 120.056 -28.657 -86.4
v 125.6293 -28.5637 -86.4
v 120.0592 -28.8493 -85.6822
v 125.6325 -28.756 -85.6822
v 120.068 -29.3747 -85.1567
v 125.6413 -29.2814 -85.1567
f 14113 14115 14116 14114
f 14115 14117 14118 14116
f 14117 14119 14120 14118
f 14119 14121 14122 14120
f 14121 14123 14124 14122
f 14123 14125 14126 14124
f 14125 14127 14128 14126
f 14127 14129 14130 14128
f 14129 14131 14132 14130
f 14131 14133 14134 14132
f 14133 14135 14136 14134
f 14135 14113 14114 14136
f 14135 14133 14131 14129 14127 14125 14123 14121 14119 14117 14115 14113
f 14114 14116 14118 14120 14122 14124 14126 14128 14130 14132 14134 14136
v 125.6533 -29.9991 -84.9644
v 131.2267 -29.9587 -84.9644
v 125.6585 -30.7169 -85.1567
v 131.2319 -30.6764 -85.1567
v 125.6624 -31.2423 -85.6822
v 131.2357 -31.2019 -85.6822
v 125.6637 -31.4347 -86.4
v 131.2371 -31.3942 -86.4
v 125.6624 -31.2423 -87.1178
v 131.2357 -31.2019 -87.1178
v 125.6585 -30.7169 -87.6433
v 131.2319 -30.6764 -87.6433
v 125.6533 -29.9991 -87.8356
v 131.2267 -29.9587 -87.8356
v 125.6481 -29.2813 -87.6433
v 131.2215 -29.2409 -87.6433
v 125.6443 -28.7559 -87.1178
v 131.2176 -28.7154 -87.1178
v 125.6429 -28.5635 -86.4
v 131.2163 -28.5231 -86.4
v 125.6443 -28.7559 -85.6822
v 131.2176 -28.7154 -85.6822
v 125.6481 -29.2813 -85.1567
v 131.2215 -29.2409 -85.1567
f 14137 14139 14140 14138
f 14139 14141 14142 14140
f 14141 14143 14144 14142
f 14143 14145 14146 14144
f 14145 14147 14148 14146
f 14147 14149 14150 14148
f 14149 14151 14152 14150
f 14151 14153 14154 14152
f 14153 14155 14156 14154
f 14155 14157 14158 14156
f 14157 14159 14160 14158
f 14159 14137 14138 14160
f 14159 14157 14155 14153 14151 14149 14147 14145 14143 14141 14139 14137
f 14138 14140 14142 14144 14146 14148 14150 14152 14154 14156 14158 14160
v 131.2267 -29.9587 -84.9644
v 136.8 -29.9688 -84.9644
v 131.2254 -30.6765 -85.1567
v 136.7987 -30.6866 -85.1567
v 131.2244 -31.2019 -85.6822
v 136.7977 -31.212 -85.6822
v 131.2241 -31.3943 -86.4
v 136.7974 -31.4044 -86.4
v 131.2244 -31.2019 -87.1178
v 136.7977 -31.212 -87.1178
v 131.2254 -30.6765 -87.6433
v 136.7987 -30.6866 -87.6433
v 131.2267 -29.9587 -87.8356
v 136.8 -29.9688 -87.8356
v 131.228 -29.2409 -87.6433
v 136.8013 -29.251 -87.6433
v 131.2289 -28.7154 -87.1178
v 136.8023 -28.7255 -87.1178
v 131.2293 -28.5231 -86.4
v 136.8026 -28.5332 -86.4
v 131.2289 -28.7154 -85.6822
v 136.8023 -28.7255 -85.6822
v 131.228 -29.2409 -85.1567
v 136.8013 -29.251 -85.1567
f 14161 14163 14164 14162
f 14163 14165 14166 14164
f 14165 14167 14168 14166
f 14167 14169 14170 14168
f 14169 14171 14172 14170
f 14171 14173 14174 14172
f 14173 14175 14176 14174
f 14175 14177 14178 14176
f 14177 14179 14180 14178
f 14179 14181 14182 14180
f 14181 14183 14184 14182
f 14183 14161 14162 14184
f 14183 14181 14179 14177 14175 14173 14171 14169 14167 14165 14163 14161
f 14162 14164 14166 14168 14170 14172 14174 14176 14178 14180 14182 14184
o Edge_44
v -104.7956 -46.4057 -86.4
v -104.7956 -46.1376 -81.3714
v -104.6033 -47.1225 -86.3618
v -104.6033 -46.8544 -81.3332
v -104.0778 -47.6473 -86.3338
v -104.0778 -47.3791 -81.3052
v -103.36 -47.8393 -86.3236
v -103.36 -47.5711 -81.295
v -102.6422 -47.6473 -86.3338
v -102.6422 -47.3791 -81.3052
v -102.1167 -47.1225 -86.3618
v -102.1167 -46.8544 -81.3332
v -101.9244 -46.4057 -86.4
v -101.9244 -46.1376 -81.3714
v -102.1167 -45.689 -86.4382
v -102.1167 -45.4208 -81.4097
v -102.6422 -45.1642 -86.4662
v -102.6422 -44.8961 -81.4376
v -103.36 -44.9722 -86.4764
v -103.36 -44.704 -81.4479
v -104.0778 -45.1642 -86.4662
v -104.0778 -44.8961 -81.4376
v -104.6033 -45.689 -86.4382
v -104.6033 -45.4208 -81.4097
f 14185 14187 14188 14186
f 14187 14189 14190 14188
f 14189 14191 14192 14190
f 14191 14193 14194 14192
f 14193 14195 14196 14194
f 14195 14197 14198 14196
f 14197 14199 14200 14198
f 14199 14201 14202 14200
f 14201 14203 14204 14202
f 14203 14205 14206 14204
f 14205 14207 14208 14206
f 14207 14185 14186 14208
f 14207 14205 14203 14201 14199 14197 14195 14193 14191 14189 14187 14185
f 14186 14188 14190 14192 14194 14196 14198 14200 14202 14204 14206 14208
v -104.7956 -46.1376 -81.3714
v -104.7956 -45.7831 -76.3429
v -104.6033 -46.8536 -81.321
v -104.6033 -46.4992 -76.2924
v -104.0778 -47.3778 -81.284
v -104.0778 -47.0233 -76.2554
v -103.36 -47.5696 -81.2705
v -103.36 -47.2152 -76.2419
v -102.6422 -47.3778 -81.284
v -102.6422 -47.0233 -76.2554
v -102.1167 -46.8536 -81.321
v -102.1167 -46.4992 -76.2924
v -101.9244 -46.1376 -81.3714
v -101.9244 -45.7831 -76.3429
v -102.1167 -45.4216 -81.4219
v -102.1167 -45.0671 -76.3933
v -102.6422 -44.8974 -81.4588
v -102.6422 -44.5429 -76.4303
v -103.36 -44.7055 -81.4724
v -103.36 -44.3511 -76.4438
v -104.0778 -44.8974 -81.4588
v -104.0778 -44.5429 -76.4303
v -104.6033 -45.4216 -81.4219
v -104.6033 -45.0671 -76.3933
f 14209 14211 14212 14210
f 14211 14213 14214 14212
f 14213 14215 14216 14214
f 14215 14217 14218 14216
f 14217 14219 14220 14218
f 14219 14221 14222 14220
f 14221 14223 14224 14222
f 14223 14225 14226 14224
f 14225 14227 14228 14226
f 14227 14229 14230 14228
f 14229 14231 14232 14230
f 14231 14209 14210 14232
f 14231 14229 14227 14225 14223 14221 14219 14217 14215 14213 14211 14209
f 14210 14212 14214 14216 14218 14220 14222 14224 14226 14228 14230 14232
v -104.7956 -45.7831 -76.3429
v -104.7956 -46.3698 -71.3143
v -104.6033 -46.4961 -76.426
v -104.6033 -47.0828 -71.3975
v -104.0778 -47.018 -76.4869
v -104.0778 -47.6047 -71.4584
v -103.36 -47.2091 -76.5092
v -103.36 -47.7957 -71.4806
v -102.6422 -47.018 -76.4869
v -102.6422 -47.6047 -71.4584
v -102.1167 -46.4961 -76.426
v -102.1167 -47.0828 -71.3975
v -101.9244 -45.7831 -76.3429
v -101.9244 -46.3698 -71.3143
v -102.1167 -45.0702 -76.2597
v -102.1167 -45.6568 -71.2311
v -102.6422 -44.5482 -76.1988
v -102.6422 -45.1349 -71.1702
v -103.36 -44.3572 -76.1765
v -103.36 -44.9439 -71.1479
v -104.0778 -44.5482 -76.1988
v -104.0778 -45.1349 -71.1702
v -104.6033 -45.0702 -76.2597
v -104.6033 -45.6568 -71.2311
f 14233 14235 14236 14234
f 14235 14237 14238 14236
f 14237 14239 14240 14238
f 14239 14241 14242 14240
f 14241 14243 14244 14242
f 14243 14245 14246 14244
f 14245 14247 14248 14246
f 14247 14249 14250 14248
f 14249 14251 14252 14250
f 14251 14253 14254 14252
f 14253 14255 14256 14254
f 14255 14233 14234 14256
f 14255 14253 14251 14249 14247 14245 14243 14241 14239 14237 14235 14233
f 14234 14236 14238 14240 14242 14244 14246 14248 14250 14252 14254 14256
v -104.7956 -46.3698 -71.3143
v -104.7956 -46.9565 -66.2857
v -104.6033 -47.0828 -71.3975
v -104.6033 -47.6694 -66.3689
v -104.0778 -47.6047 -71.4584
v -104.0778 -48.1913 -66.4298
v -103.36 -47.7957 -71.4806
v -103.36 -48.3824 -66.4521
v -102.6422 -47.6047 -71.4584
v -102.6422 -48.1913 -66.4298
v -102.1167 -47.0828 -71.3975
v -102.1167 -47.6694 -66.3689
v -101.9244 -46.3698 -71.3143
v -101.9244 -46.9565 -66.2857
v -102.1167 -45.6568 -71.2311
v -102.1167 -46.2435 -66.2025
v -102.6422 -45.1349 -71.1702
v -102.6422 -45.7216 -66.1416
v -103.36 -44.9439 -71.1479
v -103.36 -45.5305 -66.1194
v -104.0778 -45.1349 -71.1702
v -104.0778 -45.7216 -66.1416
v -104.6033 -45.6568 -71.2311
v -104.6033 -46.2435 -66.2025
f 14257 14259 14260 14258
f 14259 14261 14262 14260
f 14261 14263 14264 14262
f 14263 14265 14266 14264
f 14265 14267 14268 14266
f 14267 14269 14270 14268
f 14269 14271 14272 14270
f 14271 14273 14274 14272
f 14273 14275 14276 14274
f 14275 14277 14278 14276
f 14277 14279 14280 14278
f 14279 14257 14258 14280
f 14279 14277 14275 14273 14271 14269 14267 14265 14263 14261 14259 14257
f 14258 14260 14262 14264 14266 14268 14270 14272 14274 14276 14278 14280
v -104.7956 -46.9565 -66.2857
v -104.7956 -46.42 -61.2571
v -104.6033 -47.6702 -66.2096
v -104.6033 -47.1337 -61.181
v -104.0778 -48.1927 -66.1538
v -104.0778 -47.6562 -61.1252
v -103.36 -48.384 -66.1334
v -103.36 -47.8475 -61.1048
v -102.6422 -48.1927 -66.1538
v -102.6422 -47.6562 -61.1252
v -102.1167 -47.6702 -66.2096
v -102.1167 -47.1337 -61.181
v -101.9244 -46.9565 -66.2857
v -101.9244 -46.42 -61.2571
v -102.1167 -46.2427 -66.3619
v -102.1167 -45.7062 -61.3333
v -102.6422 -45.7202 -66.4176
v -102.6422 -45.1837 -61.389
v -103.36 -45.529 -66.438
v -103.36 -44.9925 -61.4094
v -104.0778 -45.7202 -66.4176
v -104.0778 -45.1837 -61.389
v -104.6033 -46.2427 -66.3619
v -104.6033 -45.7062 -61.3333
f 14281 14283 14284 14282
f 14283 14285 14286 14284
f 14285 14287 14288 14286
f 14287 14289 14290 14288
f 14289 14291 14292 14290
f 14291 14293 14294 14292
f 14293 14295 14296 14294
f 14295 14297 14298 14296
f 14297 14299 14300 14298
f 14299 14301 14302 14300
f 14301 14303 14304 14302
f 14303 14281 14282 14304
f 14303 14301 14299 14297 14295 14293 14291 14289 14287 14285 14283 14281
f 14282 14284 14286 14288 14290 14292 14294 14296 14298 14300 14302 14304
v -104.7956 -46.42 -61.2571
v -104.7956 -45.8204 -56.2286
v -104.6033 -47.1327 -61.1722
v -104.6033 -46.5332 -56.1436
v -104.0778 -47.6545 -61.11
v -104.0778 -47.055 -56.0814
v -103.36 -47.8455 -61.0872
v -103.36 -47.2459 -56.0586
v -102.6422 -47.6545 -61.11
v -102.6422 -47.055 -56.0814
v -102.1167 -47.1327 -61.1722
v -102.1167 -46.5332 -56.1436
v -101.9244 -46.42 -61.2571
v -101.9244 -45.8204 -56.2286
v -102.1167 -45.7072 -61.3421
v -102.1167 -45.1077 -56.3135
v -102.6422 -45.1854 -61.4043
v -102.6422 -44.5859 -56.3758
v -103.36 -44.9945 -61.4271
v -103.36 -44.3949 -56.3985
v -104.0778 -45.1854 -61.4043
v -104.0778 -44.5859 -56.3758
v -104.6033 -45.7072 -61.3421
v -104.6033 -45.1077 -56.3135
f 14305 14307 14308 14306
f 14307 14309 14310 14308
f 14309 14311 14312 14310
f 14311 14313 14314 14312
f 14313 14315 14316 14314
f 14315 14317 14318 14316
f 14317 14319 14320 14318
f 14319 14321 14322 14320
f 14321 14323 14324 14322
f 14323 14325 14326 14324
f 14325 14327 14328 14326
f 14327 14305 14306 14328
f 14327 14325 14323 14321 14319 14317 14315 14313 14311 14309 14307 14305
f 14306 14308 14310 14312 14314 14316 14318 14320 14322 14324 14326 14328
v -104.7956 -45.8204 -56.2286
v -104.7956 -45.1135 -51.2
v -104.6033 -46.5312 -56.1286
v -104.6033 -45.8243 -51.1001
v -104.0778 -47.0516 -56.0555
v -104.0778 -46.3447 -51.0269
v -103.36 -47.2421 -56.0287
v -103.36 -46.5351 -51.0001
v -102.6422 -47.0516 -56.0555
v -102.6422 -46.3447 -51.0269
v -102.1167 -46.5312 -56.1286
v -102.1167 -45.8243 -51.1001
v -101.9244 -45.8204 -56.2286
v -101.9244 -45.1135 -51.2
v -102.1167 -45.1096 -56.3285
v -102.1167 -44.4027 -51.2999
v -102.6422 -44.5893 -56.4016
v -102.6422 -43.8824 -51.3731
v -103.36 -44.3988 -56.4284
v -103.36 -43.6919 -51.3999
v -104.0778 -44.5893 -56.4016
v -104.0778 -43.8824 -51.3731
v -104.6033 -45.1096 -56.3285
v -104.6033 -44.4027 -51.2999
f 14329 14331 14332 14330
f 14331 14333 14334 14332
f 14333 14335 14336 14334
f 14335 14337 14338 14336
f 14337 14339 14340 14338
f 14339 14341 14342 14340
f 14341 14343 14344 14342
f 14343 14345 14346 14344
f 14345 14347 14348 14346
f 14347 14349 14350 14348
f 14349 14351 14352 14350
f 14351 14329 14330 14352
f 14351 14349 14347 14345 14343 14341 14339 14337 14335 14333 14331 14329
f 14330 14332 14334 14336 14338 14340 14342 14344 14346 14348 14350 14352
o Edge_45
v 101.9244 -30.7773 -86.4
v 101.9244 -31.124 -81.3714
v 102.1167 -31.4934 -86.4494
v 102.1167 -31.8401 -81.4208
v 102.6422 -32.0176 -86.4855
v 102.6422 -32.3643 -81.4569
v 103.36 -32.2095 -86.4987
v 103.36 -32.5562 -81.4702
v 104.0778 -32.0176 -86.4855
v 104.0778 -32.3643 -81.4569
v 104.6033 -31.4934 -86.4494
v 104.6033 -31.8401 -81.4208
v 104.7956 -30.7773 -86.4
v 104.7956 -31.124 -81.3714
v 104.6033 -30.0612 -86.3506
v 104.6033 -30.4079 -81.3221
v 104.0778 -29.5369 -86.3145
v 104.0778 -29.8837 -81.2859
v 103.36 -29.3451 -86.3013
v 103.36 -29.6918 -81.2727
v 102.6422 -29.5369 -86.3145
v 102.6422 -29.8837 -81.2859
v 102.1167 -30.0612 -86.3506
v 102.1167 -30.4079 -81.3221
f 14353 14355 14356 14354
f 14355 14357 14358 14356
f 14357 14359 14360 14358
f 14359 14361 14362 14360
f 14361 14363 14364 14362
f 14363 14365 14366 14364
f 14365 14367 14368 14366
f 14367 14369 14370 14368
f 14369 14371 14372 14370
f 14371 14373 14374 14372
f 14373 14375 14376 14374
f 14375 14353 14354 14376
f 14375 14373 14371 14369 14367 14365 14363 14361 14359 14357 14355 14353
f 14354 14356 14358 14360 14362 14364 14366 14368 14370 14372 14374 14376
v 101.9244 -31.124 -81.3714
v 101.9244 -31.5677 -76.3429
v 102.1167 -31.839 -81.4345
v 102.1167 -32.2828 -76.406
v 102.6422 -32.3624 -81.4807
v 102.6422 -32.8062 -76.4521
v 103.36 -32.554 -81.4976
v 103.36 -32.9978 -76.4691
v 104.0778 -32.3624 -81.4807
v 104.0778 -32.8062 -76.4521
v 104.6033 -31.839 -81.4345
v 104.6033 -32.2828 -76.406
v 104.7956 -31.124 -81.3714
v 104.7956 -31.5677 -76.3429
v 104.6033 -30.409 -81.3083
v 104.6033 -30.8527 -76.2798
v 104.0778 -29.8855 -81.2621
v 104.0778 -30.3293 -76.2336
v 103.36 -29.6939 -81.2452
v 103.36 -30.1377 -76.2167
v 102.6422 -29.8855 -81.2621
v 102.6422 -30.3293 -76.2336
v 102.1167 -30.409 -81.3083
v 102.1167 -30.8527 -76.2798
f 14377 14379 14380 14378
f 14379 14381 14382 14380
f 14381 14383 14384 14382
f 14383 14385 14386 14384
f 14385 14387 14388 14386
f 14387 14389 14390 14388
f 14389 14391 14392 14390
f 14391 14393 14394 14392
f 14393 14395 14396 14394
f 14395 14397 14398 14396
f 14397 14399 14400 14398
f 14399 14377 14378 14400
f 14399 14397 14395 14393 14391 14389 14387 14385 14383 14381 14379 14377
f 14378 14380 14382 14384 14386 14388 14390 14392 14394 14396 14398 14400
v 101.9244 -31.5677 -76.3429
v 101.9244 -32.0596 -71.3143
v 102.1167 -32.2821 -76.4127
v 102.1167 -32.774 -71.3842
v 102.6422 -32.8051 -76.4639
v 102.6422 -33.297 -71.4353
v 103.36 -32.9965 -76.4826
v 103.36 -33.4884 -71.454
v 104.0778 -32.8051 -76.4639
v 104.0778 -33.297 -71.4353
v 104.6033 -32.2821 -76.4127
v 104.6033 -32.774 -71.3842
v 104.7956 -31.5677 -76.3429
v 104.7956 -32.0596 -71.3143
v 104.6033 -30.8533 -76.273
v 104.6033 -31.3452 -71.2444
v 104.0778 -30.3304 -76.2218
v 104.0778 -30.8223 -71.1932
v 103.36 -30.1389 -76.2031
v 103.36 -30.6308 -71.1745
v 102.6422 -30.3304 -76.2218
v 102.6422 -30.8223 -71.1932
v 102.1167 -30.8533 -76.273
v 102.1167 -31.3452 -71.2444
f 14401 14403 14404 14402
f 14403 14405 14406 14404
f 14405 14407 14408 14406
f 14407 14409 14410 14408
f 14409 14411 14412 14410
f 14411 14413 14414 14412
f 14413 14415 14416 14414
f 14415 14417 14418 14416
f 14417 14419 14420 14418
f 14419 14421 14422 14420
f 14421 14423 14424 14422
f 14423 14401 14402 14424
f 14423 14421 14419 14417 14415 14413 14411 14409 14407 14405 14403 14401
f 14402 14404 14406 14408 14410 14412 14414 14416 14418 14420 14422 14424
v 101.9244 -32.0596 -71.3143
v 101.9244 -32.6259 -66.2857
v 102.1167 -32.7729 -71.3946
v 102.1167 -33.3392 -66.366
v 102.6422 -33.2951 -71.4534
v 102.6422 -33.8614 -66.4249
v 103.36 -33.4862 -71.4749
v 103.36 -34.0525 -66.4464
v 104.0778 -33.2951 -71.4534
v 104.0778 -33.8614 -66.4249
v 104.6033 -32.7729 -71.3946
v 104.6033 -33.3392 -66.366
v 104.7956 -32.0596 -71.3143
v 104.7956 -32.6259 -66.2857
v 104.6033 -31.3463 -71.234
v 104.6033 -31.9127 -66.2054
v 104.0778 -30.8242 -71.1751
v 104.0778 -31.3905 -66.1466
v 103.36 -30.633 -71.1536
v 103.36 -31.1994 -66.1251
v 102.6422 -30.8242 -71.1751
v 102.6422 -31.3905 -66.1466
v 102.1167 -31.3463 -71.234
v 102.1167 -31.9127 -66.2054
f 14425 14427 14428 14426
f 14427 14429 14430 14428
f 14429 14431 14432 14430
f 14431 14433 14434 14432
f 14433 14435 14436 14434
f 14435 14437 14438 14436
f 14437 14439 14440 14438
f 14439 14441 14442 14440
f 14441 14443 14444 14442
f 14443 14445 14446 14444
f 14445 14447 14448 14446
f 14447 14425 14426 14448
f 14447 14445 14443 14441 14439 14437 14435 14433 14431 14429 14427 14425
f 14426 14428 14430 14432 14434 14436 14438 14440 14442 14444 14446 14448
v 101.9244 -32.6259 -66.2857
v 101.9244 -33.2142 -61.2571
v 102.1167 -33.3389 -66.3691
v 102.1167 -33.9271 -61.3405
v 102.6422 -33.8608 -66.4302
v 102.6422 -34.449 -61.4016
v 103.36 -34.0518 -66.4525
v 103.36 -34.6401 -61.4239
v 104.0778 -33.8608 -66.4302
v 104.0778 -34.449 -61.4016
v 104.6033 -33.3389 -66.3691
v 104.6033 -33.9271 -61.3405
v 104.7956 -32.6259 -66.2857
v 104.7956 -33.2142 -61.2571
v 104.6033 -31.913 -66.2023
v 104.6033 -32.5012 -61.1737
v 104.0778 -31.3911 -66.1413
v 104.0778 -31.9793 -61.1127
v 103.36 -31.2001 -66.1189
v 103.36 -31.7883 -61.0903
v 102.6422 -31.3911 -66.1413
v 102.6422 -31.9793 -61.1127
v 102.1167 -31.913 -66.2023
v 102.1167 -32.5012 -61.1737
f 14449 14451 14452 14450
f 14451 14453 14454 14452
f 14453 14455 14456 14454
f 14455 14457 14458 14456
f 14457 14459 14460 14458
f 14459 14461 14462 14460
f 14461 14463 14464 14462
f 14463 14465 14466 14464
f 14465 14467 14468 14466
f 14467 14469 14470 14468
f 14469 14471 14472 14470
f 14471 14449 14450 14472
f 14471 14469 14467 14465 14463 14461 14459 14457 14455 14453 14451 14449
f 14450 14452 14454 14456 14458 14460 14462 14464 14466 14468 14470 14472
v 101.9244 -33.2142 -61.2571
v 101.9244 -33.8207 -56.2286
v 102.1167 -33.9268 -61.3431
v 102.1167 -34.5333 -56.3145
v 102.6422 -34.4485 -61.406
v 102.6422 -35.055 -56.3774
v 103.36 -34.6394 -61.429
v 103.36 -35.2459 -56.4005
v 104.0778 -34.4485 -61.406
v 104.0778 -35.055 -56.3774
v 104.6033 -33.9268 -61.3431
v 104.6033 -34.5333 -56.3145
v 104.7956 -33.2142 -61.2571
v 104.7956 -33.8207 -56.2286
v 104.6033 -32.5015 -61.1712
v 104.6033 -33.108 -56.1426
v 104.0778 -31.9799 -61.1083
v 104.0778 -32.5863 -56.0797
v 103.36 -31.7889 -61.0852
v 103.36 -32.3954 -56.0567
v 102.6422 -31.9799 -61.1083
v 102.6422 -32.5863 -56.0797
v 102.1167 -32.5015 -61.1712
v 102.1167 -33.108 -56.1426
f 14473 14475 14476 14474
f 14475 14477 14478 14476
f 14477 14479 14480 14478
f 14479 14481 14482 14480
f 14481 14483 14484 14482
f 14483 14485 14486 14484
f 14485 14487 14488 14486
f 14487 14489 14490 14488
f 14489 14491 14492 14490
f 14491 14493 14494 14492
f 14493 14495 14496 14494
f 14495 14473 14474 14496
f 14495 14493 14491 14489 14487 14485 14483 14481 14479 14477 14475 14473
f 14474 14476 14478 14480 14482 14484 14486 14488 14490 14492 14494 14496
v 101.9244 -33.8207 -56.2286
v 101.9244 -34.4295 -51.2
v 102.1167 -34.5333 -56.3149
v 102.1167 -35.1421 -51.2863
v 102.6422 -35.0549 -56.378
v 102.6422 -35.6638 -51.3494
v 103.36 -35.2458 -56.4011
v 103.36 -35.8547 -51.3726
v 104.0778 -35.0549 -56.378
v 104.0778 -35.6638 -51.3494
v 104.6033 -34.5333 -56.3149
v 104.6033 -35.1421 -51.2863
v 104.7956 -33.8207 -56.2286
v 104.7956 -34.4295 -51.2
v 104.6033 -33.1081 -56.1423
v 104.6033 -33.7169 -51.1137
v 104.0778 -32.5864 -56.0791
v 104.0778 -33.1952 -51.0506
v 103.36 -32.3955 -56.056
v 103.36 -33.0043 -51.0274
v 102.6422 -32.5864 -56.0791
v 102.6422 -33.1952 -51.0506
v 102.1167 -33.1081 -56.1423
v 102.1167 -33.7169 -51.1137
f 14497 14499 14500 14498
f 14499 14501 14502 14500
f 14501 14503 14504 14502
f 14503 14505 14506 14504
f 14505 14507 14508 14506
f 14507 14509 14510 14508
f 14509 14511 14512 14510
f 14511 14513 14514 14512
f 14513 14515 14516 14514
f 14515 14517 14518 14516
f 14517 14519 14520 14518
f 14519 14497 14498 14520
f 14519 14517 14515 14513 14511 14509 14507 14505 14503 14501 14499 14497
f 14498 14500 14502 14504 14506 14508 14510 14512 14514 14516 14518 14520
o Edge_46
v -26.0644 -43.4624 -86.4
v -26.0644 -43.9721 -92
v -26.2567 -44.1773 -86.3349
v -26.2567 -44.687 -91.9349
v -26.7822 -44.7006 -86.2873
v -26.7822 -45.2103 -91.8873
v -27.5 -44.8921 -86.2699
v -27.5 -45.4018 -91.8699
v -28.2178 -44.7006 -86.2873
v -28.2178 -45.2103 -91.8873
v -28.7433 -44.1773 -86.3349
v -28.7433 -44.687 -91.9349
v -28.9356 -43.4624 -86.4
v -28.9356 -43.9721 -92
v -28.7433 -42.7476 -86.4651
v -28.7433 -43.2573 -92.0651
v -28.2178 -42.2243 -86.5127
v -28.2178 -42.734 -92.1127
v -27.5 -42.0327 -86.5301
v -27.5 -42.5424 -92.1301
v -26.7822 -42.2243 -86.5127
v -26.7822 -42.734 -92.1127
v -26.2567 -42.7476 -86.4651
v -26.2567 -43.2573 -92.0651
f 14521 14523 14524 14522
f 14523 14525 14526 14524
f 14525 14527 14528 14526
f 14527 14529 14530 14528
f 14529 14531 14532 14530
f 14531 14533 14534 14532
f 14533 14535 14536 14534
f 14535 14537 14538 14536
f 14537 14539 14540 14538
f 14539 14541 14542 14540
f 14541 14543 14544 14542
f 14543 14521 14522 14544
f 14543 14541 14539 14537 14535 14533 14531 14529 14527 14525 14523 14521
f 14522 14524 14526 14528 14530 14532 14534 14536 14538 14540 14542 14544
v -26.0644 -43.9721 -92
v -26.0644 -44.4123 -97.6
v -26.2567 -44.6877 -91.9437
v -26.2567 -45.1279 -97.5437
v -26.7822 -45.2116 -91.9026
v -26.7822 -45.6518 -97.5026
v -27.5 -45.4033 -91.8875
v -27.5 -45.8435 -97.4875
v -28.2178 -45.2116 -91.9026
v -28.2178 -45.6518 -97.5026
v -28.7433 -44.6877 -91.9437
v -28.7433 -45.1279 -97.5437
v -28.9356 -43.9721 -92
v -28.9356 -44.4123 -97.6
v -28.7433 -43.2565 -92.0563
v -28.7433 -43.6967 -97.6563
v -28.2178 -42.7327 -92.0974
v -28.2178 -43.1729 -97.6974
v -27.5 -42.5409 -92.1125
v -27.5 -42.9811 -97.7125
v -26.7822 -42.7327 -92.0974
v -26.7822 -43.1729 -97.6974
v -26.2567 -43.2565 -92.0563
v -26.2567 -43.6967 -97.6563
f 14545 14547 14548 14546
f 14547 14549 14550 14548
f 14549 14551 14552 14550
f 14551 14553 14554 14552
f 14553 14555 14556 14554
f 14555 14557 14558 14556
f 14557 14559 14560 14558
f 14559 14561 14562 14560
f 14561 14563 14564 14562
f 14563 14565 14566 14564
f 14565 14567 14568 14566
f 14567 14545 14546 14568
f 14567 14565 14563 14561 14559 14557 14555 14553 14551 14549 14547 14545
f 14546 14548 14550 14552 14554 14556 14558 14560 14562 14564 14566 14568
o Edge_47
v -27.5 -44.4123 -96.1644
v -22 -44.0165 -96.1644
v -27.4485 -45.1283 -96.3567
v -21.9485 -44.7324 -96.3567
v -27.4108 -45.6524 -96.8822
v -21.9108 -45.2565 -96.8822
v -27.3969 -45.8442 -97.6
v -21.8969 -45.4484 -97.6
v -27.4108 -45.6524 -98.3178
v -21.9108 -45.2565 -98.3178
v -27.4485 -45.1283 -98.8433
v -21.9485 -44.7324 -98.8433
v -27.5 -44.4123 -99.0356
v -22 -44.0165 -99.0356
v -27.5515 -43.6964 -98.8433
v -22.0515 -43.3005 -98.8433
v -27.5892 -43.1723 -98.3178
v -22.0892 -42.7764 -98.3178
v -27.6031 -42.9804 -97.6
v -22.1031 -42.5846 -97.6
v -27.5892 -43.1723 -96.8822
v -22.0892 -42.7764 -96.8822
v -27.5515 -43.6964 -96.3567
v -22.0515 -43.3005 -96.3567
f 14569 14571 14572 14570
f 14571 14573 14574 14572
f 14573 14575 14576 14574
f 14575 14577 14578 14576
f 14577 14579 14580 14578
f 14579 14581 14582 14580
f 14581 14583 14584 14582
f 14583 14585 14586 14584
f 14585 14587 14588 14586
f 14587 14589 14590 14588
f 14589 14591 14592 14590
f 14591 14569 14570 14592
f 14591 14589 14587 14585 14583 14581 14579 14577 14575 14573 14571 14569
f 14570 14572 14574 14576 14578 14580 14582 14584 14586 14588 14590 14592
v -22 -44.0165 -96.1644
v -16.5 -43.5817 -96.1644
v -21.9434 -44.7321 -96.3567
v -16.4434 -44.2973 -96.3567
v -21.902 -45.2559 -96.8822
v -16.402 -44.8211 -96.8822
v -21.8869 -45.4476 -97.6
v -16.3869 -45.0128 -97.6
v -21.902 -45.2559 -98.3178
v -16.402 -44.8211 -98.3178
v -21.9434 -44.7321 -98.8433
v -16.4434 -44.2973 -98.8433
v -22 -44.0165 -99.0356
v -16.5 -43.5817 -99.0356
v -22.0566 -43.3009 -98.8433
v -16.5566 -42.8661 -98.8433
v -22.098 -42.7771 -98.3178
v -16.598 -42.3423 -98.3178
v -22.1131 -42.5853 -97.6
v -16.6131 -42.1506 -97.6
v -22.098 -42.7771 -96.8822
v -16.598 -42.3423 -96.8822
v -22.0566 -43.3009 -96.3567
v -16.5566 -42.8661 -96.3567
f 14593 14595 14596 14594
f 14595 14597 14598 14596
f 14597 14599 14600 14598
f 14599 14601 14602 14600
f 14601 14603 14604 14602
f 14603 14605 14606 14604
f 14605 14607 14608 14606
f 14607 14609 14610 14608
f 14609 14611 14612 14610
f 14611 14613 14614 14612
f 14613 14615 14616 14614
f 14615 14593 14594 14616
f 14615 14613 14611 14609 14607 14605 14603 14601 14599 14597 14595 14593
f 14594 14596 14598 14600 14602 14604 14606 14608 14610 14612 14614 14616
v -16.5 -43.5817 -96.1644
v -11 -43.0875 -96.1644
v -16.4358 -44.2966 -96.3567
v -10.9358 -43.8025 -96.3567
v -16.3887 -44.82 -96.8822
v -10.8887 -44.3258 -96.8822
v -16.3715 -45.0115 -97.6
v -10.8715 -44.5174 -97.6
v -16.3887 -44.82 -98.3178
v -10.8887 -44.3258 -98.3178
v -16.4358 -44.2966 -98.8433
v -10.9358 -43.8025 -98.8433
v -16.5 -43.5817 -99.0356
v -11 -43.0875 -99.0356
v -16.5642 -42.8668 -98.8433
v -11.0642 -42.3726 -98.8433
v -16.6113 -42.3434 -98.3178
v -11.1113 -41.8493 -98.3178
v -16.6285 -42.1518 -97.6
v -11.1285 -41.6577 -97.6
v -16.6113 -42.3434 -96.8822
v -11.1113 -41.8493 -96.8822
v -16.5642 -42.8668 -96.3567
v -11.0642 -42.3726 -96.3567
f 14617 14619 14620 14618
f 14619 14621 14622 14620
f 14621 14623 14624 14622
f 14623 14625 14626 14624
f 14625 14627 14628 14626
f 14627 14629 14630 14628
f 14629 14631 14632 14630
f 14631 14633 14634 14632
f 14633 14635 14636 14634
f 14635 14637 14638 14636
f 14637 14639 14640 14638
f 14639 14617 14618 14640
f 14639 14637 14635 14633 14631 14629 14627 14625 14623 14621 14619 14617
f 14618 14620 14622 14624 14626 14628 14630 14632 14634 14636 14638 14640
v -11 -43.0875 -96.1644
v -5.5 -42.5586 -96.1644
v -10.9313 -43.802 -96.3567
v -5.4313 -43.2731 -96.3567
v -10.881 -44.3251 -96.8822
v -5.381 -43.7962 -96.8822
v -10.8626 -44.5165 -97.6
v -5.3626 -43.9876 -97.6
v -10.881 -44.3251 -98.3178
v -5.381 -43.7962 -98.3178
v -10.9313 -43.802 -98.8433
v -5.4313 -43.2731 -98.8433
v -11 -43.0875 -99.0356
v -5.5 -42.5586 -99.0356
v -11.0687 -42.373 -98.8433
v -5.5687 -41.8441 -98.8433
v -11.119 -41.85 -98.3178
v -5.619 -41.321 -98.3178
v -11.1374 -41.6585 -97.6
v -5.6374 -41.1296 -97.6
v -11.119 -41.85 -96.8822
v -5.619 -41.321 -96.8822
v -11.0687 -42.373 -96.3567
v -5.5687 -41.8441 -96.3567
f 14641 14643 14644 14642
f 14643 14645 14646 14644
f 14645 14647 14648 14646
f 14647 14649 14650 14648
f 14649 14651 14652 14650
f 14651 14653 14654 14652
f 14653 14655 14656 14654
f 14655 14657 14658 14656
f 14657 14659 14660 14658
f 14659 14661 14662 14660
f 14661 14663 14664 14662
f 14663 14641 14642 14664
f 14663 14661 14659 14657 14655 14653 14651 14649 14647 14645 14643 14641
f 14642 14644 14646 14648 14650 14652 14654 14656 14658 14660 14662 14664
v -5.5 -42.5586 -96.1644
v 0 -41.9951 -96.1644
v -5.4268 -43.2727 -96.3567
v 0.0732 -42.7091 -96.3567
v -5.3733 -43.7954 -96.8822
v 0.1267 -43.2319 -96.8822
v -5.3537 -43.9867 -97.6
v 0.1463 -43.4232 -97.6
v -5.3733 -43.7954 -98.3178
v 0.1267 -43.2319 -98.3178
v -5.4268 -43.2727 -98.8433
v 0.0732 -42.7091 -98.8433
v -5.5 -42.5586 -99.0356
v 0 -41.9951 -99.0356
v -5.5732 -41.8445 -98.8433
v -0.0732 -41.281 -98.8433
v -5.6267 -41.3218 -98.3178
v -0.1267 -40.7583 -98.3178
v -5.6463 -41.1305 -97.6
v -0.1463 -40.5669 -97.6
v -5.6267 -41.3218 -96.8822
v -0.1267 -40.7583 -96.8822
v -5.5732 -41.8445 -96.3567
v -0.0732 -41.281 -96.3567
f 14665 14667 14668 14666
f 14667 14669 14670 14668
f 14669 14671 14672 14670
f 14671 14673 14674 14672
f 14673 14675 14676 14674
f 14675 14677 14678 14676
f 14677 14679 14680 14678
f 14679 14681 14682 14680
f 14681 14683 14684 14682
f 14683 14685 14686 14684
f 14685 14687 14688 14686
f 14687 14665 14666 14688
f 14687 14685 14683 14681 14679 14677 14675 14673 14671 14669 14667 14665
f 14666 14668 14670 14672 14674 14676 14678 14680 14682 14684 14686 14688
v 0 -41.9951 -96.1644
v 5.5 -41.3762 -96.1644
v 0.0803 -42.7084 -96.3567
v 5.5803 -42.0895 -96.3567
v 0.139 -43.2305 -96.8822
v 5.639 -42.6116 -96.8822
v 0.1605 -43.4217 -97.6
v 5.6605 -42.8028 -97.6
v 0.139 -43.2305 -98.3178
v 5.639 -42.6116 -98.3178
v 0.0803 -42.7084 -98.8433
v 5.5803 -42.0895 -98.8433
v 0 -41.9951 -99.0356
v 5.5 -41.3762 -99.0356
v -0.0803 -41.2818 -98.8433
v 5.4197 -40.6629 -98.8433
v -0.139 -40.7596 -98.3178
v 5.361 -40.1407 -98.3178
v -0.1605 -40.5685 -97.6
v 5.3395 -39.9496 -97.6
v -0.139 -40.7596 -96.8822
v 5.361 -40.1407 -96.8822
v -0.0803 -41.2818 -96.3567
v 5.4197 -40.6629 -96.3567
f 14689 14691 14692 14690
f 14691 14693 14694 14692
f 14693 14695 14696 14694
f 14695 14697 14698 14696
f 14697 14699 14700 14698
f 14699 14701 14702 14700
f 14701 14703 14704 14702
f 14703 14705 14706 14704
f 14705 14707 14708 14706
f 14707 14709 14710 14708
f 14709 14711 14712 14710
f 14711 14689 14690 14712
f 14711 14709 14707 14705 14703 14701 14699 14697 14695 14693 14691 14689
f 14690 14692 14694 14696 14698 14700 14702 14704 14706 14708 14710 14712
v 5.5 -41.3762 -96.1644
v 11 -40.7341 -96.1644
v 5.5832 -42.0891 -96.3567
v 11.0832 -41.4471 -96.3567
v 5.6441 -42.611 -96.8822
v 11.1441 -41.969 -96.8822
v 5.6664 -42.8021 -97.6
v 11.1664 -42.1601 -97.6
v 5.6441 -42.611 -98.3178
v 11.1441 -41.969 -98.3178
v 5.5832 -42.0891 -98.8433
v 11.0832 -41.4471 -98.8433
v 5.5 -41.3762 -99.0356
v 11 -40.7341 -99.0356
v 5.4168 -40.6632 -98.8433
v 10.9168 -40.0212 -98.8433
v 5.3559 -40.1413 -98.3178
v 10.8559 -39.4993 -98.3178
v 5.3336 -39.9502 -97.6
v 10.8336 -39.3082 -97.6
v 5.3559 -40.1413 -96.8822
v 10.8559 -39.4993 -96.8822
v 5.4168 -40.6632 -96.3567
v 10.9168 -40.0212 -96.3567
f 14713 14715 14716 14714
f 14715 14717 14718 14716
f 14717 14719 14720 14718
f 14719 14721 14722 14720
f 14721 14723 14724 14722
f 14723 14725 14726 14724
f 14725 14727 14728 14726
f 14727 14729 14730 14728
f 14729 14731 14732 14730
f 14731 14733 14734 14732
f 14733 14735 14736 14734
f 14735 14713 14714 14736
f 14735 14733 14731 14729 14727 14725 14723 14721 14719 14717 14715 14713
f 14714 14716 14718 14720 14722 14724 14726 14728 14730 14732 14734 14736
v 11 -40.7341 -96.1644
v 16.5 -40.0705 -96.1644
v 11.086 -41.4468 -96.3567
v 16.586 -40.7831 -96.3567
v 11.1489 -41.9685 -96.8822
v 16.6489 -41.3048 -96.8822
v 11.172 -42.1594 -97.6
v 16.672 -41.4957 -97.6
v 11.1489 -41.9685 -98.3178
v 16.6489 -41.3048 -98.3178
v 11.086 -41.4468 -98.8433
v 16.586 -40.7831 -98.8433
v 11 -40.7341 -99.0356
v 16.5 -40.0705 -99.0356
v 10.914 -40.0215 -98.8433
v 16.414 -39.3578 -98.8433
v 10.8511 -39.4998 -98.3178
v 16.3511 -38.8361 -98.3178
v 10.828 -39.3089 -97.6
v 16.328 -38.6452 -97.6
v 10.8511 -39.4998 -96.8822
v 16.3511 -38.8361 -96.8822
v 10.914 -40.0215 -96.3567
v 16.414 -39.3578 -96.3567
f 14737 14739 14740 14738
f 14739 14741 14742 14740
f 14741 14743 14744 14742
f 14743 14745 14746 14744
f 14745 14747 14748 14746
f 14747 14749 14750 14748
f 14749 14751 14752 14750
f 14751 14753 14754 14752
f 14753 14755 14756 14754
f 14755 14757 14758 14756
f 14757 14759 14760 14758
f 14759 14737 14738 14760
f 14759 14757 14755 14753 14751 14749 14747 14745 14743 14741 14739 14737
f 14738 14740 14742 14744 14746 14748 14750 14752 14754 14756 14758 14760
v 16.5 -40.0705 -96.1644
v 22 -39.3823 -96.1644
v 16.5891 -40.7827 -96.3567
v 22.0891 -40.0946 -96.3567
v 16.6543 -41.3041 -96.8822
v 22.1543 -40.616 -96.8822
v 16.6782 -41.495 -97.6
v 22.1782 -40.8068 -97.6
v 16.6543 -41.3041 -98.3178
v 22.1543 -40.616 -98.3178
v 16.5891 -40.7827 -98.8433
v 22.0891 -40.0946 -98.8433
v 16.5 -40.0705 -99.0356
v 22 -39.3823 -99.0356
v 16.4109 -39.3582 -98.8433
v 21.9109 -38.6701 -98.8433
v 16.3457 -38.8368 -98.3178
v 21.8457 -38.1487 -98.3178
v 16.3218 -38.646 -97.6
v 21.8218 -37.9578 -97.6
v 16.3457 -38.8368 -96.8822
v 21.8457 -38.1487 -96.8822
v 16.4109 -39.3582 -96.3567
v 21.9109 -38.6701 -96.3567
f 14761 14763 14764 14762
f 14763 14765 14766 14764
f 14765 14767 14768 14766
f 14767 14769 14770 14768
f 14769 14771 14772 14770
f 14771 14773 14774 14772
f 14773 14775 14776 14774
f 14775 14777 14778 14776
f 14777 14779 14780 14778
f 14779 14781 14782 14780
f 14781 14783 14784 14782
f 14783 14761 14762 14784
f 14783 14781 14779 14777 14775 14773 14771 14769 14767 14765 14763 14761
f 14762 14764 14766 14768 14770 14772 14774 14776 14778 14780 14782 14784
v 22 -39.3823 -96.1644
v 27.5 -38.6868 -96.1644
v 22.0901 -40.0945 -96.3567
v 27.5901 -39.3989 -96.3567
v 22.156 -40.6158 -96.8822
v 27.656 -39.9202 -96.8822
v 22.1801 -40.8066 -97.6
v 27.6801 -40.111 -97.6
v 22.156 -40.6158 -98.3178
v 27.656 -39.9202 -98.3178
v 22.0901 -40.0945 -98.8433
v 27.5901 -39.3989 -98.8433
v 22 -39.3823 -99.0356
v 27.5 -38.6868 -99.0356
v 21.9099 -38.6702 -98.8433
v 27.4099 -37.9747 -98.8433
v 21.844 -38.1489 -98.3178
v 27.344 -37.4533 -98.3178
v 21.8199 -37.9581 -97.6
v 27.3199 -37.2625 -97.6
v 21.844 -38.1489 -96.8822
v 27.344 -37.4533 -96.8822
v 21.9099 -38.6702 -96.3567
v 27.4099 -37.9747 -96.3567
f 14785 14787 14788 14786
f 14787 14789 14790 14788
f 14789 14791 14792 14790
f 14791 14793 14794 14792
f 14793 14795 14796 14794
f 14795 14797 14798 14796
f 14797 14799 14800 14798
f 14799 14801 14802 14800
f 14801 14803 14804 14802
f 14803 14805 14806 14804
f 14805 14807 14808 14806
f 14807 14785 14786 14808
f 14807 14805 14803 14801 14799 14797 14795 14793 14791 14789 14787 14785
f 14786 14788 14790 14792 14794 14796 14798 14800 14802 14804 14806 14808
o Edge_48
v 26.0644 -38.6868 -97.6
v 26.0644 -38.2815 -92
v 26.2567 -39.4027 -97.5482
v 26.2567 -38.9974 -91.9482
v 26.7822 -39.9268 -97.5103
v 26.7822 -39.5215 -91.9103
v 27.5 -40.1186 -97.4964
v 27.5 -39.7134 -91.8964
v 28.2178 -39.9268 -97.5103
v 28.2178 -39.5215 -91.9103
v 28.7433 -39.4027 -97.5482
v 28.7433 -38.9974 -91.9482
v 28.9356 -38.6868 -97.6
v 28.9356 -38.2815 -92
v 28.7433 -37.9709 -97.6518
v 28.7433 -37.5656 -92.0518
v 28.2178 -37.4468 -97.6897
v 28.2178 -37.0415 -92.0897
v 27.5 -37.2549 -97.7036
v 27.5 -36.8497 -92.1036
v 26.7822 -37.4468 -97.6897
v 26.7822 -37.0415 -92.0897
v 26.2567 -37.9709 -97.6518
v 26.2567 -37.5656 -92.0518
f 14809 14811 14812 14810
f 14811 14813 14814 14812
f 14813 14815 14816 14814
f 14815 14817 14818 14816
f 14817 14819 14820 14818
f 14819 14821 14822 14820
f 14821 14823 14824 14822
f 14823 14825 14826 14824
f 14825 14827 14828 14826
f 14827 14829 14830 14828
f 14829 14831 14832 14830
f 14831 14809 14810 14832
f 14831 14829 14827 14825 14823 14821 14819 14817 14815 14813 14811 14809
f 14810 14812 14814 14816 14818 14820 14822 14824 14826 14828 14830 14832
v 26.0644 -38.2815 -92
v 26.0644 -37.8599 -86.4
v 26.2567 -38.9973 -91.9461
v 26.2567 -38.5756 -86.3461
v 26.7822 -39.5213 -91.9067
v 26.7822 -39.0996 -86.3067
v 27.5 -39.7131 -91.8922
v 27.5 -39.2914 -86.2922
v 28.2178 -39.5213 -91.9067
v 28.2178 -39.0996 -86.3067
v 28.7433 -38.9973 -91.9461
v 28.7433 -38.5756 -86.3461
v 28.9356 -38.2815 -92
v 28.9356 -37.8599 -86.4
v 28.7433 -37.5657 -92.0539
v 28.7433 -37.1441 -86.4539
v 28.2178 -37.0418 -92.0933
v 28.2178 -36.6201 -86.4933
v 27.5 -36.85 -92.1078
v 27.5 -36.4283 -86.5078
v 26.7822 -37.0418 -92.0933
v 26.7822 -36.6201 -86.4933
v 26.2567 -37.5657 -92.0539
v 26.2567 -37.1441 -86.4539
f 14833 14835 14836 14834
f 14835 14837 14838 14836
f 14837 14839 14840 14838
f 14839 14841 14842 14840
f 14841 14843 14844 14842
f 14843 14845 14846 14844
f 14845 14847 14848 14846
f 14847 14849 14850 14848
f 14849 14851 14852 14850
f 14851 14853 14854 14852
f 14853 14855 14856 14854
f 14855 14833 14834 14856
f 14855 14853 14851 14849 14847 14845 14843 14841 14839 14837 14835 14833
f 14834 14836 14838 14840 14842 14844 14846 14848 14850 14852 14854 14856
o Edge_49
v -11 -43.1727 -142.5644
v -5.5 -42.8556 -142.5644
v -10.9587 -43.8893 -142.7567
v -5.4587 -43.5722 -142.7567
v -10.9284 -44.4139 -143.2822
v -5.4284 -44.0968 -143.2822
v -10.9174 -44.6059 -144
v -5.4174 -44.2889 -144
v -10.9284 -44.4139 -144.7178
v -5.4284 -44.0968 -144.7178
v -10.9587 -43.8893 -145.2433
v -5.4587 -43.5722 -145.2433
v -11 -43.1727 -145.4356
v -5.5 -42.8556 -145.4356
v -11.0413 -42.4561 -145.2433
v -5.5413 -42.139 -145.2433
v -11.0716 -41.9315 -144.7178
v -5.5716 -41.6144 -144.7178
v -11.0826 -41.7395 -144
v -5.5826 -41.4224 -144
v -11.0716 -41.9315 -143.2822
v -5.5716 -41.6144 -143.2822
v -11.0413 -42.4561 -142.7567
v -5.5413 -42.139 -142.7567
f 14857 14859 14860 14858
f 14859 14861 14862 14860
f 14861 14863 14864 14862
f 14863 14865 14866 14864
f 14865 14867 14868 14866
f 14867 14869 14870 14868
f 14869 14871 14872 14870
f 14871 14873 14874 14872
f 14873 14875 14876 14874
f 14875 14877 14878 14876
f 14877 14879 14880 14878
f 14879 14857 14858 14880
f 14879 14877 14875 14873 14871 14869 14867 14865 14863 14861 14859 14857
f 14858 14860 14862 14864 14866 14868 14870 14872 14874 14876 14878 14880
v -5.5 -42.8556 -142.5644
v 0 -42.5312 -142.5644
v -5.4577 -43.5722 -142.7567
v 0.0423 -43.2477 -142.7567
v -5.4268 -44.0967 -143.2822
v 0.0732 -43.7723 -143.2822
v -5.4155 -44.2887 -144
v 0.0845 -43.9643 -144
v -5.4268 -44.0967 -144.7178
v 0.0732 -43.7723 -144.7178
v -5.4577 -43.5722 -145.2433
v 0.0423 -43.2477 -145.2433
v -5.5 -42.8556 -145.4356
v 0 -42.5312 -145.4356
v -5.5423 -42.1391 -145.2433
v -0.0423 -41.8146 -145.2433
v -5.5732 -41.6145 -144.7178
v -0.0732 -41.2901 -144.7178
v -5.5845 -41.4225 -144
v -0.0845 -41.0981 -144
v -5.5732 -41.6145 -143.2822
v -0.0732 -41.2901 -143.2822
v -5.5423 -42.1391 -142.7567
v -0.0423 -41.8146 -142.7567
f 14881 14883 14884 14882
f 14883 14885 14886 14884
f 14885 14887 14888 14886
f 14887 14889 14890 14888
f 14889 14891 14892 14890
f 14891 14893 14894 14892
f 14893 14895 14896 14894
f 14895 14897 14898 14896
f 14897 14899 14900 14898
f 14899 14901 14902 14900
f 14901 14903 14904 14902
f 14903 14881 14882 14904
f 14903 14901 14899 14897 14895 14893 14891 14889 14887 14885 14883 14881
f 14882 14884 14886 14888 14890 14892 14894 14896 14898 14900 14902 14904
v 0 -42.5312 -142.5644
v 5.5 -42.1911 -142.5644
v 0.0443 -43.2476 -142.7567
v 5.5443 -42.9075 -142.7567
v 0.0767 -43.7721 -143.2822
v 5.5767 -43.432 -143.2822
v 0.0886 -43.9641 -144
v 5.5886 -43.624 -144
v 0.0767 -43.7721 -144.7178
v 5.5767 -43.432 -144.7178
v 0.0443 -43.2476 -145.2433
v 5.5443 -42.9075 -145.2433
v 0 -42.5312 -145.4356
v 5.5 -42.1911 -145.4356
v -0.0443 -41.8148 -145.2433
v 5.4557 -41.4747 -145.2433
v -0.0767 -41.2903 -144.7178
v 5.4233 -40.9502 -144.7178
v -0.0886 -41.0983 -144
v 5.4114 -40.7582 -144
v -0.0767 -41.2903 -143.2822
v 5.4233 -40.9502 -143.2822
v -0.0443 -41.8148 -142.7567
v 5.4557 -41.4747 -142.7567
f 14905 14907 14908 14906
f 14907 14909 14910 14908
f 14909 14911 14912 14910
f 14911 14913 14914 14912
f 14913 14915 14916 14914
f 14915 14917 14918 14916
f 14917 14919 14920 14918
f 14919 14921 14922 14920
f 14921 14923 14924 14922
f 14923 14925 14926 14924
f 14925 14927 14928 14926
f 14927 14905 14906 14928
f 14927 14925 14923 14921 14919 14917 14915 14913 14911 14909 14907 14905
f 14906 14908 14910 14912 14914 14916 14918 14920 14922 14924 14926 14928
v 5.5 -42.1911 -142.5644
v 11 -41.8393 -142.5644
v 5.5458 -42.9074 -142.7567
v 11.0458 -42.5557 -142.7567
v 5.5793 -43.4318 -143.2822
v 11.0793 -43.0801 -143.2822
v 5.5916 -43.6238 -144
v 11.0916 -43.272 -144
v 5.5793 -43.4318 -144.7178
v 11.0793 -43.0801 -144.7178
v 5.5458 -42.9074 -145.2433
v 11.0458 -42.5557 -145.2433
v 5.5 -42.1911 -145.4356
v 11 -41.8393 -145.4356
v 5.4542 -41.4748 -145.2433
v 10.9542 -41.123 -145.2433
v 5.4207 -40.9504 -144.7178
v 10.9207 -40.5986 -144.7178
v 5.4084 -40.7584 -144
v 10.9084 -40.4067 -144
v 5.4207 -40.9504 -143.2822
v 10.9207 -40.5986 -143.2822
v 5.4542 -41.4748 -142.7567
v 10.9542 -41.123 -142.7567
f 14929 14931 14932 14930
f 14931 14933 14934 14932
f 14933 14935 14936 14934
f 14935 14937 14938 14936
f 14937 14939 14940 14938
f 14939 14941 14942 14940
f 14941 14943 14944 14942
f 14943 14945 14946 14944
f 14945 14947 14948 14946
f 14947 14949 14950 14948
f 14949 14951 14952 14950
f 14951 14929 14930 14952
f 14951 14949 14947 14945 14943 14941 14939 14937 14935 14933 14931 14929
f 14930 14932 14934 14936 14938 14940 14942 14944 14946 14948 14950 14952